Date,High,Low,Open,Close,Volume,Adj Close
2016-02-08,8.40999984741211,7.829999923706055,8.369999885559082,8.180000305175781,527700,8.180000305175781
2016-02-09,8.350000381469727,7.5,8.079999923706055,7.690000057220459,936100,7.690000057220459
2016-02-10,8.210000038146973,7.579999923706055,7.619999885559082,7.639999866485596,424400,7.639999866485596
2016-02-11,7.960000038146973,7.449999809265137,7.579999923706055,7.960000038146973,530400,7.960000038146973
2016-02-12,8.140000343322754,7.849999904632568,8.020000457763672,8.09000015258789,480500,8.09000015258789
2016-02-16,8.470000267028809,8.0,8.119999885559082,8.399999618530273,498400,8.399999618530273
2016-02-17,10.210000038146973,8.510000228881836,8.510000228881836,9.369999885559082,2096600,9.369999885559082
2016-02-18,10.680000305175781,8.0,8.430000305175781,10.279999732971191,2286500,10.279999732971191
2016-02-19,10.4399995803833,9.729999542236328,10.1899995803833,10.140000343322754,1349600,10.140000343322754
2016-02-22,10.8100004196167,10.050000190734863,10.15999984741211,10.680000305175781,1025500,10.680000305175781
2016-02-23,10.829999923706055,10.470000267028809,10.670000076293945,10.630000114440918,404600,10.630000114440918
2016-02-24,10.829999923706055,9.800000190734863,9.800000190734863,10.729999542236328,306000,10.729999542236328
2016-02-25,10.954999923706055,10.6899995803833,10.739999771118164,10.75,455100,10.75
2016-02-26,11.40999984741211,10.829999923706055,10.84000015258789,11.229999542236328,516400,11.229999542236328
2016-02-29,11.569999694824219,11.0,11.1899995803833,11.239999771118164,598400,11.239999771118164
2016-03-01,11.369999885559082,11.020000457763672,11.300000190734863,11.180000305175781,423200,11.180000305175781
2016-03-02,11.539999961853027,10.170000076293945,11.149999618530273,11.539999961853027,433600,11.539999961853027
2016-03-03,11.789999961853027,11.260000228881836,11.470000267028809,11.489999771118164,558800,11.489999771118164
2016-03-04,11.859999656677246,11.180000305175781,11.5,11.279999732971191,559900,11.279999732971191
2016-03-07,11.369999885559082,10.460000038146973,10.460000038146973,11.350000381469727,510100,11.350000381469727
2016-03-08,11.3100004196167,10.600000381469727,11.170000076293945,10.630000114440918,339400,10.630000114440918
2016-03-09,10.979999542236328,10.390000343322754,10.609999656677246,10.40999984741211,501700,10.40999984741211
2016-03-10,10.65999984741211,10.149999618530273,10.510000228881836,10.319999694824219,308300,10.319999694824219
2016-03-11,10.779999732971191,10.114999771118164,10.380000114440918,10.579999923706055,247900,10.579999923706055
2016-03-14,10.970000267028809,10.460000038146973,10.529999732971191,10.65999984741211,330600,10.65999984741211
2016-03-15,10.609999656677246,9.869999885559082,10.600000381469727,9.880000114440918,251800,9.880000114440918
2016-03-16,10.170000076293945,9.770000457763672,9.850000381469727,10.0600004196167,338100,10.0600004196167
2016-03-17,10.479999542236328,10.039999961853027,10.069999694824219,10.430000305175781,371000,10.430000305175781
2016-03-18,10.65999984741211,10.09000015258789,10.390000343322754,10.369999885559082,759200,10.369999885559082
2016-03-21,10.520000457763672,10.15999984741211,10.319999694824219,10.3100004196167,234600,10.3100004196167
2016-03-22,10.4399995803833,10.15999984741211,10.270000457763672,10.229999542236328,173600,10.229999542236328
2016-03-23,10.15999984741211,9.789999961853027,10.15999984741211,10.010000228881836,267100,10.010000228881836
2016-03-24,10.029999732971191,9.729999542236328,9.920000076293945,9.9399995803833,142000,9.9399995803833
2016-03-28,9.859999656677246,9.25,9.8100004196167,9.550000190734863,420400,9.550000190734863
2016-03-29,10.369999885559082,9.520000457763672,9.600000381469727,10.0,651000,10.0
2016-03-30,10.380000114440918,10.100000381469727,10.100000381469727,10.289999961853027,250900,10.289999961853027
2016-03-31,10.729999542236328,10.260000228881836,10.260000228881836,10.529999732971191,400900,10.529999732971191
2016-04-01,10.539999961853027,10.109999656677246,10.430000305175781,10.529999732971191,247300,10.529999732971191
2016-04-04,11.545000076293945,10.5,10.569999694824219,11.260000228881836,897300,11.260000228881836
2016-04-05,11.149999618530273,10.135000228881836,10.890000343322754,10.520000457763672,852100,10.520000457763672
2016-04-06,10.6899995803833,10.430000305175781,10.470000267028809,10.630000114440918,201600,10.630000114440918
2016-04-07,10.8100004196167,10.369999885559082,10.569999694824219,10.449999809265137,184600,10.449999809265137
2016-04-08,10.779999732971191,10.289999961853027,10.5600004196167,10.489999771118164,220500,10.489999771118164
2016-04-11,10.789999961853027,10.270000457763672,10.5,10.270000457763672,235300,10.270000457763672
2016-04-12,10.369999885559082,9.774999618530273,10.270000457763672,10.180000305175781,966200,10.180000305175781
2016-04-13,10.9399995803833,10.255000114440918,10.270000457763672,10.760000228881836,414600,10.760000228881836
2016-04-14,11.0,10.649999618530273,10.75,10.890000343322754,163400,10.890000343322754
2016-04-15,10.960000038146973,10.670000076293945,10.789999961853027,10.680000305175781,153300,10.680000305175781
2016-04-18,10.829999923706055,10.531000137329102,10.609999656677246,10.75,151600,10.75
2016-04-19,10.8100004196167,10.399999618530273,10.8100004196167,10.59000015258789,266500,10.59000015258789
2016-04-20,10.84000015258789,10.449999809265137,10.619999885559082,10.720000267028809,402300,10.720000267028809
2016-04-21,10.899999618530273,10.649999618530273,10.75,10.6899995803833,316200,10.6899995803833
2016-04-22,10.800000190734863,10.40999984741211,10.699999809265137,10.59000015258789,313200,10.59000015258789
2016-04-25,10.640000343322754,10.369999885559082,10.550000190734863,10.5,165100,10.5
2016-04-26,10.649999618530273,10.4350004196167,10.550000190734863,10.619999885559082,423400,10.619999885559082
2016-04-27,10.864999771118164,10.359999656677246,10.680000305175781,10.84000015258789,301500,10.84000015258789
2016-04-28,11.180000305175781,10.729999542236328,10.84000015258789,11.100000381469727,371800,11.100000381469727
2016-04-29,11.1899995803833,10.625,11.050000190734863,10.710000038146973,303400,10.710000038146973
2016-05-02,10.930000305175781,10.529999732971191,10.779999732971191,10.729999542236328,229200,10.729999542236328
2016-05-03,11.15999984741211,10.539999961853027,10.5600004196167,10.720000267028809,605500,10.720000267028809
2016-05-04,10.470000267028809,8.890000343322754,9.520000457763672,9.100000381469727,2978400,9.100000381469727
2016-05-05,9.765000343322754,9.145000457763672,9.260000228881836,9.670000076293945,859800,9.670000076293945
2016-05-06,9.71500015258789,9.039999961853027,9.59000015258789,9.140000343322754,423200,9.140000343322754
2016-05-09,9.359999656677246,8.954999923706055,9.1899995803833,9.0,569700,9.0
2016-05-10,9.154999732971191,8.869999885559082,9.109999656677246,9.029999732971191,382400,9.029999732971191
2016-05-11,9.050000190734863,8.800000190734863,9.050000190734863,8.829999923706055,319800,8.829999923706055
2016-05-12,8.90999984741211,8.470000267028809,8.90999984741211,8.800000190734863,459300,8.800000190734863
2016-05-13,8.87600040435791,8.619999885559082,8.770000457763672,8.699999809265137,389500,8.699999809265137
2016-05-16,9.020000457763672,8.6899995803833,8.760000228881836,8.9350004196167,547100,8.9350004196167
2016-05-17,9.039999961853027,8.760000228881836,8.90999984741211,8.760000228881836,624500,8.760000228881836
2016-05-18,8.899999618530273,8.539999961853027,8.75,8.680000305175781,378500,8.680000305175781
2016-05-19,8.859999656677246,8.600000381469727,8.649999618530273,8.859999656677246,1103700,8.859999656677246
2016-05-20,9.0,8.614999771118164,8.920000076293945,8.960000038146973,541600,8.960000038146973
2016-05-23,9.270000457763672,8.944999694824219,8.989999771118164,9.010000228881836,380200,9.010000228881836
2016-05-24,9.270000457763672,9.010000228881836,9.09000015258789,9.239999771118164,569000,9.239999771118164
2016-05-25,9.430000305175781,9.15999984741211,9.289999961853027,9.300000190734863,410500,9.300000190734863
2016-05-26,9.430000305175781,9.170000076293945,9.369999885559082,9.229999542236328,309800,9.229999542236328
2016-05-27,9.489999771118164,9.229999542236328,9.270000457763672,9.369999885559082,246000,9.369999885559082
2016-05-31,9.479999542236328,9.329999923706055,9.4399995803833,9.420000076293945,619600,9.420000076293945
2016-06-01,9.539999961853027,9.3149995803833,9.449999809265137,9.479999542236328,532500,9.479999542236328
2016-06-02,9.619999885559082,9.350000381469727,9.420000076293945,9.520000457763672,354800,9.520000457763672
2016-06-03,9.460000038146973,9.050000190734863,9.069999694824219,9.300000190734863,464300,9.300000190734863
2016-06-06,9.699999809265137,9.229999542236328,9.34000015258789,9.479999542236328,339500,9.479999542236328
2016-06-07,9.5,9.270000457763672,9.479999542236328,9.319999694824219,289600,9.319999694824219
2016-06-08,9.449999809265137,9.220000267028809,9.300000190734863,9.369999885559082,264200,9.369999885559082
2016-06-09,9.359999656677246,9.1899995803833,9.359999656677246,9.210000038146973,259400,9.210000038146973
2016-06-10,9.130000114440918,8.84000015258789,9.109999656677246,9.0,788600,9.0
2016-06-13,9.020000457763672,8.779999732971191,8.979999542236328,8.850000381469727,519200,8.850000381469727
2016-06-14,8.979999542236328,8.770000457763672,8.819999694824219,8.930000305175781,545600,8.930000305175781
2016-06-15,9.079999923706055,8.850000381469727,8.960000038146973,8.90999984741211,426100,8.90999984741211
2016-06-16,8.930000305175781,8.654999732971191,8.859999656677246,8.760000228881836,410100,8.760000228881836
2016-06-17,8.819999694824219,8.569999694824219,8.569999694824219,8.710000038146973,1234400,8.710000038146973
2016-06-20,9.039999961853027,8.779999732971191,8.869999885559082,8.84000015258789,499600,8.84000015258789
2016-06-21,8.920000076293945,8.6850004196167,8.859999656677246,8.880000114440918,394000,8.880000114440918
2016-06-22,9.079999923706055,8.869999885559082,8.920000076293945,8.920000076293945,342000,8.920000076293945
2016-06-23,9.279999732971191,9.010000228881836,9.050000190734863,9.229999542236328,385600,9.229999542236328
2016-06-24,8.850000381469727,8.65999984741211,8.770000457763672,8.800000190734863,754000,8.800000190734863
2016-06-27,8.739999771118164,8.520000457763672,8.739999771118164,8.5600004196167,774600,8.5600004196167
2016-06-28,8.90999984741211,8.369999885559082,8.670000076293945,8.520000457763672,526400,8.520000457763672
2016-06-29,8.859999656677246,8.5600004196167,8.59000015258789,8.829999923706055,378700,8.829999923706055
2016-06-30,9.010000228881836,8.729999542236328,8.800000190734863,8.989999771118164,493500,8.989999771118164
2016-07-01,9.100000381469727,8.880000114440918,8.970000267028809,8.989999771118164,361100,8.989999771118164
2016-07-05,9.0,8.65999984741211,8.859999656677246,8.760000228881836,483400,8.760000228881836
2016-07-06,8.762999534606934,8.579999923706055,8.680000305175781,8.720000267028809,236100,8.720000267028809
2016-07-07,8.84000015258789,8.630000114440918,8.720000267028809,8.720000267028809,304400,8.720000267028809
2016-07-08,9.039999961853027,8.770000457763672,8.770000457763672,8.979999542236328,646800,8.979999542236328
2016-07-11,9.069999694824219,8.850000381469727,9.050000190734863,9.010000228881836,784900,9.010000228881836
2016-07-12,9.199999809265137,8.994999885559082,9.119999885559082,9.029999732971191,1746800,9.029999732971191
2016-07-13,9.140000343322754,8.960000038146973,9.0600004196167,8.979999542236328,364900,8.979999542236328
2016-07-14,9.0,8.729999542236328,9.0,8.739999771118164,309600,8.739999771118164
2016-07-15,8.819999694824219,8.630000114440918,8.819999694824219,8.720000267028809,239600,8.720000267028809
2016-07-18,8.75,8.470000267028809,8.65999984741211,8.739999771118164,446400,8.739999771118164
2016-07-19,8.829999923706055,8.649999618530273,8.720000267028809,8.770000457763672,1494900,8.770000457763672
2016-07-20,9.0,8.739999771118164,8.819999694824219,8.859999656677246,433100,8.859999656677246
2016-07-21,8.949999809265137,8.720000267028809,8.869999885559082,8.739999771118164,169400,8.739999771118164
2016-07-22,8.859999656677246,8.640000343322754,8.739999771118164,8.8100004196167,221400,8.8100004196167
2016-07-25,9.029999732971191,8.770000457763672,8.8100004196167,8.960000038146973,4114200,8.960000038146973
2016-07-26,9.289999961853027,8.970000267028809,8.989999771118164,9.239999771118164,1204000,9.239999771118164
2016-07-27,9.291000366210938,8.979999542236328,9.239999771118164,9.109999656677246,4829400,9.109999656677246
2016-07-28,9.164999961853027,8.989999771118164,9.149999618530273,9.029999732971191,905500,9.029999732971191
2016-07-29,9.0600004196167,8.779999732971191,9.020000457763672,8.979999542236328,772100,8.979999542236328
2016-08-01,9.074999809265137,8.831000328063965,8.979999542236328,9.0,895800,9.0
2016-08-02,8.1899995803833,6.599999904632568,7.75,6.900000095367432,4137100,6.900000095367432
2016-08-03,7.039999961853027,6.599999904632568,6.710000038146973,6.715000152587891,2217300,6.715000152587891
2016-08-04,6.829999923706055,6.550000190734863,6.71999979019165,6.769999980926514,1112800,6.769999980926514
2016-08-05,6.939000129699707,6.71999979019165,6.789999961853027,6.849999904632568,1149400,6.849999904632568
2016-08-08,7.170000076293945,6.900000095367432,6.929999828338623,7.090000152587891,1099600,7.090000152587891
2016-08-09,7.800000190734863,7.389999866485596,7.400000095367432,7.710000038146973,1721100,7.710000038146973
2016-08-10,7.849999904632568,7.394999980926514,7.75,7.570000171661377,1121600,7.570000171661377
2016-08-11,7.760000228881836,7.579999923706055,7.590000152587891,7.71999979019165,1530200,7.71999979019165
2016-08-12,7.960000038146973,7.75,7.820000171661377,7.849999904632568,1243500,7.849999904632568
2016-08-15,8.039999961853027,7.800000190734863,7.840000152587891,7.809999942779541,747600,7.809999942779541
2016-08-16,7.954999923706055,7.639999866485596,7.730000019073486,7.659999847412109,595500,7.659999847412109
2016-08-17,7.751999855041504,7.590000152587891,7.679999828338623,7.71999979019165,645100,7.71999979019165
2016-08-18,7.809999942779541,7.610000133514404,7.690000057220459,7.659999847412109,448900,7.659999847412109
2016-08-19,7.809999942779541,7.519999980926514,7.639999866485596,7.78000020980835,719600,7.78000020980835
2016-08-22,7.96999979019165,7.800000190734863,7.809999942779541,7.960000038146973,687300,7.960000038146973
2016-08-23,8.100000381469727,7.929999828338623,7.929999828338623,8.069999694824219,307800,8.069999694824219
2016-08-24,8.220000267028809,7.949999809265137,8.069999694824219,7.989999771118164,430300,7.989999771118164
2016-08-25,8.055000305175781,7.823999881744385,7.929999828338623,7.940000057220459,299200,7.940000057220459
2016-08-26,8.024999618530273,7.829999923706055,7.940000057220459,7.889999866485596,546400,7.889999866485596
2016-08-29,7.889999866485596,7.71999979019165,7.869999885559082,7.769999980926514,282500,7.769999980926514
2016-08-30,7.949999809265137,7.679999828338623,7.769999980926514,7.920000076293945,298700,7.920000076293945
2016-08-31,8.029999732971191,7.869999885559082,7.920000076293945,7.949999809265137,435700,7.949999809265137
2016-09-01,7.96999979019165,7.775000095367432,7.949999809265137,7.96999979019165,534100,7.96999979019165
2016-09-02,8.180000305175781,7.980000019073486,7.980000019073486,8.109999656677246,412300,8.109999656677246
2016-09-06,8.199999809265137,8.050000190734863,8.149999618530273,8.1899995803833,311400,8.1899995803833
2016-09-07,8.40999984741211,8.119999885559082,8.149999618530273,8.350000381469727,541700,8.350000381469727
2016-09-08,8.550000190734863,8.244999885559082,8.300000190734863,8.359999656677246,308700,8.359999656677246
2016-09-09,8.609999656677246,8.109999656677246,8.270000457763672,8.119999885559082,529700,8.119999885559082
2016-09-12,8.324999809265137,8.010000228881836,8.050000190734863,8.300000190734863,408800,8.300000190734863
2016-09-13,8.279999732971191,8.079999923706055,8.260000228881836,8.25,564000,8.25
2016-09-14,8.460000038146973,8.199999809265137,8.199999809265137,8.399999618530273,457300,8.399999618530273
2016-09-15,8.729999542236328,8.40999984741211,8.40999984741211,8.649999618530273,797000,8.649999618530273
2016-09-16,8.65999984741211,8.229999542236328,8.649999618530273,8.329999923706055,5002800,8.329999923706055
2016-09-19,8.819999694824219,8.420000076293945,8.59000015258789,8.720000267028809,1470900,8.720000267028809
2016-09-20,8.925000190734863,8.6899995803833,8.789999961853027,8.789999961853027,2686800,8.789999961853027
2016-09-21,8.885000228881836,8.350000381469727,8.779999732971191,8.539999961853027,639000,8.539999961853027
2016-09-22,8.800000190734863,8.506999969482422,8.710000038146973,8.59000015258789,827800,8.59000015258789
2016-09-23,8.75,8.5,8.59000015258789,8.510000228881836,564600,8.510000228881836
2016-09-26,8.619999885559082,8.4399995803833,8.479999542236328,8.579999923706055,493200,8.579999923706055
2016-09-27,9.039999961853027,8.609999656677246,8.75,9.0,1834200,9.0
2016-09-28,9.100000381469727,8.8100004196167,9.0,9.09000015258789,1091300,9.09000015258789
2016-09-29,9.130000114440918,8.779999732971191,9.100000381469727,8.789999961853027,472900,8.789999961853027
2016-09-30,8.824999809265137,8.600000381469727,8.739999771118164,8.75,987600,8.75
2016-10-03,8.949999809265137,8.670000076293945,8.760000228881836,8.739999771118164,929100,8.739999771118164
2016-10-04,8.850000381469727,8.649999618530273,8.75,8.760000228881836,1146000,8.760000228881836
2016-10-05,9.100000381469727,8.75,8.8100004196167,9.020000457763672,979300,9.020000457763672
2016-10-06,9.0,8.720000267028809,9.0,8.859999656677246,428900,8.859999656677246
2016-10-07,8.930000305175781,8.640000343322754,8.90999984741211,8.680000305175781,567900,8.680000305175781
2016-10-10,8.8100004196167,8.65999984741211,8.75,8.760000228881836,408000,8.760000228881836
2016-10-11,8.75,8.25,8.710000038146973,8.329999923706055,858400,8.329999923706055
2016-10-12,8.420000076293945,8.279999732971191,8.319999694824219,8.3100004196167,260400,8.3100004196167
2016-10-13,8.289999961853027,8.0600004196167,8.25,8.220000267028809,513000,8.220000267028809
2016-10-14,8.329999923706055,7.869999885559082,8.25,7.880000114440918,483400,7.880000114440918
2016-10-17,8.050000190734863,7.849999904632568,7.900000095367432,7.849999904632568,474000,7.849999904632568
2016-10-18,8.149999618530273,7.900000095367432,7.900000095367432,8.0,536300,8.0
2016-10-19,8.100000381469727,7.900000095367432,7.949999809265137,8.0,445400,8.0
2016-10-20,8.149999618530273,7.650000095367432,8.0,7.75,713400,7.75
2016-10-21,7.925000190734863,7.650000095367432,7.699999809265137,7.75,619500,7.75
2016-10-24,8.149999618530273,7.65500020980835,7.75,8.050000190734863,528500,8.050000190734863
2016-10-25,8.149999618530273,7.849999904632568,8.0,8.0,292200,8.0
2016-10-26,8.199999809265137,7.699999809265137,7.949999809265137,7.75,346200,7.75
2016-10-27,8.149999618530273,7.550000190734863,7.75,7.599999904632568,459100,7.599999904632568
2016-10-28,7.699999809265137,7.400000095367432,7.550000190734863,7.699999809265137,238100,7.699999809265137
2016-10-31,7.75,7.349999904632568,7.650000095367432,7.349999904632568,1176300,7.349999904632568
2016-11-01,7.949999809265137,7.300000190734863,7.449999809265137,7.449999809265137,944100,7.449999809265137
2016-11-02,7.550000190734863,7.150000095367432,7.400000095367432,7.199999809265137,1028000,7.199999809265137
2016-11-03,7.199999809265137,6.800000190734863,7.150000095367432,6.900000095367432,817700,6.900000095367432
2016-11-04,7.099999904632568,6.75,6.849999904632568,6.900000095367432,685800,6.900000095367432
2016-11-07,7.050000190734863,6.849999904632568,6.849999904632568,6.900000095367432,591500,6.900000095367432
2016-11-08,6.900000095367432,6.650000095367432,6.900000095367432,6.849999904632568,658400,6.849999904632568
2016-11-09,7.050000190734863,6.599999904632568,6.75,6.949999809265137,508400,6.949999809265137
2016-11-10,7.099999904632568,6.599999904632568,7.050000190734863,6.75,736900,6.75
2016-11-11,7.5,6.699999809265137,6.800000190734863,7.25,953400,7.25
2016-11-14,7.400000095367432,6.949999809265137,7.300000190734863,7.0,442300,7.0
2016-11-15,7.199999809265137,7.0,7.0,7.099999904632568,259200,7.099999904632568
2016-11-16,7.349999904632568,7.0,7.0,7.25,302400,7.25
2016-11-17,7.400000095367432,7.050000190734863,7.300000190734863,7.050000190734863,469400,7.050000190734863
2016-11-18,7.800000190734863,7.050000190734863,7.099999904632568,7.5,796900,7.5
2016-11-21,7.699999809265137,7.400000095367432,7.5,7.699999809265137,389800,7.699999809265137
2016-11-22,8.100000381469727,7.599999904632568,7.75,8.0,565800,8.0
2016-11-23,8.399999618530273,7.900000095367432,8.0,8.25,764600,8.25
2016-11-25,8.350000381469727,8.050000190734863,8.199999809265137,8.25,153900,8.25
2016-11-28,8.25,7.949999809265137,8.199999809265137,8.050000190734863,407800,8.050000190734863
2016-11-29,8.149999618530273,7.800000190734863,8.0,7.849999904632568,450100,7.849999904632568
2016-11-30,8.0,7.75,7.849999904632568,7.949999809265137,407100,7.949999809265137
2016-12-01,8.050000190734863,7.525000095367432,7.900000095367432,7.650000095367432,603500,7.650000095367432
2016-12-02,7.75,7.150000095367432,7.599999904632568,7.400000095367432,672700,7.400000095367432
2016-12-05,7.900000095367432,7.400000095367432,7.449999809265137,7.75,500200,7.75
2016-12-06,8.130000114440918,7.650000095367432,7.699999809265137,8.050000190734863,1211200,8.050000190734863
2016-12-07,8.350000381469727,7.949999809265137,8.0,8.149999618530273,285800,8.149999618530273
2016-12-08,8.949999809265137,8.050000190734863,8.149999618530273,8.75,1137400,8.75
2016-12-09,9.0,8.579999923706055,8.699999809265137,8.75,775100,8.75
2016-12-12,8.800000190734863,8.274999618530273,8.600000381469727,8.449999809265137,485100,8.449999809265137
2016-12-13,9.0,8.5,8.550000190734863,8.699999809265137,413800,8.699999809265137
2016-12-14,8.899999618530273,8.550000190734863,8.699999809265137,8.75,475300,8.75
2016-12-15,8.949999809265137,8.75,8.75,8.899999618530273,533700,8.899999618530273
2016-12-16,9.449999809265137,8.899999618530273,8.949999809265137,9.350000381469727,1011400,9.350000381469727
2016-12-19,9.5,9.199999809265137,9.300000190734863,9.399999618530273,614500,9.399999618530273
2016-12-20,9.600000381469727,9.350000381469727,9.449999809265137,9.5,1230600,9.5
2016-12-21,9.649999618530273,9.449999809265137,9.449999809265137,9.600000381469727,443000,9.600000381469727
2016-12-22,9.699999809265137,9.449999809265137,9.649999618530273,9.649999618530273,546400,9.649999618530273
2016-12-23,9.675000190734863,9.550000190734863,9.550000190734863,9.649999618530273,504100,9.649999618530273
2016-12-27,9.75,9.449999809265137,9.600000381469727,9.600000381469727,295800,9.600000381469727
2016-12-28,9.725000381469727,9.375,9.649999618530273,9.550000190734863,268400,9.550000190734863
2016-12-29,9.600000381469727,9.425000190734863,9.5,9.550000190734863,204400,9.550000190734863
2016-12-30,9.550000190734863,9.25,9.550000190734863,9.300000190734863,443800,9.300000190734863
2017-01-03,8.899999618530273,7.650000095367432,8.850000381469727,7.800000190734863,1289200,7.800000190734863
2017-01-04,8.0,7.449999809265137,7.449999809265137,7.949999809265137,833000,7.949999809265137
2017-01-05,8.199999809265137,7.824999809265137,7.949999809265137,8.199999809265137,575100,8.199999809265137
2017-01-06,8.300000190734863,8.038000106811523,8.149999618530273,8.199999809265137,367500,8.199999809265137
2017-01-09,8.399999618530273,8.199999809265137,8.25,8.300000190734863,407600,8.300000190734863
2017-01-10,8.800000190734863,8.199999809265137,8.25,8.350000381469727,948600,8.350000381469727
2017-01-11,8.449999809265137,8.050000190734863,8.300000190734863,8.100000381469727,428000,8.100000381469727
2017-01-12,8.199999809265137,7.849999904632568,8.050000190734863,8.0,536600,8.0
2017-01-13,8.243000030517578,7.900000095367432,8.050000190734863,8.100000381469727,373000,8.100000381469727
2017-01-17,8.199999809265137,7.599999904632568,8.0,7.650000095367432,768500,7.650000095367432
2017-01-18,7.800000190734863,7.599999904632568,7.699999809265137,7.800000190734863,214200,7.800000190734863
2017-01-19,8.024999618530273,7.599999904632568,7.800000190734863,7.849999904632568,390300,7.849999904632568
2017-01-20,7.949999809265137,7.699999809265137,7.900000095367432,7.800000190734863,227300,7.800000190734863
2017-01-23,8.050000190734863,7.833000183105469,7.849999904632568,8.050000190734863,647600,8.050000190734863
2017-01-24,8.350000381469727,8.074999809265137,8.100000381469727,8.199999809265137,278700,8.199999809265137
2017-01-25,8.524999618530273,8.25,8.300000190734863,8.350000381469727,475200,8.350000381469727
2017-01-26,8.399999618530273,8.100000381469727,8.399999618530273,8.199999809265137,192500,8.199999809265137
2017-01-27,8.199999809265137,8.0,8.199999809265137,8.100000381469727,173800,8.100000381469727
2017-01-30,8.050000190734863,7.650000095367432,8.050000190734863,7.800000190734863,420100,7.800000190734863
2017-01-31,7.800000190734863,7.5,7.800000190734863,7.699999809265137,595000,7.699999809265137
2017-02-01,8.149999618530273,7.599999904632568,7.800000190734863,7.800000190734863,515700,7.800000190734863
2017-02-02,7.900000095367432,7.650000095367432,7.800000190734863,7.800000190734863,175100,7.800000190734863
2017-02-03,7.900000095367432,7.800000190734863,7.800000190734863,7.849999904632568,130800,7.849999904632568
2017-02-06,8.050000190734863,7.75,7.800000190734863,7.849999904632568,148700,7.849999904632568
2017-02-07,8.199999809265137,7.849999904632568,7.849999904632568,7.949999809265137,299600,7.949999809265137
2017-02-08,8.100000381469727,7.724999904632568,7.900000095367432,8.0,365600,8.0
2017-02-09,8.25,7.974999904632568,8.0,8.149999618530273,241200,8.149999618530273
2017-02-10,8.350000381469727,8.149999618530273,8.199999809265137,8.25,571900,8.25
2017-02-13,8.300000190734863,8.050000190734863,8.25,8.199999809265137,366100,8.199999809265137
2017-02-14,8.199999809265137,8.0,8.149999618530273,8.149999618530273,532800,8.149999618530273
2017-02-15,8.449999809265137,7.974999904632568,8.100000381469727,8.449999809265137,1033100,8.449999809265137
2017-02-16,9.850000381469727,8.149999618530273,8.432999610900879,9.149999618530273,1585500,9.149999618530273
2017-02-17,9.550000190734863,9.100000381469727,9.199999809265137,9.5,1118200,9.5
2017-02-21,9.449999809265137,8.199999809265137,8.550000190734863,9.300000190734863,1037300,9.300000190734863
2017-02-22,9.449999809265137,9.100000381469727,9.149999618530273,9.300000190734863,582200,9.300000190734863
2017-02-23,9.449999809265137,8.899999618530273,9.350000381469727,9.0,1148300,9.0
2017-02-24,9.5,8.713000297546387,8.949999809265137,9.199999809265137,2359000,9.199999809265137
2017-02-27,9.25,8.75,9.149999618530273,8.850000381469727,1303700,8.850000381469727
2017-02-28,9.0,8.399999618530273,8.850000381469727,8.5,956400,8.5
2017-03-01,8.850000381469727,8.449999809265137,8.600000381469727,8.550000190734863,910800,8.550000190734863
2017-03-02,8.649999618530273,8.350000381469727,8.550000190734863,8.399999618530273,445500,8.399999618530273
2017-03-03,8.399999618530273,7.900000095367432,8.399999618530273,8.0,1218700,8.0
2017-03-06,8.0,7.75,7.949999809265137,7.900000095367432,644000,7.900000095367432
2017-03-07,7.900000095367432,7.599999904632568,7.800000190734863,7.75,794000,7.75
2017-03-08,8.0,7.650000095367432,7.75,7.949999809265137,607500,7.949999809265137
2017-03-09,8.149999618530273,7.800000190734863,7.949999809265137,7.949999809265137,638900,7.949999809265137
2017-03-10,8.149999618530273,7.800000190734863,8.0,7.949999809265137,365900,7.949999809265137
2017-03-13,8.149999618530273,7.949999809265137,7.949999809265137,8.050000190734863,606400,8.050000190734863
2017-03-14,8.100000381469727,7.900000095367432,8.050000190734863,8.050000190734863,601600,8.050000190734863
2017-03-15,8.25,8.0,8.050000190734863,8.199999809265137,736800,8.199999809265137
2017-03-16,8.449999809265137,8.154999732971191,8.25,8.300000190734863,657300,8.300000190734863
2017-03-17,8.399999618530273,8.100000381469727,8.25,8.300000190734863,916600,8.300000190734863
2017-03-20,8.324999809265137,7.900000095367432,8.300000190734863,8.050000190734863,537200,8.050000190734863
2017-03-21,8.25,7.900000095367432,8.149999618530273,7.949999809265137,751800,7.949999809265137
2017-03-22,8.050000190734863,7.849999904632568,7.900000095367432,7.949999809265137,798500,7.949999809265137
2017-03-23,8.050000190734863,7.849999904632568,7.949999809265137,7.900000095367432,303200,7.900000095367432
2017-03-24,8.050000190734863,7.900000095367432,7.900000095367432,7.900000095367432,387300,7.900000095367432
2017-03-27,8.0,7.800000190734863,7.849999904632568,7.900000095367432,487900,7.900000095367432
2017-03-28,8.100000381469727,7.849999904632568,7.849999904632568,8.0,968100,8.0
2017-03-29,8.199999809265137,7.949999809265137,7.949999809265137,8.0,577900,8.0
2017-03-30,8.024999618530273,7.724999904632568,8.0,7.900000095367432,537500,7.900000095367432
2017-03-31,8.0,7.75,7.949999809265137,7.849999904632568,370800,7.849999904632568
2017-04-03,8.0,7.699999809265137,7.849999904632568,7.949999809265137,730600,7.949999809265137
2017-04-04,7.900000095367432,7.349999904632568,7.849999904632568,7.650000095367432,1736000,7.650000095367432
2017-04-05,7.849999904632568,7.199999809265137,7.699999809265137,7.25,566000,7.25
2017-04-06,7.525000095367432,7.199999809265137,7.5,7.300000190734863,648100,7.300000190734863
2017-04-07,7.324999809265137,6.949999809265137,7.25,7.0,1010900,7.0
2017-04-10,7.175000190734863,6.949999809265137,7.0,7.0,484900,7.0
2017-04-11,7.150000095367432,6.849999904632568,6.949999809265137,6.949999809265137,489800,6.949999809265137
2017-04-12,7.050000190734863,6.769000053405762,6.900000095367432,6.849999904632568,647900,6.849999904632568
2017-04-13,7.050000190734863,6.800000190734863,6.800000190734863,6.800000190734863,457800,6.800000190734863
2017-04-17,7.0,6.699999809265137,6.800000190734863,6.849999904632568,615300,6.849999904632568
2017-04-18,6.900000095367432,6.199999809265137,6.300000190734863,6.800000190734863,948800,6.800000190734863
2017-04-19,7.275000095367432,6.800000190734863,6.800000190734863,7.050000190734863,619300,7.050000190734863
2017-04-20,7.300000190734863,7.050000190734863,7.050000190734863,7.099999904632568,397800,7.099999904632568
2017-04-21,7.25,6.949999809265137,7.099999904632568,7.199999809265137,355900,7.199999809265137
2017-04-24,7.474999904632568,7.199999809265137,7.349999904632568,7.349999904632568,368200,7.349999904632568
2017-04-25,7.650000095367432,7.300000190734863,7.349999904632568,7.550000190734863,384700,7.550000190734863
2017-04-26,7.650000095367432,7.300000190734863,7.5,7.550000190734863,613300,7.550000190734863
2017-04-27,7.800000190734863,7.599999904632568,7.599999904632568,7.599999904632568,364600,7.599999904632568
2017-04-28,7.699999809265137,7.5,7.650000095367432,7.599999904632568,442000,7.599999904632568
2017-05-01,7.775000095367432,7.449999809265137,7.599999904632568,7.599999904632568,769500,7.599999904632568
2017-05-02,8.0,7.199999809265137,7.949999809265137,7.300000190734863,769600,7.300000190734863
2017-05-03,7.550000190734863,7.199999809265137,7.349999904632568,7.5,533600,7.5
2017-05-04,7.949999809265137,7.550000190734863,7.550000190734863,7.849999904632568,917500,7.849999904632568
2017-05-05,8.149999618530273,7.738999843597412,7.800000190734863,8.050000190734863,514300,8.050000190734863
2017-05-08,8.149999618530273,7.75,8.050000190734863,7.849999904632568,556900,7.849999904632568
2017-05-09,7.949999809265137,7.75,7.900000095367432,7.900000095367432,302500,7.900000095367432
2017-05-10,8.100000381469727,7.849999904632568,7.900000095367432,8.050000190734863,370600,8.050000190734863
2017-05-11,8.100000381469727,7.849999904632568,8.050000190734863,7.949999809265137,297100,7.949999809265137
2017-05-12,8.0,7.75,7.800000190734863,7.849999904632568,832000,7.849999904632568
2017-05-15,8.0,7.800000190734863,7.800000190734863,7.949999809265137,492500,7.949999809265137
2017-05-16,8.149999618530273,7.900000095367432,7.949999809265137,8.0,468800,8.0
2017-05-17,8.050000190734863,7.349999904632568,7.900000095367432,7.400000095367432,933300,7.400000095367432
2017-05-18,7.599999904632568,7.050000190734863,7.5,7.400000095367432,930400,7.400000095367432
2017-05-19,7.625,7.300000190734863,7.400000095367432,7.5,547500,7.5
2017-05-22,7.599999904632568,7.438000202178955,7.449999809265137,7.550000190734863,247800,7.550000190734863
2017-05-23,7.650000095367432,7.400000095367432,7.550000190734863,7.550000190734863,390200,7.550000190734863
2017-05-24,7.75,7.5,7.599999904632568,7.699999809265137,252000,7.699999809265137
2017-05-25,7.800000190734863,7.599999904632568,7.75,7.650000095367432,319200,7.650000095367432
2017-05-26,7.675000190734863,7.5,7.599999904632568,7.650000095367432,495200,7.650000095367432
2017-05-30,7.699999809265137,7.5,7.650000095367432,7.550000190734863,515900,7.550000190734863
2017-05-31,7.599999904632568,7.400000095367432,7.550000190734863,7.550000190734863,462200,7.550000190734863
2017-06-01,8.0,7.550000190734863,7.550000190734863,7.949999809265137,544700,7.949999809265137
2017-06-02,8.100000381469727,7.800000190734863,7.900000095367432,8.0,419300,8.0
2017-06-05,8.149999618530273,8.0,8.0,8.050000190734863,484600,8.050000190734863
2017-06-06,8.100000381469727,7.824999809265137,8.0,8.0,479300,8.0
2017-06-07,8.050000190734863,7.800000190734863,8.0,7.800000190734863,319300,7.800000190734863
2017-06-08,8.100000381469727,7.699999809265137,7.800000190734863,8.050000190734863,477200,8.050000190734863
2017-06-09,8.5,7.849999904632568,8.050000190734863,7.949999809265137,745200,7.949999809265137
2017-06-12,8.25,7.849999904632568,8.0,8.0,1103100,8.0
2017-06-13,8.399999618530273,8.0,8.0,8.25,588700,8.25
2017-06-14,8.350000381469727,8.050000190734863,8.25,8.100000381469727,307800,8.100000381469727
2017-06-15,8.399999618530273,7.900000095367432,7.949999809265137,8.350000381469727,560800,8.350000381469727
2017-06-16,8.5,8.149999618530273,8.449999809265137,8.449999809265137,1637800,8.449999809265137
2017-06-19,8.800000190734863,8.449999809265137,8.5,8.800000190734863,596500,8.800000190734863
2017-06-20,8.75,8.324999809265137,8.649999618530273,8.399999618530273,354200,8.399999618530273
2017-06-21,8.550000190734863,8.350000381469727,8.399999618530273,8.449999809265137,287400,8.449999809265137
2017-06-22,8.649999618530273,8.300000190734863,8.399999618530273,8.5,353300,8.5
2017-06-23,8.75,8.399999618530273,8.449999809265137,8.649999618530273,528800,8.649999618530273
2017-06-26,8.800000190734863,8.25,8.699999809265137,8.350000381469727,483200,8.350000381469727
2017-06-27,8.425000190734863,8.199999809265137,8.25,8.199999809265137,511700,8.199999809265137
2017-06-28,8.649999618530273,8.175000190734863,8.300000190734863,8.649999618530273,401700,8.649999618530273
2017-06-29,8.649999618530273,8.274999618530273,8.600000381469727,8.550000190734863,461000,8.550000190734863
2017-06-30,8.550000190734863,8.300000190734863,8.550000190734863,8.350000381469727,410900,8.350000381469727
2017-07-03,8.5,8.149999618530273,8.399999618530273,8.350000381469727,348600,8.350000381469727
2017-07-05,8.350000381469727,8.125,8.350000381469727,8.350000381469727,475400,8.350000381469727
2017-07-06,8.350000381469727,8.050000190734863,8.300000190734863,8.100000381469727,333200,8.100000381469727
2017-07-07,8.449999809265137,8.100000381469727,8.199999809265137,8.350000381469727,263500,8.350000381469727
2017-07-10,8.550000190734863,8.25,8.350000381469727,8.5,489800,8.5
2017-07-11,8.800000190734863,8.5,8.5,8.75,431800,8.75
2017-07-12,9.100000381469727,8.75,8.850000381469727,9.050000190734863,491000,9.050000190734863
2017-07-13,9.069999694824219,8.699999809265137,9.050000190734863,8.850000381469727,251600,8.850000381469727
2017-07-14,9.0,8.800000190734863,8.899999618530273,9.0,218700,9.0
2017-07-17,9.100000381469727,8.850000381469727,9.0,9.0,326300,9.0
2017-07-18,9.050000190734863,8.875,8.949999809265137,9.0,356000,9.0
2017-07-19,9.100000381469727,8.850000381469727,9.0,9.050000190734863,383400,9.050000190734863
2017-07-20,9.149999618530273,8.675000190734863,9.050000190734863,8.75,416600,8.75
2017-07-21,8.800000190734863,8.574999809265137,8.75,8.699999809265137,308500,8.699999809265137
2017-07-24,9.149999618530273,8.699999809265137,8.75,9.050000190734863,507400,9.050000190734863
2017-07-25,9.300000190734863,8.925000190734863,9.0,9.199999809265137,506400,9.199999809265137
2017-07-26,9.300000190734863,9.050000190734863,9.25,9.25,292400,9.25
2017-07-27,9.25,8.875,9.25,9.100000381469727,498500,9.100000381469727
2017-07-28,9.199999809265137,8.899999618530273,9.050000190734863,9.0,475600,9.0
2017-07-31,9.350000381469727,9.050000190734863,9.050000190734863,9.25,1484300,9.25
2017-08-01,8.70300006866455,8.050000190734863,8.550000190734863,8.199999809265137,1690600,8.199999809265137
2017-08-02,8.199999809265137,7.900000095367432,8.149999618530273,7.925000190734863,610000,7.925000190734863
2017-08-03,8.0,7.599999904632568,7.900000095367432,7.650000095367432,760600,7.650000095367432
2017-08-04,7.800000190734863,7.5,7.699999809265137,7.599999904632568,696100,7.599999904632568
2017-08-07,7.900000095367432,7.400000095367432,7.550000190734863,7.800000190734863,545400,7.800000190734863
2017-08-08,7.949999809265137,7.650000095367432,7.800000190734863,7.800000190734863,445300,7.800000190734863
2017-08-09,7.849999904632568,7.650000095367432,7.699999809265137,7.699999809265137,245400,7.699999809265137
2017-08-10,7.800000190734863,7.400000095367432,7.650000095367432,7.550000190734863,515700,7.550000190734863
2017-08-11,7.800000190734863,7.550000190734863,7.599999904632568,7.75,458900,7.75
2017-08-14,7.949999809265137,7.724999904632568,7.75,7.949999809265137,381100,7.949999809265137
2017-08-15,7.949999809265137,7.75,7.949999809265137,7.75,218300,7.75
2017-08-16,7.800000190734863,7.599999904632568,7.699999809265137,7.650000095367432,285900,7.650000095367432
2017-08-17,7.699999809265137,7.400000095367432,7.599999904632568,7.5,508500,7.5
2017-08-18,7.625,7.311999797821045,7.400000095367432,7.5,734100,7.5
2017-08-21,7.699999809265137,7.449999809265137,7.449999809265137,7.699999809265137,319600,7.699999809265137
2017-08-22,7.800000190734863,7.650000095367432,7.699999809265137,7.75,168500,7.75
2017-08-23,7.849999904632568,7.650000095367432,7.699999809265137,7.699999809265137,238500,7.699999809265137
2017-08-24,7.849999904632568,7.650000095367432,7.75,7.800000190734863,676100,7.800000190734863
2017-08-25,7.5,7.175000190734863,7.400000095367432,7.300000190734863,1377900,7.300000190734863
2017-08-28,7.400000095367432,7.199999809265137,7.25,7.349999904632568,335600,7.349999904632568
2017-08-29,7.5,7.25,7.300000190734863,7.400000095367432,299900,7.400000095367432
2017-08-30,7.650000095367432,7.349999904632568,7.349999904632568,7.650000095367432,380700,7.650000095367432
2017-08-31,7.800000190734863,7.599999904632568,7.699999809265137,7.699999809265137,324300,7.699999809265137
2017-09-01,7.800000190734863,7.599999904632568,7.75,7.75,261700,7.75
2017-09-05,7.800000190734863,7.5,7.650000095367432,7.599999904632568,537100,7.599999904632568
2017-09-06,7.650000095367432,7.400000095367432,7.599999904632568,7.550000190734863,534700,7.550000190734863
2017-09-07,7.699999809265137,7.550000190734863,7.550000190734863,7.699999809265137,256400,7.699999809265137
2017-09-08,7.699999809265137,7.449999809265137,7.699999809265137,7.5,365300,7.5
2017-09-11,7.699999809265137,7.550000190734863,7.599999904632568,7.599999904632568,341200,7.599999904632568
2017-09-12,7.724999904632568,7.5,7.599999904632568,7.599999904632568,772500,7.599999904632568
2017-09-13,7.650000095367432,7.525000095367432,7.599999904632568,7.599999904632568,500500,7.599999904632568
2017-09-14,7.650000095367432,7.525000095367432,7.550000190734863,7.599999904632568,475800,7.599999904632568
2017-09-15,7.599999904632568,7.5,7.550000190734863,7.550000190734863,1982000,7.550000190734863
2017-09-18,7.75,7.550000190734863,7.550000190734863,7.75,685900,7.75
2017-09-19,7.849999904632568,7.650000095367432,7.75,7.800000190734863,304500,7.800000190734863
2017-09-20,7.974999904632568,7.724999904632568,7.800000190734863,7.75,278400,7.75
2017-09-21,7.900000095367432,7.650000095367432,7.800000190734863,7.800000190734863,331500,7.800000190734863
2017-09-22,7.949999809265137,7.800000190734863,7.800000190734863,7.849999904632568,355900,7.849999904632568
2017-09-25,8.0,7.699999809265137,7.849999904632568,7.900000095367432,1574300,7.900000095367432
2017-09-26,8.100000381469727,7.849999904632568,7.949999809265137,7.949999809265137,407900,7.949999809265137
2017-09-27,8.050000190734863,7.800000190734863,7.949999809265137,7.900000095367432,489100,7.900000095367432
2017-09-28,8.0,7.800000190734863,7.900000095367432,7.849999904632568,684400,7.849999904632568
2017-09-29,8.225000381469727,7.800000190734863,7.849999904632568,8.199999809265137,510700,8.199999809265137
2017-10-02,8.350000381469727,8.100000381469727,8.149999618530273,8.25,438000,8.25
2017-10-03,8.350000381469727,8.149999618530273,8.25,8.149999618530273,543400,8.149999618530273
2017-10-04,8.300000190734863,8.050000190734863,8.199999809265137,8.149999618530273,447100,8.149999618530273
2017-10-05,8.199999809265137,8.050000190734863,8.149999618530273,8.149999618530273,513300,8.149999618530273
2017-10-06,8.149999618530273,7.900000095367432,8.100000381469727,8.149999618530273,300600,8.149999618530273
2017-10-09,8.149999618530273,8.0,8.100000381469727,8.050000190734863,340100,8.050000190734863
2017-10-10,8.149999618530273,7.775000095367432,8.100000381469727,7.949999809265137,1176400,7.949999809265137
2017-10-11,8.050000190734863,7.849999904632568,7.949999809265137,7.949999809265137,445100,7.949999809265137
2017-10-12,8.0,7.75,7.900000095367432,7.949999809265137,403400,7.949999809265137
2017-10-13,8.0,7.800000190734863,8.0,7.800000190734863,428400,7.800000190734863
2017-10-16,7.949999809265137,7.75,7.800000190734863,7.900000095367432,344800,7.900000095367432
2017-10-17,8.050000190734863,7.800000190734863,7.849999904632568,7.949999809265137,343500,7.949999809265137
2017-10-18,8.199999809265137,7.949999809265137,8.0,8.149999618530273,358700,8.149999618530273
2017-10-19,8.199999809265137,8.0,8.100000381469727,8.199999809265137,572200,8.199999809265137
2017-10-20,8.399999618530273,8.100000381469727,8.25,8.199999809265137,300600,8.199999809265137
2017-10-23,8.25,8.050000190734863,8.199999809265137,8.199999809265137,529800,8.199999809265137
2017-10-24,8.25,8.100000381469727,8.199999809265137,8.149999618530273,449800,8.149999618530273
2017-10-25,8.350000381469727,8.0,8.100000381469727,8.199999809265137,5152100,8.199999809265137
2017-10-26,8.199999809265137,8.074999809265137,8.199999809265137,8.199999809265137,381300,8.199999809265137
2017-10-27,8.350000381469727,8.125,8.199999809265137,8.25,565400,8.25
2017-10-30,8.350000381469727,8.074999809265137,8.25,8.300000190734863,1270800,8.300000190734863
2017-10-31,8.800000190734863,7.949999809265137,8.100000381469727,8.199999809265137,1125000,8.199999809265137
2017-11-01,8.399999618530273,8.199999809265137,8.199999809265137,8.350000381469727,406100,8.350000381469727
2017-11-02,8.350000381469727,8.050000190734863,8.300000190734863,8.300000190734863,767800,8.300000190734863
2017-11-03,8.300000190734863,8.149999618530273,8.25,8.25,366300,8.25
2017-11-06,8.300000190734863,8.149999618530273,8.300000190734863,8.199999809265137,355900,8.199999809265137
2017-11-07,8.199999809265137,8.024999618530273,8.149999618530273,8.149999618530273,768800,8.149999618530273
2017-11-08,8.149999618530273,8.0,8.100000381469727,8.050000190734863,466900,8.050000190734863
2017-11-09,8.050000190734863,7.900000095367432,8.0,7.949999809265137,479500,7.949999809265137
2017-11-10,7.949999809265137,7.849999904632568,7.949999809265137,7.900000095367432,330400,7.900000095367432
2017-11-13,8.050000190734863,7.650000095367432,7.800000190734863,8.0,1467500,8.0
2017-11-14,8.199999809265137,7.900000095367432,8.0,8.100000381469727,1127700,8.100000381469727
2017-11-15,8.524999618530273,8.050000190734863,8.050000190734863,8.449999809265137,1949200,8.449999809265137
2017-11-16,8.899999618530273,8.449999809265137,8.449999809265137,8.850000381469727,769900,8.850000381469727
2017-11-17,8.949999809265137,8.75,8.75,8.949999809265137,345000,8.949999809265137
2017-11-20,9.350000381469727,8.899999618530273,8.949999809265137,9.300000190734863,1044300,9.300000190734863
2017-11-21,9.449999809265137,9.25,9.350000381469727,9.350000381469727,306100,9.350000381469727
2017-11-22,9.449999809265137,8.949999809265137,9.399999618530273,9.350000381469727,293200,9.350000381469727
2017-11-24,9.5,9.175000190734863,9.350000381469727,9.449999809265137,112100,9.449999809265137
2017-11-27,9.5,9.350000381469727,9.449999809265137,9.399999618530273,218100,9.399999618530273
2017-11-28,9.5,9.199999809265137,9.449999809265137,9.350000381469727,341600,9.350000381469727
2017-11-29,9.5,9.149999618530273,9.399999618530273,9.199999809265137,445000,9.199999809265137
2017-11-30,9.425000190734863,9.125,9.25,9.350000381469727,514300,9.350000381469727
2017-12-01,9.5,9.050000190734863,9.350000381469727,9.25,613200,9.25
2017-12-04,9.449999809265137,9.0,9.350000381469727,9.050000190734863,535200,9.050000190734863
2017-12-05,9.149999618530273,8.774999618530273,9.100000381469727,8.850000381469727,581500,8.850000381469727
2017-12-06,8.949999809265137,8.550000190734863,8.850000381469727,8.550000190734863,513200,8.550000190734863
2017-12-07,8.800000190734863,8.550000190734863,8.600000381469727,8.699999809265137,435700,8.699999809265137
2017-12-08,8.800000190734863,8.475000381469727,8.699999809265137,8.5,444500,8.5
2017-12-11,8.699999809265137,8.5,8.550000190734863,8.550000190734863,446700,8.550000190734863
2017-12-12,8.625,8.5,8.550000190734863,8.5,306100,8.5
2017-12-13,8.675000190734863,8.404999732971191,8.5,8.5,479400,8.5
2017-12-14,8.550000190734863,8.350000381469727,8.550000190734863,8.449999809265137,396500,8.449999809265137
2017-12-15,8.649999618530273,8.399999618530273,8.399999618530273,8.5,791700,8.5
2017-12-18,8.75,8.5,8.550000190734863,8.649999618530273,455400,8.649999618530273
2017-12-19,8.699999809265137,8.5,8.600000381469727,8.600000381469727,349500,8.600000381469727
2017-12-20,8.699999809265137,8.475000381469727,8.649999618530273,8.550000190734863,391800,8.550000190734863
2017-12-21,8.699999809265137,8.550000190734863,8.550000190734863,8.649999618530273,254200,8.649999618530273
2017-12-22,8.699999809265137,8.5,8.600000381469727,8.5,160000,8.5
2017-12-26,8.550000190734863,8.449999809265137,8.5,8.5,157400,8.5
2017-12-27,8.550000190734863,8.350000381469727,8.449999809265137,8.350000381469727,149000,8.350000381469727
2017-12-28,8.5,8.300000190734863,8.350000381469727,8.449999809265137,227000,8.449999809265137
2017-12-29,8.550000190734863,8.350000381469727,8.5,8.399999618530273,212300,8.399999618530273
2018-01-02,8.5,8.300000190734863,8.399999618530273,8.399999618530273,304100,8.399999618530273
2018-01-03,8.600000381469727,8.300000190734863,8.350000381469727,8.550000190734863,222400,8.550000190734863
2018-01-04,8.800000190734863,8.550000190734863,8.550000190734863,8.600000381469727,439300,8.600000381469727
2018-01-05,8.75,8.5,8.649999618530273,8.649999618530273,344300,8.649999618530273
2018-01-08,8.899999618530273,8.600000381469727,8.600000381469727,8.800000190734863,369700,8.800000190734863
2018-01-09,8.899999618530273,8.699999809265137,8.850000381469727,8.75,299900,8.75
2018-01-10,8.800000190734863,8.5,8.75,8.550000190734863,208300,8.550000190734863
2018-01-11,8.800000190734863,8.600000381469727,8.600000381469727,8.649999618530273,174200,8.649999618530273
2018-01-12,8.850000381469727,8.649999618530273,8.699999809265137,8.800000190734863,127700,8.800000190734863
2018-01-16,8.899999618530273,8.324999809265137,8.800000190734863,8.399999618530273,454900,8.399999618530273
2018-01-17,8.5,8.149999618530273,8.5,8.25,219500,8.25
2018-01-18,8.300000190734863,8.0,8.25,8.050000190734863,255500,8.050000190734863
2018-01-19,8.149999618530273,7.949999809265137,8.050000190734863,8.0,205900,8.0
2018-01-22,8.149999618530273,7.949999809265137,8.050000190734863,8.0,253000,8.0
2018-01-23,8.100000381469727,7.949999809265137,8.0,8.100000381469727,282000,8.100000381469727
2018-01-24,8.199999809265137,8.0,8.149999618530273,8.0,300400,8.0
2018-01-25,8.25,8.0,8.100000381469727,8.199999809265137,257800,8.199999809265137
2018-01-26,8.449999809265137,8.149999618530273,8.300000190734863,8.350000381469727,399200,8.350000381469727
2018-01-29,8.600000381469727,8.25,8.350000381469727,8.300000190734863,323900,8.300000190734863
2018-01-30,8.449999809265137,8.149999618530273,8.25,8.199999809265137,180800,8.199999809265137
2018-01-31,8.399999618530273,8.25,8.25,8.300000190734863,173300,8.300000190734863
2018-02-01,8.399999618530273,8.100000381469727,8.199999809265137,8.274999618530273,207100,8.274999618530273
2018-02-02,8.199999809265137,7.900000095367432,8.199999809265137,7.900000095367432,266100,7.900000095367432
2018-02-05,8.0,7.5,7.849999904632568,7.5,434300,7.5
2018-02-06,7.849999904632568,7.349999904632568,7.349999904632568,7.75,392400,7.75
2018-02-07,7.849999904632568,7.599999904632568,7.699999809265137,7.849999904632568,153900,7.849999904632568
2018-02-08,7.900000095367432,7.300000190734863,7.800000190734863,7.349999904632568,377900,7.349999904632568
2018-02-09,7.599999904632568,6.949999809265137,7.449999809265137,7.25,398900,7.25
2018-02-12,7.550000190734863,7.25,7.25,7.5,436200,7.5
2018-02-13,7.75,7.199999809265137,7.75,7.349999904632568,518500,7.349999904632568
2018-02-14,7.849999904632568,7.150000095367432,7.150000095367432,7.699999809265137,436000,7.699999809265137
2018-02-15,7.849999904632568,7.599999904632568,7.849999904632568,7.650000095367432,465300,7.650000095367432
2018-02-16,7.824999809265137,7.599999904632568,7.599999904632568,7.75,395900,7.75
2018-02-20,8.0,7.75,7.75,8.0,343500,8.0
2018-02-21,8.149999618530273,7.800000190734863,7.949999809265137,8.149999618530273,335800,8.149999618530273
2018-02-22,8.199999809265137,7.75,8.199999809265137,7.75,320400,7.75
2018-02-23,8.0,7.775000095367432,7.849999904632568,7.949999809265137,186600,7.949999809265137
2018-02-26,7.949999809265137,7.599999904632568,7.949999809265137,7.699999809265137,328100,7.699999809265137
2018-02-27,7.699999809265137,7.400000095367432,7.599999904632568,7.400000095367432,363000,7.400000095367432
2018-02-28,7.550000190734863,7.300000190734863,7.449999809265137,7.300000190734863,330400,7.300000190734863
2018-03-01,7.525000095367432,7.199999809265137,7.300000190734863,7.300000190734863,323300,7.300000190734863
2018-03-02,7.699999809265137,7.150000095367432,7.150000095367432,7.699999809265137,303600,7.699999809265137
2018-03-05,7.849999904632568,7.449999809265137,7.550000190734863,7.800000190734863,269700,7.800000190734863
2018-03-06,7.849999904632568,7.625,7.800000190734863,7.75,239100,7.75
2018-03-07,8.0,7.599999904632568,7.699999809265137,7.800000190734863,360200,7.800000190734863
2018-03-08,7.949999809265137,7.724999904632568,7.849999904632568,7.800000190734863,256300,7.800000190734863
2018-03-09,8.050000190734863,7.800000190734863,7.900000095367432,8.050000190734863,220300,8.050000190734863
2018-03-12,8.600000381469727,8.050000190734863,8.100000381469727,8.399999618530273,1405400,8.399999618530273
2018-03-13,8.645000457763672,8.199999809265137,8.449999809265137,8.25,312200,8.25
2018-03-14,8.324999809265137,8.050000190734863,8.25,8.100000381469727,483700,8.100000381469727
2018-03-15,8.25,8.050000190734863,8.149999618530273,8.149999618530273,404300,8.149999618530273
2018-03-16,8.149999618530273,7.800000190734863,8.050000190734863,7.900000095367432,1911800,7.900000095367432
2018-03-19,7.949999809265137,7.599999904632568,7.900000095367432,7.849999904632568,462400,7.849999904632568
2018-03-20,7.949999809265137,7.699999809265137,7.900000095367432,7.75,374700,7.75
2018-03-21,8.050000190734863,7.75,7.800000190734863,7.900000095367432,437000,7.900000095367432
2018-03-22,7.900000095367432,7.650000095367432,7.800000190734863,7.650000095367432,191500,7.650000095367432
2018-03-23,7.75,7.349999904632568,7.599999904632568,7.400000095367432,511100,7.400000095367432
2018-03-26,7.599999904632568,7.349999904632568,7.599999904632568,7.5,493600,7.5
2018-03-27,7.675000190734863,7.300000190734863,7.5,7.300000190734863,411400,7.300000190734863
2018-03-28,7.550000190734863,7.199999809265137,7.349999904632568,7.224999904632568,409700,7.224999904632568
2018-03-29,7.699999809265137,7.199999809265137,7.25,7.400000095367432,457900,7.400000095367432
2018-04-02,7.5,7.150000095367432,7.300000190734863,7.150000095367432,428200,7.150000095367432
2018-04-03,7.349999904632568,7.074999809265137,7.199999809265137,7.199999809265137,347700,7.199999809265137
2018-04-04,7.5,7.099999904632568,7.099999904632568,7.5,298500,7.5
2018-04-05,7.5,7.275000095367432,7.5,7.300000190734863,423200,7.300000190734863
2018-04-06,7.5,7.199999809265137,7.25,7.25,514000,7.25
2018-04-09,7.5,7.300000190734863,7.349999904632568,7.349999904632568,171800,7.349999904632568
2018-04-10,7.400000095367432,7.199999809265137,7.400000095367432,7.300000190734863,153500,7.300000190734863
2018-04-11,7.5,7.224999904632568,7.300000190734863,7.349999904632568,186500,7.349999904632568
2018-04-12,7.400000095367432,7.275000095367432,7.349999904632568,7.400000095367432,78900,7.400000095367432
2018-04-13,7.449999809265137,7.300000190734863,7.400000095367432,7.349999904632568,144200,7.349999904632568
2018-04-16,7.449999809265137,7.199999809265137,7.349999904632568,7.425000190734863,317600,7.425000190734863
2018-04-17,7.650000095367432,7.400000095367432,7.400000095367432,7.550000190734863,448400,7.550000190734863
2018-04-18,7.550000190734863,7.349999904632568,7.5,7.375,839400,7.375
2018-04-19,7.449999809265137,7.150000095367432,7.300000190734863,7.400000095367432,631000,7.400000095367432
2018-04-20,7.75,7.349999904632568,7.349999904632568,7.5,1155800,7.5
2018-04-23,7.650000095367432,7.349999904632568,7.449999809265137,7.449999809265137,340600,7.449999809265137
2018-04-24,7.550000190734863,7.300000190734863,7.5,7.400000095367432,438200,7.400000095367432
2018-04-25,7.550000190734863,7.324999809265137,7.400000095367432,7.400000095367432,336100,7.400000095367432
2018-04-26,7.650000095367432,7.400000095367432,7.449999809265137,7.5,526600,7.5
2018-04-27,7.5,7.300000190734863,7.5,7.400000095367432,446800,7.400000095367432
2018-04-30,7.5,7.300000190734863,7.349999904632568,7.349999904632568,711900,7.349999904632568
2018-05-01,7.699999809265137,7.199999809265137,7.449999809265137,7.550000190734863,867000,7.550000190734863
2018-05-02,8.449999809265137,7.5,7.650000095367432,8.350000381469727,2141700,8.350000381469727
2018-05-03,8.774999618530273,8.25,8.350000381469727,8.75,1066900,8.75
2018-05-04,8.899999618530273,8.550000190734863,8.649999618530273,8.699999809265137,670900,8.699999809265137
2018-05-07,9.0,8.649999618530273,8.649999618530273,8.899999618530273,519500,8.899999618530273
2018-05-08,8.899999618530273,8.550000190734863,8.899999618530273,8.699999809265137,473500,8.699999809265137
2018-05-09,8.899999618530273,8.675000190734863,8.75,8.850000381469727,421500,8.850000381469727
2018-05-10,9.100000381469727,8.850000381469727,8.899999618530273,8.949999809265137,1137400,8.949999809265137
2018-05-11,9.149999618530273,8.850000381469727,8.899999618530273,9.100000381469727,1236600,9.100000381469727
2018-05-14,9.199999809265137,8.800000190734863,9.149999618530273,9.0,645600,9.0
2018-05-15,9.050000190734863,8.800000190734863,8.949999809265137,8.850000381469727,317300,8.850000381469727
2018-05-16,9.050000190734863,8.75,8.899999618530273,8.949999809265137,263500,8.949999809265137
2018-05-17,9.149999618530273,8.899999618530273,8.899999618530273,9.100000381469727,296400,9.100000381469727
2018-05-18,9.149999618530273,8.949999809265137,9.0,9.149999618530273,259100,9.149999618530273
2018-05-21,9.25,9.0,9.149999618530273,9.050000190734863,340100,9.050000190734863
2018-05-22,9.199999809265137,8.899999618530273,9.100000381469727,8.949999809265137,515000,8.949999809265137
2018-05-23,9.0,8.75,8.850000381469727,8.899999618530273,632700,8.899999618530273
2018-05-24,8.949999809265137,8.699999809265137,8.850000381469727,8.75,700700,8.75
2018-05-25,8.949999809265137,8.699999809265137,8.800000190734863,8.850000381469727,335000,8.850000381469727
2018-05-29,9.0,8.800000190734863,8.850000381469727,9.0,347600,9.0
2018-05-30,9.100000381469727,8.949999809265137,8.949999809265137,9.0,278500,9.0
2018-05-31,9.050000190734863,8.850000381469727,9.0,8.949999809265137,294900,8.949999809265137
2018-06-01,9.149999618530273,8.949999809265137,9.050000190734863,9.0,510600,9.0
2018-06-04,9.25,9.050000190734863,9.100000381469727,9.199999809265137,477800,9.199999809265137
2018-06-05,9.350000381469727,9.149999618530273,9.199999809265137,9.199999809265137,825400,9.199999809265137
2018-06-06,9.25,8.949999809265137,9.199999809265137,9.050000190734863,469900,9.050000190734863
2018-06-07,9.149999618530273,8.850000381469727,9.0,9.0,532100,9.0
2018-06-08,9.25,8.949999809265137,8.949999809265137,9.100000381469727,616200,9.100000381469727
2018-06-11,9.100000381469727,8.949999809265137,9.100000381469727,9.050000190734863,472500,9.050000190734863
2018-06-12,9.300000190734863,9.074999809265137,9.100000381469727,9.149999618530273,1023200,9.149999618530273
2018-06-13,9.300000190734863,9.0,9.199999809265137,9.300000190734863,1650900,9.300000190734863
2018-06-14,9.649999618530273,9.255000114440918,9.300000190734863,9.600000381469727,1623500,9.600000381469727
2018-06-15,9.949999809265137,9.600000381469727,9.649999618530273,9.800000190734863,1981900,9.800000190734863
2018-06-18,10.0,9.050000190734863,9.800000190734863,10.0,957500,10.0
2018-06-19,10.0,9.600000381469727,9.850000381469727,9.850000381469727,1329000,9.850000381469727
2018-06-20,9.899999618530273,9.649999618530273,9.899999618530273,9.699999809265137,926700,9.699999809265137
2018-06-21,9.800000190734863,9.5,9.75,9.600000381469727,766400,9.600000381469727
2018-06-22,9.75,9.399999618530273,9.649999618530273,9.550000190734863,2210200,9.550000190734863
2018-06-25,9.550000190734863,9.199999809265137,9.550000190734863,9.449999809265137,774000,9.449999809265137
2018-06-26,9.600000381469727,9.300000190734863,9.449999809265137,9.5,452800,9.5
2018-06-27,9.800000190734863,9.5,9.5,9.600000381469727,973000,9.600000381469727
2018-06-28,9.800000190734863,9.449999809265137,9.550000190734863,9.75,585800,9.75
2018-06-29,9.949999809265137,9.75,9.75,9.949999809265137,646100,9.949999809265137
2018-07-02,10.0,9.800000190734863,9.899999618530273,10.0,598300,10.0
2018-07-03,10.25,10.0,10.0,10.199999809265137,859600,10.199999809265137
2018-07-05,10.5,10.25,10.300000190734863,10.449999809265137,672100,10.449999809265137
2018-07-06,10.800000190734863,10.399999618530273,10.449999809265137,10.800000190734863,801300,10.800000190734863
2018-07-09,10.949999809265137,10.5,10.899999618530273,10.699999809265137,981500,10.699999809265137
2018-07-10,10.75,10.274999618530273,10.649999618530273,10.449999809265137,602800,10.449999809265137
2018-07-11,10.699999809265137,10.350000381469727,10.449999809265137,10.649999618530273,924600,10.649999618530273
2018-07-12,10.850000381469727,10.649999618530273,10.800000190734863,10.850000381469727,487200,10.850000381469727
2018-07-13,10.949999809265137,10.649999618530273,10.850000381469727,10.699999809265137,596700,10.699999809265137
2018-07-16,10.75,10.625,10.699999809265137,10.75,423900,10.75
2018-07-17,10.800000190734863,10.300000190734863,10.649999618530273,10.800000190734863,761400,10.800000190734863
2018-07-18,10.899999618530273,10.524999618530273,10.800000190734863,10.600000381469727,312900,10.600000381469727
2018-07-19,10.649999618530273,10.5,10.550000190734863,10.600000381469727,460000,10.600000381469727
2018-07-20,10.600000381469727,10.050000190734863,10.5,10.300000190734863,510800,10.300000190734863
2018-07-23,10.5,10.149999618530273,10.25,10.350000381469727,685100,10.350000381469727
2018-07-24,10.399999618530273,10.0,10.399999618530273,10.100000381469727,658500,10.100000381469727
2018-07-25,10.425000190734863,10.100000381469727,10.149999618530273,10.199999809265137,906500,10.199999809265137
2018-07-26,10.5,8.600000381469727,10.300000190734863,8.75,1805900,8.75
2018-07-27,8.850000381469727,8.399999618530273,8.850000381469727,8.425000190734863,1006300,8.425000190734863
2018-07-30,8.524999618530273,8.050000190734863,8.449999809265137,8.050000190734863,1354200,8.050000190734863
2018-07-31,8.449999809265137,8.100000381469727,8.149999618530273,8.199999809265137,1190400,8.199999809265137
2018-08-01,8.449999809265137,8.149999618530273,8.149999618530273,8.350000381469727,962600,8.350000381469727
2018-08-02,8.5,8.25,8.25,8.399999618530273,647600,8.399999618530273
2018-08-03,8.600000381469727,8.350000381469727,8.399999618530273,8.5,498600,8.5
2018-08-06,8.600000381469727,8.399999618530273,8.449999809265137,8.600000381469727,366800,8.600000381469727
2018-08-07,8.699999809265137,8.5,8.649999618530273,8.550000190734863,394700,8.550000190734863
2018-08-08,8.800000190734863,8.350000381469727,8.550000190734863,8.75,848000,8.75
2018-08-09,9.25,8.619999885559082,8.699999809265137,9.050000190734863,947100,9.050000190734863
2018-08-10,9.199999809265137,8.800000190734863,9.050000190734863,9.149999618530273,603400,9.149999618530273
2018-08-13,9.25,8.899999618530273,9.100000381469727,9.050000190734863,750400,9.050000190734863
2018-08-14,9.25,9.0,9.050000190734863,9.149999618530273,557400,9.149999618530273
2018-08-15,9.300000190734863,8.949999809265137,9.149999618530273,9.199999809265137,457500,9.199999809265137
2018-08-16,9.675000190734863,9.300000190734863,9.300000190734863,9.449999809265137,415700,9.449999809265137
2018-08-17,9.449999809265137,9.199999809265137,9.350000381469727,9.399999618530273,406100,9.399999618530273
2018-08-20,9.649999618530273,9.399999618530273,9.449999809265137,9.550000190734863,487800,9.550000190734863
2018-08-21,9.774999618530273,9.454999923706055,9.550000190734863,9.600000381469727,468200,9.600000381469727
2018-08-22,9.850000381469727,9.550000190734863,9.649999618530273,9.649999618530273,465900,9.649999618530273
2018-08-23,9.699999809265137,9.449999809265137,9.699999809265137,9.649999618530273,275100,9.649999618530273
2018-08-24,9.75,9.550000190734863,9.699999809265137,9.600000381469727,396100,9.600000381469727
2018-08-27,10.300000190734863,9.649999618530273,10.25,9.75,2620200,9.75
2018-08-28,9.899999618530273,9.5,9.699999809265137,9.550000190734863,1183500,9.550000190734863
2018-08-29,9.949999809265137,9.574999809265137,9.600000381469727,9.699999809265137,455200,9.699999809265137
2018-08-30,9.774999618530273,9.600000381469727,9.699999809265137,9.649999618530273,350000,9.649999618530273
2018-08-31,9.75,9.5,9.649999618530273,9.649999618530273,330100,9.649999618530273
2018-09-04,9.649999618530273,9.350000381469727,9.649999618530273,9.5,275400,9.5
2018-09-05,9.5,9.199999809265137,9.5,9.399999618530273,350100,9.399999618530273
2018-09-06,9.449999809265137,9.199999809265137,9.449999809265137,9.350000381469727,291500,9.350000381469727
2018-09-07,9.550000190734863,9.199999809265137,9.350000381469727,9.399999618530273,224800,9.399999618530273
2018-09-10,9.550000190734863,9.350000381469727,9.5,9.5,423300,9.5
2018-09-11,9.550000190734863,9.324999809265137,9.5,9.449999809265137,302600,9.449999809265137
2018-09-12,9.550000190734863,9.300000190734863,9.449999809265137,9.5,391200,9.5
2018-09-13,9.5,9.300000190734863,9.5,9.300000190734863,344700,9.300000190734863
2018-09-14,9.524999618530273,9.199999809265137,9.300000190734863,9.25,340600,9.25
2018-09-17,9.449999809265137,9.100000381469727,9.199999809265137,9.300000190734863,363400,9.300000190734863
2018-09-18,9.5,9.25,9.25,9.449999809265137,293000,9.449999809265137
2018-09-19,9.524999618530273,9.100000381469727,9.5,9.100000381469727,267900,9.100000381469727
2018-09-20,9.300000190734863,9.050000190734863,9.100000381469727,9.149999618530273,257600,9.149999618530273
2018-09-21,9.25,8.875,9.25,8.949999809265137,1067500,8.949999809265137
2018-09-24,8.949999809265137,8.800000190734863,8.949999809265137,8.899999618530273,259800,8.899999618530273
2018-09-25,9.149999618530273,8.850000381469727,8.899999618530273,9.149999618530273,158300,9.149999618530273
2018-09-26,9.149999618530273,8.850000381469727,9.149999618530273,8.899999618530273,298300,8.899999618530273
2018-09-27,8.949999809265137,8.800000190734863,8.949999809265137,8.899999618530273,240400,8.899999618530273
2018-09-28,9.0,8.75,8.850000381469727,8.800000190734863,376900,8.800000190734863
2018-10-01,8.831999778747559,8.550000190734863,8.770000457763672,8.609999656677246,385000,8.609999656677246
2018-10-02,8.619999885559082,8.390000343322754,8.619999885559082,8.449999809265137,364800,8.449999809265137
2018-10-03,8.640000343322754,8.359999656677246,8.449999809265137,8.600000381469727,241400,8.600000381469727
2018-10-04,8.59000015258789,8.300000190734863,8.59000015258789,8.420000076293945,401800,8.420000076293945
2018-10-05,8.529999732971191,8.3100004196167,8.40999984741211,8.479999542236328,793100,8.479999542236328
2018-10-08,8.539999961853027,8.319999694824219,8.4399995803833,8.399999618530273,416200,8.399999618530273
2018-10-09,8.640000343322754,8.350000381469727,8.350000381469727,8.600000381469727,492900,8.600000381469727
2018-10-10,8.550000190734863,8.289999961853027,8.550000190734863,8.3100004196167,590900,8.3100004196167
2018-10-11,8.619999885559082,8.270000457763672,8.270000457763672,8.470000267028809,463400,8.470000267028809
2018-10-12,8.699999809265137,8.470000267028809,8.619999885559082,8.569999694824219,353700,8.569999694824219
2018-10-15,8.720000267028809,8.380000114440918,8.550000190734863,8.609999656677246,653600,8.609999656677246
2018-10-16,9.0600004196167,8.600000381469727,8.640000343322754,9.050000190734863,272300,9.050000190734863
2018-10-17,9.020000457763672,8.84000015258789,9.020000457763672,8.979999542236328,281000,8.979999542236328
2018-10-18,8.880000114440918,8.515000343322754,8.880000114440918,8.529999732971191,503800,8.529999732971191
2018-10-19,8.770000457763672,8.369999885559082,8.510000228881836,8.390000343322754,458300,8.390000343322754
2018-10-22,8.819999694824219,8.449999809265137,8.449999809265137,8.529999732971191,386000,8.529999732971191
2018-10-23,8.520000457763672,8.260000228881836,8.399999618530273,8.489999771118164,477200,8.489999771118164
2018-10-24,8.59000015258789,8.050000190734863,8.449999809265137,8.069999694824219,494000,8.069999694824219
2018-10-25,8.96500015258789,8.050000190734863,8.550000190734863,8.5,923700,8.5
2018-10-26,9.609999656677246,8.529999732971191,8.609999656677246,9.550000190734863,1378700,9.550000190734863
2018-10-29,9.949999809265137,9.470000267028809,9.640000343322754,9.640000343322754,1512900,9.640000343322754
2018-10-30,10.050000190734863,9.579999923706055,9.619999885559082,9.899999618530273,823500,9.899999618530273
2018-10-31,10.0600004196167,9.789999961853027,10.0,9.869999885559082,614800,9.869999885559082
2018-11-01,10.0600004196167,9.819999694824219,9.829999923706055,9.920000076293945,547200,9.920000076293945
2018-11-02,10.010000228881836,9.8100004196167,9.949999809265137,9.890000343322754,517700,9.890000343322754
2018-11-05,9.920000076293945,9.4399995803833,9.890000343322754,9.779999732971191,531500,9.779999732971191
2018-11-06,10.0,9.420000076293945,9.789999961853027,9.529999732971191,339500,9.529999732971191
2018-11-07,9.260000228881836,8.670000076293945,8.899999618530273,8.729999542236328,903500,8.729999542236328
2018-11-08,8.710000038146973,8.484999656677246,8.6899995803833,8.5,577000,8.5
2018-11-09,8.649999618530273,8.390000343322754,8.449999809265137,8.640000343322754,469000,8.640000343322754
2018-11-12,8.729999542236328,8.520000457763672,8.619999885559082,8.579999923706055,761300,8.579999923706055
2018-11-13,8.880000114440918,8.548999786376953,8.619999885559082,8.850000381469727,497300,8.850000381469727
2018-11-14,8.944999694824219,8.5600004196167,8.869999885559082,8.619999885559082,398800,8.619999885559082
2018-11-15,8.760000228881836,8.390000343322754,8.600000381469727,8.75,496200,8.75
2018-11-16,8.75,8.460000038146973,8.65999984741211,8.6899995803833,431900,8.6899995803833
2018-11-19,8.680000305175781,8.130000114440918,8.680000305175781,8.199999809265137,412900,8.199999809265137
2018-11-20,8.329999923706055,7.949999809265137,8.0600004196167,8.100000381469727,488200,8.100000381469727
2018-11-21,8.270000457763672,8.039999961853027,8.15999984741211,8.09000015258789,166900,8.09000015258789
2018-11-23,8.350000381469727,7.951000213623047,8.050000190734863,8.25,127400,8.25
2018-11-26,8.359999656677246,8.15999984741211,8.3100004196167,8.199999809265137,269100,8.199999809265137
2018-11-27,8.199999809265137,8.0,8.15999984741211,8.100000381469727,246800,8.100000381469727
2018-11-28,8.380000114440918,8.020000457763672,8.140000343322754,8.359999656677246,210200,8.359999656677246
2018-11-29,8.4399995803833,8.220000267028809,8.34000015258789,8.300000190734863,178300,8.300000190734863
2018-11-30,8.350000381469727,8.180000305175781,8.319999694824219,8.300000190734863,324300,8.300000190734863
2018-12-03,8.460000038146973,8.210000038146973,8.40999984741211,8.420000076293945,174600,8.420000076293945
2018-12-04,8.479999542236328,8.100000381469727,8.40999984741211,8.289999961853027,360600,8.289999961853027
2018-12-06,8.449999809265137,8.15999984741211,8.210000038146973,8.300000190734863,416500,8.300000190734863
2018-12-07,8.880000114440918,8.130000114440918,8.300000190734863,8.1899995803833,334000,8.1899995803833
2018-12-10,8.470000267028809,8.069999694824219,8.1899995803833,8.380000114440918,528300,8.380000114440918
2018-12-11,8.489999771118164,8.239999771118164,8.460000038146973,8.3100004196167,220500,8.3100004196167
2018-12-12,8.399999618530273,8.21500015258789,8.390000343322754,8.289999961853027,319800,8.289999961853027
2018-12-13,8.359999656677246,7.860000133514404,8.319999694824219,7.900000095367432,334800,7.900000095367432
2018-12-14,7.860000133514404,7.230000019073486,7.860000133514404,7.25,627000,7.25
2018-12-17,7.315000057220459,6.980000019073486,7.289999961853027,7.130000114440918,689900,7.130000114440918
2018-12-18,7.239999771118164,6.980000019073486,7.130000114440918,7.03000020980835,318500,7.03000020980835
2018-12-19,7.099999904632568,6.690000057220459,7.050000190734863,6.710000038146973,385300,6.710000038146973
2018-12-20,6.880000114440918,6.409999847412109,6.699999809265137,6.539999961853027,473900,6.539999961853027
2018-12-21,6.639999866485596,6.110000133514404,6.639999866485596,6.139999866485596,1452100,6.139999866485596
2018-12-24,6.179999828338623,6.0,6.059999942779541,6.070000171661377,430400,6.070000171661377
2018-12-26,6.300000190734863,5.869999885559082,6.070000171661377,6.25,438200,6.25
2018-12-27,6.480000019073486,6.130000114440918,6.130000114440918,6.480000019073486,387200,6.480000019073486
2018-12-28,6.590000152587891,6.389999866485596,6.5,6.550000190734863,446000,6.550000190734863
2018-12-31,6.699999809265137,6.46999979019165,6.559999942779541,6.650000095367432,750200,6.650000095367432
2019-01-02,6.869999885559082,6.5,6.559999942779541,6.690000057220459,503100,6.690000057220459
2019-01-03,6.78000020980835,6.440000057220459,6.639999866485596,6.460000038146973,447500,6.460000038146973
2019-01-04,7.059999942779541,6.519999980926514,6.559999942779541,7.010000228881836,482300,7.010000228881836
2019-01-07,7.070000171661377,6.920000076293945,7.0,7.0,433200,7.0
2019-01-08,7.199999809265137,6.889999866485596,7.070000171661377,7.139999866485596,517600,7.139999866485596
2019-01-09,7.21999979019165,6.960000038146973,7.150000095367432,7.090000152587891,214000,7.090000152587891
2019-01-10,7.269999980926514,6.96999979019165,7.019999980926514,7.25,242600,7.25
2019-01-11,7.400000095367432,7.15500020980835,7.190000057220459,7.349999904632568,226000,7.349999904632568
2019-01-14,7.380000114440918,7.159999847412109,7.289999961853027,7.289999961853027,274600,7.289999961853027
2019-01-15,7.320000171661377,7.150000095367432,7.239999771118164,7.25,311700,7.25
2019-01-16,7.440000057220459,7.25,7.269999980926514,7.429999828338623,322100,7.429999828338623
2019-01-17,7.684999942779541,7.380000114440918,7.380000114440918,7.630000114440918,239200,7.630000114440918
2019-01-18,7.849999904632568,7.610000133514404,7.619999885559082,7.71999979019165,301600,7.71999979019165
2019-01-22,7.760000228881836,7.590000152587891,7.659999847412109,7.610000133514404,246400,7.610000133514404
2019-01-23,7.760000228881836,7.440000057220459,7.630000114440918,7.519999980926514,178000,7.519999980926514
2019-01-24,7.829999923706055,7.5,7.559999942779541,7.800000190734863,305700,7.800000190734863
2019-01-25,8.010000228881836,7.769999980926514,7.840000152587891,7.980000019073486,361400,7.980000019073486
2019-01-28,8.039999961853027,7.800000190734863,7.900000095367432,7.880000114440918,295500,7.880000114440918
2019-01-29,7.929999828338623,7.739999771118164,7.869999885559082,7.869999885559082,242700,7.869999885559082
2019-01-30,8.140000343322754,7.849999904632568,7.880000114440918,8.130000114440918,264500,8.130000114440918
2019-01-31,8.227999687194824,7.929999828338623,8.15999984741211,8.100000381469727,496200,8.100000381469727
2019-02-01,8.100000381469727,7.869999885559082,8.09000015258789,7.989999771118164,942200,7.989999771118164
2019-02-04,8.180000305175781,7.940000057220459,7.949999809265137,8.029999732971191,349600,8.029999732971191
2019-02-05,8.265000343322754,8.029999732971191,8.079999923706055,8.210000038146973,435200,8.210000038146973
2019-02-06,8.265000343322754,7.96999979019165,8.210000038146973,7.989999771118164,483000,7.989999771118164
2019-02-07,8.529999732971191,7.769999980926514,7.989999771118164,7.789999961853027,560900,7.789999961853027
2019-02-08,7.760000228881836,7.409999847412109,7.699999809265137,7.590000152587891,937200,7.590000152587891
2019-02-11,7.659999847412109,7.380000114440918,7.550000190734863,7.420000076293945,579900,7.420000076293945
2019-02-12,7.550000190734863,7.300000190734863,7.480000019073486,7.309999942779541,460600,7.309999942779541
2019-02-13,7.630000114440918,7.329999923706055,7.329999923706055,7.440000057220459,847200,7.440000057220459
2019-02-14,7.5,7.309999942779541,7.420000076293945,7.389999866485596,604900,7.389999866485596
2019-02-15,7.480000019073486,7.360000133514404,7.429999828338623,7.400000095367432,640200,7.400000095367432
2019-02-19,7.400000095367432,7.039999961853027,7.340000152587891,7.139999866485596,766400,7.139999866485596
2019-02-20,7.25,6.989999771118164,7.130000114440918,7.070000171661377,719400,7.070000171661377
2019-02-21,7.099999904632568,6.989999771118164,7.0,7.03000020980835,235100,7.03000020980835
2019-02-22,7.130000114440918,7.010000228881836,7.039999961853027,7.130000114440918,211500,7.130000114440918
2019-02-25,7.239999771118164,7.059999942779541,7.190000057220459,7.059999942779541,255500,7.059999942779541
2019-02-26,7.085000038146973,6.960000038146973,7.039999961853027,7.010000228881836,248700,7.010000228881836
2019-02-27,7.099999904632568,6.880000114440918,6.960000038146973,7.03000020980835,222100,7.03000020980835
2019-02-28,7.099999904632568,6.980000019073486,7.010000228881836,7.0,216500,7.0
2019-03-01,7.164999961853027,6.980000019073486,7.019999980926514,7.159999847412109,278500,7.159999847412109
2019-03-04,7.210000038146973,7.0,7.179999828338623,7.119999885559082,241100,7.119999885559082
2019-03-05,7.110000133514404,6.920000076293945,7.099999904632568,7.070000171661377,403100,7.070000171661377
2019-03-06,7.199999809265137,6.989999771118164,7.050000190734863,7.059999942779541,272900,7.059999942779541
2019-03-07,7.079999923706055,6.960000038146973,7.059999942779541,7.0,221500,7.0
2019-03-08,7.059999942779541,6.840000152587891,6.940000057220459,6.900000095367432,349300,6.900000095367432
2019-03-11,7.309999942779541,6.980000019073486,7.03000020980835,7.269999980926514,513000,7.269999980926514
2019-03-12,7.48799991607666,7.21999979019165,7.320000171661377,7.289999961853027,378300,7.289999961853027
2019-03-13,7.389999866485596,7.139999866485596,7.320000171661377,7.230000019073486,408400,7.230000019073486
2019-03-14,7.230000019073486,6.940000057220459,7.210000038146973,6.940000057220459,361000,6.940000057220459
2019-03-15,7.039999961853027,6.869999885559082,6.929999828338623,7.010000228881836,1487600,7.010000228881836
2019-03-18,7.150000095367432,6.989999771118164,7.039999961853027,7.079999923706055,507200,7.079999923706055
2019-03-19,7.119999885559082,6.565000057220459,7.090000152587891,6.579999923706055,599500,6.579999923706055
2019-03-20,6.760000228881836,6.510000228881836,6.590000152587891,6.610000133514404,352000,6.610000133514404
2019-03-21,6.869999885559082,6.559999942779541,6.590000152587891,6.739999771118164,707900,6.739999771118164
2019-03-22,6.960000038146973,6.75,6.75,6.809999942779541,452300,6.809999942779541
2019-03-25,6.989999771118164,6.75,6.800000190734863,6.920000076293945,376500,6.920000076293945
2019-03-26,7.150000095367432,6.929999828338623,7.0,7.119999885559082,459600,7.119999885559082
2019-03-27,7.739999771118164,7.019999980926514,7.239999771118164,7.090000152587891,758700,7.090000152587891
2019-03-28,7.239999771118164,7.050000190734863,7.099999904632568,7.21999979019165,233600,7.21999979019165
2019-03-29,7.320000171661377,7.110000133514404,7.269999980926514,7.25,757900,7.25
2019-04-01,7.440000057220459,7.269999980926514,7.300000190734863,7.429999828338623,384900,7.429999828338623
2019-04-02,7.46999979019165,7.329999923706055,7.400000095367432,7.400000095367432,232500,7.400000095367432
2019-04-03,7.460000038146973,7.210000038146973,7.420000076293945,7.269999980926514,320800,7.269999980926514
2019-04-04,7.28000020980835,6.949999809265137,7.28000020980835,6.949999809265137,397600,6.949999809265137
2019-04-05,7.150000095367432,6.809999942779541,6.96999979019165,7.019999980926514,725500,7.019999980926514
2019-04-08,7.059999942779541,6.920000076293945,6.980000019073486,7.039999961853027,255600,7.039999961853027
2019-04-09,7.130000114440918,6.800000190734863,7.019999980926514,6.809999942779541,298600,6.809999942779541
2019-04-10,6.820000171661377,6.699999809265137,6.820000171661377,6.789999961853027,246800,6.789999961853027
2019-04-11,6.815000057220459,6.46999979019165,6.789999961853027,6.489999771118164,5767100,6.489999771118164
2019-04-12,6.889999866485596,6.5,6.5,6.820000171661377,1148100,6.820000171661377
2019-04-15,6.949999809265137,6.739999771118164,6.860000133514404,6.75,370100,6.75
2019-04-16,6.849999904632568,6.460000038146973,6.809999942779541,6.5,381500,6.5
2019-04-17,6.590000152587891,6.079999923706055,6.510000228881836,6.300000190734863,1060800,6.300000190734863
2019-04-18,6.360000133514404,6.119999885559082,6.239999771118164,6.320000171661377,506600,6.320000171661377
2019-04-22,6.320000171661377,6.110000133514404,6.269999980926514,6.159999847412109,418600,6.159999847412109
2019-04-23,6.420000076293945,6.179999828338623,6.199999809265137,6.340000152587891,313900,6.340000152587891
2019-04-24,6.389999866485596,6.190000057220459,6.389999866485596,6.199999809265137,259800,6.199999809265137
2019-04-25,6.340000152587891,6.130000114440918,6.179999828338623,6.260000228881836,370100,6.260000228881836
2019-04-26,6.420000076293945,6.239999771118164,6.25,6.380000114440918,394000,6.380000114440918
2019-04-29,6.5,6.239999771118164,6.389999866485596,6.269999980926514,559300,6.269999980926514
2019-04-30,6.125,5.5,5.960000038146973,5.53000020980835,1769700,5.53000020980835
2019-05-01,5.559999942779541,5.179999828338623,5.5,5.210000038146973,857400,5.210000038146973
2019-05-02,5.230000019073486,4.739999771118164,5.130000114440918,4.880000114440918,1626000,4.880000114440918
2019-05-03,5.239999771118164,4.900000095367432,4.949999809265137,5.099999904632568,2176100,5.099999904632568
2019-05-06,5.260000228881836,4.980000019073486,4.980000019073486,5.230000019073486,511200,5.230000019073486
2019-05-07,5.25,5.03000020980835,5.159999847412109,5.099999904632568,554700,5.099999904632568
2019-05-08,5.190000057220459,5.050000190734863,5.090000152587891,5.150000095367432,521200,5.150000095367432
2019-05-09,5.130000114440918,5.0,5.090000152587891,5.099999904632568,484900,5.099999904632568
2019-05-10,5.119999885559082,5.050000190734863,5.119999885559082,5.110000133514404,596400,5.110000133514404
2019-05-13,5.099999904632568,4.929999828338623,5.0,5.0,589600,5.0
2019-05-14,5.039999961853027,4.929999828338623,5.010000228881836,4.960000038146973,478600,4.960000038146973
2019-05-15,4.980000019073486,4.900000095367432,4.920000076293945,4.949999809265137,272900,4.949999809265137
2019-05-16,4.989999771118164,4.849999904632568,4.909999847412109,4.880000114440918,342200,4.880000114440918
2019-05-17,4.875,4.71999979019165,4.809999942779541,4.730000019073486,560700,4.730000019073486
2019-05-20,4.815000057220459,4.670000076293945,4.690000057220459,4.809999942779541,242500,4.809999942779541
2019-05-21,4.940000057220459,4.829999923706055,4.829999923706055,4.900000095367432,252000,4.900000095367432
2019-05-22,4.940000057220459,4.760000228881836,4.900000095367432,4.869999885559082,351500,4.869999885559082
2019-05-23,4.849999904632568,4.699999809265137,4.809999942779541,4.730000019073486,406600,4.730000019073486
2019-05-24,4.78000020980835,4.590000152587891,4.75,4.690000057220459,387800,4.690000057220459
2019-05-28,4.739999771118164,4.449999809265137,4.690000057220459,4.460000038146973,325500,4.460000038146973
2019-05-29,4.429999828338623,4.2230000495910645,4.429999828338623,4.400000095367432,546600,4.400000095367432
2019-05-30,4.489999771118164,4.340000152587891,4.420000076293945,4.389999866485596,386100,4.389999866485596
2019-05-31,4.460000038146973,4.269999980926514,4.329999923706055,4.449999809265137,384600,4.449999809265137
2019-06-03,4.570000171661377,4.300000190734863,4.510000228881836,4.309999942779541,515700,4.309999942779541
2019-06-04,4.385000228881836,4.28000020980835,4.340000152587891,4.369999885559082,342400,4.369999885559082
2019-06-05,4.429999828338623,4.25,4.400000095367432,4.360000133514404,323200,4.360000133514404
2019-06-06,4.380000114440918,4.25,4.349999904632568,4.309999942779541,383400,4.309999942779541
2019-06-07,4.519999980926514,4.320000171661377,4.320000171661377,4.480000019073486,325700,4.480000019073486
2019-06-10,5.038000106811523,4.389999866485596,4.510000228881836,4.429999828338623,238800,4.429999828338623
2019-06-11,4.599999904632568,4.420000076293945,4.46999979019165,4.579999923706055,365000,4.579999923706055
2019-06-12,4.559999942779541,4.449999809265137,4.559999942779541,4.489999771118164,180000,4.489999771118164
2019-06-13,4.639999866485596,4.5,4.519999980926514,4.570000171661377,186100,4.570000171661377
2019-06-14,4.619999885559082,4.480000019073486,4.559999942779541,4.510000228881836,256500,4.510000228881836
2019-06-17,5.78000020980835,4.559999942779541,4.559999942779541,5.539999961853027,2356800,5.539999961853027
2019-06-18,5.724999904632568,5.380000114440918,5.5,5.429999828338623,803700,5.429999828338623
2019-06-19,5.525000095367432,5.199999809265137,5.389999866485596,5.21999979019165,575400,5.21999979019165
2019-06-20,5.565000057220459,5.25,5.25,5.440000057220459,651200,5.440000057220459
2019-06-21,5.499000072479248,5.079999923706055,5.449999809265137,5.340000152587891,3553700,5.340000152587891
2019-06-24,5.429999828338623,4.949999809265137,5.340000152587891,4.960000038146973,619600,4.960000038146973
2019-06-25,5.130000114440918,4.940000057220459,4.980000019073486,4.949999809265137,443800,4.949999809265137
2019-06-26,5.070000171661377,4.809999942779541,4.980000019073486,4.820000171661377,300000,4.820000171661377
2019-06-27,4.96999979019165,4.789999961853027,4.840000152587891,4.829999923706055,404400,4.829999923706055
2019-06-28,4.940000057220459,4.78000020980835,4.900000095367432,4.800000190734863,834700,4.800000190734863
2019-07-01,5.0,4.760000228881836,4.900000095367432,4.78000020980835,373900,4.78000020980835
2019-07-02,4.849999904632568,4.755000114440918,4.760000228881836,4.820000171661377,264900,4.820000171661377
2019-07-03,4.849999904632568,4.739999771118164,4.789999961853027,4.829999923706055,138300,4.829999923706055
2019-07-05,4.940000057220459,4.769999980926514,4.769999980926514,4.889999866485596,250300,4.889999866485596
2019-07-08,4.869999885559082,4.610000133514404,4.869999885559082,4.630000114440918,361400,4.630000114440918
2019-07-09,4.985000133514404,4.610000133514404,4.619999885559082,4.960000038146973,316900,4.960000038146973
2019-07-10,5.059999942779541,4.840000152587891,4.96999979019165,4.880000114440918,239700,4.880000114440918
2019-07-11,4.965000152587891,4.820000171661377,4.900000095367432,4.889999866485596,227600,4.889999866485596
2019-07-12,5.0,4.840000152587891,4.909999847412109,4.880000114440918,258200,4.880000114440918
2019-07-15,4.909999847412109,4.840000152587891,4.869999885559082,4.849999904632568,257100,4.849999904632568
2019-07-16,4.920000076293945,4.75,4.840000152587891,4.860000133514404,708500,4.860000133514404
2019-07-17,4.880000114440918,4.519999980926514,4.849999904632568,4.539999961853027,426400,4.539999961853027
2019-07-18,4.519999980926514,4.210000038146973,4.480000019073486,4.289999961853027,401400,4.289999961853027
2019-07-19,4.449999809265137,4.139999866485596,4.289999961853027,4.230000019073486,371400,4.230000019073486
2019-07-22,4.480000019073486,4.21999979019165,4.269999980926514,4.440000057220459,563300,4.440000057220459
2019-07-23,4.5,4.340000152587891,4.429999828338623,4.489999771118164,268800,4.489999771118164
2019-07-24,4.71999979019165,4.46999979019165,4.46999979019165,4.670000076293945,311000,4.670000076293945
2019-07-25,4.650000095367432,4.489999771118164,4.650000095367432,4.489999771118164,247400,4.489999771118164
2019-07-26,4.635000228881836,4.510000228881836,4.570000171661377,4.519999980926514,578500,4.519999980926514
2019-07-29,4.619999885559082,4.440000057220459,4.53000020980835,4.5,308500,4.5
2019-07-30,4.605000019073486,4.400000095367432,4.440000057220459,4.559999942779541,436100,4.559999942779541
2019-07-31,4.909999847412109,4.539999961853027,4.539999961853027,4.739999771118164,462800,4.739999771118164
2019-08-01,5.710000038146973,4.130000114440918,4.590000152587891,5.289999961853027,618700,5.289999961853027
2019-08-02,5.289999961853027,4.800000190734863,5.289999961853027,5.070000171661377,516900,5.070000171661377
2019-08-05,5.010000228881836,4.820000171661377,4.900000095367432,4.869999885559082,398000,4.869999885559082
2019-08-06,5.03000020980835,4.570000171661377,4.849999904632568,4.699999809265137,326800,4.699999809265137
2019-08-07,4.835000038146973,4.590000152587891,4.599999904632568,4.809999942779541,217800,4.809999942779541
2019-08-08,5.139999866485596,4.800000190734863,4.820000171661377,5.110000133514404,290000,5.110000133514404
2019-08-09,5.150000095367432,4.75,5.150000095367432,4.789999961853027,190400,4.789999961853027
2019-08-12,4.789999961853027,4.659999847412109,4.760000228881836,4.730000019073486,153900,4.730000019073486
2019-08-13,4.900000095367432,4.539999961853027,4.75,4.71999979019165,145200,4.71999979019165
2019-08-14,4.690000057220459,4.335000038146973,4.630000114440918,4.360000133514404,331000,4.360000133514404
2019-08-15,4.425000190734863,4.210000038146973,4.369999885559082,4.329999923706055,260300,4.329999923706055
2019-08-16,4.590000152587891,4.340000152587891,4.380000114440918,4.53000020980835,436000,4.53000020980835
2019-08-19,4.78000020980835,4.590000152587891,4.590000152587891,4.659999847412109,221500,4.659999847412109
2019-08-20,4.920000076293945,4.670000076293945,4.679999828338623,4.869999885559082,245400,4.869999885559082
2019-08-21,5.079999923706055,4.789999961853027,4.980000019073486,4.980000019073486,207200,4.980000019073486
2019-08-22,5.079999923706055,4.940000057220459,5.019999980926514,5.010000228881836,174100,5.010000228881836
2019-08-23,5.010000228881836,4.71999979019165,5.010000228881836,4.75,271700,4.75
2019-08-26,5.03000020980835,4.71999979019165,4.829999923706055,4.960000038146973,298100,4.960000038146973
2019-08-27,5.159999847412109,4.909999847412109,5.010000228881836,5.110000133514404,459500,5.110000133514404
2019-08-28,5.21999979019165,4.980000019073486,5.079999923706055,5.150000095367432,215300,5.150000095367432
2019-08-29,5.269999980926514,5.039999961853027,5.179999828338623,5.050000190734863,204400,5.050000190734863
2019-08-30,5.210000038146973,4.940000057220459,5.099999904632568,5.039999961853027,247700,5.039999961853027
2019-09-03,5.079999923706055,4.829999923706055,4.96999979019165,5.0,454300,5.0
2019-09-04,5.289999961853027,5.007999897003174,5.070000171661377,5.269999980926514,224500,5.269999980926514
2019-09-05,5.519999980926514,5.309999942779541,5.329999923706055,5.429999828338623,263500,5.429999828338623
2019-09-06,5.590000152587891,5.389999866485596,5.449999809265137,5.409999847412109,177000,5.409999847412109
2019-09-09,5.679999828338623,5.380000114440918,5.420000076293945,5.670000076293945,242000,5.670000076293945
2019-09-10,6.039999961853027,5.699999809265137,5.71999979019165,5.920000076293945,570100,5.920000076293945
2019-09-11,6.13100004196167,5.880000114440918,5.940000057220459,6.050000190734863,346900,6.050000190734863
2019-09-12,6.190000057220459,5.940000057220459,6.019999980926514,6.059999942779541,609600,6.059999942779541
2019-09-13,6.150000095367432,5.630000114440918,6.099999904632568,5.690000057220459,1105600,5.690000057220459
2019-09-16,5.539999961853027,4.28000020980835,5.539999961853027,4.570000171661377,2951500,4.570000171661377
2019-09-17,4.71999979019165,4.159999847412109,4.699999809265137,4.440000057220459,1248100,4.440000057220459
2019-09-18,4.409999847412109,4.119999885559082,4.409999847412109,4.190000057220459,1348200,4.190000057220459
2019-09-19,4.369999885559082,3.799999952316284,4.190000057220459,3.8499999046325684,2239400,3.8499999046325684
2019-09-20,4.559999942779541,3.759999990463257,3.7699999809265137,4.010000228881836,11449000,4.010000228881836
2019-09-23,4.329999923706055,3.9800000190734863,4.070000171661377,4.010000228881836,1266500,4.010000228881836
2019-09-24,4.089000225067139,3.75,4.050000190734863,3.8399999141693115,863000,3.8399999141693115
2019-09-25,3.9700000286102295,3.799999952316284,3.859999895095825,3.940000057220459,600300,3.940000057220459
2019-09-26,3.9800000190734863,3.799999952316284,3.950000047683716,3.865000009536743,571600,3.865000009536743
2019-09-27,3.950000047683716,3.509999990463257,3.950000047683716,3.7100000381469727,1115200,3.7100000381469727
2019-09-30,3.8299999237060547,3.640000104904175,3.7300000190734863,3.75,506700,3.75
2019-10-01,3.819999933242798,3.5999999046325684,3.7300000190734863,3.680000066757202,860300,3.680000066757202
2019-10-02,3.7950000762939453,3.5899999141693115,3.640000104904175,3.690000057220459,617600,3.690000057220459
2019-10-03,3.7899999618530273,3.630000114440918,3.690000057220459,3.75,384000,3.75
2019-10-04,3.930000066757202,3.75,3.759999990463257,3.869999885559082,564000,3.869999885559082
2019-10-07,4.03000020980835,3.8299999237060547,3.880000114440918,3.930000066757202,287800,3.930000066757202
2019-10-08,3.940000057220459,3.819999933242798,3.880000114440918,3.8399999141693115,295200,3.8399999141693115
2019-10-09,4.005000114440918,3.75,3.869999885559082,3.7899999618530273,386800,3.7899999618530273
2019-10-10,3.9100000858306885,3.740000009536743,3.819999933242798,3.75,214800,3.75
2019-10-11,3.9600000381469727,3.7699999809265137,3.7799999713897705,3.9200000762939453,309000,3.9200000762939453
2019-10-14,4.047999858856201,3.880000114440918,3.9200000762939453,3.884999990463257,371000,3.884999990463257
2019-10-15,3.9700000286102295,3.8399999141693115,3.8399999141693115,3.869999885559082,156200,3.869999885559082
2019-10-16,4.079999923706055,3.8399999141693115,3.8399999141693115,4.059999942779541,230300,4.059999942779541
2019-10-17,4.320000171661377,4.045000076293945,4.059999942779541,4.28000020980835,910300,4.28000020980835
2019-10-18,4.380000114440918,4.230000019073486,4.239999771118164,4.34499979019165,478500,4.34499979019165
2019-10-21,4.440000057220459,4.150000095367432,4.380000114440918,4.269999980926514,399700,4.269999980926514
2019-10-22,4.309999942779541,4.199999809265137,4.28000020980835,4.300000190734863,657500,4.300000190734863
2019-10-23,4.429999828338623,4.289999961853027,4.300000190734863,4.380000114440918,185300,4.380000114440918
2019-10-24,4.40500020980835,4.210000038146973,4.349999904632568,4.239999771118164,384400,4.239999771118164
2019-10-25,4.449999809265137,4.179999828338623,4.179999828338623,4.389999866485596,294200,4.389999866485596
2019-10-28,4.46999979019165,4.300000190734863,4.409999847412109,4.309999942779541,707000,4.309999942779541
2019-10-29,4.454999923706055,4.300000190734863,4.360000133514404,4.440000057220459,463300,4.440000057220459
2019-10-30,4.53000020980835,4.320000171661377,4.440000057220459,4.480000019073486,715300,4.480000019073486
2019-10-31,4.53000020980835,3.680000066757202,4.409999847412109,3.9200000762939453,1345600,3.9200000762939453
2019-11-01,4.0,3.759999990463257,4.0,3.799999952316284,498000,3.799999952316284
2019-11-04,4.015999794006348,3.799999952316284,3.819999933242798,3.9200000762939453,502700,3.9200000762939453
2019-11-05,4.130000114440918,3.880000114440918,3.9100000858306885,4.110000133514404,531400,4.110000133514404
2019-11-06,4.190000057220459,4.010000228881836,4.079999923706055,4.090000152587891,285900,4.090000152587891
2019-11-07,4.309999942779541,4.050000190734863,4.079999923706055,4.119999885559082,381400,4.119999885559082
2019-11-08,4.28000020980835,4.119999885559082,4.119999885559082,4.150000095367432,232900,4.150000095367432
2019-11-11,4.255000114440918,4.119999885559082,4.119999885559082,4.159999847412109,168700,4.159999847412109
2019-11-12,4.210000038146973,4.110000133514404,4.130000114440918,4.139999866485596,273300,4.139999866485596
2019-11-13,4.184999942779541,3.990000009536743,4.110000133514404,4.010000228881836,198100,4.010000228881836
2019-11-14,4.065000057220459,3.930000066757202,3.990000009536743,4.019999980926514,236500,4.019999980926514
2019-11-15,4.130000114440918,4.0,4.050000190734863,4.010000228881836,193300,4.010000228881836
2019-11-18,4.0,3.819999933242798,4.0,3.869999885559082,373600,3.869999885559082
2019-11-19,3.940000057220459,3.8399999141693115,3.8399999141693115,3.869999885559082,230800,3.869999885559082
2019-11-20,3.940000057220459,3.6700000762939453,3.8399999141693115,3.690000057220459,396500,3.690000057220459
2019-11-21,3.825000047683716,3.5999999046325684,3.759999990463257,3.5999999046325684,421500,3.5999999046325684
2019-11-22,3.700000047683716,3.549999952316284,3.559999942779541,3.6500000953674316,388100,3.6500000953674316
2019-11-25,3.759999990463257,3.575000047683716,3.680000066757202,3.615000009536743,503700,3.615000009536743
2019-11-26,3.7200000286102295,3.549999952316284,3.619999885559082,3.7100000381469727,663400,3.7100000381469727
2019-11-27,4.110000133514404,3.690000057220459,3.740000009536743,4.090000152587891,395000,4.090000152587891
2019-11-29,4.090000152587891,4.0,4.019999980926514,4.050000190734863,194800,4.050000190734863
2019-12-02,4.019999980926514,3.809999942779541,4.0,3.9700000286102295,250500,3.9700000286102295
2019-12-03,4.0,3.869999885559082,3.9600000381469727,3.9200000762939453,330900,3.9200000762939453
2019-12-04,4.139999866485596,3.950000047683716,3.9600000381469727,4.110000133514404,229500,4.110000133514404
2019-12-05,4.139999866485596,4.014999866485596,4.139999866485596,4.039999961853027,144500,4.039999961853027
2019-12-06,4.239999771118164,4.039999961853027,4.159999847412109,4.119999885559082,317900,4.119999885559082
2019-12-09,4.199999809265137,4.099999904632568,4.110000133514404,4.099999904632568,135200,4.099999904632568
2019-12-10,4.269999980926514,4.070000171661377,4.090000152587891,4.239999771118164,243400,4.239999771118164
2019-12-11,4.21999979019165,4.039999961853027,4.210000038146973,4.150000095367432,266800,4.150000095367432
2019-12-12,4.264999866485596,4.090000152587891,4.170000076293945,4.21999979019165,199000,4.21999979019165
2019-12-13,4.320000171661377,4.159999847412109,4.210000038146973,4.230000019073486,114300,4.230000019073486
2019-12-16,4.389999866485596,4.170000076293945,4.210000038146973,4.300000190734863,232700,4.300000190734863
2019-12-17,4.380000114440918,4.239999771118164,4.309999942779541,4.309999942779541,245600,4.309999942779541
2019-12-18,4.485000133514404,4.300000190734863,4.340000152587891,4.46999979019165,201100,4.46999979019165
2019-12-19,4.46999979019165,4.309999942779541,4.460000038146973,4.400000095367432,178600,4.400000095367432
2019-12-20,4.480000019073486,4.320000171661377,4.360000133514404,4.449999809265137,446500,4.449999809265137
2019-12-23,4.599999904632568,4.400000095367432,4.440000057220459,4.579999923706055,201400,4.579999923706055
2019-12-24,4.599999904632568,4.539999961853027,4.590000152587891,4.599999904632568,61700,4.599999904632568
2019-12-26,4.639999866485596,4.510000228881836,4.610000133514404,4.610000133514404,132700,4.610000133514404
2019-12-27,4.75,4.539999961853027,4.610000133514404,4.739999771118164,460200,4.739999771118164
2019-12-30,4.78000020980835,4.5,4.78000020980835,4.610000133514404,657000,4.610000133514404
2019-12-31,4.739999771118164,4.570000171661377,4.639999866485596,4.699999809265137,689100,4.699999809265137
2020-01-02,4.800000190734863,4.570000171661377,4.739999771118164,4.619999885559082,228500,4.619999885559082
2020-01-03,4.849999904632568,4.489999771118164,4.510000228881836,4.789999961853027,640200,4.789999961853027
2020-01-06,4.809999942779541,4.65500020980835,4.679999828338623,4.78000020980835,314500,4.78000020980835
2020-01-07,4.849999904632568,4.710000038146973,4.75,4.840000152587891,181800,4.840000152587891
2020-01-08,4.96999979019165,4.860000133514404,4.860000133514404,4.920000076293945,244100,4.920000076293945
2020-01-09,4.980000019073486,4.89300012588501,4.929999828338623,4.980000019073486,298400,4.980000019073486
2020-01-10,5.079999923706055,4.960000038146973,5.010000228881836,5.03000020980835,407800,5.03000020980835
2020-01-13,5.150000095367432,5.010000228881836,5.039999961853027,5.059999942779541,228500,5.059999942779541
2020-01-14,5.150000095367432,5.019999980926514,5.03000020980835,5.099999904632568,284200,5.099999904632568
2020-01-15,5.21999979019165,5.079999923706055,5.079999923706055,5.159999847412109,174900,5.159999847412109
2020-01-16,5.239999771118164,5.150000095367432,5.199999809265137,5.159999847412109,150300,5.159999847412109
2020-01-17,5.199999809265137,5.110000133514404,5.199999809265137,5.150000095367432,274200,5.150000095367432
2020-01-21,5.159999847412109,5.039999961853027,5.099999904632568,5.099999904632568,265800,5.099999904632568
2020-01-22,5.159999847412109,5.070000171661377,5.130000114440918,5.099999904632568,120000,5.099999904632568
2020-01-23,5.059999942779541,4.954999923706055,5.059999942779541,4.960000038146973,223000,4.960000038146973
2020-01-24,4.989999771118164,4.860000133514404,4.96999979019165,4.880000114440918,180700,4.880000114440918
2020-01-27,4.78000020980835,4.539999961853027,4.78000020980835,4.550000190734863,431700,4.550000190734863
2020-01-28,4.630000114440918,4.460000038146973,4.599999904632568,4.539999961853027,320000,4.539999961853027
2020-01-29,4.619999885559082,4.519999980926514,4.550000190734863,4.570000171661377,150300,4.570000171661377
2020-01-30,4.710000038146973,4.46999979019165,4.519999980926514,4.690000057220459,155100,4.690000057220459
2020-01-31,4.739999771118164,4.610000133514404,4.659999847412109,4.71999979019165,254600,4.71999979019165
2020-02-03,4.96999979019165,4.710000038146973,4.710000038146973,4.800000190734863,453800,4.800000190734863
2020-02-04,4.909999847412109,4.570000171661377,4.860000133514404,4.650000095367432,414200,4.650000095367432
2020-02-05,4.820000171661377,4.711999893188477,4.71999979019165,4.760000228881836,243200,4.760000228881836
2020-02-06,5.309999942779541,5.046999931335449,5.300000190734863,5.269999980926514,962600,5.269999980926514
2020-02-07,5.320000171661377,5.199999809265137,5.21999979019165,5.210000038146973,575000,5.210000038146973
2020-02-10,5.139999866485596,4.619999885559082,5.139999866485596,4.829999923706055,537200,4.829999923706055
2020-02-11,4.909999847412109,4.619999885559082,4.909999847412109,4.840000152587891,485100,4.840000152587891
2020-02-12,4.809999942779541,4.559999942779541,4.769999980926514,4.695000171661377,297200,4.695000171661377
2020-02-13,4.659999847412109,4.525000095367432,4.639999866485596,4.619999885559082,347100,4.619999885559082
2020-02-14,4.679999828338623,4.539999961853027,4.610000133514404,4.539999961853027,118400,4.539999961853027
2020-02-18,4.949999809265137,4.449999809265137,4.5,4.710000038146973,1324800,4.710000038146973
2020-02-19,4.889999866485596,4.730000019073486,4.739999771118164,4.760000228881836,1569500,4.760000228881836
2020-02-20,4.960000038146973,4.71999979019165,4.769999980926514,4.920000076293945,1031100,4.920000076293945
2020-02-21,4.960000038146973,4.684999942779541,4.920000076293945,4.739999771118164,803100,4.739999771118164
2020-02-24,4.739999771118164,4.300000190734863,4.619999885559082,4.40500020980835,705000,4.40500020980835
2020-02-25,4.5,4.210000038146973,4.420000076293945,4.275000095367432,392900,4.275000095367432
2020-02-26,4.360000133514404,4.019999980926514,4.309999942779541,4.03000020980835,454600,4.03000020980835
2020-02-27,4.010000228881836,3.7100000381469727,3.9100000858306885,3.7200000286102295,1079600,3.7200000286102295
2020-02-28,3.819999933242798,3.5399999618530273,3.559999942779541,3.7300000190734863,784700,3.7300000190734863
2020-03-02,3.890000104904175,3.5199999809265137,3.740000009536743,3.690000057220459,643800,3.690000057220459
2020-03-03,3.799999952316284,3.555000066757202,3.680000066757202,3.5999999046325684,388800,3.5999999046325684
2020-03-04,3.690000057220459,3.430000066757202,3.6700000762939453,3.559999942779541,553300,3.559999942779541
2020-03-05,3.549999952316284,3.140000104904175,3.4800000190734863,3.180000066757202,739700,3.180000066757202
2020-03-06,3.180000066757202,3.009999990463257,3.0899999141693115,3.0199999809265137,664600,3.0199999809265137
2020-03-09,2.940000057220459,2.5199999809265137,2.809999942779541,2.5299999713897705,1196400,2.5299999713897705
2020-03-10,2.7200000286102295,2.180000066757202,2.640000104904175,2.4100000858306885,2639400,2.4100000858306885
2020-03-11,2.859999895095825,2.434999942779541,2.509999990463257,2.5399999618530273,3021400,2.5399999618530273
2020-03-12,2.450000047683716,2.130000114440918,2.200000047683716,2.1500000953674316,2043700,2.1500000953674316
2020-03-13,2.369999885559082,2.119999885559082,2.2799999713897705,2.2899999618530273,1091600,2.2899999618530273
2020-03-16,2.2100000381469727,1.6399999856948853,2.069999933242798,1.659999966621399,1318100,1.659999966621399
2020-03-17,2.0,1.559999942779541,1.75,2.0,1404500,2.0
2020-03-18,1.9299999475479126,1.5,1.8700000047683716,1.5499999523162842,2342200,1.5499999523162842
2020-03-19,1.6349999904632568,1.4950000047683716,1.590000033378601,1.5499999523162842,2215600,1.5499999523162842
2020-03-20,1.6399999856948853,1.309999942779541,1.5299999713897705,1.4900000095367432,1723900,1.4900000095367432
2020-03-23,1.940000057220459,1.4600000381469727,1.4800000190734863,1.8600000143051147,966200,1.8600000143051147
2020-03-24,2.0999999046325684,1.7200000286102295,1.9600000381469727,1.8799999952316284,1085000,1.8799999952316284
2020-03-25,2.115000009536743,1.7799999713897705,1.8799999952316284,2.009999990463257,913900,2.009999990463257
2020-03-26,2.0799999237060547,1.899999976158142,2.0,2.0299999713897705,954700,2.0299999713897705
2020-03-27,2.049999952316284,1.899999976158142,1.9500000476837158,1.909999966621399,732900,1.909999966621399
2020-03-30,1.940000057220459,1.75,1.909999966621399,1.8899999856948853,1150000,1.8899999856948853
2020-03-31,2.0350000858306885,1.8799999952316284,1.8799999952316284,1.9299999475479126,986200,1.9299999475479126
2020-04-01,1.850000023841858,1.75,1.7699999809265137,1.7599999904632568,780400,1.7599999904632568
2020-04-02,1.899999976158142,1.7300000190734863,1.75,1.7699999809265137,650200,1.7699999809265137
2020-04-03,1.8300000429153442,1.6449999809265137,1.75,1.7300000190734863,731400,1.7300000190734863
2020-04-06,2.0399999618530273,1.809999942779541,1.809999942779541,2.009999990463257,940900,2.009999990463257
2020-04-07,2.109999895095825,1.8899999856948853,2.0899999141693115,1.9800000190734863,1328900,1.9800000190734863
2020-04-08,2.2300000190734863,1.9700000286102295,2.009999990463257,2.140000104904175,1160100,2.140000104904175
2020-04-09,2.25,2.0999999046325684,2.200000047683716,2.240000009536743,730700,2.240000009536743
2020-04-13,2.240000009536743,2.0299999713897705,2.2200000286102295,2.140000104904175,483300,2.140000104904175
2020-04-14,2.2200000286102295,2.049999952316284,2.2100000381469727,2.200000047683716,780300,2.200000047683716
2020-04-15,2.25,2.0,2.109999895095825,2.2300000190734863,391500,2.2300000190734863
2020-04-16,2.25,2.0899999141693115,2.2300000190734863,2.240000009536743,467800,2.240000009536743
2020-04-17,2.4800000190734863,2.180000066757202,2.3299999237060547,2.4000000953674316,1071600,2.4000000953674316
2020-04-20,2.5299999713897705,2.2699999809265137,2.2699999809265137,2.5199999809265137,945600,2.5199999809265137
2020-04-21,3.0799999237060547,2.450000047683716,2.450000047683716,2.6600000858306885,1357700,2.6600000858306885
2020-04-22,3.009999990463257,2.549999952316284,2.7699999809265137,2.9000000953674316,1226200,2.9000000953674316
2020-04-23,2.990000009536743,2.609999895095825,2.9000000953674316,2.640000104904175,408200,2.640000104904175
2020-04-24,2.7309999465942383,2.5999999046325684,2.619999885559082,2.630000114440918,413400,2.630000114440918
2020-04-27,2.9600000381469727,2.5799999237060547,2.700000047683716,2.799999952316284,929300,2.799999952316284
2020-04-28,2.930000066757202,2.7100000381469727,2.8499999046325684,2.9000000953674316,809800,2.9000000953674316
2020-04-29,3.0199999809265137,2.740000009536743,2.9200000762939453,2.759999990463257,1446500,2.759999990463257
2020-04-30,2.890000104904175,2.4200000762939453,2.5899999141693115,2.565000057220459,725900,2.565000057220459
2020-05-01,2.503999948501587,2.190000057220459,2.5,2.319999933242798,709200,2.319999933242798
2020-05-04,2.390000104904175,2.180000066757202,2.299999952316284,2.3499999046325684,550600,2.3499999046325684
2020-05-05,2.440000057220459,2.2300000190734863,2.390000104904175,2.25,669000,2.25
2020-05-06,2.390000104904175,2.190000057220459,2.2200000286102295,2.2699999809265137,419600,2.2699999809265137
2020-05-07,2.4100000858306885,2.299999952316284,2.319999933242798,2.3299999237060547,279400,2.3299999237060547
2020-05-08,2.5450000762939453,2.359999895095825,2.390000104904175,2.490000009536743,426000,2.490000009536743
2020-05-11,2.549999952316284,2.369999885559082,2.490000009536743,2.4549999237060547,512000,2.4549999237060547
2020-05-12,2.5799999237060547,2.369999885559082,2.4600000381469727,2.440000057220459,536000,2.440000057220459
2020-05-13,2.4700000286102295,2.325000047683716,2.4000000953674316,2.430000066757202,591900,2.430000066757202
2020-05-14,2.4800000190734863,2.2699999809265137,2.4000000953674316,2.430000066757202,644300,2.430000066757202
2020-05-15,2.5399999618530273,2.4000000953674316,2.440000057220459,2.4600000381469727,468600,2.4600000381469727
2020-05-18,2.75,2.559999942779541,2.559999942779541,2.690000057220459,1022600,2.690000057220459
2020-05-19,2.875,2.6050000190734863,2.6600000858306885,2.75,718100,2.75
2020-05-20,2.9149999618530273,2.744999885559082,2.799999952316284,2.8499999046325684,940600,2.8499999046325684
2020-05-21,3.130000114440918,2.8410000801086426,2.880000114440918,3.059999942779541,1216000,3.059999942779541
2020-05-22,3.309999942779541,3.0399999618530273,3.069999933242798,3.0799999237060547,730800,3.0799999237060547
2020-05-26,3.2100000381469727,2.9700000286102295,3.200000047683716,3.009999990463257,2433300,3.009999990463257
2020-05-27,3.950000047683716,3.0399999618530273,3.0899999141693115,3.5999999046325684,3739800,3.5999999046325684
2020-05-28,3.5999999046325684,3.2899999618530273,3.5999999046325684,3.4100000858306885,884400,3.4100000858306885
2020-05-29,3.640000104904175,3.3399999141693115,3.4100000858306885,3.5799999237060547,1186400,3.5799999237060547
2020-06-01,3.8499999046325684,3.5399999618530273,3.609999895095825,3.700000047683716,531400,3.700000047683716
2020-06-02,3.8949999809265137,3.630000114440918,3.7799999713897705,3.690000057220459,788600,3.690000057220459
2020-06-03,3.819999933242798,3.5799999237060547,3.7200000286102295,3.5899999141693115,300200,3.5899999141693115
2020-06-04,3.7799999713897705,3.555000066757202,3.5999999046325684,3.6500000953674316,562300,3.6500000953674316
2020-06-05,4.039999961853027,3.700000047683716,3.700000047683716,3.869999885559082,806400,3.869999885559082
2020-06-08,3.9000000953674316,3.690000057220459,3.9000000953674316,3.734999895095825,603000,3.734999895095825
2020-06-09,3.740000009536743,3.575000047683716,3.690000057220459,3.6700000762939453,442000,3.6700000762939453
2020-06-10,3.7200000286102295,3.4549999237060547,3.630000114440918,3.5799999237060547,591400,3.5799999237060547
2020-06-11,3.4600000381469727,3.25,3.4200000762939453,3.299999952316284,886900,3.299999952316284
2020-06-12,3.5399999618530273,3.3550000190734863,3.450000047683716,3.4600000381469727,487600,3.4600000381469727
2020-06-15,3.549999952316284,3.2799999713897705,3.369999885559082,3.549999952316284,404000,3.549999952316284
2020-06-16,3.809999942779541,3.5799999237060547,3.700000047683716,3.7200000286102295,404600,3.7200000286102295
2020-06-17,4.0,3.640000104904175,3.740000009536743,3.6500000953674316,1125500,3.6500000953674316
2020-06-18,3.9100000858306885,3.6059999465942383,3.609999895095825,3.8949999809265137,573900,3.8949999809265137
2020-06-19,4.099999904632568,3.819999933242798,4.019999980926514,3.9149999618530273,896000,3.9149999618530273
2020-06-22,3.9700000286102295,3.799999952316284,3.880000114440918,3.950000047683716,435600,3.950000047683716
2020-06-23,4.114999771118164,4.0,4.010000228881836,4.0,489400,4.0
2020-06-24,3.9649999141693115,3.7300000190734863,3.940000057220459,3.7899999618530273,474300,3.7899999618530273
2020-06-25,3.990000009536743,3.6500000953674316,3.7799999713897705,3.815000057220459,552000,3.815000057220459
2020-06-26,4.0,3.5899999141693115,3.7799999713897705,3.9000000953674316,1409200,3.9000000953674316
2020-06-29,4.050000190734863,3.859999895095825,3.9700000286102295,4.0,587500,4.0
2020-06-30,4.050000190734863,3.9000000953674316,4.0,4.03000020980835,526500,4.03000020980835
2020-07-01,4.179999828338623,3.930000066757202,4.039999961853027,4.110000133514404,850900,4.110000133514404
2020-07-02,4.309999942779541,4.010000228881836,4.159999847412109,4.050000190734863,510500,4.050000190734863
2020-07-06,4.139999866485596,3.9800000190734863,4.139999866485596,4.019999980926514,285600,4.019999980926514
2020-07-07,4.105000019073486,3.869999885559082,3.9800000190734863,3.994999885559082,511200,3.994999885559082
2020-07-08,4.050000190734863,3.7899999618530273,3.9700000286102295,4.010000228881836,416100,4.010000228881836
2020-07-09,4.15500020980835,3.890000104904175,4.0,4.150000095367432,593800,4.150000095367432
2020-07-10,4.260000228881836,4.079999923706055,4.130000114440918,4.199999809265137,690900,4.199999809265137
2020-07-13,4.260000228881836,3.940000057220459,4.260000228881836,3.940000057220459,385300,3.940000057220459
2020-07-14,6.159999847412109,3.940000057220459,3.940000057220459,4.989999771118164,9482900,4.989999771118164
2020-07-15,5.5,4.954999923706055,5.090000152587891,5.329999923706055,1694000,5.329999923706055
2020-07-16,5.800000190734863,5.139999866485596,5.400000095367432,5.730000019073486,1034500,5.730000019073486
2020-07-17,6.099999904632568,5.650000095367432,5.730000019073486,6.025000095367432,1086600,6.025000095367432
2020-07-20,6.329999923706055,5.921000003814697,6.070000171661377,6.25,1469300,6.25
2020-07-21,6.3470001220703125,6.150000095367432,6.329999923706055,6.25,1979200,6.25
2020-07-22,6.355000019073486,6.170000076293945,6.21999979019165,6.28000020980835,877500,6.28000020980835
2020-07-23,6.440000057220459,6.13100004196167,6.210000038146973,6.25,639400,6.25
2020-07-24,6.300000190734863,6.070000171661377,6.159999847412109,6.260000228881836,624600,6.260000228881836
2020-07-27,6.690000057220459,6.239999771118164,6.420000076293945,6.449999809265137,1536700,6.449999809265137
2020-07-28,6.579999923706055,5.730000019073486,6.440000057220459,6.289999961853027,772700,6.289999961853027
2020-07-29,6.349999904632568,6.059999942779541,6.28000020980835,6.304999828338623,1060800,6.304999828338623
2020-07-30,6.329999923706055,5.989999771118164,6.300000190734863,6.309999942779541,822500,6.309999942779541
2020-07-31,6.300000190734863,5.659999847412109,6.300000190734863,5.670000076293945,919800,5.670000076293945
2020-08-03,5.880000114440918,5.400000095367432,5.699999809265137,5.840000152587891,1039500,5.840000152587891
2020-08-04,6.175000190734863,5.78000020980835,5.820000171661377,6.079999923706055,1629300,6.079999923706055
2020-08-05,6.340000152587891,6.010000228881836,6.260000228881836,6.150000095367432,1302000,6.150000095367432
2020-08-06,6.250999927520752,5.880000114440918,6.179999828338623,5.980000019073486,497800,5.980000019073486
2020-08-07,5.96999979019165,5.579999923706055,5.96999979019165,5.639999866485596,621600,5.639999866485596
2020-08-10,5.775000095367432,5.554999828338623,5.599999904632568,5.574999809265137,610300,5.574999809265137
2020-08-11,5.75,5.409999847412109,5.590000152587891,5.440000057220459,450600,5.440000057220459
2020-08-12,5.53000020980835,5.369999885559082,5.489999771118164,5.409999847412109,409800,5.409999847412109
2020-08-13,5.639999866485596,5.389999866485596,5.409999847412109,5.630000114440918,379400,5.630000114440918
2020-08-14,5.636000156402588,5.429999828338623,5.630000114440918,5.559999942779541,292300,5.559999942779541
2020-08-17,5.840000152587891,5.539999961853027,5.550000190734863,5.710000038146973,553300,5.710000038146973
2020-08-18,5.880000114440918,5.699999809265137,5.710000038146973,5.820000171661377,520600,5.820000171661377
2020-08-19,6.159999847412109,5.78000020980835,5.829999923706055,6.150000095367432,573200,6.150000095367432
2020-08-20,6.300000190734863,5.994999885559082,6.099999904632568,6.199999809265137,487900,6.199999809265137
2020-08-21,6.269999980926514,6.139999866485596,6.210000038146973,6.195000171661377,452500,6.195000171661377
2020-08-24,6.28000020980835,6.010000228881836,6.269999980926514,6.260000228881836,606700,6.260000228881836
2020-08-25,6.619999885559082,6.260000228881836,6.300000190734863,6.46999979019165,648600,6.46999979019165
2020-08-26,6.610000133514404,6.239999771118164,6.46999979019165,6.340000152587891,706500,6.340000152587891
2020-08-27,6.409999847412109,6.244999885559082,6.349999904632568,6.309999942779541,254000,6.309999942779541
2020-08-28,6.480000019073486,6.340000152587891,6.389999866485596,6.460000038146973,364700,6.460000038146973
2020-08-31,6.639999866485596,6.489999771118164,6.519999980926514,6.510000228881836,887600,6.510000228881836
2020-09-01,6.510000228881836,6.139999866485596,6.5,6.210000038146973,413800,6.210000038146973
2020-09-02,6.559999942779541,6.090000152587891,6.210000038146973,6.539999961853027,805800,6.539999961853027
2020-09-03,6.539999961853027,6.15500020980835,6.539999961853027,6.25,596800,6.25
2020-09-04,6.315000057220459,5.744999885559082,6.300000190734863,6.03000020980835,849000,6.03000020980835
2020-09-08,6.019999980926514,5.679999828338623,5.860000133514404,5.690000057220459,539500,5.690000057220459
2020-09-09,5.809999942779541,5.349999904632568,5.760000228881836,5.659999847412109,637400,5.659999847412109
2020-09-10,5.775000095367432,5.429999828338623,5.71999979019165,5.53000020980835,443600,5.53000020980835
2020-09-11,5.710000038146973,5.389999866485596,5.550000190734863,5.409999847412109,438400,5.409999847412109
2020-09-14,5.550000190734863,5.230000019073486,5.460000038146973,5.320000171661377,429900,5.320000171661377
2020-09-15,5.489999771118164,5.289999961853027,5.369999885559082,5.360000133514404,375700,5.360000133514404
2020-09-16,5.519999980926514,5.304999828338623,5.380000114440918,5.440000057220459,633800,5.440000057220459
2020-09-17,5.340000152587891,4.880000114440918,5.329999923706055,4.980000019073486,554200,4.980000019073486
2020-09-18,4.960000038146973,4.755000114440918,4.929999828338623,4.869999885559082,1614400,4.869999885559082
2020-09-21,5.019999980926514,4.690000057220459,4.789999961853027,4.989999771118164,508300,4.989999771118164
2020-09-22,5.210000038146973,4.920000076293945,4.960000038146973,5.170000076293945,536900,5.170000076293945
2020-09-23,5.289999961853027,5.019999980926514,5.170000076293945,5.110000133514404,568900,5.110000133514404
2020-09-24,5.156000137329102,4.940000057220459,5.050000190734863,5.099999904632568,420600,5.099999904632568
2020-09-25,5.360000133514404,5.099999904632568,5.099999904632568,5.300000190734863,278000,5.300000190734863
2020-09-28,6.46999979019165,5.340000152587891,5.340000152587891,6.25,3053000,6.25
2020-09-29,6.389999866485596,5.855000019073486,6.389999866485596,5.889999866485596,1043800,5.889999866485596
2020-09-30,6.0289998054504395,5.71999979019165,5.920000076293945,5.739999771118164,690300,5.739999771118164
2020-10-01,5.920000076293945,5.559999942779541,5.760000228881836,5.909999847412109,642300,5.909999847412109
2020-10-02,5.920000076293945,5.675000190734863,5.760000228881836,5.71999979019165,336000,5.71999979019165
2020-10-05,5.980000019073486,5.769999980926514,5.769999980926514,5.900000095367432,627600,5.900000095367432
2020-10-06,6.190000057220459,5.809999942779541,5.940000057220459,5.869999885559082,512500,5.869999885559082
2020-10-07,6.170000076293945,5.949999809265137,5.949999809265137,6.114999771118164,978900,6.114999771118164
2020-10-08,6.179999828338623,5.75,6.130000114440918,5.769999980926514,601000,5.769999980926514
2020-10-09,6.159999847412109,5.809999942779541,5.860000133514404,6.150000095367432,382300,6.150000095367432
2020-10-12,6.300000190734863,6.079999923706055,6.239999771118164,6.150000095367432,339700,6.150000095367432
2020-10-13,6.21999979019165,5.960000038146973,6.090000152587891,6.179999828338623,583600,6.179999828338623
2020-10-14,6.224999904632568,6.050000190734863,6.199999809265137,6.059999942779541,302300,6.059999942779541
2020-10-15,5.965000152587891,5.816999912261963,5.940000057220459,5.945000171661377,358000,5.945000171661377
2020-10-16,6.050000190734863,5.820000171661377,5.909999847412109,5.909999847412109,441200,5.909999847412109
2020-10-19,6.181000232696533,5.889999866485596,5.980000019073486,5.909999847412109,384300,5.909999847412109
2020-10-20,5.940000057220459,5.781000137329102,5.940000057220459,5.789999961853027,469500,5.789999961853027
2020-10-21,6.190000057220459,5.744999885559082,5.78000020980835,6.130000114440918,2612700,6.130000114440918
2020-10-22,6.309999942779541,6.019999980926514,6.179999828338623,6.28000020980835,581200,6.28000020980835
2020-10-23,6.409999847412109,6.179999828338623,6.300000190734863,6.380000114440918,314000,6.380000114440918
2020-10-26,6.400000095367432,6.164999961853027,6.239999771118164,6.300000190734863,332300,6.300000190734863
2020-10-27,6.519999980926514,6.230000019073486,6.380000114440918,6.340000152587891,680000,6.340000152587891
2020-10-28,6.340000152587891,6.099999904632568,6.210000038146973,6.269999980926514,507600,6.269999980926514
2020-10-29,6.505000114440918,6.199999809265137,6.269999980926514,6.21999979019165,588500,6.21999979019165
2020-10-30,6.190000057220459,5.724999904632568,6.130000114440918,5.809999942779541,876400,5.809999942779541
2020-11-02,9.479999542236328,9.319999694824219,9.4399995803833,9.40999984741211,18143200,9.40999984741211
2020-11-03,9.40999984741211,9.350000381469727,9.380000114440918,9.380000114440918,5083600,9.380000114440918
2020-11-04,9.420000076293945,9.350000381469727,9.380000114440918,9.359999656677246,2995000,9.359999656677246
2020-11-05,9.40999984741211,9.359999656677246,9.40999984741211,9.369999885559082,1948200,9.369999885559082
2020-11-06,9.399999618530273,9.350000381469727,9.369999885559082,9.350000381469727,2162600,9.350000381469727
2020-11-09,9.470000267028809,9.369999885559082,9.449999809265137,9.40999984741211,3746400,9.40999984741211
2020-11-10,9.449999809265137,9.390000343322754,9.40999984741211,9.390000343322754,1359500,9.390000343322754
2020-11-11,9.430000305175781,9.40999984741211,9.430000305175781,9.430000305175781,1010700,9.430000305175781
2020-11-12,9.470000267028809,9.40999984741211,9.420000076293945,9.420000076293945,1064800,9.420000076293945
2020-11-13,9.4399995803833,9.420000076293945,9.4399995803833,9.420000076293945,628900,9.420000076293945
2020-11-16,9.444999694824219,9.390000343322754,9.430000305175781,9.40999984741211,1600600,9.40999984741211
2020-11-17,9.4399995803833,9.399999618530273,9.40999984741211,9.420000076293945,765900,9.420000076293945
2020-11-18,9.4399995803833,9.40999984741211,9.430000305175781,9.40999984741211,1239300,9.40999984741211
2020-11-19,9.449999809265137,9.40999984741211,9.40999984741211,9.430000305175781,705600,9.430000305175781
2020-11-20,9.430000305175781,9.399999618530273,9.420000076293945,9.399999618530273,1049000,9.399999618530273
2020-11-23,9.430000305175781,9.399999618530273,9.430000305175781,9.40999984741211,1641400,9.40999984741211
2020-11-24,9.4399995803833,9.420000076293945,9.430000305175781,9.4399995803833,788700,9.4399995803833
2020-11-25,9.460000038146973,9.420000076293945,9.430000305175781,9.449999809265137,1108600,9.449999809265137
2020-11-27,9.470000267028809,9.4399995803833,9.449999809265137,9.4399995803833,457200,9.4399995803833
2020-11-30,9.489999771118164,9.430000305175781,9.4399995803833,9.479999542236328,1563900,9.479999542236328
2020-12-01,9.479999542236328,9.449999809265137,9.470000267028809,9.460000038146973,933900,9.460000038146973
2020-12-02,9.460000038146973,9.420000076293945,9.449999809265137,9.4399995803833,693300,9.4399995803833
2020-12-03,9.470000267028809,9.430000305175781,9.470000267028809,9.4399995803833,470500,9.4399995803833
2020-12-04,9.449999809265137,9.430000305175781,9.449999809265137,9.449999809265137,189100,9.449999809265137
2020-12-07,9.470000267028809,9.430000305175781,9.4399995803833,9.449999809265137,340300,9.449999809265137
2020-12-08,9.460000038146973,9.430000305175781,9.4399995803833,9.449999809265137,341400,9.449999809265137
2020-12-09,9.460000038146973,9.425000190734863,9.4399995803833,9.449999809265137,473600,9.449999809265137
2020-12-10,9.449999809265137,9.430000305175781,9.4399995803833,9.4399995803833,223200,9.4399995803833
2020-12-11,9.449999809265137,9.420000076293945,9.4399995803833,9.430000305175781,428900,9.430000305175781
2020-12-14,9.449999809265137,9.430000305175781,9.449999809265137,9.4399995803833,339100,9.4399995803833
2020-12-15,9.449999809265137,9.4350004196167,9.4399995803833,9.4399995803833,389900,9.4399995803833
2020-12-16,9.470000267028809,9.430000305175781,9.4399995803833,9.470000267028809,1281200,9.470000267028809
2020-12-17,9.470000267028809,9.430000305175781,9.460000038146973,9.4399995803833,498300,9.4399995803833
2020-12-18,9.449999809265137,9.430000305175781,9.4399995803833,9.430000305175781,1132900,9.430000305175781
2020-12-21,9.449999809265137,9.399999618530273,9.420000076293945,9.449999809265137,631100,9.449999809265137
2020-12-22,9.479999542236328,9.420000076293945,9.449999809265137,9.479999542236328,854200,9.479999542236328
2020-12-23,9.479999542236328,9.430000305175781,9.460000038146973,9.460000038146973,955900,9.460000038146973
2020-12-24,9.479999542236328,9.430000305175781,9.479999542236328,9.4399995803833,344000,9.4399995803833
2020-12-28,9.460000038146973,9.4399995803833,9.449999809265137,9.449999809265137,748900,9.449999809265137
2020-12-29,9.460000038146973,9.430000305175781,9.449999809265137,9.449999809265137,712300,9.449999809265137
2020-12-30,9.449999809265137,9.430000305175781,9.449999809265137,9.4399995803833,943400,9.4399995803833
2020-12-31,9.454999923706055,9.4399995803833,9.4399995803833,9.449999809265137,954600,9.449999809265137
2021-01-04,9.460000038146973,9.430000305175781,9.460000038146973,9.4399995803833,1088800,9.4399995803833
2021-01-05,9.460000038146973,9.430000305175781,9.449999809265137,9.4399995803833,1452800,9.4399995803833
2021-01-06,9.479999542236328,9.430000305175781,9.479999542236328,9.460000038146973,1794000,9.460000038146973
2021-01-07,9.470000267028809,9.4399995803833,9.4399995803833,9.4399995803833,800400,9.4399995803833
2021-01-08,9.470000267028809,9.4399995803833,9.4399995803833,9.449999809265137,1781800,9.449999809265137
2021-01-11,9.470000267028809,9.449999809265137,9.460000038146973,9.460000038146973,1089500,9.460000038146973
2021-01-12,9.470000267028809,9.449999809265137,9.460000038146973,9.449999809265137,2436100,9.449999809265137
2021-01-13,9.479999542236328,9.449999809265137,9.460000038146973,9.449999809265137,1292300,9.449999809265137
2021-01-14,9.479999542236328,9.449999809265137,9.460000038146973,9.449999809265137,1544100,9.449999809265137
2021-01-15,9.470000267028809,9.449999809265137,9.449999809265137,9.449999809265137,1332700,9.449999809265137
2021-01-19,9.479999542236328,9.449999809265137,9.470000267028809,9.479999542236328,2783900,9.479999542236328
2021-01-20,9.489999771118164,9.460000038146973,9.479999542236328,9.475000381469727,649000,9.475000381469727
2021-01-21,9.479999542236328,9.470000267028809,9.479999542236328,9.470000267028809,431800,9.470000267028809
2021-01-22,9.479999542236328,9.460000038146973,9.460000038146973,9.479999542236328,220800,9.479999542236328
2021-01-25,9.479999542236328,9.460000038146973,9.460000038146973,9.470000267028809,1525200,9.470000267028809
2021-01-26,9.489999771118164,9.470000267028809,9.470000267028809,9.470000267028809,571100,9.470000267028809
2021-01-27,9.484999656677246,9.449999809265137,9.470000267028809,9.470000267028809,1939900,9.470000267028809
2021-01-28,9.479999542236328,9.470000267028809,9.479999542236328,9.470000267028809,751300,9.470000267028809
2021-01-29,9.479999542236328,9.470000267028809,9.479999542236328,9.479999542236328,801800,9.479999542236328
2021-02-01,9.479999542236328,9.470000267028809,9.470000267028809,9.479999542236328,869900,9.479999542236328
2021-02-02,9.489999771118164,9.470000267028809,9.479999542236328,9.479999542236328,809800,9.479999542236328
2021-02-03,9.489999771118164,9.470000267028809,9.479999542236328,9.489999771118164,837700,9.489999771118164
2021-02-04,9.489999771118164,9.479999542236328,9.479999542236328,9.479999542236328,415500,9.479999542236328
2021-02-05,9.489999771118164,9.479999542236328,9.479999542236328,9.479999542236328,361643,9.479999542236328
