Date,High,Low,Open,Close,Volume,Adj Close
2016-02-08,10.10200023651123,9.946000099182129,10.10200023651123,9.982000350952148,3000.0,9.982000350952148
2016-02-09,9.776000022888184,9.229999542236328,9.229999542236328,9.699999809265137,6000.0,9.699999809265137
2016-02-10,10.11400032043457,10.041999816894531,10.041999816894531,10.109999656677246,5500.0,10.109999656677246
2016-02-11,10.109999656677246,10.109999656677246,10.109999656677246,10.109999656677246,0.0,10.109999656677246
2016-02-12,9.868000030517578,9.819999694824219,9.819999694824219,9.868000030517578,15000.0,9.868000030517578
2016-02-16,10.494000434875488,10.477999687194824,10.477999687194824,10.494000434875488,2500.0,10.494000434875488
2016-02-17,10.753999710083008,10.618000030517578,10.618000030517578,10.753999710083008,35500.0,10.753999710083008
2016-02-18,11.119999885559082,10.986000061035156,11.116000175476074,11.100000381469727,12500.0,11.100000381469727
2016-02-19,11.100000381469727,11.100000381469727,11.100000381469727,11.100000381469727,0.0,11.100000381469727
2016-02-22,11.100000381469727,11.100000381469727,11.100000381469727,11.100000381469727,0.0,11.100000381469727
2016-02-23,11.100000381469727,11.100000381469727,11.100000381469727,11.100000381469727,0.0,11.100000381469727
2016-02-24,11.472000122070312,11.472000122070312,11.472000122070312,11.472000122070312,1500.0,11.472000122070312
2016-02-25,12.199999809265137,12.131999969482422,12.131999969482422,12.199999809265137,8500.0,12.199999809265137
2016-02-26,12.199999809265137,12.199999809265137,12.199999809265137,12.199999809265137,0.0,12.199999809265137
2016-02-29,12.486000061035156,12.350000381469727,12.486000061035156,12.350000381469727,81500.0,12.350000381469727
2016-03-01,12.5600004196167,12.45300006866455,12.45300006866455,12.5600004196167,2000.0,12.5600004196167
2016-03-02,12.428000450134277,12.390000343322754,12.390000343322754,12.428000450134277,8500.0,12.428000450134277
2016-03-03,12.20199966430664,12.20199966430664,12.20199966430664,12.20199966430664,2000.0,12.20199966430664
2016-03-04,12.20199966430664,12.20199966430664,12.20199966430664,12.20199966430664,0.0,12.20199966430664
2016-03-07,11.979999542236328,11.979999542236328,11.979999542236328,11.979999542236328,2500.0,11.979999542236328
2016-03-08,11.994000434875488,11.97599983215332,11.994000434875488,11.97599983215332,2500.0,11.97599983215332
2016-03-09,11.970000267028809,11.880000114440918,11.880000114440918,11.970000267028809,1500.0,11.970000267028809
2016-03-10,11.913999557495117,11.913999557495117,11.913999557495117,11.913999557495117,2500.0,11.913999557495117
2016-03-11,12.043999671936035,12.020000457763672,12.020000457763672,12.043999671936035,2500.0,12.043999671936035
2016-03-14,12.40999984741211,12.342000007629395,12.39799976348877,12.371000289916992,8500.0,12.371000289916992
2016-03-15,12.329999923706055,12.329999923706055,12.329999923706055,12.329999923706055,1500.0,12.329999923706055
2016-03-16,12.399999618530273,12.329999923706055,12.329999923706055,12.399999618530273,1500.0,12.399999618530273
2016-03-17,12.399999618530273,12.399999618530273,12.399999618530273,12.399999618530273,0.0,12.399999618530273
2016-03-18,12.399999618530273,12.399999618530273,12.399999618530273,12.399999618530273,0.0,12.399999618530273
2016-03-21,12.399999618530273,12.399999618530273,12.399999618530273,12.399999618530273,0.0,12.399999618530273
2016-03-22,12.399999618530273,12.399999618530273,12.399999618530273,12.399999618530273,0.0,12.399999618530273
2016-03-23,12.800000190734863,12.760000228881836,12.800000190734863,12.760000228881836,4000.0,12.760000228881836
2016-03-24,12.845999717712402,12.720000267028809,12.845999717712402,12.746000289916992,11000.0,12.746000289916992
2016-03-28,12.746000289916992,12.746000289916992,12.746000289916992,12.746000289916992,0.0,12.746000289916992
2016-03-29,12.9399995803833,12.9399995803833,12.9399995803833,12.9399995803833,1500.0,12.9399995803833
2016-03-30,13.640000343322754,13.020000457763672,13.020000457763672,13.640000343322754,17500.0,13.640000343322754
2016-03-31,13.930000305175781,13.906000137329102,13.930000305175781,13.906000137329102,2000.0,13.906000137329102
2016-04-01,14.053999900817871,14.053999900817871,14.053999900817871,14.053999900817871,1500.0,14.053999900817871
2016-04-04,14.14799976348877,14.14799976348877,14.14799976348877,14.14799976348877,2000.0,14.14799976348877
2016-04-05,13.960000038146973,13.76200008392334,13.781999588012695,13.960000038146973,12500.0,13.960000038146973
2016-04-06,13.960000038146973,13.960000038146973,13.960000038146973,13.960000038146973,0.0,13.960000038146973
2016-04-07,14.079999923706055,13.989999771118164,14.079999923706055,13.989999771118164,2500.0,13.989999771118164
2016-04-08,14.479999542236328,14.479999542236328,14.479999542236328,14.479999542236328,1500.0,14.479999542236328
2016-04-11,14.472000122070312,14.386199951171875,14.386199951171875,14.472000122070312,2000.0,14.472000122070312
2016-04-12,14.208999633789062,14.149999618530273,14.208999633789062,14.149999618530273,5000.0,14.149999618530273
2016-04-13,13.904000282287598,13.847999572753906,13.881999969482422,13.904000282287598,10500.0,13.904000282287598
2016-04-14,14.12600040435791,14.119999885559082,14.119999885559082,14.12600040435791,1500.0,14.12600040435791
2016-04-15,14.12600040435791,14.12600040435791,14.12600040435791,14.12600040435791,0.0,14.12600040435791
2016-04-18,14.423999786376953,14.423999786376953,14.423999786376953,14.423999786376953,1500.0,14.423999786376953
2016-04-19,14.423999786376953,14.423999786376953,14.423999786376953,14.423999786376953,0.0,14.423999786376953
2016-04-20,14.576000213623047,14.37600040435791,14.576000213623047,14.37600040435791,2000.0,14.37600040435791
2016-04-21,14.37600040435791,14.37600040435791,14.37600040435791,14.37600040435791,0.0,14.37600040435791
2016-04-22,14.630000114440918,14.5600004196167,14.612000465393066,14.5600004196167,1500.0,14.5600004196167
2016-04-25,14.5600004196167,14.5600004196167,14.5600004196167,14.5600004196167,0.0,14.5600004196167
2016-04-26,14.5600004196167,14.5600004196167,14.5600004196167,14.5600004196167,0.0,14.5600004196167
2016-04-27,14.640000343322754,14.640000343322754,14.640000343322754,14.640000343322754,4500.0,14.640000343322754
2016-04-28,14.776000022888184,14.649999618530273,14.776000022888184,14.649999618530273,7000.0,14.649999618530273
2016-04-29,14.78499984741211,14.748000144958496,14.78499984741211,14.748000144958496,7500.0,14.748000144958496
2016-05-02,14.935999870300293,14.833999633789062,14.833999633789062,14.935999870300293,3000.0,14.935999870300293
2016-05-03,14.90999984741211,14.826000213623047,14.90999984741211,14.826000213623047,4500.0,14.826000213623047
2016-05-04,14.826000213623047,14.826000213623047,14.826000213623047,14.826000213623047,0.0,14.826000213623047
2016-05-05,14.826000213623047,14.826000213623047,14.826000213623047,14.826000213623047,0.0,14.826000213623047
2016-05-06,14.649999618530273,14.62600040435791,14.62600040435791,14.649999618530273,7000.0,14.649999618530273
2016-05-09,15.182000160217285,15.149999618530273,15.149999618530273,15.182000160217285,2000.0,15.182000160217285
2016-05-10,15.263999938964844,15.263999938964844,15.263999938964844,15.263999938964844,4000.0,15.263999938964844
2016-05-11,15.279999732971191,15.279999732971191,15.279999732971191,15.279999732971191,1500.0,15.279999732971191
2016-05-12,15.279999732971191,15.279999732971191,15.279999732971191,15.279999732971191,0.0,15.279999732971191
2016-05-13,15.279999732971191,15.279999732971191,15.279999732971191,15.279999732971191,0.0,15.279999732971191
2016-05-16,15.38599967956543,15.38599967956543,15.38599967956543,15.38599967956543,1000.0,15.38599967956543
2016-05-17,15.477999687194824,15.399999618530273,15.399999618530273,15.477999687194824,1500.0,15.477999687194824
2016-05-18,15.567999839782715,15.326000213623047,15.369999885559082,15.520000457763672,21500.0,15.520000457763672
2016-05-19,16.131999969482422,16.011999130249023,16.04800033569336,16.086000442504883,5500.0,16.086000442504883
2016-05-20,16.99799919128418,16.961999893188477,16.961999893188477,16.979999542236328,7000.0,16.979999542236328
2016-05-23,18.145999908447266,17.799999237060547,17.799999237060547,18.145999908447266,13000.0,18.145999908447266
2016-05-24,18.468399047851562,18.356000900268555,18.356000900268555,18.468399047851562,6500.0,18.468399047851562
2016-05-25,18.195999145507812,18.125999450683594,18.195999145507812,18.125999450683594,6000.0,18.125999450683594
2016-05-26,18.125999450683594,18.125999450683594,18.125999450683594,18.125999450683594,0.0,18.125999450683594
2016-05-27,18.125999450683594,18.125999450683594,18.125999450683594,18.125999450683594,0.0,18.125999450683594
2016-05-31,18.086000442504883,18.03499984741211,18.086000442504883,18.03499984741211,1000.0,18.03499984741211
2016-06-01,18.312000274658203,18.285999298095703,18.285999298095703,18.312000274658203,3500.0,18.312000274658203
2016-06-02,18.472000122070312,18.399999618530273,18.399999618530273,18.472000122070312,4000.0,18.472000122070312
2016-06-03,18.799999237060547,18.795799255371094,18.799999237060547,18.795799255371094,6500.0,18.795799255371094
2016-06-06,19.107999801635742,18.954999923706055,18.954999923706055,19.05699920654297,3500.0,19.05699920654297
2016-06-07,19.40999984741211,19.364999771118164,19.40999984741211,19.364999771118164,3000.0,19.364999771118164
2016-06-08,18.965999603271484,18.965999603271484,18.965999603271484,18.965999603271484,1500.0,18.965999603271484
2016-06-09,18.805999755859375,18.805999755859375,18.805999755859375,18.805999755859375,1500.0,18.805999755859375
2016-06-10,17.666000366210938,17.666000366210938,17.666000366210938,17.666000366210938,1500.0,17.666000366210938
2016-06-13,17.211999893188477,17.13800048828125,17.13800048828125,17.211999893188477,3500.0,17.211999893188477
2016-06-14,16.81399917602539,16.437999725341797,16.62459945678711,16.5,19500.0,16.5
2016-06-15,16.739999771118164,16.739999771118164,16.739999771118164,16.739999771118164,1500.0,16.739999771118164
2016-06-16,15.986000061035156,15.717000007629395,15.977999687194824,15.899999618530273,43500.0,15.899999618530273
2016-06-17,16.540000915527344,16.399999618530273,16.465999603271484,16.540000915527344,38500.0,16.540000915527344
2016-06-20,17.384000778198242,17.351999282836914,17.384000778198242,17.351999282836914,2000.0,17.351999282836914
2016-06-21,17.351999282836914,17.351999282836914,17.351999282836914,17.351999282836914,0.0,17.351999282836914
2016-06-22,17.601999282836914,17.461999893188477,17.601999282836914,17.461999893188477,3000.0,17.461999893188477
2016-06-23,17.94099998474121,17.81399917602539,17.93000030517578,17.94099998474121,4000.0,17.94099998474121
2016-06-24,16.72439956665039,16.420000076293945,16.72439956665039,16.579999923706055,17000.0,16.579999923706055
2016-06-27,16.149999618530273,16.040000915527344,16.040000915527344,16.149999618530273,5000.0,16.149999618530273
2016-06-28,16.743999481201172,16.513999938964844,16.513999938964844,16.739999771118164,14500.0,16.739999771118164
2016-06-29,17.538000106811523,17.399999618530273,17.399999618530273,17.461999893188477,5500.0,17.461999893188477
2016-06-30,18.260000228881836,17.854000091552734,17.854000091552734,18.260000228881836,8000.0,18.260000228881836
2016-07-01,18.43000030517578,18.40999984741211,18.43000030517578,18.43000030517578,2000.0,18.43000030517578
2016-07-05,18.219999313354492,17.95599937438965,18.219999313354492,17.95599937438965,6000.0,17.95599937438965
2016-07-06,17.926000595092773,17.805999755859375,17.805999755859375,17.926000595092773,7000.0,17.926000595092773
2016-07-07,17.75,17.75,17.75,17.75,500.0,17.75
2016-07-08,17.868999481201172,17.868999481201172,17.868999481201172,17.868999481201172,1000.0,17.868999481201172
2016-07-11,18.214000701904297,18.143999099731445,18.190000534057617,18.16200065612793,3500.0,18.16200065612793
2016-07-12,17.974000930786133,17.93199920654297,17.950000762939453,17.95800018310547,5500.0,17.95800018310547
2016-07-13,17.72599983215332,17.72599983215332,17.72599983215332,17.72599983215332,1000.0,17.72599983215332
2016-07-14,17.604000091552734,17.604000091552734,17.604000091552734,17.604000091552734,500.0,17.604000091552734
2016-07-15,17.013999938964844,17.013999938964844,17.013999938964844,17.013999938964844,2000.0,17.013999938964844
2016-07-18,17.163999557495117,17.083999633789062,17.163999557495117,17.083999633789062,4000.0,17.083999633789062
2016-07-19,17.222000122070312,17.222000122070312,17.222000122070312,17.222000122070312,1000.0,17.222000122070312
2016-07-20,17.222000122070312,17.222000122070312,17.222000122070312,17.222000122070312,0.0,17.222000122070312
2016-07-21,17.073999404907227,17.073999404907227,17.073999404907227,17.073999404907227,2500.0,17.073999404907227
2016-07-22,16.95400047302246,16.945999145507812,16.95400047302246,16.95400047302246,2000.0,16.95400047302246
2016-07-25,16.95400047302246,16.95400047302246,16.95400047302246,16.95400047302246,0.0,16.95400047302246
2016-07-26,17.93000030517578,17.93000030517578,17.93000030517578,17.93000030517578,2500.0,17.93000030517578
2016-07-27,17.70800018310547,17.615999221801758,17.70800018310547,17.673999786376953,4500.0,17.673999786376953
2016-07-28,17.673999786376953,17.673999786376953,17.673999786376953,17.673999786376953,0.0,17.673999786376953
2016-07-29,18.229999542236328,18.229999542236328,18.229999542236328,18.229999542236328,500.0,18.229999542236328
2016-08-01,18.280000686645508,18.187999725341797,18.187999725341797,18.197999954223633,4500.0,18.197999954223633
2016-08-02,18.1200008392334,18.054000854492188,18.1200008392334,18.054000854492188,3000.0,18.054000854492188
2016-08-03,18.04800033569336,18.04800033569336,18.04800033569336,18.04800033569336,500.0,18.04800033569336
2016-08-04,18.32200050354004,18.32200050354004,18.32200050354004,18.32200050354004,500.0,18.32200050354004
2016-08-05,18.23200035095215,18.18199920654297,18.195999145507812,18.23200035095215,2000.0,18.23200035095215
2016-08-08,18.23200035095215,18.23200035095215,18.23200035095215,18.23200035095215,0.0,18.23200035095215
2016-08-09,19.0,18.17300033569336,18.195999145507812,19.0,22000.0,19.0
2016-08-10,17.81399917602539,17.507999420166016,17.780000686645508,17.56599998474121,13000.0,17.56599998474121
2016-08-11,17.583999633789062,17.479999542236328,17.479999542236328,17.583999633789062,1500.0,17.583999633789062
2016-08-12,17.583999633789062,17.583999633789062,17.583999633789062,17.583999633789062,0.0,17.583999633789062
2016-08-15,17.09000015258789,17.007999420166016,17.016000747680664,17.020000457763672,14500.0,17.020000457763672
2016-08-16,17.020000457763672,17.020000457763672,17.020000457763672,17.020000457763672,0.0,17.020000457763672
2016-08-17,16.989999771118164,16.908000946044922,16.908000946044922,16.950000762939453,4500.0,16.950000762939453
2016-08-18,16.742000579833984,16.540000915527344,16.540000915527344,16.742000579833984,2000.0,16.742000579833984
2016-08-19,16.742000579833984,16.742000579833984,16.742000579833984,16.742000579833984,0.0,16.742000579833984
2016-08-22,17.486000061035156,17.444000244140625,17.444000244140625,17.486000061035156,4500.0,17.486000061035156
2016-08-23,17.606000900268555,17.525999069213867,17.525999069213867,17.554000854492188,10500.0,17.554000854492188
2016-08-24,17.062000274658203,17.062000274658203,17.062000274658203,17.062000274658203,500.0,17.062000274658203
2016-08-25,16.808000564575195,16.77400016784668,16.808000564575195,16.77400016784668,1500.0,16.77400016784668
2016-08-26,16.58300018310547,16.308000564575195,16.5,16.308000564575195,16500.0,16.308000564575195
2016-08-29,16.308000564575195,16.308000564575195,16.308000564575195,16.308000564575195,0.0,16.308000564575195
2016-08-30,16.416000366210938,16.399999618530273,16.416000366210938,16.399999618530273,2500.0,16.399999618530273
2016-08-31,16.055999755859375,15.913999557495117,16.055999755859375,15.9399995803833,10000.0,15.9399995803833
2016-09-01,15.87399959564209,15.87399959564209,15.87399959564209,15.87399959564209,2500.0,15.87399959564209
2016-09-02,15.87399959564209,15.87399959564209,15.87399959564209,15.87399959564209,0.0,15.87399959564209
2016-09-06,15.972999572753906,15.972999572753906,15.972999572753906,15.972999572753906,6000.0,15.972999572753906
2016-09-07,15.75,15.75,15.75,15.75,1500.0,15.75
2016-09-08,15.562999725341797,15.51200008392334,15.51200008392334,15.562999725341797,3000.0,15.562999725341797
2016-09-09,15.355999946594238,14.989999771118164,15.355999946594238,14.989999771118164,2500.0,14.989999771118164
2016-09-12,15.026000022888184,14.902000427246094,14.902000427246094,15.026000022888184,2000.0,15.026000022888184
2016-09-13,15.482000350952148,15.378000259399414,15.482000350952148,15.442000389099121,12000.0,15.442000389099121
2016-09-14,15.442000389099121,15.442000389099121,15.442000389099121,15.442000389099121,0.0,15.442000389099121
2016-09-15,16.398000717163086,16.33099937438965,16.398000717163086,16.33099937438965,1500.0,16.33099937438965
2016-09-16,16.327999114990234,16.312000274658203,16.327999114990234,16.312000274658203,2000.0,16.312000274658203
2016-09-19,16.513999938964844,16.43939971923828,16.513999938964844,16.43939971923828,1500.0,16.43939971923828
2016-09-20,16.81399917602539,16.649999618530273,16.649999618530273,16.812999725341797,5500.0,16.812999725341797
2016-09-21,17.350000381469727,17.121999740600586,17.29400062561035,17.329999923706055,16000.0,17.329999923706055
2016-09-22,17.332000732421875,17.280000686645508,17.31399917602539,17.280000686645508,5500.0,17.280000686645508
2016-09-23,17.280000686645508,17.280000686645508,17.280000686645508,17.280000686645508,0.0,17.280000686645508
2016-09-26,17.131999969482422,17.11400032043457,17.131999969482422,17.11400032043457,2000.0,17.11400032043457
2016-09-27,17.11400032043457,17.11400032043457,17.11400032043457,17.11400032043457,2000.0,17.11400032043457
2016-09-28,17.20800018310547,17.197999954223633,17.197999954223633,17.20800018310547,3500.0,17.20800018310547
2016-09-29,17.134000778198242,16.79800033569336,17.134000778198242,16.79800033569336,13000.0,16.79800033569336
2016-09-30,17.170000076293945,17.110000610351562,17.128000259399414,17.110000610351562,4500.0,17.110000610351562
2016-10-03,17.110000610351562,17.110000610351562,17.110000610351562,17.110000610351562,0.0,17.110000610351562
2016-10-04,17.04599952697754,16.968000411987305,16.968000411987305,17.04599952697754,1500.0,17.04599952697754
2016-10-05,16.964000701904297,16.964000701904297,16.964000701904297,16.964000701904297,1000.0,16.964000701904297
2016-10-06,17.101999282836914,17.034000396728516,17.038000106811523,17.101999282836914,12500.0,17.101999282836914
2016-10-07,17.06399917602539,17.06399917602539,17.06399917602539,17.06399917602539,2500.0,17.06399917602539
2016-10-10,17.18600082397461,17.18600082397461,17.18600082397461,17.18600082397461,1000.0,17.18600082397461
2016-10-11,16.97599983215332,16.97599983215332,16.97599983215332,16.97599983215332,1000.0,16.97599983215332
2016-10-12,16.70400047302246,16.70400047302246,16.70400047302246,16.70400047302246,1000.0,16.70400047302246
2016-10-13,16.527999877929688,16.290000915527344,16.290000915527344,16.513999938964844,10500.0,16.513999938964844
2016-10-14,16.663999557495117,16.601999282836914,16.663999557495117,16.624000549316406,12500.0,16.624000549316406
2016-10-17,16.520000457763672,16.520000457763672,16.520000457763672,16.520000457763672,1500.0,16.520000457763672
2016-10-18,16.780000686645508,16.780000686645508,16.780000686645508,16.780000686645508,3500.0,16.780000686645508
2016-10-19,16.899999618530273,16.899999618530273,16.899999618530273,16.899999618530273,2000.0,16.899999618530273
2016-10-20,16.979999542236328,16.90999984741211,16.90999984741211,16.979999542236328,19000.0,16.979999542236328
2016-10-21,16.63279914855957,16.63279914855957,16.63279914855957,16.63279914855957,500.0,16.63279914855957
2016-10-24,16.77400016784668,16.753000259399414,16.77400016784668,16.753000259399414,2000.0,16.753000259399414
2016-10-25,16.5,16.31800079345703,16.5,16.31800079345703,10500.0,16.31800079345703
2016-10-26,16.166000366210938,16.134000778198242,16.166000366210938,16.134000778198242,1000.0,16.134000778198242
2016-10-27,16.799999237060547,16.761999130249023,16.761999130249023,16.799999237060547,11500.0,16.799999237060547
2016-10-28,16.695999145507812,16.6299991607666,16.65399932861328,16.673999786376953,44000.0,16.673999786376953
2016-10-31,16.673999786376953,16.673999786376953,16.673999786376953,16.673999786376953,0.0,16.673999786376953
2016-11-01,16.097000122070312,16.00200080871582,16.076000213623047,16.025999069213867,7000.0,16.025999069213867
2016-11-02,16.40999984741211,15.97599983215332,15.97599983215332,16.40999984741211,7000.0,16.40999984741211
2016-11-03,17.718000411987305,17.600000381469727,17.600000381469727,17.604000091552734,10500.0,17.604000091552734
2016-11-04,17.604000091552734,17.604000091552734,17.604000091552734,17.604000091552734,0.0,17.604000091552734
2016-11-07,17.6299991607666,17.618000030517578,17.618000030517578,17.6299991607666,3500.0,17.6299991607666
2016-11-08,17.56599998474121,17.513999938964844,17.56599998474121,17.513999938964844,8500.0,17.513999938964844
2016-11-09,18.052000045776367,17.9689998626709,18.052000045776367,17.9689998626709,2000.0,17.9689998626709
2016-11-10,17.913999557495117,17.8799991607666,17.913999557495117,17.8799991607666,4500.0,17.8799991607666
2016-11-11,17.75,17.56599998474121,17.75,17.56599998474121,8500.0,17.56599998474121
2016-11-14,17.56599998474121,17.56599998474121,17.56599998474121,17.56599998474121,0.0,17.56599998474121
2016-11-15,17.56599998474121,17.56599998474121,17.56599998474121,17.56599998474121,0.0,17.56599998474121
2016-11-16,17.56599998474121,17.56599998474121,17.56599998474121,17.56599998474121,0.0,17.56599998474121
2016-11-17,17.892000198364258,17.75,17.856000900268555,17.75,24000.0,17.75
2016-11-18,17.75,17.75,17.75,17.75,1000.0,17.75
2016-11-21,18.260000228881836,17.75,17.75,18.260000228881836,29500.0,18.260000228881836
2016-11-22,18.173999786376953,17.868000030517578,18.173999786376953,17.950000762939453,20000.0,17.950000762939453
2016-11-23,17.520000457763672,17.3799991607666,17.3799991607666,17.520000457763672,8000.0,17.520000457763672
2016-11-25,17.875999450683594,17.826000213623047,17.875999450683594,17.875999450683594,4500.0,17.875999450683594
2016-11-28,17.56999969482422,17.507999420166016,17.56999969482422,17.507999420166016,6000.0,17.507999420166016
2016-11-29,17.687999725341797,17.687999725341797,17.687999725341797,17.687999725341797,2000.0,17.687999725341797
2016-11-30,17.31399917602539,17.29400062561035,17.29400062561035,17.31399917602539,31000.0,17.31399917602539
2016-12-01,17.016000747680664,16.979000091552734,17.016000747680664,16.979000091552734,944500.0,16.979000091552734
2016-12-02,16.97599983215332,16.865999221801758,16.865999221801758,16.965999603271484,390000.0,16.965999603271484
2016-12-05,17.332000732421875,17.246000289916992,17.246000289916992,17.2810001373291,240500.0,17.2810001373291
2016-12-06,16.826000213623047,16.690000534057617,16.788000106811523,16.760000228881836,10500.0,16.760000228881836
2016-12-07,16.950000762939453,16.59000015258789,16.802000045776367,16.81399917602539,16000.0,16.81399917602539
2016-12-08,16.687999725341797,16.50200080871582,16.50200080871582,16.513999938964844,12000.0,16.513999938964844
2016-12-09,16.940000534057617,16.86400032043457,16.940000534057617,16.895999908447266,5000.0,16.895999908447266
2016-12-12,16.84000015258789,16.827999114990234,16.827999114990234,16.83799934387207,9000.0,16.83799934387207
2016-12-13,16.81999969482422,16.691999435424805,16.691999435424805,16.768999099731445,13500.0,16.768999099731445
2016-12-14,16.530000686645508,16.239999771118164,16.530000686645508,16.239999771118164,4000.0,16.239999771118164
2016-12-15,16.100000381469727,16.034000396728516,16.034000396728516,16.09000015258789,10500.0,16.09000015258789
2016-12-16,16.0,15.961999893188477,15.961999893188477,16.0,7000.0,16.0
2016-12-19,16.195999145507812,16.110000610351562,16.110000610351562,16.124000549316406,7000.0,16.124000549316406
2016-12-20,16.288000106811523,16.131999969482422,16.131999969482422,16.288000106811523,8000.0,16.288000106811523
2016-12-21,16.167999267578125,16.100000381469727,16.100000381469727,16.167999267578125,4000.0,16.167999267578125
2016-12-22,16.04800033569336,15.944000244140625,15.944000244140625,15.991000175476074,25000.0,15.991000175476074
2016-12-23,16.124000549316406,16.112600326538086,16.1200008392334,16.121999740600586,4500.0,16.121999740600586
2016-12-27,16.437999725341797,16.288000106811523,16.363000869750977,16.288000106811523,7000.0,16.288000106811523
2016-12-28,16.34000015258789,16.308000564575195,16.31599998474121,16.34000015258789,11000.0,16.34000015258789
2016-12-29,16.600000381469727,16.513999938964844,16.513999938964844,16.600000381469727,9500.0,16.600000381469727
2016-12-30,16.582599639892578,16.57900047302246,16.57900047302246,16.582599639892578,3000.0,16.582599639892578
2017-01-03,17.211999893188477,16.802000045776367,16.802000045776367,17.190000534057617,34500.0,17.190000534057617
2017-01-04,17.420000076293945,17.365999221801758,17.365999221801758,17.393999099731445,11000.0,17.393999099731445
2017-01-05,18.479999542236328,18.15399932861328,18.22599983215332,18.469999313354492,14000.0,18.469999313354492
2017-01-06,18.56800079345703,18.423999786376953,18.54199981689453,18.520000457763672,8500.0,18.520000457763672
2017-01-09,18.40399932861328,18.26799964904785,18.26799964904785,18.35099983215332,56500.0,18.35099983215332
2017-01-10,18.361000061035156,18.275999069213867,18.361000061035156,18.275999069213867,3500.0,18.275999069213867
2017-01-11,18.367000579833984,18.224000930786133,18.354000091552734,18.31800079345703,10000.0,18.31800079345703
2017-01-12,18.054000854492188,17.959999084472656,17.959999084472656,18.053600311279297,5500.0,18.053600311279297
2017-01-13,18.408000946044922,18.329999923706055,18.329999923706055,18.408000946044922,4000.0,18.408000946044922
2017-01-17,18.24799919128418,18.18600082397461,18.18600082397461,18.24799919128418,4500.0,18.24799919128418
2017-01-18,18.341999053955078,18.341999053955078,18.341999053955078,18.341999053955078,2000.0,18.341999053955078
2017-01-19,18.121000289916992,17.989999771118164,18.121000289916992,18.01799964904785,8500.0,18.01799964904785
2017-01-20,18.059999465942383,17.95199966430664,18.059999465942383,17.954999923706055,10000.0,17.954999923706055
2017-01-23,18.3700008392334,18.329999923706055,18.3700008392334,18.329999923706055,3500.0,18.329999923706055
2017-01-24,18.649999618530273,18.538999557495117,18.538999557495117,18.552000045776367,19500.0,18.552000045776367
2017-01-25,18.761999130249023,18.761999130249023,18.761999130249023,18.761999130249023,3000.0,18.761999130249023
2017-01-26,19.0939998626709,18.799999237060547,19.0939998626709,18.799999237060547,10000.0,18.799999237060547
2017-01-27,19.22319984436035,19.052000045776367,19.22319984436035,19.094999313354492,5500.0,19.094999313354492
2017-01-30,19.224000930786133,19.038000106811523,19.097999572753906,19.062000274658203,17500.0,19.062000274658203
2017-01-31,19.3700008392334,19.299999237060547,19.3700008392334,19.299999237060547,4000.0,19.299999237060547
2017-02-01,19.724000930786133,19.472000122070312,19.724000930786133,19.472000122070312,4500.0,19.472000122070312
2017-02-02,19.81999969482422,19.77199935913086,19.77199935913086,19.78700065612793,5000.0,19.78700065612793
2017-02-03,20.025999069213867,19.893999099731445,19.979999542236328,19.99799919128418,11000.0,19.99799919128418
2017-02-06,19.99799919128418,19.99799919128418,19.99799919128418,19.99799919128418,0.0,19.99799919128418
2017-02-07,20.15399932861328,20.054000854492188,20.054000854492188,20.15399932861328,9000.0,20.15399932861328
2017-02-08,19.95199966430664,19.885000228881836,19.885000228881836,19.945999145507812,6500.0,19.945999145507812
2017-02-09,20.31599998474121,20.31599998474121,20.31599998474121,20.31599998474121,3000.0,20.31599998474121
2017-02-10,20.399999618530273,20.270000457763672,20.270000457763672,20.399999618530273,5500.0,20.399999618530273
2017-02-13,20.451000213623047,20.38800048828125,20.413999557495117,20.38800048828125,7000.0,20.38800048828125
2017-02-14,20.3700008392334,20.347000122070312,20.3700008392334,20.35300064086914,6500.0,20.35300064086914
2017-02-15,20.40999984741211,20.304000854492188,20.40999984741211,20.399999618530273,6000.0,20.399999618530273
2017-02-16,20.634000778198242,20.510000228881836,20.510000228881836,20.634000778198242,5000.0,20.634000778198242
2017-02-17,20.18400001525879,20.13599967956543,20.18400001525879,20.163999557495117,6500.0,20.163999557495117
2017-02-21,20.253999710083008,20.208999633789062,20.208999633789062,20.253999710083008,5000.0,20.253999710083008
2017-02-22,20.100000381469727,19.974000930786133,20.020000457763672,20.100000381469727,7500.0,20.100000381469727
2017-02-23,20.360000610351562,20.22800064086914,20.315000534057617,20.360000610351562,14500.0,20.360000610351562
2017-02-24,19.81599998474121,19.506000518798828,19.81599998474121,19.634000778198242,11500.0,19.634000778198242
2017-02-27,19.312000274658203,19.250999450683594,19.309999465942383,19.261999130249023,14500.0,19.261999130249023
2017-02-28,19.8799991607666,19.799999237060547,19.875999450683594,19.799999237060547,15500.0,19.799999237060547
2017-03-01,19.649999618530273,19.420000076293945,19.503999710083008,19.600000381469727,11000.0,19.600000381469727
2017-03-02,19.812000274658203,19.719999313354492,19.729999542236328,19.812000274658203,5000.0,19.812000274658203
2017-03-03,19.753999710083008,19.719999313354492,19.719999313354492,19.753999710083008,4500.0,19.753999710083008
2017-03-06,19.649999618530273,19.584999084472656,19.584999084472656,19.591999053955078,4000.0,19.591999053955078
2017-03-07,19.534000396728516,19.36400032043457,19.36400032043457,19.466999053955078,8000.0,19.466999053955078
2017-03-08,19.327999114990234,19.121999740600586,19.260000228881836,19.121999740600586,10500.0,19.121999740600586
2017-03-09,19.54800033569336,19.448999404907227,19.54599952697754,19.54800033569336,6000.0,19.54800033569336
2017-03-10,20.038000106811523,20.02400016784668,20.02400016784668,20.038000106811523,4500.0,20.038000106811523
2017-03-13,20.38599967956543,20.235000610351562,20.235000610351562,20.334999084472656,5000.0,20.334999084472656
2017-03-14,20.634000778198242,20.562000274658203,20.600000381469727,20.625,6000.0,20.625
2017-03-15,20.625,20.625,20.625,20.625,2500.0,20.625
2017-03-16,21.424999237060547,21.365999221801758,21.38599967956543,21.420000076293945,59000.0,21.420000076293945
2017-03-17,21.395999908447266,21.305999755859375,21.363000869750977,21.375,13000.0,21.375
2017-03-20,21.073200225830078,20.913999557495117,21.073200225830078,20.950000762939453,10000.0,20.950000762939453
2017-03-21,20.97599983215332,20.577999114990234,20.97599983215332,20.59600067138672,14500.0,20.59600067138672
2017-03-22,20.290000915527344,20.198999404907227,20.239999771118164,20.290000915527344,5500.0,20.290000915527344
2017-03-23,20.22599983215332,20.197999954223633,20.22599983215332,20.211999893188477,6000.0,20.211999893188477
2017-03-24,20.527999877929688,20.384000778198242,20.423999786376953,20.384000778198242,3000.0,20.384000778198242
2017-03-27,20.36199951171875,20.301000595092773,20.301000595092773,20.36199951171875,6500.0,20.36199951171875
2017-03-28,20.496999740600586,20.496999740600586,20.496999740600586,20.496999740600586,2000.0,20.496999740600586
2017-03-29,20.700000762939453,20.45400047302246,20.45400047302246,20.665000915527344,4500.0,20.665000915527344
2017-03-30,20.474000930786133,20.139999389648438,20.474000930786133,20.200000762939453,16500.0,20.200000762939453
2017-03-31,19.38599967956543,19.31599998474121,19.31800079345703,19.360000610351562,24000.0,19.360000610351562
2017-04-03,18.58799934387207,18.12299919128418,18.58799934387207,18.20800018310547,34500.0,18.20800018310547
2017-04-04,18.503999710083008,18.437999725341797,18.445999145507812,18.437999725341797,5500.0,18.437999725341797
2017-04-05,18.08300018310547,17.961999893188477,18.073999404907227,17.97599983215332,16000.0,17.97599983215332
2017-04-06,18.079999923706055,17.93199920654297,18.027999877929688,18.010000228881836,8500.0,18.010000228881836
2017-04-07,17.753999710083008,17.746000289916992,17.753999710083008,17.746000289916992,4500.0,17.746000289916992
2017-04-10,18.219999313354492,18.200000762939453,18.219999313354492,18.219999313354492,10500.0,18.219999313354492
2017-04-11,18.25,18.139999389648438,18.25,18.166000366210938,6000.0,18.166000366210938
2017-04-12,18.040000915527344,17.959999084472656,17.959999084472656,18.040000915527344,5500.0,18.040000915527344
2017-04-13,17.950000762939453,17.784000396728516,17.950000762939453,17.784000396728516,7000.0,17.784000396728516
2017-04-17,18.08799934387207,17.90399932861328,17.92799949645996,17.90399932861328,5000.0,17.90399932861328
2017-04-18,18.399999618530273,18.229999542236328,18.229999542236328,18.399999618530273,15000.0,18.399999618530273
2017-04-19,18.68000030517578,18.56399917602539,18.56399917602539,18.600000381469727,12000.0,18.600000381469727
2017-04-20,18.988000869750977,18.940000534057617,18.945999145507812,18.959999084472656,17500.0,18.959999084472656
2017-04-21,18.79199981689453,18.79199981689453,18.79199981689453,18.79199981689453,3000.0,18.79199981689453
2017-04-24,19.20199966430664,19.166000366210938,19.188400268554688,19.200000762939453,17500.0,19.200000762939453
2017-04-25,19.42799949645996,19.20800018310547,19.20800018310547,19.34000015258789,11500.0,19.34000015258789
2017-04-26,19.959999084472656,19.777999877929688,19.777999877929688,19.940000534057617,26000.0,19.940000534057617
2017-04-27,20.107999801635742,19.959999084472656,19.959999084472656,20.107999801635742,4500.0,20.107999801635742
2017-04-28,19.959999084472656,19.93400001525879,19.95199966430664,19.93400001525879,4500.0,19.93400001525879
2017-05-01,20.07200050354004,20.013999938964844,20.013999938964844,20.07200050354004,3500.0,20.07200050354004
2017-05-02,20.333999633789062,20.215999603271484,20.215999603271484,20.32200050354004,18000.0,20.32200050354004
2017-05-03,20.145999908447266,20.082000732421875,20.145999908447266,20.143999099731445,10500.0,20.143999099731445
2017-05-04,20.32200050354004,20.200000762939453,20.236000061035156,20.32200050354004,10500.0,20.32200050354004
2017-05-05,20.29199981689453,20.236000061035156,20.285999298095703,20.236000061035156,4500.0,20.236000061035156
2017-05-08,20.18199920654297,20.059999465942383,20.059999465942383,20.061599731445312,6000.0,20.061599731445312
2017-05-09,19.777999877929688,19.63599967956543,19.700000762939453,19.63599967956543,6500.0,19.63599967956543
2017-05-10,20.591999053955078,20.29800033569336,20.29800033569336,20.591999053955078,20000.0,20.591999053955078
2017-05-11,19.989999771118164,19.95800018310547,19.989999771118164,19.97599983215332,6000.0,19.97599983215332
2017-05-12,20.1560001373291,19.917999267578125,19.993999481201172,20.1560001373291,10000.0,20.1560001373291
2017-05-15,20.45199966430664,20.444000244140625,20.45199966430664,20.444000244140625,3000.0,20.444000244140625
2017-05-16,20.76799964904785,20.763999938964844,20.763999938964844,20.76799964904785,35000.0,20.76799964904785
2017-05-17,20.351999282836914,20.13800048828125,20.351999282836914,20.13800048828125,11000.0,20.13800048828125
2017-05-18,20.988000869750977,20.799999237060547,20.8439998626709,20.899999618530273,14000.0,20.899999618530273
2017-05-19,21.3700008392334,21.332000732421875,21.3700008392334,21.332000732421875,3000.0,21.332000732421875
2017-05-22,21.236000061035156,21.115999221801758,21.236000061035156,21.115999221801758,4000.0,21.115999221801758
2017-05-23,20.799999237060547,20.799999237060547,20.799999237060547,20.799999237060547,4000.0,20.799999237060547
2017-05-24,20.986000061035156,20.920000076293945,20.920000076293945,20.986000061035156,5000.0,20.986000061035156
2017-05-25,21.049999237060547,20.933000564575195,21.030000686645508,20.933000564575195,8500.0,20.933000564575195
2017-05-26,20.922000885009766,20.85099983215332,20.913999557495117,20.922000885009766,4500.0,20.922000885009766
2017-05-30,20.506000518798828,20.506000518798828,20.506000518798828,20.506000518798828,3000.0,20.506000518798828
2017-05-31,21.374000549316406,21.149999618530273,21.31999969482422,21.298999786376953,31000.0,21.298999786376953
2017-06-01,21.79400062561035,21.68000030517578,21.736000061035156,21.76799964904785,10500.0,21.76799964904785
2017-06-02,22.08799934387207,22.027999877929688,22.027999877929688,22.08799934387207,5000.0,22.08799934387207
2017-06-05,22.027999877929688,21.95240020751953,22.025999069213867,22.027999877929688,6000.0,22.027999877929688
2017-06-06,22.003999710083008,21.968000411987305,21.968000411987305,22.003999710083008,13500.0,22.003999710083008
2017-06-07,22.003999710083008,22.003999710083008,22.003999710083008,22.003999710083008,0.0,22.003999710083008
2017-06-08,21.298999786376953,21.298999786376953,21.298999786376953,21.298999786376953,2000.0,21.298999786376953
2017-06-09,21.187999725341797,21.077999114990234,21.077999114990234,21.187999725341797,4000.0,21.187999725341797
2017-06-12,21.187999725341797,21.187999725341797,21.187999725341797,21.187999725341797,0.0,21.187999725341797
2017-06-13,21.187999725341797,21.187999725341797,21.187999725341797,21.187999725341797,0.0,21.187999725341797
2017-06-14,21.47599983215332,21.31999969482422,21.426000595092773,21.360000610351562,17500.0,21.360000610351562
2017-06-15,21.010000228881836,20.88599967956543,20.88599967956543,20.97599983215332,10000.0,20.97599983215332
2017-06-16,21.579999923706055,20.93199920654297,20.93199920654297,21.559999465942383,16500.0,21.559999465942383
2017-06-19,21.3439998626709,21.34000015258789,21.341999053955078,21.34000015258789,7500.0,21.34000015258789
2017-06-20,21.238000869750977,21.121999740600586,21.20800018310547,21.22599983215332,7500.0,21.22599983215332
2017-06-21,21.54800033569336,21.54800033569336,21.54800033569336,21.54800033569336,3000.0,21.54800033569336
2017-06-22,21.54800033569336,21.54800033569336,21.54800033569336,21.54800033569336,0.0,21.54800033569336
2017-06-23,22.281999588012695,22.242000579833984,22.281999588012695,22.25119972229004,12000.0,22.25119972229004
2017-06-26,22.013999938964844,21.93199920654297,22.013999938964844,21.951000213623047,6000.0,21.951000213623047
2017-06-27,21.79599952697754,21.715999603271484,21.79599952697754,21.79400062561035,5500.0,21.79400062561035
2017-06-28,21.49799919128418,21.354000091552734,21.392000198364258,21.49799919128418,58500.0,21.49799919128418
2017-06-29,21.503999710083008,21.398000717163086,21.503999710083008,21.417999267578125,58500.0,21.417999267578125
2017-06-30,21.384000778198242,21.36199951171875,21.3700008392334,21.384000778198242,5500.0,21.384000778198242
2017-07-03,21.280000686645508,21.17799949645996,21.280000686645508,21.17799949645996,3500.0,21.17799949645996
2017-07-05,21.239999771118164,21.09600067138672,21.09600067138672,21.239999771118164,4500.0,21.239999771118164
2017-07-06,21.242000579833984,21.15999984741211,21.15999984741211,21.242000579833984,8500.0,21.242000579833984
2017-07-07,21.288000106811523,21.131999969482422,21.131999969482422,21.288000106811523,3500.0,21.288000106811523
2017-07-10,21.308000564575195,21.29599952697754,21.308000564575195,21.29599952697754,4000.0,21.29599952697754
2017-07-11,21.145999908447266,21.145999908447266,21.145999908447266,21.145999908447266,2000.0,21.145999908447266
2017-07-12,21.746999740600586,21.72800064086914,21.72800064086914,21.746999740600586,4000.0,21.746999740600586
2017-07-13,21.746999740600586,21.746999740600586,21.746999740600586,21.746999740600586,0.0,21.746999740600586
2017-07-14,21.908000946044922,21.908000946044922,21.908000946044922,21.908000946044922,3000.0,21.908000946044922
2017-07-17,22.104000091552734,22.104000091552734,22.104000091552734,22.104000091552734,3500.0,22.104000091552734
2017-07-18,22.610000610351562,22.555999755859375,22.555999755859375,22.56399917602539,6000.0,22.56399917602539
2017-07-19,22.375999450683594,22.3700008392334,22.3700008392334,22.375999450683594,10500.0,22.375999450683594
2017-07-20,22.365999221801758,22.31599998474121,22.31599998474121,22.365999221801758,3500.0,22.365999221801758
2017-07-21,22.63599967956543,22.465999603271484,22.465999603271484,22.527999877929688,7500.0,22.527999877929688
2017-07-24,22.11199951171875,22.04800033569336,22.107999801635742,22.091999053955078,13500.0,22.091999053955078
2017-07-25,22.257999420166016,22.091999053955078,22.257999420166016,22.177000045776367,16500.0,22.177000045776367
2017-07-26,22.253999710083008,22.242000579833984,22.242000579833984,22.253999710083008,5500.0,22.253999710083008
2017-07-27,22.579999923706055,22.4060001373291,22.555999755859375,22.4060001373291,11500.0,22.4060001373291
2017-07-28,22.6299991607666,22.549999237060547,22.549999237060547,22.6299991607666,4500.0,22.6299991607666
2017-07-31,22.802000045776367,22.802000045776367,22.802000045776367,22.802000045776367,5000.0,22.802000045776367
2017-08-01,22.802000045776367,22.802000045776367,22.802000045776367,22.802000045776367,0.0,22.802000045776367
2017-08-02,22.802000045776367,22.802000045776367,22.802000045776367,22.802000045776367,0.0,22.802000045776367
2017-08-03,22.416000366210938,22.416000366210938,22.416000366210938,22.416000366210938,3000.0,22.416000366210938
2017-08-04,22.416000366210938,22.416000366210938,22.416000366210938,22.416000366210938,0.0,22.416000366210938
2017-08-07,22.34000015258789,22.263999938964844,22.34000015258789,22.263999938964844,5500.0,22.263999938964844
2017-08-08,21.959999084472656,21.899999618530273,21.959999084472656,21.899999618530273,3500.0,21.899999618530273
2017-08-09,22.399999618530273,21.944000244140625,21.944000244140625,22.399999618530273,17000.0,22.399999618530273
2017-08-10,21.15999984741211,20.988000869750977,21.149999618530273,20.988000869750977,9000.0,20.988000869750977
2017-08-11,20.988000869750977,20.988000869750977,20.988000869750977,20.988000869750977,0.0,20.988000869750977
2017-08-14,20.988000869750977,20.988000869750977,20.988000869750977,20.988000869750977,0.0,20.988000869750977
2017-08-15,20.988000869750977,20.988000869750977,20.988000869750977,20.988000869750977,4000.0,20.988000869750977
2017-08-16,21.628000259399414,21.465999603271484,21.465999603271484,21.628000259399414,4000.0,21.628000259399414
2017-08-17,21.628000259399414,21.628000259399414,21.628000259399414,21.628000259399414,0.0,21.628000259399414
2017-08-18,21.106000900268555,21.027999877929688,21.027999877929688,21.030000686645508,3500.0,21.030000686645508
2017-08-21,21.04400062561035,20.79199981689453,21.04400062561035,20.922000885009766,15500.0,20.922000885009766
2017-08-22,21.218000411987305,21.18400001525879,21.18400001525879,21.218000411987305,8500.0,21.218000411987305
2017-08-23,20.808000564575195,20.649999618530273,20.775999069213867,20.808000564575195,5000.0,20.808000564575195
2017-08-24,22.968000411987305,21.865999221801758,21.865999221801758,22.860000610351562,22000.0,22.860000610351562
2017-08-25,22.42799949645996,22.31999969482422,22.31999969482422,22.42799949645996,5000.0,22.42799949645996
2017-08-28,22.928600311279297,22.928600311279297,22.928600311279297,22.928600311279297,4000.0,22.928600311279297
2017-08-29,23.255599975585938,23.255599975585938,23.255599975585938,23.255599975585938,3000.0,23.255599975585938
2017-08-30,22.923999786376953,22.84000015258789,22.84000015258789,22.923999786376953,6000.0,22.923999786376953
2017-08-31,23.41200065612793,23.20400047302246,23.20400047302246,23.41200065612793,14000.0,23.41200065612793
2017-09-01,23.33799934387207,23.285999298095703,23.327999114990234,23.285999298095703,7000.0,23.285999298095703
2017-09-05,23.20800018310547,23.115999221801758,23.158000946044922,23.134000778198242,19000.0,23.134000778198242
2017-09-06,22.983999252319336,22.86079978942871,22.875,22.95800018310547,4500.0,22.95800018310547
2017-09-07,23.29599952697754,23.091999053955078,23.091999053955078,23.29599952697754,5500.0,23.29599952697754
2017-09-08,23.531999588012695,23.445999145507812,23.531999588012695,23.445999145507812,8500.0,23.445999145507812
2017-09-11,23.549999237060547,23.483999252319336,23.5,23.483999252319336,17500.0,23.483999252319336
2017-09-12,23.23200035095215,23.11199951171875,23.23200035095215,23.11199951171875,8500.0,23.11199951171875
2017-09-13,23.239999771118164,23.200000762939453,23.239999771118164,23.209999084472656,19500.0,23.209999084472656
2017-09-14,23.299999237060547,23.20199966430664,23.20199966430664,23.299999237060547,20000.0,23.299999237060547
2017-09-15,22.881999969482422,22.75,22.881999969482422,22.75,4500.0,22.75
2017-09-18,23.143999099731445,22.88599967956543,22.88599967956543,23.143999099731445,3500.0,23.143999099731445
2017-09-19,23.1299991607666,23.06800079345703,23.06800079345703,23.09000015258789,13500.0,23.09000015258789
2017-09-20,23.020000457763672,22.898000717163086,23.020000457763672,22.898000717163086,6500.0,22.898000717163086
2017-09-21,22.775999069213867,22.74799919128418,22.775999069213867,22.74799919128418,3500.0,22.74799919128418
2017-09-22,22.974000930786133,22.974000930786133,22.974000930786133,22.974000930786133,3500.0,22.974000930786133
2017-09-25,22.881000518798828,22.881000518798828,22.881000518798828,22.881000518798828,2000.0,22.881000518798828
2017-09-26,22.06399917602539,22.06399917602539,22.06399917602539,22.06399917602539,4000.0,22.06399917602539
2017-09-27,22.007400512695312,21.963600158691406,22.007400512695312,21.963600158691406,7500.0,21.963600158691406
2017-09-28,22.233999252319336,22.11199951171875,22.11199951171875,22.233999252319336,5000.0,22.233999252319336
2017-09-29,22.11199951171875,22.0,22.079999923706055,22.11199951171875,5500.0,22.11199951171875
2017-10-02,22.474000930786133,22.336000442504883,22.336000442504883,22.43000030517578,24000.0,22.43000030517578
2017-10-03,22.67799949645996,22.535999298095703,22.535999298095703,22.67799949645996,32000.0,22.67799949645996
2017-10-04,22.67799949645996,22.59000015258789,22.59000015258789,22.67799949645996,6500.0,22.67799949645996
2017-10-05,22.63599967956543,22.599000930786133,22.63599967956543,22.599000930786133,8500.0,22.599000930786133
2017-10-06,22.02199935913086,21.912799835205078,21.913999557495117,22.020000457763672,25000.0,22.020000457763672
2017-10-09,22.058000564575195,22.058000564575195,22.058000564575195,22.058000564575195,3500.0,22.058000564575195
2017-10-10,22.6200008392334,22.540599822998047,22.6200008392334,22.540599822998047,3500.0,22.540599822998047
2017-10-11,22.540599822998047,22.540599822998047,22.540599822998047,22.540599822998047,0.0,22.540599822998047
2017-10-12,22.77400016784668,22.615999221801758,22.77400016784668,22.615999221801758,8500.0,22.615999221801758
2017-10-13,22.84000015258789,22.761999130249023,22.83799934387207,22.761999130249023,7500.0,22.761999130249023
2017-10-16,22.841999053955078,22.799999237060547,22.799999237060547,22.84000015258789,8500.0,22.84000015258789
2017-10-17,21.4060001373291,21.215999603271484,21.399999618530273,21.22800064086914,136000.0,21.22800064086914
2017-10-18,21.13319969177246,20.979999542236328,21.0,21.13319969177246,22000.0,21.13319969177246
2017-10-19,20.969999313354492,20.938800811767578,20.969999313354492,20.938800811767578,4000.0,20.938800811767578
2017-10-20,21.083999633789062,20.95800018310547,20.971599578857422,21.082000732421875,5500.0,21.082000732421875
2017-10-23,20.899999618530273,20.88800048828125,20.88800048828125,20.899999618530273,7500.0,20.899999618530273
2017-10-24,20.20599937438965,20.20599937438965,20.20599937438965,20.20599937438965,4500.0,20.20599937438965
2017-10-25,20.63599967956543,20.47800064086914,20.610000610351562,20.5,6000.0,20.5
2017-10-26,19.98200035095215,19.82200050354004,19.867000579833984,19.898000717163086,11500.0,19.898000717163086
2017-10-27,20.211999893188477,20.16200065612793,20.16200065612793,20.211999893188477,5000.0,20.211999893188477
2017-10-30,20.118000030517578,20.05699920654297,20.118000030517578,20.05699920654297,7500.0,20.05699920654297
2017-10-31,20.190000534057617,20.139999389648438,20.17300033569336,20.190000534057617,10500.0,20.190000534057617
2017-11-01,19.826000213623047,19.634000778198242,19.826000213623047,19.670000076293945,42500.0,19.670000076293945
2017-11-02,19.14900016784668,19.14900016784668,19.14900016784668,19.14900016784668,5000.0,19.14900016784668
2017-11-03,18.926000595092773,18.763999938964844,18.902000427246094,18.763999938964844,7000.0,18.763999938964844
2017-11-06,19.381999969482422,19.259199142456055,19.350000381469727,19.309999465942383,21500.0,19.309999465942383
2017-11-07,19.25,19.107999801635742,19.25,19.107999801635742,15500.0,19.107999801635742
2017-11-08,19.350000381469727,19.049999237060547,19.17799949645996,19.049999237060547,10000.0,19.049999237060547
2017-11-09,18.540000915527344,18.417999267578125,18.493999481201172,18.52899932861328,24000.0,18.52899932861328
2017-11-10,18.18000030517578,17.993999481201172,18.18000030517578,17.993999481201172,9500.0,17.993999481201172
2017-11-13,17.767000198364258,17.690000534057617,17.690000534057617,17.767000198364258,9000.0,17.767000198364258
2017-11-14,18.600000381469727,17.743999481201172,17.76799964904785,18.400999069213867,41500.0,18.400999069213867
2017-11-15,18.059999465942383,17.850000381469727,18.059999465942383,17.850000381469727,19000.0,17.850000381469727
2017-11-16,19.20199966430664,18.81599998474121,18.8799991607666,19.176000595092773,11000.0,19.176000595092773
2017-11-17,19.43000030517578,19.224000930786133,19.224000930786133,19.43000030517578,5500.0,19.43000030517578
2017-11-20,18.847999572753906,18.733999252319336,18.77400016784668,18.81800079345703,12000.0,18.81800079345703
2017-11-21,19.386999130249023,18.856000900268555,18.856000900268555,19.385000228881836,11000.0,19.385000228881836
2017-11-22,19.195999145507812,18.964000701904297,19.195999145507812,19.04199981689453,7500.0,19.04199981689453
2017-11-24,19.04199981689453,19.04199981689453,19.04199981689453,19.04199981689453,0.0,19.04199981689453
2017-11-27,19.15999984741211,19.035999298095703,19.15999984741211,19.035999298095703,13000.0,19.035999298095703
2017-11-28,19.441999435424805,19.27400016784668,19.27400016784668,19.441999435424805,9000.0,19.441999435424805
2017-11-29,19.399999618530273,18.983999252319336,19.052000045776367,19.399999618530273,20500.0,19.399999618530273
2017-11-30,19.79199981689453,19.5,19.5,19.7450008392334,14500.0,19.7450008392334
2017-12-01,19.41200065612793,19.243999481201172,19.29800033569336,19.365999221801758,11000.0,19.365999221801758
2017-12-04,19.1200008392334,18.993999481201172,19.1200008392334,18.993999481201172,10000.0,18.993999481201172
2017-12-05,18.760000228881836,18.38800048828125,18.760000228881836,18.393999099731445,55500.0,18.393999099731445
2017-12-06,18.95599937438965,18.808000564575195,18.860000610351562,18.95599937438965,8500.0,18.95599937438965
2017-12-07,18.552000045776367,18.437999725341797,18.552000045776367,18.513999938964844,14000.0,18.513999938964844
2017-12-08,18.93400001525879,18.860000610351562,18.860000610351562,18.89299964904785,13500.0,18.89299964904785
2017-12-11,18.833999633789062,18.784000396728516,18.808000564575195,18.784000396728516,7500.0,18.784000396728516
2017-12-12,17.70599937438965,17.45240020751953,17.70599937438965,17.534000396728516,24500.0,17.534000396728516
2017-12-13,17.0,16.719999313354492,17.0,16.815000534057617,27000.0,16.815000534057617
2017-12-14,16.555999755859375,16.29400062561035,16.430599212646484,16.29400062561035,27500.0,16.29400062561035
2017-12-15,16.464000701904297,16.266000747680664,16.422000885009766,16.464000701904297,32000.0,16.464000701904297
2017-12-18,16.45800018310547,16.374000549316406,16.43000030517578,16.41900062561035,22000.0,16.41900062561035
2017-12-19,16.3799991607666,16.209999084472656,16.356000900268555,16.31599998474121,22000.0,16.31599998474121
2017-12-20,16.54199981689453,16.417999267578125,16.5,16.538000106811523,15500.0,16.538000106811523
2017-12-21,16.920000076293945,16.760000228881836,16.760000228881836,16.8700008392334,69500.0,16.8700008392334
2017-12-22,16.62700080871582,16.554000854492188,16.6200008392334,16.62700080871582,30000.0,16.62700080871582
2017-12-26,16.736600875854492,16.70599937438965,16.70599937438965,16.736000061035156,10500.0,16.736000061035156
2017-12-27,16.86199951171875,16.802000045776367,16.86199951171875,16.820999145507812,24000.0,16.820999145507812
2017-12-28,16.742000579833984,16.66200065612793,16.670000076293945,16.714000701904297,19500.0,16.714000701904297
2017-12-29,16.607999801635742,16.558000564575195,16.607999801635742,16.576000213623047,8000.0,16.576000213623047
2018-01-02,17.16200065612793,17.011999130249023,17.047000885009766,17.153400421142578,14000.0,17.153400421142578
2018-01-03,17.166000366210938,17.091999053955078,17.15399932861328,17.091999053955078,10000.0,17.091999053955078
2018-01-04,17.006000518798828,16.739999771118164,17.006000518798828,16.764999389648438,23000.0,16.764999389648438
2018-01-05,17.812000274658203,17.700000762939453,17.700000762939453,17.812000274658203,14500.0,17.812000274658203
2018-01-08,18.57200050354004,18.347999572753906,18.347999572753906,18.57200050354004,13500.0,18.57200050354004
2018-01-09,18.525999069213867,18.452999114990234,18.452999114990234,18.5,7000.0,18.5
2018-01-10,18.875999450683594,18.763999938964844,18.763999938964844,18.84600067138672,14000.0,18.84600067138672
2018-01-11,18.673999786376953,18.5,18.5,18.673999786376953,22000.0,18.673999786376953
2018-01-12,18.79199981689453,18.642000198364258,18.70400047302246,18.79199981689453,7000.0,18.79199981689453
2018-01-16,18.93000030517578,18.84000015258789,18.87700080871582,18.850000381469727,22500.0,18.850000381469727
2018-01-17,19.121999740600586,18.86199951171875,18.86199951171875,19.121999740600586,7500.0,19.121999740600586
2018-01-18,18.81599998474121,18.687999725341797,18.73200035095215,18.753999710083008,12000.0,18.753999710083008
2018-01-19,19.242799758911133,19.124000549316406,19.124000549316406,19.242000579833984,5500.0,19.242000579833984
2018-01-22,19.381999969482422,19.29599952697754,19.29599952697754,19.381999969482422,24000.0,19.381999969482422
2018-01-23,18.84600067138672,18.702999114990234,18.84600067138672,18.74799919128418,8500.0,18.74799919128418
2018-01-24,18.84000015258789,18.492000579833984,18.84000015258789,18.607999801635742,28500.0,18.607999801635742
2018-01-25,18.493999481201172,18.343000411987305,18.493999481201172,18.343000411987305,16500.0,18.343000411987305
2018-01-26,18.95400047302246,18.917999267578125,18.95400047302246,18.939599990844727,6000.0,18.939599990844727
2018-01-29,18.959999084472656,18.881999969482422,18.881999969482422,18.941999435424805,15500.0,18.941999435424805
2018-01-30,18.709999084472656,18.33099937438965,18.68000030517578,18.399999618530273,29500.0,18.399999618530273
2018-01-31,18.5757999420166,18.31999969482422,18.52199935913086,18.3700008392334,20500.0,18.3700008392334
2018-02-01,18.531999588012695,18.41900062561035,18.444000244140625,18.513999938964844,12000.0,18.513999938964844
2018-02-02,18.062000274658203,17.690000534057617,18.062000274658203,17.783000946044922,31000.0,17.783000946044922
2018-02-05,17.80500030517578,17.31100082397461,17.600000381469727,17.31100082397461,17000.0,17.31100082397461
2018-02-06,17.75200080871582,17.233999252319336,17.606000900268555,17.75200080871582,30000.0,17.75200080871582
2018-02-07,17.79599952697754,17.527999877929688,17.712799072265625,17.527999877929688,43000.0,17.527999877929688
2018-02-08,17.43000030517578,17.20800018310547,17.38599967956543,17.371999740600586,32500.0,17.371999740600586
2018-02-09,17.299999237060547,16.78420066833496,17.16200065612793,17.299999237060547,13000.0,17.299999237060547
2018-02-12,17.56399917602539,17.360000610351562,17.360000610351562,17.503000259399414,18500.0,17.503000259399414
2018-02-13,17.416000366210938,17.256000518798828,17.334999084472656,17.3439998626709,41000.0,17.3439998626709
2018-02-14,18.101999282836914,17.83799934387207,17.922000885009766,18.101999282836914,23000.0,18.101999282836914
2018-02-15,18.23200035095215,18.06999969482422,18.1200008392334,18.23200035095215,17000.0,18.23200035095215
2018-02-16,18.29800033569336,18.229999542236328,18.229999542236328,18.29599952697754,8500.0,18.29599952697754
2018-02-20,17.549999237060547,17.360000610351562,17.530000686645508,17.360000610351562,9000.0,17.360000610351562
2018-02-21,17.74799919128418,16.899999618530273,16.974000930786133,17.687999725341797,49500.0,17.687999725341797
2018-02-22,20.077999114990234,19.263999938964844,19.277999877929688,19.847999572753906,212000.0,19.847999572753906
2018-02-23,20.75,20.149999618530273,20.215999603271484,20.68400001525879,921000.0,20.68400001525879
2018-02-26,20.989999771118164,20.81599998474121,20.84000015258789,20.989999771118164,390500.0,20.989999771118164
2018-02-27,20.29199981689453,20.104000091552734,20.29199981689453,20.104000091552734,175500.0,20.104000091552734
2018-02-28,20.86199951171875,20.261999130249023,20.29800033569336,20.799999237060547,1013500.0,20.799999237060547
2018-03-01,20.329999923706055,20.040000915527344,20.173999786376953,20.187000274658203,26000.0,20.187000274658203
2018-03-02,20.351999282836914,20.073999404907227,20.073999404907227,20.351999282836914,29000.0,20.351999282836914
2018-03-05,20.832000732421875,20.444000244140625,20.444000244140625,20.733999252319336,27500.0,20.733999252319336
2018-03-06,20.993999481201172,20.81800079345703,20.81800079345703,20.974000930786133,23000.0,20.974000930786133
2018-03-07,20.884000778198242,20.677400588989258,20.725000381469727,20.847999572753906,15000.0,20.847999572753906
2018-03-08,20.9060001373291,20.833999633789062,20.871999740600586,20.9060001373291,16500.0,20.9060001373291
2018-03-09,20.969999313354492,20.8700008392334,20.920000076293945,20.93600082397461,22000.0,20.93600082397461
2018-03-12,20.945999145507812,20.812000274658203,20.812000274658203,20.93000030517578,23000.0,20.93000030517578
2018-03-13,20.98200035095215,20.856000900268555,20.93600082397461,20.856000900268555,27500.0,20.856000900268555
2018-03-14,21.09600067138672,20.972999572753906,21.09600067138672,21.0049991607666,15500.0,21.0049991607666
2018-03-15,21.08799934387207,20.95400047302246,20.95599937438965,20.965999603271484,25000.0,20.965999603271484
2018-03-16,20.93199920654297,20.79800033569336,20.79800033569336,20.86400032043457,13000.0,20.86400032043457
2018-03-19,20.992000579833984,20.916000366210938,20.986000061035156,20.916000366210938,13500.0,20.916000366210938
2018-03-20,20.993999481201172,20.856000900268555,20.993999481201172,20.94300079345703,20500.0,20.94300079345703
2018-03-21,21.097999572753906,20.93600082397461,21.04400062561035,20.93600082397461,21000.0,20.93600082397461
2018-03-22,21.049999237060547,20.900999069213867,21.016000747680664,20.900999069213867,18000.0,20.900999069213867
2018-03-23,21.062000274658203,20.75,20.90999984741211,20.75,31500.0,20.75
2018-03-26,21.013999938964844,20.868000030517578,20.868000030517578,20.906999588012695,17000.0,20.906999588012695
2018-03-27,21.441999435424805,21.163000106811523,21.37459945678711,21.163000106811523,47500.0,21.163000106811523
2018-03-28,21.653600692749023,21.445999145507812,21.520000457763672,21.47800064086914,24000.0,21.47800064086914
2018-03-29,21.68199920654297,21.520000457763672,21.652000427246094,21.68199920654297,31000.0,21.68199920654297
2018-04-02,21.666000366210938,21.309999465942383,21.666000366210938,21.38599967956543,25500.0,21.38599967956543
2018-04-03,20.79599952697754,20.615999221801758,20.780000686645508,20.79599952697754,22000.0,20.79599952697754
2018-04-04,20.468000411987305,20.233999252319336,20.233999252319336,20.468000411987305,17500.0,20.468000411987305
2018-04-05,20.510000228881836,20.360000610351562,20.399999618530273,20.495800018310547,17500.0,20.495800018310547
2018-04-06,20.222000122070312,20.124000549316406,20.222000122070312,20.1299991607666,24500.0,20.1299991607666
2018-04-09,20.243999481201172,20.0939998626709,20.110000610351562,20.0939998626709,31000.0,20.0939998626709
2018-04-10,20.13599967956543,20.13599967956543,20.13599967956543,20.13599967956543,11000.0,20.13599967956543
2018-04-11,20.138200759887695,20.09600067138672,20.124000549316406,20.09600067138672,16000.0,20.09600067138672
2018-04-12,20.07200050354004,20.07200050354004,20.07200050354004,20.07200050354004,7000.0,20.07200050354004
2018-04-13,20.020000457763672,19.899999618530273,19.899999618530273,19.95800018310547,8000.0,19.95800018310547
2018-04-16,19.899999618530273,19.836000442504883,19.895999908447266,19.836000442504883,16500.0,19.836000442504883
2018-04-17,21.54199981689453,21.332000732421875,21.350000381469727,21.54199981689453,17000.0,21.54199981689453
2018-04-18,21.243999481201172,21.025999069213867,21.243999481201172,21.025999069213867,15500.0,21.025999069213867
2018-04-19,21.191999435424805,21.191999435424805,21.191999435424805,21.191999435424805,7000.0,21.191999435424805
2018-04-20,20.964000701904297,20.86400032043457,20.92099952697754,20.86400032043457,14500.0,20.86400032043457
2018-04-23,20.61199951171875,20.516000747680664,20.61199951171875,20.559999465942383,11000.0,20.559999465942383
2018-04-24,20.329999923706055,20.145999908447266,20.329999923706055,20.15999984741211,25500.0,20.15999984741211
2018-04-25,20.06999969482422,19.95800018310547,19.95800018310547,20.026399612426758,24500.0,20.026399612426758
2018-04-26,20.485000610351562,20.351999282836914,20.408000946044922,20.479999542236328,15000.0,20.479999542236328
2018-04-27,20.639999389648438,20.503999710083008,20.52400016784668,20.610000610351562,16500.0,20.610000610351562
2018-04-30,20.63800048828125,20.172000885009766,20.51799964904785,20.172000885009766,29000.0,20.172000885009766
2018-05-01,103.19000244140625,19.990999221801758,20.100000381469727,20.479999542236328,15200.0,20.479999542236328
2018-05-02,20.5,20.0,20.1299991607666,20.149999618530273,11500.0,20.149999618530273
2018-05-03,20.719999313354492,20.3700008392334,20.489999771118164,20.55500030517578,9800.0,20.55500030517578
2018-05-04,20.530000686645508,20.045000076293945,20.06999969482422,20.530000686645508,30300.0,20.530000686645508
2018-05-07,21.040000915527344,20.600000381469727,20.739999771118164,21.0,20100.0,21.0
2018-05-08,21.049999237060547,20.700000762939453,20.81999969482422,20.799999237060547,135900.0,20.799999237060547
2018-05-09,20.280000686645508,19.799999237060547,20.010000228881836,20.280000686645508,29100.0,20.280000686645508
2018-05-10,20.8799991607666,19.940000534057617,20.7810001373291,20.8799991607666,8700.0,20.8799991607666
2018-05-11,20.989999771118164,20.030000686645508,20.989999771118164,20.989999771118164,9400.0,20.989999771118164
2018-05-14,20.729999542236328,20.280000686645508,20.280000686645508,20.610000610351562,7600.0,20.610000610351562
2018-05-15,20.415000915527344,19.899999618530273,19.950000762939453,20.110000610351562,17700.0,20.110000610351562
2018-05-16,19.969999313354492,19.5,19.510000228881836,19.969999313354492,10000.0,19.969999313354492
2018-05-17,20.389999389648438,19.760000228881836,19.8799991607666,20.149999618530273,6900.0,20.149999618530273
2018-05-18,20.68000030517578,20.020000457763672,20.020000457763672,20.68000030517578,90700.0,20.68000030517578
2018-05-21,20.8799991607666,20.290000915527344,20.8799991607666,20.639999389648438,23500.0,20.639999389648438
2018-05-22,19.860000610351562,19.579999923706055,19.860000610351562,19.690000534057617,120800.0,19.690000534057617
2018-05-23,19.5,19.229999542236328,19.229999542236328,19.479999542236328,36900.0,19.479999542236328
2018-05-24,19.43400001525879,18.399999618530273,19.360000610351562,19.34000015258789,16900.0,19.34000015258789
2018-05-25,19.020000457763672,18.709999084472656,18.81999969482422,18.8700008392334,10300.0,18.8700008392334
2018-05-29,15.479999542236328,14.779999732971191,15.479999542236328,14.779999732971191,44300.0,14.779999732971191
2018-05-30,15.680000305175781,15.399999618530273,15.529999732971191,15.649999618530273,17500.0,15.649999618530273
2018-05-31,15.4399995803833,15.020000457763672,15.430000305175781,15.1899995803833,67800.0,15.1899995803833
2018-06-01,15.9399995803833,15.329999923706055,15.430000305175781,15.489999771118164,37500.0,15.489999771118164
2018-06-04,15.90999984741211,15.496000289916992,15.510000228881836,15.625,45800.0,15.625
2018-06-05,15.699999809265137,15.369999885559082,15.545000076293945,15.454999923706055,32000.0,15.454999923706055
2018-06-06,15.770000457763672,15.5,15.630000114440918,15.664999961853027,19900.0,15.664999961853027
2018-06-07,15.515999794006348,15.1899995803833,15.369999885559082,15.319999694824219,27400.0,15.319999694824219
2018-06-08,15.270000457763672,15.079999923706055,15.100000381469727,15.140000343322754,28700.0,15.140000343322754
2018-06-11,15.199999809265137,14.899999618530273,14.970000267028809,15.1899995803833,37100.0,15.1899995803833
2018-06-12,15.880000114440918,15.1899995803833,15.329999923706055,15.510000228881836,22500.0,15.510000228881836
2018-06-13,15.739999771118164,15.220000267028809,15.359999656677246,15.3100004196167,28000.0,15.3100004196167
2018-06-14,15.680000305175781,15.380000114440918,15.59000015258789,15.40999984741211,28100.0,15.40999984741211
2018-06-15,15.449000358581543,14.890000343322754,15.140000343322754,15.319999694824219,34000.0,15.319999694824219
2018-06-18,15.420000076293945,14.76200008392334,14.930000305175781,14.954999923706055,228400.0,14.954999923706055
2018-06-19,15.15999984741211,14.859999656677246,14.899999618530273,15.079999923706055,65500.0,15.079999923706055
2018-06-20,16.149999618530273,15.470000267028809,15.479999542236328,15.850000381469727,41400.0,15.850000381469727
2018-06-21,16.0,15.319999694824219,15.40999984741211,15.5,39600.0,15.5
2018-06-22,15.779999732971191,15.449999809265137,15.553999900817871,15.640000343322754,15500.0,15.640000343322754
2018-06-25,15.920000076293945,15.59000015258789,15.800000190734863,15.680000305175781,51800.0,15.680000305175781
2018-06-26,15.760000228881836,15.079999923706055,15.1899995803833,15.130000114440918,45500.0,15.130000114440918
2018-06-27,15.449999809265137,15.09000015258789,15.399999618530273,15.239999771118164,44900.0,15.239999771118164
2018-06-28,15.109999656677246,14.920000076293945,15.020000457763672,14.970000267028809,28300.0,14.970000267028809
2018-06-29,15.40999984741211,15.300000190734863,15.319999694824219,15.319999694824219,33400.0,15.319999694824219
2018-07-02,15.760000228881836,15.149999618530273,15.260000228881836,15.229999542236328,59600.0,15.229999542236328
2018-07-03,15.75,15.505000114440918,15.569999694824219,15.5600004196167,21800.0,15.5600004196167
2018-07-05,16.229999542236328,15.899999618530273,15.899999618530273,16.15999984741211,26500.0,16.15999984741211
2018-07-06,16.280000686645508,16.049999237060547,16.280000686645508,16.155000686645508,19900.0,16.155000686645508
2018-07-09,16.399999618530273,16.18000030517578,16.309999465942383,16.270000457763672,24700.0,16.270000457763672
2018-07-10,16.739999771118164,16.56599998474121,16.59000015258789,16.68000030517578,48000.0,16.68000030517578
2018-07-11,16.68000030517578,16.399999618530273,16.6299991607666,16.524999618530273,15200.0,16.524999618530273
2018-07-12,17.0,16.809999465942383,16.850000381469727,16.954999923706055,34700.0,16.954999923706055
2018-07-13,17.0,16.90999984741211,17.0,16.979999542236328,12400.0,16.979999542236328
2018-07-16,17.549999237060547,17.059999465942383,17.079999923706055,17.280000686645508,40000.0,17.280000686645508
2018-07-17,17.5,17.350000381469727,17.395000457763672,17.5,31300.0,17.5
2018-07-18,17.700000762939453,17.540000915527344,17.540000915527344,17.594999313354492,20600.0,17.594999313354492
2018-07-19,17.68000030517578,17.510000228881836,17.510000228881836,17.549999237060547,214200.0,17.549999237060547
2018-07-20,17.899999618530273,17.760000228881836,17.770000457763672,17.8799991607666,18500.0,17.8799991607666
2018-07-23,17.75,17.579999923706055,17.690000534057617,17.68000030517578,18500.0,17.68000030517578
2018-07-24,17.790000915527344,17.600000381469727,17.739999771118164,17.670000076293945,25300.0,17.670000076293945
2018-07-25,17.860000610351562,17.65999984741211,17.68000030517578,17.860000610351562,11700.0,17.860000610351562
2018-07-26,18.0,17.81999969482422,17.860000610351562,17.959999084472656,15400.0,17.959999084472656
2018-07-27,17.829999923706055,17.649999618530273,17.78499984741211,17.799999237060547,34900.0,17.799999237060547
2018-07-30,18.0,17.809999465942383,18.0,17.8799991607666,18300.0,17.8799991607666
2018-07-31,17.299999237060547,17.100000381469727,17.239999771118164,17.200000762939453,23300.0,17.200000762939453
2018-08-01,17.389999389648438,17.239999771118164,17.3799991607666,17.270000457763672,21200.0,17.270000457763672
2018-08-02,17.350000381469727,17.1299991607666,17.25,17.2450008392334,17600.0,17.2450008392334
2018-08-03,17.200000762939453,17.020000457763672,17.06999969482422,17.200000762939453,9100.0,17.200000762939453
2018-08-06,16.719999313354492,16.549999237060547,16.719999313354492,16.625,10700.0,16.625
2018-08-07,17.170000076293945,16.700000762939453,16.833999633789062,16.709999084472656,13900.0,16.709999084472656
2018-08-08,17.5,16.520000457763672,16.6200008392334,17.200000762939453,17700.0,17.200000762939453
2018-08-09,16.31999969482422,16.1200008392334,16.1200008392334,16.204999923706055,17700.0,16.204999923706055
2018-08-10,16.399999618530273,16.209999084472656,16.299999237060547,16.239999771118164,11500.0,16.239999771118164
2018-08-13,16.729999542236328,16.56999969482422,16.670000076293945,16.65999984741211,49600.0,16.65999984741211
2018-08-14,16.420000076293945,16.209999084472656,16.309999465942383,16.309999465942383,26600.0,16.309999465942383
2018-08-15,16.420000076293945,15.859999656677246,15.989999771118164,16.19499969482422,19400.0,16.19499969482422
2018-08-16,16.200000762939453,16.06399917602539,16.065000534057617,16.149999618530273,26200.0,16.149999618530273
2018-08-17,16.350000381469727,16.059999465942383,16.170000076293945,16.34000015258789,28500.0,16.34000015258789
2018-08-20,16.170000076293945,16.020000457763672,16.1200008392334,16.100000381469727,31600.0,16.100000381469727
2018-08-21,16.40999984741211,16.09000015258789,16.110000610351562,16.30500030517578,75400.0,16.30500030517578
2018-08-22,16.530000686645508,16.40999984741211,16.514999389648438,16.475000381469727,20100.0,16.475000381469727
2018-08-23,16.68000030517578,16.520000457763672,16.60300064086914,16.559999465942383,12400.0,16.559999465942383
2018-08-24,16.700000762939453,16.56999969482422,16.600000381469727,16.639999389648438,21500.0,16.639999389648438
2018-08-27,17.110000610351562,16.93000030517578,16.959999084472656,17.110000610351562,33900.0,17.110000610351562
2018-08-28,17.149999618530273,17.040000915527344,17.059999465942383,17.075000762939453,24700.0,17.075000762939453
2018-08-29,17.290000915527344,17.110000610351562,17.110000610351562,17.290000915527344,31700.0,17.290000915527344
2018-08-30,17.450000762939453,17.349000930786133,17.385000228881836,17.360000610351562,30800.0,17.360000610351562
2018-08-31,17.479999542236328,17.25,17.479999542236328,17.364999771118164,29700.0,17.364999771118164
2018-09-04,16.950000762939453,16.799999237060547,16.93000030517578,16.889999389648438,15000.0,16.889999389648438
2018-09-05,16.75,16.5,16.75,16.6200008392334,16400.0,16.6200008392334
2018-09-06,16.649999618530273,16.399999618530273,16.520000457763672,16.489999771118164,20300.0,16.489999771118164
2018-09-07,16.649999618530273,16.489999771118164,16.530000686645508,16.55500030517578,17600.0,16.55500030517578
2018-09-10,16.34000015258789,16.18000030517578,16.34000015258789,16.25,16800.0,16.25
2018-09-11,16.549999237060547,16.350000381469727,16.3700008392334,16.479999542236328,35700.0,16.479999542236328
2018-09-12,16.969999313354492,16.860000610351562,16.889999389648438,16.93000030517578,22100.0,16.93000030517578
2018-09-13,17.100000381469727,16.850000381469727,17.065000534057617,16.969999313354492,11400.0,16.969999313354492
2018-09-14,17.100000381469727,17.0,17.100000381469727,17.010000228881836,19500.0,17.010000228881836
2018-09-17,16.75,16.59000015258789,16.75,16.645000457763672,16500.0,16.645000457763672
2018-09-18,16.450000762939453,16.350000381469727,16.360000610351562,16.375,17200.0,16.375
2018-09-19,15.994999885559082,15.864999771118164,15.920000076293945,15.920000076293945,25600.0,15.920000076293945
2018-09-20,16.6200008392334,16.3700008392334,16.399999618530273,16.600000381469727,31800.0,16.600000381469727
2018-09-21,16.600000381469727,16.34000015258789,16.3700008392334,16.524999618530273,22400.0,16.524999618530273
2018-09-24,16.530000686645508,16.399999618530273,16.489999771118164,16.399999618530273,16600.0,16.399999618530273
2018-09-25,16.950000762939453,16.71500015258789,16.719999313354492,16.799999237060547,20500.0,16.799999237060547
2018-09-26,17.020000457763672,16.84000015258789,16.84000015258789,16.850000381469727,19900.0,16.850000381469727
2018-09-27,16.25,15.973999977111816,16.059999465942383,16.040000915527344,46300.0,16.040000915527344
2018-09-28,15.899999618530273,15.699999809265137,15.899999618530273,15.75,20700.0,15.75
2018-10-01,16.25,15.90999984741211,16.100000381469727,16.084999084472656,27100.0,16.084999084472656
2018-10-02,15.899999618530273,15.760000228881836,15.859999656677246,15.84000015258789,29400.0,15.84000015258789
2018-10-03,15.75,15.619999885559082,15.71399974822998,15.694999694824219,20200.0,15.694999694824219
2018-10-04,15.5,15.239999771118164,15.5,15.3100004196167,45000.0,15.3100004196167
2018-10-05,15.3100004196167,15.1899995803833,15.270000457763672,15.28499984741211,20800.0,15.28499984741211
2018-10-08,15.109999656677246,14.979999542236328,15.029999732971191,15.074999809265137,18300.0,15.074999809265137
2018-10-09,14.930000305175781,14.6899995803833,14.729999542236328,14.895000457763672,47900.0,14.895000457763672
2018-10-10,14.210000038146973,13.930000305175781,14.15999984741211,14.0600004196167,40500.0,14.0600004196167
2018-10-11,14.032999992370605,13.800000190734863,13.875,13.914999961853027,40000.0,13.914999961853027
2018-10-12,14.369999885559082,14.239999771118164,14.319999694824219,14.350000381469727,39500.0,14.350000381469727
2018-10-15,14.199999809265137,14.039999961853027,14.100000381469727,14.15999984741211,83000.0,14.15999984741211
2018-10-16,13.899999618530273,13.770000457763672,13.869999885559082,13.890000343322754,66600.0,13.890000343322754
2018-10-17,14.020000457763672,13.84000015258789,13.949999809265137,13.930000305175781,76600.0,13.930000305175781
2018-10-18,14.520000457763672,14.260000228881836,14.300000190734863,14.324999809265137,70400.0,14.324999809265137
2018-10-19,14.3100004196167,14.170000076293945,14.199999809265137,14.204999923706055,17400.0,14.204999923706055
2018-10-22,14.180000305175781,13.880000114440918,14.149999618530273,13.975000381469727,41800.0,13.975000381469727
2018-10-23,13.510000228881836,13.300000190734863,13.390000343322754,13.46500015258789,69900.0,13.46500015258789
2018-10-24,13.069999694824219,12.4399995803833,12.760000228881836,12.484999656677246,49800.0,12.484999656677246
2018-10-25,12.300000190734863,12.100000381469727,12.1899995803833,12.12399959564209,78700.0,12.12399959564209
2018-10-26,12.59000015258789,12.239999771118164,12.539999961853027,12.529999732971191,50900.0,12.529999732971191
2018-10-29,13.130000114440918,12.829999923706055,13.100000381469727,12.885000228881836,142800.0,12.885000228881836
2018-10-30,13.949999809265137,13.614999771118164,13.640000343322754,13.8100004196167,38800.0,13.8100004196167
2018-10-31,13.770000457763672,13.649999618530273,13.725000381469727,13.670000076293945,37400.0,13.670000076293945
2018-11-01,14.520000457763672,14.180000305175781,14.220000267028809,14.494999885559082,227200.0,14.494999885559082
2018-11-02,14.9399995803833,14.699999809265137,14.9399995803833,14.8100004196167,30800.0,14.8100004196167
2018-11-05,14.880000114440918,14.770000457763672,14.869999885559082,14.829999923706055,42600.0,14.829999923706055
2018-11-06,14.970000267028809,14.850000381469727,14.859999656677246,14.890000343322754,49400.0,14.890000343322754
2018-11-07,15.449999809265137,15.244999885559082,15.25,15.274999618530273,54200.0,15.274999618530273
2018-11-08,15.368000030517578,15.170000076293945,15.239999771118164,15.1899995803833,54000.0,15.1899995803833
2018-11-09,15.152999877929688,14.979999542236328,15.140000343322754,15.050000190734863,26400.0,15.050000190734863
2018-11-12,14.65999984741211,14.34000015258789,14.65999984741211,14.354999542236328,64300.0,14.354999542236328
2018-11-13,14.25,14.010000228881836,14.140000343322754,14.079999923706055,48400.0,14.079999923706055
2018-11-14,14.3100004196167,13.770000457763672,14.300000190734863,14.029999732971191,43200.0,14.029999732971191
2018-11-15,13.90999984741211,13.635000228881836,13.869999885559082,13.8100004196167,56500.0,13.8100004196167
2018-11-16,14.09000015258789,13.829999923706055,13.84000015258789,14.045000076293945,48200.0,14.045000076293945
2018-11-19,14.300000190734863,14.100000381469727,14.140000343322754,14.210000038146973,103100.0,14.210000038146973
2018-11-20,14.850000381469727,14.25,14.3100004196167,14.744999885559082,81400.0,14.744999885559082
2018-11-21,14.289999961853027,14.109999656677246,14.164999961853027,14.229999542236328,57600.0,14.229999542236328
2018-11-23,15.100000381469727,14.6899995803833,14.6899995803833,14.979999542236328,35500.0,14.979999542236328
2018-11-26,15.34000015258789,15.199999809265137,15.305000305175781,15.265000343322754,65800.0,15.265000343322754
2018-11-27,15.09000015258789,14.765000343322754,14.819999694824219,15.045000076293945,52600.0,15.045000076293945
2018-11-28,15.279999732971191,14.904999732971191,14.9399995803833,15.239999771118164,51800.0,15.239999771118164
2018-11-29,15.449999809265137,15.260000228881836,15.435999870300293,15.399999618530273,63000.0,15.399999618530273
2018-11-30,15.399999618530273,15.149999618530273,15.279999732971191,15.385000228881836,105300.0,15.385000228881836
2018-12-03,15.489999771118164,15.279999732971191,15.430000305175781,15.364999771118164,79700.0,15.364999771118164
2018-12-04,15.600000381469727,15.130000114440918,15.59000015258789,15.180000305175781,90200.0,15.180000305175781
2018-12-06,15.5,15.210000038146973,15.239999771118164,15.460000038146973,70100.0,15.460000038146973
2018-12-07,15.470000267028809,15.109999656677246,15.460000038146973,15.1850004196167,82700.0,15.1850004196167
2018-12-10,15.829999923706055,15.569999694824219,15.619999885559082,15.75,76800.0,15.75
2018-12-11,15.649999618530273,15.369999885559082,15.609999656677246,15.449999809265137,236600.0,15.449999809265137
2018-12-12,16.06399917602539,15.880000114440918,15.880000114440918,15.994999885559082,58300.0,15.994999885559082
2018-12-13,16.299999237060547,16.15999984741211,16.290000915527344,16.209999084472656,66600.0,16.209999084472656
2018-12-14,16.1299991607666,15.949999809265137,15.970000267028809,16.030000686645508,46600.0,16.030000686645508
2018-12-17,16.299999237060547,16.065000534057617,16.149999618530273,16.18000030517578,86200.0,16.18000030517578
2018-12-18,15.949999809265137,15.649999618530273,15.880000114440918,15.6899995803833,84100.0,15.6899995803833
2018-12-19,16.25,15.9399995803833,16.15999984741211,16.024999618530273,263300.0,16.024999618530273
2018-12-20,16.3700008392334,16.06999969482422,16.1200008392334,16.34000015258789,557600.0,16.34000015258789
2018-12-21,16.360000610351562,16.09000015258789,16.299999237060547,16.1299991607666,57200.0,16.1299991607666
2018-12-24,16.299999237060547,16.040000915527344,16.15999984741211,16.165000915527344,40200.0,16.165000915527344
2018-12-26,16.450000762939453,15.949999809265137,15.949999809265137,16.280000686645508,57300.0,16.280000686645508
2018-12-27,16.280000686645508,15.975000381469727,16.280000686645508,16.19499969482422,41100.0,16.19499969482422
2018-12-28,16.399999618530273,16.15999984741211,16.309999465942383,16.350000381469727,49900.0,16.350000381469727
2018-12-31,16.530000686645508,16.25,16.399999618530273,16.475000381469727,80900.0,16.475000381469727
2019-01-02,15.829999923706055,15.489999771118164,15.520000457763672,15.609999656677246,45100.0,15.609999656677246
2019-01-03,15.982999801635742,15.619999885559082,15.890000343322754,15.619999885559082,39800.0,15.619999885559082
2019-01-04,16.540000915527344,15.989999771118164,16.0,16.40999984741211,61400.0,16.40999984741211
2019-01-07,17.09000015258789,16.75,16.75,17.09000015258789,107300.0,17.09000015258789
2019-01-08,17.149999618530273,16.850000381469727,17.139999389648438,17.0049991607666,75300.0,17.0049991607666
2019-01-09,17.489999771118164,17.049999237060547,17.440000534057617,17.260000228881836,38000.0,17.260000228881836
2019-01-10,16.84000015258789,16.579999923706055,16.719999313354492,16.825000762939453,79800.0,16.825000762939453
2019-01-11,16.6200008392334,16.479999542236328,16.559999465942383,16.579999923706055,210900.0,16.579999923706055
2019-01-14,16.34000015258789,16.020000457763672,16.100000381469727,16.280000686645508,358200.0,16.280000686645508
2019-01-15,16.0,15.8100004196167,15.829999923706055,15.975000381469727,42600.0,15.975000381469727
2019-01-16,15.949999809265137,15.859999656677246,15.90999984741211,15.90999984741211,665000.0,15.90999984741211
2019-01-17,16.139999389648438,15.989999771118164,16.049999237060547,16.094999313354492,74600.0,16.094999313354492
2019-01-18,15.9399995803833,15.4399995803833,15.640000343322754,15.635000228881836,49700.0,15.635000228881836
2019-01-22,15.3100004196167,15.020000457763672,15.170000076293945,15.229999542236328,82400.0,15.229999542236328
2019-01-23,15.199999809265137,15.020000457763672,15.074999809265137,15.125,25600.0,15.125
2019-01-24,14.800000190734863,14.619999885559082,14.75,14.725000381469727,51200.0,14.725000381469727
2019-01-25,14.640000343322754,14.529999732971191,14.63599967956543,14.585000038146973,37100.0,14.585000038146973
2019-01-28,15.0600004196167,14.859999656677246,14.859999656677246,15.015000343322754,80800.0,15.015000343322754
2019-01-29,14.859999656677246,14.649999618530273,14.779999732971191,14.805000305175781,28600.0,14.805000305175781
2019-01-30,14.829999923706055,14.62399959564209,14.75,14.829999923706055,37400.0,14.829999923706055
2019-01-31,14.90999984741211,14.59000015258789,14.630000114440918,14.744999885559082,40700.0,14.744999885559082
2019-02-01,14.800000190734863,14.710000038146973,14.734999656677246,14.760000228881836,22900.0,14.760000228881836
2019-02-04,14.819999694824219,14.680000305175781,14.8100004196167,14.744999885559082,32900.0,14.744999885559082
2019-02-05,14.949999809265137,14.710000038146973,14.710000038146973,14.899999618530273,44500.0,14.899999618530273
2019-02-06,14.765000343322754,14.609999656677246,14.760000228881836,14.6899995803833,28600.0,14.6899995803833
2019-02-07,14.600000381469727,14.479999542236328,14.53499984741211,14.529999732971191,28100.0,14.529999732971191
2019-02-08,14.699999809265137,14.609999656677246,14.619999885559082,14.675000190734863,20300.0,14.675000190734863
2019-02-11,14.829999923706055,14.600000381469727,14.75,14.652999877929688,22400.0,14.652999877929688
2019-02-12,14.979999542236328,14.760000228881836,14.850000381469727,14.90999984741211,37600.0,14.90999984741211
2019-02-13,15.199999809265137,15.079999923706055,15.154999732971191,15.109999656677246,21400.0,15.109999656677246
2019-02-14,15.359999656677246,15.149999618530273,15.149999618530273,15.3100004196167,27800.0,15.3100004196167
2019-02-15,15.470000267028809,15.220000267028809,15.300000190734863,15.369999885559082,23100.0,15.369999885559082
2019-02-19,15.239999771118164,15.149999618530273,15.154999732971191,15.1899995803833,67600.0,15.1899995803833
2019-02-20,16.1200008392334,15.270000457763672,15.414999961853027,16.065000534057617,96600.0,16.065000534057617
2019-02-21,16.420000076293945,16.229999542236328,16.356000900268555,16.3700008392334,22400.0,16.3700008392334
2019-02-22,16.43000030517578,15.954999923706055,15.970000267028809,16.354999542236328,720500.0,16.354999542236328
2019-02-25,17.729999542236328,16.71500015258789,16.860000610351562,17.415000915527344,53100.0,17.415000915527344
2019-02-26,17.59000015258789,17.25,17.350000381469727,17.524999618530273,95200.0,17.524999618530273
2019-02-27,17.34000015258789,17.170000076293945,17.30500030517578,17.225000381469727,53600.0,17.225000381469727
2019-02-28,17.65999984741211,17.290000915527344,17.399999618530273,17.329999923706055,15400.0,17.329999923706055
2019-03-01,17.81999969482422,17.639999389648438,17.649999618530273,17.764999389648438,24300.0,17.764999389648438
2019-03-04,18.1299991607666,17.899999618530273,18.059999465942383,17.93000030517578,21300.0,17.93000030517578
2019-03-05,17.93000030517578,17.760000228881836,17.799999237060547,17.905000686645508,21700.0,17.905000686645508
2019-03-06,17.889999389648438,17.68000030517578,17.889999389648438,17.709999084472656,59500.0,17.709999084472656
2019-03-07,17.600000381469727,17.299999237060547,17.540000915527344,17.344999313354492,15800.0,17.344999313354492
2019-03-08,17.350000381469727,17.219999313354492,17.299999237060547,17.290000915527344,21000.0,17.290000915527344
2019-03-11,17.309999465942383,17.073999404907227,17.235000610351562,17.270000457763672,80400.0,17.270000457763672
2019-03-12,17.309999465942383,17.200000762939453,17.309999465942383,17.2549991607666,21300.0,17.2549991607666
2019-03-13,17.299999237060547,17.15999984741211,17.18000030517578,17.25,29500.0,17.25
2019-03-14,17.350000381469727,17.270000457763672,17.270000457763672,17.315000534057617,22200.0,17.315000534057617
2019-03-15,17.200000762939453,17.079999923706055,17.155000686645508,17.104999542236328,17300.0,17.104999542236328
2019-03-18,17.25,17.010000228881836,17.25,17.03499984741211,17600.0,17.03499984741211
2019-03-19,17.239999771118164,17.0,17.1299991607666,17.024999618530273,42500.0,17.024999618530273
2019-03-20,17.860000610351562,17.520000457763672,17.56999969482422,17.739999771118164,23700.0,17.739999771118164
2019-03-21,17.600000381469727,17.53499984741211,17.579999923706055,17.584999084472656,9600.0,17.584999084472656
2019-03-22,17.610000610351562,17.440000534057617,17.53499984741211,17.4950008392334,17800.0,17.4950008392334
2019-03-25,17.520000457763672,17.350000381469727,17.420000076293945,17.459999084472656,37900.0,17.459999084472656
2019-03-26,17.860000610351562,17.690000534057617,17.84000015258789,17.725000381469727,21800.0,17.725000381469727
2019-03-27,17.65999984741211,17.424999237060547,17.59000015258789,17.475000381469727,22000.0,17.475000381469727
2019-03-28,17.700000762939453,17.485000610351562,17.65999984741211,17.6200008392334,26400.0,17.6200008392334
2019-03-29,17.486000061035156,17.371999740600586,17.454999923706055,17.440000534057617,22600.0,17.440000534057617
2019-04-01,17.850000381469727,17.7549991607666,17.7549991607666,17.815000534057617,26900.0,17.815000534057617
2019-04-02,17.829999923706055,17.704999923706055,17.739999771118164,17.825000762939453,31200.0,17.825000762939453
2019-04-03,17.780000686645508,17.639999389648438,17.649999618530273,17.739999771118164,12500.0,17.739999771118164
2019-04-04,17.75,17.600000381469727,17.600000381469727,17.729999542236328,18800.0,17.729999542236328
2019-04-05,18.09000015258789,17.8799991607666,17.950000762939453,17.920000076293945,12200.0,17.920000076293945
2019-04-08,17.889999389648438,17.700000762939453,17.850000381469727,17.7450008392334,37100.0,17.7450008392334
2019-04-09,17.739999771118164,17.510000228881836,17.649999618530273,17.665000915527344,150400.0,17.665000915527344
2019-04-10,17.899999618530273,17.649999618530273,17.68000030517578,17.864999771118164,174300.0,17.864999771118164
2019-04-11,17.700000762939453,17.5,17.649999618530273,17.53499984741211,56300.0,17.53499984741211
2019-04-12,17.610000610351562,17.475000381469727,17.485000610351562,17.520000457763672,15500.0,17.520000457763672
2019-04-15,17.579999923706055,17.399999618530273,17.559999465942383,17.5,20800.0,17.5
2019-04-16,17.25,16.969999313354492,17.25,17.024999618530273,34100.0,17.024999618530273
2019-04-17,17.09000015258789,16.90999984741211,17.075000762939453,16.940000534057617,20400.0,16.940000534057617
2019-04-18,17.010000228881836,16.799999237060547,16.924999237060547,16.905000686645508,28500.0,16.905000686645508
2019-04-22,17.09000015258789,16.809999465942383,16.899999618530273,17.06999969482422,32400.0,17.06999969482422
2019-04-23,17.020000457763672,16.760000228881836,16.760000228881836,17.020000457763672,26100.0,17.020000457763672
2019-04-24,16.850000381469727,16.709999084472656,16.850000381469727,16.809999465942383,18200.0,16.809999465942383
2019-04-25,16.649999618530273,16.523000717163086,16.579999923706055,16.530000686645508,17100.0,16.530000686645508
2019-04-26,16.969999313354492,16.815000534057617,16.959999084472656,16.940000534057617,30000.0,16.940000534057617
2019-04-29,17.09000015258789,16.809999465942383,16.827999114990234,17.03499984741211,27300.0,17.03499984741211
2019-04-30,16.75,16.639999389648438,16.670000076293945,16.709999084472656,29200.0,16.709999084472656
2019-05-01,16.75,16.489999771118164,16.59000015258789,16.540000915527344,26500.0,16.540000915527344
2019-05-02,16.5,16.389999389648438,16.440000534057617,16.420000076293945,20600.0,16.420000076293945
2019-05-03,16.75,16.606000900268555,16.695999145507812,16.75,38400.0,16.75
2019-05-06,16.719999313354492,16.399999618530273,16.40399932861328,16.719999313354492,18500.0,16.719999313354492
2019-05-07,16.610000610351562,16.360000610351562,16.579999923706055,16.3700008392334,21900.0,16.3700008392334
2019-05-08,16.799999237060547,16.420000076293945,16.799999237060547,16.639999389648438,27400.0,16.639999389648438
2019-05-09,16.540000915527344,16.329999923706055,16.399999618530273,16.540000915527344,29900.0,16.540000915527344
2019-05-10,16.65999984741211,16.3799991607666,16.489999771118164,16.65999984741211,59000.0,16.65999984741211
2019-05-13,16.440000534057617,16.329999923706055,16.399999618530273,16.3700008392334,55900.0,16.3700008392334
2019-05-14,16.860000610351562,16.687999725341797,16.687999725341797,16.760000228881836,30800.0,16.760000228881836
2019-05-15,16.90999984741211,16.540000915527344,16.540000915527344,16.709999084472656,21300.0,16.709999084472656
2019-05-16,17.299999237060547,17.0,17.0,17.200000762939453,25300.0,17.200000762939453
2019-05-17,17.25,17.170000076293945,17.172000885009766,17.204999923706055,24300.0,17.204999923706055
2019-05-20,17.395000457763672,17.270000457763672,17.329999923706055,17.31999969482422,22500.0,17.31999969482422
2019-05-21,18.0,17.684999465942383,17.770000457763672,17.95199966430664,24600.0,17.95199966430664
2019-05-22,18.1200008392334,17.959999084472656,17.959999084472656,18.100000381469727,18300.0,18.100000381469727
2019-05-23,18.049999237060547,17.850000381469727,17.850000381469727,17.989999771118164,24200.0,17.989999771118164
2019-05-24,18.530000686645508,18.378000259399414,18.479999542236328,18.450000762939453,12300.0,18.450000762939453
2019-05-28,18.260000228881836,18.06999969482422,18.15999984741211,18.15999984741211,21200.0,18.15999984741211
2019-05-29,17.260000228881836,17.100000381469727,17.209999084472656,17.204999923706055,39300.0,17.204999923706055
2019-05-30,17.280000686645508,17.190000534057617,17.219999313354492,17.219999313354492,30400.0,17.219999313354492
2019-05-31,17.399999618530273,17.040000915527344,17.1200008392334,17.399999618530273,104900.0,17.399999618530273
2019-06-03,17.6299991607666,17.239999771118164,17.239999771118164,17.510000228881836,54000.0,17.510000228881836
2019-06-04,17.25,17.06399917602539,17.106000900268555,17.25,43300.0,17.25
2019-06-05,17.270000457763672,17.149999618530273,17.200000762939453,17.15999984741211,35400.0,17.15999984741211
2019-06-06,17.450000762939453,17.229999542236328,17.229999542236328,17.389999389648438,29900.0,17.389999389648438
2019-06-07,17.90999984741211,17.690000534057617,17.704999923706055,17.84000015258789,23500.0,17.84000015258789
2019-06-10,17.940000534057617,17.770000457763672,17.770000457763672,17.881999969482422,31700.0,17.881999969482422
2019-06-11,18.3799991607666,18.200000762939453,18.329999923706055,18.299999237060547,26900.0,18.299999237060547
2019-06-12,18.43000030517578,18.261999130249023,18.43000030517578,18.309999465942383,38100.0,18.309999465942383
2019-06-13,18.100000381469727,17.969999313354492,17.969999313354492,18.072999954223633,30000.0,18.072999954223633
2019-06-14,17.829999923706055,17.700000762939453,17.799999237060547,17.739999771118164,16700.0,17.739999771118164
2019-06-17,18.0,17.700000762939453,17.700000762939453,17.920000076293945,22000.0,17.920000076293945
2019-06-18,18.239999771118164,18.110000610351562,18.124000549316406,18.19499969482422,26400.0,18.19499969482422
2019-06-19,18.489999771118164,18.229999542236328,18.229999542236328,18.459999084472656,16200.0,18.459999084472656
2019-06-20,18.489999771118164,18.31999969482422,18.450000762939453,18.3799991607666,23700.0,18.3799991607666
2019-06-21,18.389999389648438,18.15999984741211,18.15999984741211,18.389999389648438,21500.0,18.389999389648438
2019-06-24,18.399999618530273,18.25,18.329999923706055,18.3799991607666,14000.0,18.3799991607666
2019-06-25,18.260000228881836,18.040000915527344,18.100000381469727,18.104999542236328,33800.0,18.104999542236328
2019-06-26,17.940000534057617,17.790000915527344,17.940000534057617,17.8700008392334,31300.0,17.8700008392334
2019-06-27,18.3799991607666,17.46500015258789,17.600000381469727,17.899999618530273,36700.0,17.899999618530273
2019-06-28,18.479999542236328,18.40999984741211,18.450000762939453,18.474000930786133,37800.0,18.474000930786133
2019-07-01,18.5,18.280000686645508,18.40999984741211,18.299999237060547,26000.0,18.299999237060547
2019-07-02,18.25,18.149999618530273,18.218000411987305,18.25,18100.0,18.25
2019-07-03,18.68000030517578,18.520000457763672,18.520000457763672,18.68000030517578,15000.0,18.68000030517578
2019-07-05,18.18000030517578,18.059999465942383,18.149999618530273,18.139999389648438,13000.0,18.139999389648438
2019-07-08,19.0,17.829999923706055,17.913000106811523,19.0,14100.0,19.0
2019-07-09,18.040000915527344,17.709999084472656,17.709999084472656,18.040000915527344,24400.0,18.040000915527344
2019-07-10,18.104000091552734,18.020000457763672,18.03499984741211,18.09000015258789,16600.0,18.09000015258789
2019-07-11,18.18000030517578,17.979999542236328,18.167999267578125,18.040000915527344,17300.0,18.040000915527344
2019-07-12,18.81999969482422,17.600000381469727,17.600000381469727,18.81999969482422,38300.0,18.81999969482422
2019-07-15,18.049999237060547,17.719999313354492,17.719999313354492,18.049999237060547,36600.0,18.049999237060547
2019-07-16,18.350000381469727,18.170000076293945,18.350000381469727,18.190000534057617,26100.0,18.190000534057617
2019-07-17,18.350000381469727,18.229999542236328,18.239999771118164,18.350000381469727,13100.0,18.350000381469727
2019-07-18,18.440000534057617,17.719999313354492,18.25,18.0,5894500.0,18.0
2019-07-19,18.350000381469727,18.020000457763672,18.280000686645508,18.030000686645508,1011900.0,18.030000686645508
2019-07-22,18.299999237060547,18.06999969482422,18.200000762939453,18.139999389648438,1561400.0,18.139999389648438
2019-07-23,18.15999984741211,17.940000534057617,18.1200008392334,18.049999237060547,1050100.0,18.049999237060547
2019-07-24,18.54800033569336,18.290000915527344,18.5,18.350000381469727,2832400.0,18.350000381469727
2019-07-25,18.583999633789062,18.270000457763672,18.540000915527344,18.3799991607666,318400.0,18.3799991607666
2019-07-26,18.649999618530273,18.40999984741211,18.510000228881836,18.59000015258789,392300.0,18.59000015258789
2019-07-29,18.8700008392334,18.53499984741211,18.700000762939453,18.809999465942383,395300.0,18.809999465942383
2019-07-30,18.709999084472656,18.312999725341797,18.610000610351562,18.600000381469727,416400.0,18.600000381469727
2019-07-31,18.690000534057617,18.25,18.489999771118164,18.290000915527344,799200.0,18.290000915527344
2019-08-01,18.58300018310547,18.31999969482422,18.43000030517578,18.450000762939453,200900.0,18.450000762939453
2019-08-02,18.5,18.170000076293945,18.440000534057617,18.290000915527344,164500.0,18.290000915527344
2019-08-05,18.43000030517578,17.8799991607666,18.399999618530273,18.020000457763672,473200.0,18.020000457763672
2019-08-06,18.485000610351562,18.190000534057617,18.43000030517578,18.3700008392334,655700.0,18.3700008392334
2019-08-07,18.610000610351562,18.190000534057617,18.299999237060547,18.56999969482422,265100.0,18.56999969482422
2019-08-08,18.969999313354492,18.68000030517578,18.790000915527344,18.809999465942383,551800.0,18.809999465942383
2019-08-09,19.049999237060547,18.84000015258789,19.0,18.940000534057617,377100.0,18.940000534057617
2019-08-12,19.260000228881836,18.950000762939453,19.260000228881836,19.139999389648438,917900.0,19.139999389648438
2019-08-13,19.959999084472656,19.48200035095215,19.649999618530273,19.899999618530273,1281600.0,19.899999618530273
2019-08-14,21.020000457763672,19.299999237060547,19.549999237060547,20.600000381469727,879400.0,20.600000381469727
2019-08-15,21.450000762939453,19.739999771118164,19.950000762939453,19.889999389648438,709000.0,19.889999389648438
2019-08-16,20.25,19.889999389648438,19.940000534057617,20.030000686645508,239400.0,20.030000686645508
2019-08-19,20.40999984741211,20.215999603271484,20.229999542236328,20.34000015258789,110300.0,20.34000015258789
2019-08-20,20.389999389648438,20.139999389648438,20.3700008392334,20.18000030517578,80200.0,20.18000030517578
2019-08-21,20.479999542236328,20.260000228881836,20.3700008392334,20.360000610351562,146700.0,20.360000610351562
2019-08-22,20.510000228881836,20.299999237060547,20.510000228881836,20.399999618530273,103900.0,20.399999618530273
2019-08-23,20.489999771118164,20.040000915527344,20.25,20.110000610351562,167000.0,20.110000610351562
2019-08-26,20.40399932861328,20.190000534057617,20.3799991607666,20.280000686645508,150700.0,20.280000686645508
2019-08-27,20.43000030517578,20.229999542236328,20.309999465942383,20.31999969482422,125200.0,20.31999969482422
2019-08-28,20.31999969482422,20.170000076293945,20.219999313354492,20.270000457763672,109800.0,20.270000457763672
2019-08-29,20.190000534057617,20.010000228881836,20.149999618530273,20.049999237060547,102300.0,20.049999237060547
2019-08-30,20.670000076293945,20.280000686645508,20.559999465942383,20.3799991607666,86100.0,20.3799991607666
2019-09-03,21.15999984741211,20.729999542236328,20.739999771118164,21.1299991607666,180300.0,21.1299991607666
2019-09-04,21.40999984741211,21.1299991607666,21.209999084472656,21.3799991607666,164600.0,21.3799991607666
2019-09-05,21.200000762939453,21.00200080871582,21.200000762939453,21.049999237060547,117600.0,21.049999237060547
2019-09-06,20.93000030517578,20.729999542236328,20.780000686645508,20.860000610351562,86100.0,20.860000610351562
2019-09-09,20.65999984741211,20.479999542236328,20.6299991607666,20.549999237060547,91500.0,20.549999237060547
2019-09-10,19.739999771118164,19.34000015258789,19.469999313354492,19.68000030517578,251000.0,19.68000030517578
2019-09-11,19.93000030517578,19.739999771118164,19.780000686645508,19.889999389648438,821400.0,19.889999389648438
2019-09-12,20.450000762939453,20.209999084472656,20.270000457763672,20.3700008392334,156200.0,20.3700008392334
2019-09-13,20.360000610351562,19.940000534057617,20.1299991607666,20.059999465942383,484600.0,20.059999465942383
2019-09-16,20.420000076293945,20.010000228881836,20.31999969482422,20.100000381469727,220200.0,20.100000381469727
2019-09-17,20.229999542236328,20.040000915527344,20.149999618530273,20.149999618530273,172000.0,20.149999618530273
2019-09-18,20.829999923706055,20.43000030517578,20.43000030517578,20.489999771118164,260500.0,20.489999771118164
2019-09-19,20.469999313354492,20.270000457763672,20.31999969482422,20.270000457763672,147100.0,20.270000457763672
2019-09-20,20.579999923706055,20.389999389648438,20.389999389648438,20.459999084472656,138600.0,20.459999084472656
2019-09-23,20.75,20.59000015258789,20.670000076293945,20.59000015258789,169200.0,20.59000015258789
2019-09-24,20.864999771118164,20.643999099731445,20.739999771118164,20.729999542236328,129100.0,20.729999542236328
2019-09-25,20.68000030517578,20.479999542236328,20.670000076293945,20.600000381469727,88200.0,20.600000381469727
2019-09-26,20.81999969482422,20.149999618530273,20.719999313354492,20.59000015258789,180600.0,20.59000015258789
2019-09-27,20.520000457763672,19.75,20.440000534057617,19.770000457763672,457900.0,19.770000457763672
2019-09-30,20.40999984741211,20.049999237060547,20.3700008392334,20.260000228881836,783600.0,20.260000228881836
2019-10-01,20.260000228881836,19.959999084472656,20.25,19.979999542236328,185700.0,19.979999542236328
2019-10-02,19.40999984741211,18.799999237060547,19.3799991607666,18.8799991607666,404500.0,18.8799991607666
2019-10-03,19.459999084472656,19.084999084472656,19.31999969482422,19.299999237060547,632200.0,19.299999237060547
2019-10-04,19.6200008392334,19.459999084472656,19.549999237060547,19.459999084472656,105400.0,19.459999084472656
2019-10-07,19.75,19.559999465942383,19.610000610351562,19.579999923706055,212700.0,19.579999923706055
2019-10-08,19.75,19.360000610351562,19.739999771118164,19.399999618530273,251800.0,19.399999618530273
2019-10-09,19.850000381469727,19.670000076293945,19.809999465942383,19.739999771118164,449600.0,19.739999771118164
2019-10-10,19.469999313354492,19.31999969482422,19.399999618530273,19.350000381469727,172300.0,19.350000381469727
2019-10-11,19.68000030517578,19.469999313354492,19.670000076293945,19.479999542236328,197100.0,19.479999542236328
2019-10-14,19.854999542236328,19.704999923706055,19.81999969482422,19.780000686645508,235100.0,19.780000686645508
2019-10-15,20.520000457763672,20.25,20.309999465942383,20.5,249400.0,20.5
2019-10-16,20.639999389648438,20.389999389648438,20.43000030517578,20.579999923706055,105100.0,20.579999923706055
2019-10-17,20.989999771118164,20.75,20.940000534057617,20.979999542236328,167000.0,20.979999542236328
2019-10-18,21.100000381469727,20.899999618530273,21.079999923706055,21.049999237060547,146500.0,21.049999237060547
2019-10-21,20.809999465942383,20.600000381469727,20.75,20.700000762939453,126600.0,20.700000762939453
2019-10-22,21.420000076293945,21.030000686645508,21.030000686645508,21.309999465942383,195600.0,21.309999465942383
2019-10-23,21.100000381469727,20.770000457763672,20.780000686645508,21.030000686645508,645600.0,21.030000686645508
2019-10-24,21.190000534057617,20.989999771118164,21.010000228881836,21.18000030517578,74100.0,21.18000030517578
2019-10-25,21.25,21.010000228881836,21.030000686645508,21.09000015258789,126100.0,21.09000015258789
2019-10-28,21.3799991607666,21.030000686645508,21.040000915527344,21.31999969482422,80800.0,21.31999969482422
2019-10-29,21.540000915527344,21.18000030517578,21.219999313354492,21.5,142100.0,21.5
2019-10-30,21.760000228881836,21.5,21.520000457763672,21.610000610351562,130800.0,21.610000610351562
2019-10-31,21.850000381469727,21.40999984741211,21.489999771118164,21.850000381469727,104500.0,21.850000381469727
2019-11-01,22.170000076293945,21.790000915527344,21.809999465942383,22.1299991607666,98600.0,22.1299991607666
2019-11-04,22.200000762939453,21.899999618530273,22.18000030517578,21.969999313354492,112600.0,21.969999313354492
2019-11-05,21.700000762939453,21.43000030517578,21.6299991607666,21.639999389648438,681000.0,21.639999389648438
2019-11-06,22.190000534057617,21.385000228881836,21.790000915527344,21.959999084472656,184200.0,21.959999084472656
2019-11-07,22.18000030517578,21.979999542236328,22.1299991607666,22.020000457763672,270800.0,22.020000457763672
2019-11-08,22.079999923706055,21.889999389648438,21.899999618530273,22.079999923706055,121800.0,22.079999923706055
2019-11-11,22.18000030517578,22.049999237060547,22.049999237060547,22.15999984741211,102400.0,22.15999984741211
2019-11-12,22.125,21.8799991607666,21.8799991607666,22.010000228881836,147600.0,22.010000228881836
2019-11-13,22.350000381469727,22.15999984741211,22.290000915527344,22.280000686645508,110800.0,22.280000686645508
2019-11-14,22.1299991607666,21.780000686645508,21.989999771118164,22.059999465942383,102000.0,22.059999465942383
2019-11-15,22.399999618530273,22.049999237060547,22.079999923706055,22.34000015258789,137400.0,22.34000015258789
2019-11-18,22.84000015258789,22.520000457763672,22.520000457763672,22.700000762939453,215600.0,22.700000762939453
2019-11-19,22.739999771118164,22.3700008392334,22.43000030517578,22.579999923706055,175700.0,22.579999923706055
2019-11-20,22.55500030517578,22.139999389648438,22.420000076293945,22.260000228881836,206100.0,22.260000228881836
2019-11-21,22.540000915527344,22.309999465942383,22.469999313354492,22.520000457763672,138800.0,22.520000457763672
2019-11-22,22.78499984741211,22.542999267578125,22.65999984741211,22.719999313354492,120200.0,22.719999313354492
2019-11-25,24.5,23.049999237060547,23.059999465942383,23.780000686645508,545300.0,23.780000686645508
2019-11-26,23.899999618530273,23.459999084472656,23.479999542236328,23.549999237060547,505500.0,23.549999237060547
2019-11-27,23.614999771118164,23.3799991607666,23.399999618530273,23.559999465942383,197900.0,23.559999465942383
2019-11-29,23.479999542236328,23.350000381469727,23.389999389648438,23.40999984741211,93900.0,23.40999984741211
2019-12-02,23.809999465942383,23.434999465942383,23.6200008392334,23.649999618530273,264600.0,23.649999618530273
2019-12-03,23.850000381469727,23.56999969482422,23.670000076293945,23.799999237060547,229400.0,23.799999237060547
2019-12-04,24.280000686645508,24.079999923706055,24.229999542236328,24.139999389648438,154900.0,24.139999389648438
2019-12-05,24.15999984741211,23.950000762939453,24.139999389648438,24.1200008392334,217400.0,24.1200008392334
2019-12-06,24.040000915527344,23.760000228881836,24.040000915527344,23.799999237060547,191300.0,23.799999237060547
2019-12-09,24.059999465942383,23.31999969482422,23.3700008392334,24.010000228881836,332400.0,24.010000228881836
2019-12-10,23.549999237060547,23.059999465942383,23.459999084472656,23.06999969482422,308800.0,23.06999969482422
2019-12-11,23.1200008392334,22.84000015258789,23.049999237060547,22.959999084472656,228900.0,22.959999084472656
2019-12-12,22.6299991607666,21.899999618530273,22.559999465942383,22.209999084472656,354200.0,22.209999084472656
2019-12-13,22.190000534057617,21.84000015258789,21.8700008392334,22.170000076293945,365900.0,22.170000076293945
2019-12-16,22.475000381469727,21.81999969482422,22.329999923706055,21.969999313354492,628000.0,21.969999313354492
2019-12-17,22.649999618530273,21.989999771118164,22.239999771118164,22.350000381469727,556200.0,22.350000381469727
2019-12-18,21.94499969482422,21.610000610351562,21.829999923706055,21.770000457763672,379800.0,21.770000457763672
2019-12-19,21.84000015258789,21.700000762939453,21.799999237060547,21.799999237060547,120800.0,21.799999237060547
2019-12-20,21.8799991607666,21.600000381469727,21.790000915527344,21.700000762939453,846800.0,21.700000762939453
2019-12-23,22.420000076293945,21.729999542236328,21.780000686645508,22.31999969482422,403900.0,22.31999969482422
2019-12-24,22.6200008392334,22.139999389648438,22.329999923706055,22.579999923706055,243500.0,22.579999923706055
2019-12-26,22.639999389648438,22.170000076293945,22.579999923706055,22.200000762939453,176000.0,22.200000762939453
2019-12-27,22.440000534057617,22.219999313354492,22.329999923706055,22.270000457763672,234700.0,22.270000457763672
2019-12-30,22.350000381469727,22.059999465942383,22.329999923706055,22.100000381469727,116700.0,22.100000381469727
2019-12-31,22.3700008392334,22.030000686645508,22.100000381469727,22.329999923706055,100800.0,22.329999923706055
2020-01-02,22.520000457763672,22.1299991607666,22.489999771118164,22.299999237060547,112300.0,22.299999237060547
2020-01-03,21.829999923706055,21.459999084472656,21.59000015258789,21.489999771118164,317600.0,21.489999771118164
2020-01-06,21.440000534057617,21.18000030517578,21.40999984741211,21.389999389648438,300300.0,21.389999389648438
2020-01-07,21.90999984741211,21.670000076293945,21.889999389648438,21.84000015258789,149300.0,21.84000015258789
2020-01-08,22.079999923706055,21.780000686645508,21.829999923706055,21.81999969482422,145700.0,21.81999969482422
2020-01-09,22.68000030517578,22.25,22.25,22.670000076293945,175500.0,22.670000076293945
2020-01-10,22.889999389648438,22.469999313354492,22.510000228881836,22.700000762939453,201900.0,22.700000762939453
2020-01-13,22.829999923706055,22.450000762939453,22.549999237060547,22.649999618530273,403200.0,22.649999618530273
2020-01-14,22.559999465942383,22.190000534057617,22.309999465942383,22.440000534057617,235900.0,22.440000534057617
2020-01-15,23.309999465942383,22.649999618530273,22.649999618530273,23.079999923706055,388600.0,23.079999923706055
2020-01-16,23.049999237060547,22.56999969482422,22.6200008392334,22.81999969482422,483000.0,22.81999969482422
2020-01-17,22.760000228881836,22.549999237060547,22.6200008392334,22.75,272200.0,22.75
2020-01-21,22.729999542236328,22.5,22.520000457763672,22.579999923706055,172400.0,22.579999923706055
2020-01-22,23.200000762939453,22.889999389648438,22.950000762939453,23.1299991607666,257700.0,23.1299991607666
2020-01-23,23.010000228881836,22.75,22.8700008392334,22.979999542236328,183800.0,22.979999542236328
2020-01-24,22.860000610351562,22.510000228881836,22.739999771118164,22.56999969482422,170900.0,22.56999969482422
2020-01-27,22.540000915527344,22.229999542236328,22.299999237060547,22.3700008392334,275700.0,22.3700008392334
2020-01-28,22.600000381469727,22.31999969482422,22.350000381469727,22.489999771118164,322500.0,22.489999771118164
2020-01-29,23.1299991607666,22.700000762939453,22.809999465942383,23.010000228881836,234800.0,23.010000228881836
2020-01-30,23.290000915527344,23.010000228881836,23.139999389648438,23.229999542236328,221000.0,23.229999542236328
2020-01-31,23.329999923706055,23.020000457763672,23.149999618530273,23.209999084472656,191900.0,23.209999084472656
2020-02-03,23.530000686645508,23.209999084472656,23.25,23.450000762939453,198400.0,23.450000762939453
2020-02-04,23.719999313354492,23.489999771118164,23.610000610351562,23.600000381469727,430500.0,23.600000381469727
2020-02-05,24.239999771118164,23.899999618530273,23.979999542236328,24.100000381469727,423000.0,24.100000381469727
2020-02-06,24.309999465942383,23.860000610351562,23.93000030517578,24.299999237060547,769800.0,24.299999237060547
2020-02-07,24.209999084472656,24.040000915527344,24.09000015258789,24.1299991607666,343700.0,24.1299991607666
2020-02-10,24.225000381469727,23.940000534057617,24.0,24.190000534057617,152700.0,24.190000534057617
2020-02-11,24.450000762939453,24.18000030517578,24.229999542236328,24.329999923706055,187100.0,24.329999923706055
2020-02-12,24.010000228881836,23.829999923706055,24.0,23.84000015258789,238500.0,23.84000015258789
2020-02-13,23.979999542236328,23.559999465942383,23.6200008392334,23.8700008392334,275800.0,23.8700008392334
2020-02-14,23.990999221801758,23.670000076293945,23.729999542236328,23.8799991607666,268600.0,23.8799991607666
2020-02-18,24.3799991607666,23.940000534057617,24.09000015258789,24.06999969482422,543400.0,24.06999969482422
2020-02-19,24.700000762939453,23.0,23.709999084472656,24.260000228881836,988500.0,24.260000228881836
2020-02-20,25.139999389648438,24.31999969482422,24.700000762939453,25.010000228881836,986500.0,25.010000228881836
2020-02-21,25.420000076293945,24.6200008392334,24.670000076293945,25.219999313354492,777000.0,25.219999313354492
2020-02-24,24.84000015258789,24.510000228881836,24.540000915527344,24.65999984741211,395800.0,24.65999984741211
2020-02-25,24.6200008392334,24.280000686645508,24.3799991607666,24.309999465942383,442500.0,24.309999465942383
2020-02-26,24.209999084472656,23.858999252319336,23.969999313354492,24.0,431400.0,24.0
2020-02-27,23.959999084472656,23.290000915527344,23.540000915527344,23.3799991607666,448900.0,23.3799991607666
2020-02-28,22.790000915527344,22.229999542236328,22.469999313354492,22.780000686645508,437000.0,22.780000686645508
2020-03-02,24.110000610351562,23.0,23.149999618530273,24.040000915527344,585000.0,24.040000915527344
2020-03-03,23.920000076293945,23.059999465942383,23.649999618530273,23.209999084472656,467400.0,23.209999084472656
2020-03-04,24.170000076293945,23.46500015258789,23.610000610351562,24.1200008392334,374500.0,24.1200008392334
2020-03-05,24.135000228881836,23.625,23.690000534057617,23.829999923706055,168200.0,23.829999923706055
2020-03-06,23.610000610351562,23.010000228881836,23.299999237060547,23.510000228881836,339500.0,23.510000228881836
2020-03-09,23.030000686645508,21.3700008392334,21.979999542236328,21.440000534057617,343700.0,21.440000534057617
2020-03-10,22.573999404907227,21.540000915527344,22.40999984741211,22.299999237060547,489600.0,22.299999237060547
2020-03-11,21.309999465942383,20.399999618530273,21.110000610351562,20.530000686645508,481600.0,20.530000686645508
2020-03-12,18.649999618530273,17.719999313354492,18.479999542236328,18.354999542236328,489700.0,18.354999542236328
2020-03-13,19.9689998626709,18.170000076293945,19.93000030517578,19.860000610351562,505900.0,19.860000610351562
2020-03-16,17.479999542236328,16.239999771118164,16.360000610351562,17.149999618530273,945200.0,17.149999618530273
2020-03-17,17.989999771118164,16.739999771118164,17.010000228881836,17.860000610351562,696900.0,17.860000610351562
2020-03-18,17.424999237060547,16.65999984741211,16.90999984741211,17.290000915527344,708700.0,17.290000915527344
2020-03-19,18.719999313354492,17.459999084472656,17.520000457763672,18.5049991607666,507500.0,18.5049991607666
2020-03-20,19.559999465942383,18.979999542236328,19.1299991607666,19.229999542236328,888800.0,19.229999542236328
2020-03-23,19.020000457763672,18.06999969482422,18.979999542236328,18.399999618530273,606800.0,18.399999618530273
2020-03-24,19.729999542236328,19.149999618530273,19.25,19.5,516700.0,19.5
2020-03-25,20.39699935913086,19.670000076293945,20.059999465942383,20.010000228881836,266000.0,20.010000228881836
2020-03-26,20.299999237060547,19.56999969482422,19.579999923706055,20.25,500500.0,20.25
2020-03-27,20.399999618530273,19.729999542236328,19.950000762939453,20.100000381469727,300100.0,20.100000381469727
2020-03-30,20.520000457763672,19.93000030517578,20.0,20.479999542236328,463200.0,20.479999542236328
2020-03-31,21.639999389648438,20.09000015258789,20.31999969482422,21.190000534057617,1249200.0,21.190000534057617
2020-04-01,20.510000228881836,20.0,20.229999542236328,20.049999237060547,1035000.0,20.049999237060547
2020-04-02,20.40999984741211,19.6200008392334,19.850000381469727,20.299999237060547,575900.0,20.299999237060547
2020-04-03,20.549999237060547,19.790000915527344,19.969999313354492,20.219999313354492,723800.0,20.219999313354492
2020-04-06,21.770000457763672,20.93000030517578,20.989999771118164,21.540000915527344,726800.0,21.540000915527344
2020-04-07,21.80699920654297,20.989999771118164,21.59000015258789,21.020000457763672,494400.0,21.020000457763672
2020-04-08,21.8799991607666,21.229999542236328,21.420000076293945,21.700000762939453,290500.0,21.700000762939453
2020-04-09,22.59000015258789,21.895000457763672,22.100000381469727,22.360000610351562,561800.0,22.360000610351562
2020-04-13,22.450000762939453,21.950000762939453,22.309999465942383,22.0,575800.0,22.0
2020-04-14,22.25,21.649999618530273,21.68000030517578,22.200000762939453,747700.0,22.200000762939453
2020-04-15,22.079999923706055,21.6200008392334,21.770000457763672,21.899999618530273,478100.0,21.899999618530273
2020-04-16,22.18000030517578,21.799999237060547,21.84000015258789,22.139999389648438,491300.0,22.139999389648438
2020-04-17,23.190000534057617,22.530000686645508,22.6299991607666,22.979999542236328,615800.0,22.979999542236328
2020-04-20,23.110000610351562,22.610000610351562,22.729999542236328,22.68000030517578,773500.0,22.68000030517578
2020-04-21,23.280000686645508,22.610000610351562,22.959999084472656,22.829999923706055,644700.0,22.829999923706055
2020-04-22,23.597000122070312,23.059999465942383,23.219999313354492,23.43000030517578,529900.0,23.43000030517578
2020-04-23,24.139999389648438,23.489999771118164,23.530000686645508,23.489999771118164,637300.0,23.489999771118164
2020-04-24,24.110000610351562,23.790000915527344,23.899999618530273,24.0,738800.0,24.0
2020-04-27,24.34000015258789,23.8799991607666,24.149999618530273,24.170000076293945,883500.0,24.170000076293945
2020-04-28,24.600000381469727,23.90999984741211,24.600000381469727,24.010000228881836,397700.0,24.010000228881836
2020-04-29,24.239999771118164,23.84000015258789,23.940000534057617,24.030000686645508,423000.0,24.030000686645508
2020-04-30,24.399999618530273,23.875,24.040000915527344,24.329999923706055,329500.0,24.329999923706055
2020-05-01,25.100000381469727,24.299999237060547,24.309999465942383,25.0,926100.0,25.0
2020-05-04,24.520000457763672,24.1299991607666,24.200000762939453,24.469999313354492,1193000.0,24.469999313354492
2020-05-05,25.25,24.489999771118164,24.739999771118164,25.010000228881836,628500.0,25.010000228881836
2020-05-06,26.610000610351562,24.829999923706055,24.899999618530273,25.530000686645508,840100.0,25.530000686645508
2020-05-07,27.290000915527344,25.96299934387207,26.270000457763672,26.790000915527344,1259800.0,26.790000915527344
2020-05-08,27.920000076293945,27.239999771118164,27.510000228881836,27.520000457763672,857500.0,27.520000457763672
2020-05-11,28.68000030517578,27.270000457763672,27.389999389648438,28.25,1158300.0,28.25
2020-05-12,29.1299991607666,28.3799991607666,28.649999618530273,28.459999084472656,1036000.0,28.459999084472656
2020-05-13,29.040000915527344,28.040000915527344,28.200000762939453,28.389999389648438,2059800.0,28.389999389648438
2020-05-14,28.75,27.8700008392334,27.93000030517578,28.59000015258789,2796800.0,28.59000015258789
2020-05-15,28.75,28.25,28.350000381469727,28.670000076293945,890800.0,28.670000076293945
2020-05-18,29.6200008392334,29.030000686645508,29.139999389648438,29.399999618530273,1429700.0,29.399999618530273
2020-05-19,29.510000228881836,28.860000610351562,28.950000762939453,29.1200008392334,2250500.0,29.1200008392334
2020-05-20,30.139999389648438,28.18000030517578,29.65999984741211,28.3799991607666,1785700.0,28.3799991607666
2020-05-21,29.299999237060547,28.42099952697754,28.559999465942383,29.049999237060547,431400.0,29.049999237060547
2020-05-22,29.350000381469727,28.94499969482422,29.15999984741211,29.299999237060547,241700.0,29.299999237060547
2020-05-26,31.020000457763672,30.479999542236328,31.0,30.520000457763672,829200.0,30.520000457763672
2020-05-27,29.899999618530273,29.299999237060547,29.440000534057617,29.690000534057617,1322700.0,29.690000534057617
2020-05-28,31.29800033569336,30.43000030517578,30.520000457763672,30.969999313354492,1632400.0,30.969999313354492
2020-05-29,31.020000457763672,30.1299991607666,30.93000030517578,30.469999313354492,1019500.0,30.469999313354492
2020-06-01,30.90999984741211,30.34000015258789,30.81999969482422,30.790000915527344,782300.0,30.790000915527344
2020-06-02,30.09000015258789,29.549999237060547,30.020000457763672,29.790000915527344,2307900.0,29.790000915527344
2020-06-03,29.719999313354492,29.06999969482422,29.209999084472656,29.68000030517578,983700.0,29.68000030517578
2020-06-04,29.360000610351562,28.690000534057617,28.799999237060547,28.969999313354492,1902800.0,28.969999313354492
2020-06-05,29.809999465942383,29.041000366210938,29.34000015258789,29.079999923706055,607100.0,29.079999923706055
2020-06-08,28.799999237060547,27.93000030517578,28.25,28.479999542236328,1171800.0,28.479999542236328
2020-06-09,29.09000015258789,28.440000534057617,28.450000762939453,28.860000610351562,1479700.0,28.860000610351562
2020-06-10,30.610000610351562,29.600000381469727,30.15999984741211,30.219999313354492,4377500.0,30.219999313354492
2020-06-11,29.989999771118164,29.059999465942383,29.889999389648438,29.25,1494400.0,29.25
2020-06-12,30.299999237060547,29.280000686645508,30.219999313354492,29.860000610351562,767900.0,29.860000610351562
2020-06-15,31.309999465942383,29.97800064086914,30.270000457763672,31.110000610351562,1305300.0,31.110000610351562
2020-06-16,31.239999771118164,30.760000228881836,31.09000015258789,30.979999542236328,1241800.0,30.979999542236328
2020-06-17,32.11000061035156,31.100000381469727,31.15999984741211,31.75,1501000.0,31.75
2020-06-18,31.440000534057617,30.829999923706055,31.110000610351562,31.0,836000.0,31.0
2020-06-19,31.780000686645508,31.290000915527344,31.530000686645508,31.690000534057617,903100.0,31.690000534057617
2020-06-22,32.779998779296875,32.060001373291016,32.29999923706055,32.59000015258789,757200.0,32.59000015258789
2020-06-23,33.529998779296875,32.83399963378906,33.13999938964844,32.900001525878906,682200.0,32.900001525878906
2020-06-24,33.43000030517578,32.529998779296875,33.290000915527344,33.0,530800.0,33.0
2020-06-25,33.33000183105469,32.71900177001953,32.91999816894531,33.31999969482422,364100.0,33.31999969482422
2020-06-26,32.81999969482422,31.850000381469727,32.7599983215332,31.989999771118164,440100.0,31.989999771118164
2020-06-29,32.93000030517578,32.470001220703125,32.65999984741211,32.630001068115234,1692900.0,32.630001068115234
2020-06-30,33.9900016784668,33.099998474121094,33.220001220703125,33.88999938964844,1180100.0,33.88999938964844
2020-07-01,33.2599983215332,32.810001373291016,33.15999984741211,33.06999969482422,775500.0,33.06999969482422
2020-07-02,33.880001068115234,33.34000015258789,33.52000045776367,33.439998626708984,556300.0,33.439998626708984
2020-07-06,34.60499954223633,33.959999084472656,34.029998779296875,34.2599983215332,602200.0,34.2599983215332
2020-07-07,34.7599983215332,34.08000183105469,34.13999938964844,34.380001068115234,675700.0,34.380001068115234
2020-07-08,35.33000183105469,34.630001068115234,34.68000030517578,35.2400016784668,654700.0,35.2400016784668
2020-07-09,35.77000045776367,35.33000183105469,35.52000045776367,35.59000015258789,611900.0,35.59000015258789
2020-07-10,35.4900016784668,34.900001525878906,35.41999816894531,34.91999816894531,583400.0,34.91999816894531
2020-07-13,35.869998931884766,34.72999954223633,35.209999084472656,34.7400016784668,448500.0,34.7400016784668
2020-07-14,35.36000061035156,34.45000076293945,34.91999816894531,35.33000183105469,534800.0,35.33000183105469
2020-07-15,36.16999816894531,35.529998779296875,35.72999954223633,36.029998779296875,532400.0,36.029998779296875
2020-07-16,35.3380012512207,34.869998931884766,35.25,34.900001525878906,546300.0,34.900001525878906
2020-07-17,35.959999084472656,35.08000183105469,35.11000061035156,35.88999938964844,347700.0,35.88999938964844
2020-07-20,36.224998474121094,35.630001068115234,35.95000076293945,35.63999938964844,672100.0,35.63999938964844
2020-07-21,36.31999969482422,35.810001373291016,36.279998779296875,35.880001068115234,549600.0,35.880001068115234
2020-07-22,36.630001068115234,36.130001068115234,36.43000030517578,36.54999923706055,383900.0,36.54999923706055
2020-07-23,36.540000915527344,35.650001525878906,36.09000015258789,35.7599983215332,474600.0,35.7599983215332
2020-07-24,35.314998626708984,34.560001373291016,34.9900016784668,35.099998474121094,1732600.0,35.099998474121094
2020-07-27,35.7599983215332,35.32600021362305,35.47999954223633,35.63999938964844,1263900.0,35.63999938964844
2020-07-28,35.619998931884766,35.040000915527344,35.470001220703125,35.2599983215332,776500.0,35.2599983215332
2020-07-29,35.31999969482422,34.810001373291016,34.970001220703125,35.18000030517578,444900.0,35.18000030517578
2020-07-30,35.159000396728516,34.180999755859375,34.279998779296875,35.02000045776367,521000.0,35.02000045776367
2020-07-31,34.83000183105469,33.90999984741211,34.7400016784668,34.189998626708984,884600.0,34.189998626708984
2020-08-03,35.93000030517578,34.959999084472656,35.060001373291016,35.7599983215332,703500.0,35.7599983215332
2020-08-04,35.43000030517578,35.02000045776367,35.209999084472656,35.290000915527344,539600.0,35.290000915527344
2020-08-05,36.40999984741211,36.060001373291016,36.34000015258789,36.16999816894531,488700.0,36.16999816894531
2020-08-06,36.43000030517578,35.900001525878906,36.40999984741211,36.34000015258789,502700.0,36.34000015258789
2020-08-07,36.599998474121094,36.220001220703125,36.2599983215332,36.52000045776367,315200.0,36.52000045776367
2020-08-10,36.38999938964844,35.90999984741211,36.349998474121094,36.04999923706055,446300.0,36.04999923706055
2020-08-11,36.86000061035156,35.61000061035156,36.72999954223633,35.869998931884766,634000.0,35.869998931884766
2020-08-12,36.790000915527344,35.5099983215332,35.709999084472656,36.380001068115234,613900.0,36.380001068115234
2020-08-13,38.279998779296875,37.11000061035156,37.13999938964844,37.970001220703125,1119000.0,37.970001220703125
2020-08-14,37.099998474121094,36.58000183105469,36.90999984741211,36.91999816894531,706700.0,36.91999816894531
2020-08-17,37.83000183105469,36.790000915527344,36.790000915527344,37.529998779296875,739600.0,37.529998779296875
2020-08-18,37.189998626708984,36.459999084472656,37.0,37.02000045776367,505100.0,37.02000045776367
2020-08-19,37.279998779296875,36.65999984741211,37.220001220703125,36.720001220703125,266600.0,36.720001220703125
2020-08-20,37.5099983215332,37.04999923706055,37.20000076293945,37.349998474121094,382900.0,37.349998474121094
2020-08-21,38.290000915527344,37.5099983215332,37.619998931884766,38.22999954223633,409400.0,38.22999954223633
2020-08-24,38.16999816894531,37.15999984741211,38.040000915527344,37.349998474121094,589000.0,37.349998474121094
2020-08-25,36.86000061035156,36.43000030517578,36.54999923706055,36.619998931884766,1147300.0,36.619998931884766
2020-08-26,37.81999969482422,37.349998474121094,37.47999954223633,37.72999954223633,420600.0,37.72999954223633
2020-08-27,37.4900016784668,36.630001068115234,37.459999084472656,36.81999969482422,377900.0,36.81999969482422
2020-08-28,37.290000915527344,36.900001525878906,37.290000915527344,37.20000076293945,256200.0,37.20000076293945
2020-08-31,38.08000183105469,37.11000061035156,37.16999816894531,37.7599983215332,281300.0,37.7599983215332
2020-09-01,38.56999969482422,37.31999969482422,38.540000915527344,37.56999969482422,335600.0,37.56999969482422
2020-09-02,37.4900016784668,36.7400016784668,37.29999923706055,37.4900016784668,279300.0,37.4900016784668
2020-09-03,36.790000915527344,35.220001220703125,36.790000915527344,35.58000183105469,713200.0,35.58000183105469
2020-09-04,35.2400016784668,34.0099983215332,35.13999938964844,35.02000045776367,907400.0,35.02000045776367
2020-09-08,35.099998474121094,34.11000061035156,34.26499938964844,34.63999938964844,486000.0,34.63999938964844
2020-09-09,36.185001373291016,35.5099983215332,35.599998474121094,35.93000030517578,337000.0,35.93000030517578
2020-09-10,36.060001373291016,35.130001068115234,35.77000045776367,35.220001220703125,419000.0,35.220001220703125
2020-09-11,35.90999984741211,35.33000183105469,35.459999084472656,35.540000915527344,365200.0,35.540000915527344
2020-09-14,36.47999954223633,35.900001525878906,35.900001525878906,36.08000183105469,653300.0,36.08000183105469
2020-09-15,37.380001068115234,36.93000030517578,37.040000915527344,37.029998779296875,700500.0,37.029998779296875
2020-09-16,37.619998931884766,37.2599983215332,37.47999954223633,37.29999923706055,303500.0,37.29999923706055
2020-09-17,37.66999816894531,36.97999954223633,37.15999984741211,37.56999969482422,217600.0,37.56999969482422
2020-09-18,38.869998931884766,38.07500076293945,38.599998474121094,38.68000030517578,590100.0,38.68000030517578
2020-09-21,38.619998931884766,37.810001373291016,38.130001068115234,38.54999923706055,521700.0,38.54999923706055
2020-09-22,38.41999816894531,37.689998626708984,38.38999938964844,38.20000076293945,320600.0,38.20000076293945
2020-09-23,36.43000030517578,34.40999984741211,34.45000076293945,36.04999923706055,2360400.0,36.04999923706055
2020-09-24,35.65999984741211,34.75,35.540000915527344,34.9900016784668,746800.0,34.9900016784668
2020-09-25,36.18000030517578,35.150001525878906,35.22999954223633,36.02000045776367,375700.0,36.02000045776367
2020-09-28,37.04899978637695,36.45000076293945,36.68000030517578,36.95000076293945,933000.0,36.95000076293945
2020-09-29,37.68000030517578,36.94300079345703,37.16999816894531,37.33000183105469,1635000.0,37.33000183105469
2020-09-30,36.91999816894531,36.08000183105469,36.369998931884766,36.61000061035156,797100.0,36.61000061035156
2020-10-01,37.060001373291016,36.72999954223633,36.93000030517578,36.93000030517578,864300.0,36.93000030517578
2020-10-02,37.47999954223633,36.90999984741211,36.970001220703125,37.220001220703125,423900.0,37.220001220703125
2020-10-05,38.20000076293945,37.369998931884766,37.369998931884766,37.970001220703125,623800.0,37.970001220703125
2020-10-06,37.95000076293945,37.34000015258789,37.77000045776367,37.369998931884766,521200.0,37.369998931884766
2020-10-07,37.13999938964844,36.5099983215332,37.04999923706055,36.72999954223633,421700.0,36.72999954223633
2020-10-08,37.380001068115234,36.93000030517578,37.04999923706055,37.20000076293945,377200.0,37.20000076293945
2020-10-09,37.47999954223633,37.209999084472656,37.349998474121094,37.45000076293945,236100.0,37.45000076293945
2020-10-12,38.34000015258789,37.95000076293945,38.02000045776367,38.130001068115234,349900.0,38.130001068115234
2020-10-13,38.29999923706055,37.95000076293945,37.959999084472656,38.189998626708984,306900.0,38.189998626708984
2020-10-14,38.5,37.9900016784668,38.279998779296875,37.9900016784668,273100.0,37.9900016784668
2020-10-15,36.93000030517578,36.36000061035156,36.849998474121094,36.689998626708984,364400.0,36.689998626708984
2020-10-16,37.25,36.790000915527344,36.9900016784668,36.790000915527344,482900.0,36.790000915527344
2020-10-19,37.029998779296875,36.119998931884766,37.029998779296875,36.209999084472656,406500.0,36.209999084472656
2020-10-20,36.130001068115234,35.66400146484375,35.939998626708984,35.79999923706055,359000.0,35.79999923706055
2020-10-21,36.0099983215332,35.310001373291016,35.869998931884766,35.369998931884766,353400.0,35.369998931884766
2020-10-22,35.619998931884766,35.09000015258789,35.36000061035156,35.400001525878906,444200.0,35.400001525878906
2020-10-23,35.7400016784668,35.029998779296875,35.18000030517578,35.66999816894531,700500.0,35.66999816894531
2020-10-26,35.38999938964844,34.70000076293945,34.84000015258789,34.970001220703125,835000.0,34.970001220703125
2020-10-27,35.27000045776367,34.7599983215332,35.15999984741211,34.970001220703125,491200.0,34.970001220703125
2020-10-28,34.18000030517578,33.599998474121094,34.06999969482422,33.66999816894531,411600.0,33.66999816894531
2020-10-29,34.63999938964844,33.90999984741211,34.20000076293945,34.34000015258789,547500.0,34.34000015258789
2020-10-30,34.22999954223633,33.290000915527344,34.20000076293945,33.65999984741211,607300.0,33.65999984741211
2020-11-02,34.209999084472656,33.72999954223633,33.808998107910156,33.970001220703125,624100.0,33.970001220703125
2020-11-03,34.63999938964844,33.93000030517578,34.15999984741211,34.380001068115234,446400.0,34.380001068115234
2020-11-04,38.119998931884766,35.349998474121094,35.349998474121094,38.029998779296875,742600.0,38.029998779296875
2020-11-05,39.790000915527344,39.060001373291016,39.61000061035156,39.43000030517578,584000.0,39.43000030517578
2020-11-06,39.810001373291016,38.970001220703125,39.36000061035156,39.630001068115234,643200.0,39.630001068115234
2020-11-09,37.93000030517578,36.869998931884766,37.310001373291016,37.540000915527344,820000.0,37.540000915527344
2020-11-10,37.20500183105469,36.27000045776367,37.15999984741211,36.400001525878906,494100.0,36.400001525878906
2020-11-11,36.54399871826172,36.09000015258789,36.349998474121094,36.290000915527344,495200.0,36.290000915527344
2020-11-12,36.72999954223633,36.2400016784668,36.470001220703125,36.33000183105469,310700.0,36.33000183105469
2020-11-13,36.58000183105469,36.08000183105469,36.58000183105469,36.220001220703125,395900.0,36.220001220703125
2020-11-16,35.900001525878906,35.32699966430664,35.83000183105469,35.47999954223633,345700.0,35.47999954223633
2020-11-17,35.459999084472656,34.900001525878906,35.45000076293945,35.279998779296875,657700.0,35.279998779296875
2020-11-18,36.290000915527344,35.56999969482422,35.75,35.84000015258789,546800.0,35.84000015258789
2020-11-19,36.2599983215332,35.70000076293945,35.88999938964844,36.130001068115234,407700.0,36.130001068115234
2020-11-20,36.69499969482422,36.189998626708984,36.310001373291016,36.529998779296875,356000.0,36.529998779296875
2020-11-23,36.650001525878906,35.93000030517578,36.63999938964844,36.040000915527344,269000.0,36.040000915527344
2020-11-24,35.63999938964844,34.779998779296875,35.58000183105469,35.22999954223633,754900.0,35.22999954223633
2020-11-25,36.189998626708984,35.709999084472656,35.75,35.90999984741211,251100.0,35.90999984741211
2020-11-27,37.290000915527344,36.689998626708984,36.75,37.130001068115234,171300.0,37.130001068115234
2020-11-30,38.65999984741211,37.93000030517578,38.25,38.61000061035156,624400.0,38.61000061035156
2020-12-01,38.4900016784668,37.98500061035156,38.029998779296875,38.2400016784668,596000.0,38.2400016784668
2020-12-02,38.619998931884766,38.060001373291016,38.34000015258789,38.31999969482422,535700.0,38.31999969482422
2020-12-03,38.68000030517578,38.2599983215332,38.400001525878906,38.349998474121094,262600.0,38.349998474121094
2020-12-04,38.459999084472656,37.939998626708984,37.97999954223633,38.45000076293945,244600.0,38.45000076293945
2020-12-07,38.849998474121094,38.0099983215332,38.5,38.119998931884766,300200.0,38.119998931884766
2020-12-08,39.0,38.4900016784668,38.630001068115234,38.650001525878906,538200.0,38.650001525878906
2020-12-09,38.79999923706055,37.891998291015625,38.7599983215332,38.349998474121094,644900.0,38.349998474121094
2020-12-10,39.0,38.27000045776367,38.34000015258789,38.84000015258789,298600.0,38.84000015258789
2020-12-11,39.11000061035156,38.63999938964844,38.63999938964844,39.099998474121094,324600.0,39.099998474121094
2020-12-14,39.630001068115234,38.59000015258789,38.59000015258789,39.11000061035156,536400.0,39.11000061035156
2020-12-15,39.11399841308594,38.75,39.06999969482422,39.040000915527344,454900.0,39.040000915527344
2020-12-16,39.77000045776367,39.439998626708984,39.61000061035156,39.70000076293945,314100.0,39.70000076293945
2020-12-17,40.599998474121094,39.88999938964844,39.91999816894531,40.439998626708984,532700.0,40.439998626708984
2020-12-18,40.279998779296875,39.83000183105469,39.9900016784668,40.22999954223633,828300.0,40.22999954223633
2020-12-21,40.0,39.47999954223633,39.709999084472656,39.93000030517578,351600.0,39.93000030517578
2020-12-22,40.130001068115234,39.59000015258789,39.7599983215332,39.9900016784668,301600.0,39.9900016784668
2020-12-23,39.31999969482422,38.724998474121094,39.279998779296875,39.09000015258789,416600.0,39.09000015258789
2020-12-24,39.349998474121094,39.00699996948242,39.31999969482422,39.11000061035156,96500.0,39.11000061035156
2020-12-28,39.59000015258789,38.900001525878906,39.369998931884766,39.06999969482422,271800.0,39.06999969482422
2020-12-29,40.150001525878906,39.66999816894531,40.02000045776367,39.790000915527344,256800.0,39.790000915527344
2020-12-30,40.91999816894531,40.310001373291016,40.34000015258789,40.7599983215332,275700.0,40.7599983215332
2020-12-31,41.5,40.33000183105469,41.4900016784668,40.65999984741211,257500.0,40.65999984741211
2021-01-04,41.150001525878906,40.290000915527344,40.72999954223633,40.7599983215332,452000.0,40.7599983215332
2021-01-05,42.5,41.29999923706055,42.22999954223633,42.06999969482422,623500.0,42.06999969482422
2021-01-06,41.060001373291016,39.849998474121094,40.724998474121094,40.27000045776367,520000.0,40.27000045776367
2021-01-07,41.060001373291016,40.68000030517578,40.83000183105469,41.029998779296875,255700.0,41.029998779296875
2021-01-08,41.97999954223633,40.93000030517578,41.58000183105469,41.380001068115234,467500.0,41.380001068115234
2021-01-11,41.97999954223633,41.400001525878906,41.720001220703125,41.959999084472656,270100.0,41.959999084472656
2021-01-12,41.33000183105469,40.63999938964844,41.220001220703125,41.130001068115234,321100.0,41.130001068115234
2021-01-13,42.84000015258789,41.470001220703125,41.7400016784668,42.83000183105469,690200.0,42.83000183105469
2021-01-14,44.13999938964844,43.02000045776367,43.099998474121094,44.119998931884766,882300.0,44.119998931884766
2021-01-15,44.83000183105469,43.099998474121094,43.31999969482422,44.400001525878906,1276000.0,44.400001525878906
2021-01-19,44.400001525878906,43.849998474121094,44.189998626708984,44.33000183105469,789100.0,44.33000183105469
2021-01-20,44.060001373291016,43.12699890136719,43.939998626708984,43.2599983215332,853600.0,43.2599983215332
2021-01-21,43.4900016784668,42.97999954223633,43.40999984741211,43.06999969482422,441600.0,43.06999969482422
2021-01-22,43.36000061035156,43.0,43.22999954223633,43.060001373291016,547500.0,43.060001373291016
2021-01-25,43.20000076293945,42.06999969482422,43.029998779296875,42.70000076293945,781500.0,42.70000076293945
2021-01-26,42.970001220703125,42.029998779296875,42.970001220703125,42.060001373291016,548200.0,42.060001373291016
2021-01-27,40.790000915527344,39.7599983215332,40.619998931884766,40.22999954223633,1045700.0,40.22999954223633
2021-01-28,41.0,40.099998474121094,40.959999084472656,40.20000076293945,607100.0,40.20000076293945
2021-01-29,40.150001525878906,39.349998474121094,39.93000030517578,39.68000030517578,645700.0,39.68000030517578
2021-02-01,40.900001525878906,40.0099983215332,40.88999938964844,40.209999084472656,791500.0,40.209999084472656
2021-02-02,40.7599983215332,40.27000045776367,40.5099983215332,40.59000015258789,260800.0,40.59000015258789
2021-02-03,40.630001068115234,39.58000183105469,40.54999923706055,39.68000030517578,471800.0,39.68000030517578
2021-02-04,40.2400016784668,39.5,39.65999984741211,40.16999816894531,246300.0,40.16999816894531
2021-02-05,40.790000915527344,40.279998779296875,40.45000076293945,40.56999969482422,241800.0,40.56999969482422
