Date,High,Low,Open,Close,Volume,Adj Close
2016-02-08,17.229999542236328,16.969999313354492,17.059999465942383,17.200000762939453,8600.0,14.95287036895752
2016-02-09,17.110000610351562,16.8700008392334,16.8700008392334,17.09000015258789,4800.0,14.857237815856934
2016-02-10,17.139999389648438,16.959999084472656,17.079999923706055,17.09000015258789,6700.0,14.857237815856934
2016-02-11,16.850000381469727,16.31999969482422,16.850000381469727,16.700000762939453,13400.0,14.518192291259766
2016-02-12,16.809999465942383,16.510000228881836,16.530000686645508,16.6200008392334,1400.0,14.448641777038574
2016-02-16,18.100000381469727,17.5,17.790000915527344,17.989999771118164,9600.0,15.639656066894531
2016-02-17,18.049999237060547,17.969999313354492,18.049999237060547,17.969999313354492,7100.0,15.622271537780762
2016-02-18,18.399999618530273,18.1200008392334,18.149999618530273,18.149999618530273,6900.0,15.778755187988281
2016-02-19,18.360000610351562,18.309999465942383,18.329999923706055,18.309999465942383,7000.0,15.917851448059082
2016-02-22,18.299999237060547,18.110000610351562,18.299999237060547,18.1299991607666,4500.0,15.76136589050293
2016-02-23,18.739999771118164,18.420000076293945,18.59000015258789,18.59000015258789,3400.0,16.16126823425293
2016-02-24,17.40999984741211,16.850000381469727,17.100000381469727,17.3799991607666,195300.0,15.109353065490723
2016-02-25,18.18000030517578,17.600000381469727,17.600000381469727,17.780000686645508,48500.0,15.45709228515625
2016-02-26,17.799999237060547,17.56999969482422,17.719999313354492,17.59000015258789,6800.0,15.291914939880371
2016-02-29,17.149999618530273,16.90999984741211,17.09000015258789,16.920000076293945,153800.0,14.709450721740723
2016-03-01,17.309999465942383,17.100000381469727,17.110000610351562,17.280000686645508,32500.0,15.022414207458496
2016-03-02,17.25,17.020000457763672,17.200000762939453,17.170000076293945,40400.0,14.926785469055176
2016-03-03,17.299999237060547,17.100000381469727,17.149999618530273,17.270000457763672,93000.0,15.013721466064453
2016-03-04,17.5,17.190000534057617,17.200000762939453,17.270000457763672,20200.0,15.013721466064453
2016-03-07,17.540000915527344,17.270000457763672,17.309999465942383,17.489999771118164,71700.0,15.20498275756836
2016-03-08,17.579999923706055,17.299999237060547,17.459999084472656,17.299999237060547,38500.0,15.039804458618164
2016-03-09,17.479999542236328,17.299999237060547,17.309999465942383,17.450000762939453,15800.0,15.170206069946289
2016-03-10,17.450000762939453,17.200000762939453,17.360000610351562,17.239999771118164,46400.0,14.987642288208008
2016-03-11,17.350000381469727,17.15999984741211,17.260000228881836,17.200000762939453,62500.0,14.95287036895752
2016-03-14,18.43000030517578,17.969999313354492,18.1299991607666,18.270000457763672,297700.0,15.883076667785645
2016-03-15,18.309999465942383,17.950000762939453,18.1200008392334,18.040000915527344,22600.0,15.683120727539062
2016-03-16,18.389999389648438,17.8799991607666,18.0,18.299999237060547,46600.0,15.90915298461914
2016-03-17,18.530000686645508,18.200000762939453,18.389999389648438,18.280000686645508,10100.0,15.89177131652832
2016-03-18,18.639999389648438,18.25,18.459999084472656,18.459999084472656,29800.0,16.048246383666992
2016-03-21,18.239999771118164,18.059999465942383,18.229999542236328,18.239999771118164,4900.0,16.127830505371094
2016-03-22,18.290000915527344,18.100000381469727,18.100000381469727,18.209999084472656,16400.0,16.101306915283203
2016-03-23,18.309999465942383,17.989999771118164,18.229999542236328,17.989999771118164,8200.0,15.906781196594238
2016-03-24,18.1200008392334,17.93000030517578,17.940000534057617,18.1200008392334,5200.0,16.021728515625
2016-03-28,18.530000686645508,18.110000610351562,18.110000610351562,18.420000076293945,26100.0,16.286983489990234
2016-03-29,18.739999771118164,18.34000015258789,18.34000015258789,18.65999984741211,45400.0,16.499195098876953
2016-03-30,19.1299991607666,18.75,18.75,19.059999465942383,41700.0,16.852876663208008
2016-03-31,19.739999771118164,19.270000457763672,19.270000457763672,19.649999618530273,7800.0,17.37455177307129
2016-04-01,20.1200008392334,19.510000228881836,19.510000228881836,20.010000228881836,43600.0,17.6928653717041
2016-04-04,19.940000534057617,19.639999389648438,19.770000457763672,19.8799991607666,24800.0,17.577917098999023
2016-04-05,20.15999984741211,19.530000686645508,19.579999923706055,19.690000534057617,33400.0,17.40991973876953
2016-04-06,19.84000015258789,19.459999084472656,19.530000686645508,19.790000915527344,30100.0,17.49834632873535
2016-04-07,19.84000015258789,19.600000381469727,19.68000030517578,19.760000228881836,27300.0,17.47181510925293
2016-04-08,19.93000030517578,19.700000762939453,19.93000030517578,19.719999313354492,6700.0,17.436447143554688
2016-04-11,19.920000076293945,19.670000076293945,19.700000762939453,19.809999465942383,37100.0,17.516029357910156
2016-04-12,20.0,19.709999084472656,19.75,19.860000610351562,22900.0,17.56023597717285
2016-04-13,20.09000015258789,19.729999542236328,19.780000686645508,20.059999465942383,31200.0,17.737071990966797
2016-04-14,20.329999923706055,20.110000610351562,20.149999618530273,20.170000076293945,19300.0,17.834341049194336
2016-04-15,20.360000610351562,20.229999542236328,20.270000457763672,20.229999542236328,7600.0,17.88739013671875
2016-04-18,20.489999771118164,20.190000534057617,20.190000534057617,20.489999771118164,15800.0,18.117286682128906
2016-04-19,20.6299991607666,20.459999084472656,20.479999542236328,20.56999969482422,5300.0,18.188018798828125
2016-04-20,20.90999984741211,20.610000610351562,20.6200008392334,20.90999984741211,12300.0,18.4886474609375
2016-04-21,21.489999771118164,20.93000030517578,20.93000030517578,21.309999465942383,25500.0,18.842323303222656
2016-04-22,21.25,21.18000030517578,21.219999313354492,21.209999084472656,3900.0,18.75390625
2016-04-25,21.170000076293945,20.889999389648438,21.170000076293945,21.049999237060547,5600.0,18.612436294555664
2016-04-26,21.290000915527344,21.09000015258789,21.110000610351562,21.290000915527344,7500.0,18.82464599609375
2016-04-27,21.25,21.040000915527344,21.209999084472656,21.1299991607666,8400.0,18.683170318603516
2016-04-28,21.219999313354492,20.780000686645508,21.1200008392334,20.780000686645508,9400.0,18.373703002929688
2016-04-29,21.06999969482422,20.59000015258789,21.06999969482422,20.799999237060547,16500.0,18.39138412475586
2016-05-02,21.170000076293945,20.860000610351562,20.860000610351562,20.8700008392334,17000.0,18.45328140258789
2016-05-03,21.229999542236328,20.81999969482422,20.90999984741211,21.049999237060547,15500.0,18.612436294555664
2016-05-04,21.09000015258789,20.799999237060547,20.799999237060547,21.030000686645508,26000.0,18.59475326538086
2016-05-05,21.219999313354492,20.899999618530273,20.899999618530273,21.0,40300.0,18.568225860595703
2016-05-06,21.25,20.959999084472656,21.25,21.110000610351562,10100.0,18.665491104125977
2016-05-09,21.170000076293945,20.709999084472656,20.790000915527344,20.969999313354492,30700.0,18.541698455810547
2016-05-10,21.100000381469727,20.8799991607666,20.969999313354492,21.0,17300.0,18.568225860595703
2016-05-11,21.190000534057617,20.950000762939453,21.06999969482422,20.959999084472656,6100.0,18.53285789489746
2016-05-12,21.1299991607666,20.84000015258789,20.989999771118164,21.0,22400.0,18.568225860595703
2016-05-13,21.100000381469727,20.93000030517578,21.0,20.93000030517578,25800.0,18.506332397460938
2016-05-16,20.989999771118164,20.829999923706055,20.8799991607666,20.8799991607666,8300.0,18.462120056152344
2016-05-17,20.860000610351562,20.6200008392334,20.860000610351562,20.700000762939453,5700.0,18.302967071533203
2016-05-18,20.600000381469727,20.229999542236328,20.549999237060547,20.479999542236328,30500.0,18.108440399169922
2016-05-19,20.3700008392334,20.200000762939453,20.270000457763672,20.290000915527344,2800.0,17.94044303894043
2016-05-20,20.389999389648438,20.25,20.3700008392334,20.290000915527344,9200.0,17.94044303894043
2016-05-23,21.010000228881836,20.010000228881836,20.639999389648438,20.100000381469727,26000.0,17.77244758605957
2016-05-24,20.31999969482422,19.799999237060547,20.31999969482422,20.06999969482422,33300.0,17.74591636657715
2016-05-25,20.399999618530273,19.959999084472656,20.0,20.3799991607666,24000.0,18.02001953125
2016-05-26,20.81999969482422,20.06999969482422,20.479999542236328,20.780000686645508,38500.0,18.373703002929688
2016-05-27,21.420000076293945,20.969999313354492,20.969999313354492,21.190000534057617,43100.0,18.73622703552246
2016-05-31,21.889999389648438,20.780000686645508,21.030000686645508,21.84000015258789,56900.0,19.31095314025879
2016-06-01,22.079999923706055,21.280000686645508,21.760000228881836,21.989999771118164,59800.0,19.443588256835938
2016-06-02,22.1299991607666,21.5,21.610000610351562,22.010000228881836,27400.0,19.461265563964844
2016-06-03,22.219999313354492,21.8799991607666,22.110000610351562,22.219999313354492,23500.0,19.646949768066406
2016-06-06,22.420000076293945,22.0,22.200000762939453,22.270000457763672,70300.0,19.691160202026367
2016-06-07,22.270000457763672,22.0,22.209999084472656,22.030000686645508,58300.0,19.478954315185547
2016-06-08,22.239999771118164,21.920000076293945,22.0,22.229999542236328,318000.0,19.655794143676758
2016-06-09,22.200000762939453,22.0,22.030000686645508,22.020000457763672,12800.0,19.470108032226562
2016-06-10,22.5,21.889999389648438,21.969999313354492,21.889999389648438,6100.0,19.35516357421875
2016-06-13,22.170000076293945,21.81999969482422,21.81999969482422,22.0,28300.0,19.45242691040039
2016-06-14,21.989999771118164,21.440000534057617,21.940000534057617,21.979999542236328,55500.0,19.434741973876953
2016-06-15,22.149999618530273,21.770000457763672,21.899999618530273,21.969999313354492,7000.0,19.4259033203125
2016-06-16,22.100000381469727,21.799999237060547,21.799999237060547,22.0,29200.0,19.45242691040039
2016-06-17,22.399999618530273,21.8700008392334,22.0,22.399999618530273,37800.0,19.806106567382812
2016-06-20,22.3799991607666,22.06999969482422,22.25,22.06999969482422,8800.0,19.663551330566406
2016-06-21,22.200000762939453,21.8799991607666,22.200000762939453,21.950000762939453,30200.0,19.556640625
2016-06-22,22.31999969482422,21.8799991607666,21.8799991607666,22.1200008392334,20200.0,19.708101272583008
2016-06-23,22.31999969482422,22.1299991607666,22.139999389648438,22.200000762939453,14500.0,19.779380798339844
2016-06-24,22.040000915527344,21.700000762939453,21.700000762939453,22.0,20800.0,19.60118293762207
2016-06-27,21.899999618530273,21.43000030517578,21.6200008392334,21.899999618530273,63100.0,19.5120906829834
2016-06-28,22.170000076293945,21.920000076293945,22.0,22.010000228881836,77400.0,19.610095977783203
2016-06-29,22.149999618530273,21.969999313354492,22.010000228881836,22.110000610351562,34200.0,19.69919204711914
2016-06-30,22.690000534057617,22.040000915527344,22.040000915527344,22.690000534057617,31200.0,20.215953826904297
2016-07-01,23.5,20.139999389648438,22.600000381469727,23.100000381469727,15300.0,20.58124351501465
2016-07-05,23.420000076293945,23.0,23.100000381469727,23.200000762939453,13700.0,20.67034339904785
2016-07-06,23.3700008392334,22.799999237060547,23.100000381469727,23.18000030517578,11400.0,20.652524948120117
2016-07-07,23.34000015258789,22.790000915527344,23.190000534057617,23.09000015258789,8400.0,20.572336196899414
2016-07-08,23.399999618530273,22.920000076293945,23.190000534057617,23.329999923706055,12000.0,20.786165237426758
2016-07-11,23.3700008392334,23.229999542236328,23.3700008392334,23.260000228881836,6600.0,20.723798751831055
2016-07-12,23.450000762939453,23.149999618530273,23.200000762939453,23.280000686645508,15300.0,20.741613388061523
2016-07-13,23.479999542236328,22.43000030517578,23.290000915527344,23.420000076293945,9100.0,20.86635398864746
2016-07-14,24.34000015258789,23.079999923706055,23.309999465942383,24.34000015258789,45800.0,21.686038970947266
2016-07-15,24.559999465942383,23.309999465942383,24.360000610351562,24.459999084472656,15400.0,21.792951583862305
2016-07-18,24.459999084472656,23.5,24.40999984741211,23.56999969482422,21500.0,20.999998092651367
2016-07-19,23.469999313354492,22.84000015258789,23.469999313354492,23.229999542236328,21000.0,20.697071075439453
2016-07-20,23.559999465942383,23.079999923706055,23.079999923706055,23.450000762939453,6300.0,20.893081665039062
2016-07-21,23.5,23.18000030517578,23.459999084472656,23.190000534057617,5300.0,20.661428451538086
2016-07-22,23.360000610351562,23.040000915527344,23.1299991607666,23.350000381469727,11400.0,20.803983688354492
2016-07-25,23.40999984741211,23.110000610351562,23.290000915527344,23.350000381469727,21000.0,20.803983688354492
2016-07-26,23.639999389648438,23.450000762939453,23.479999542236328,23.549999237060547,7300.0,20.982177734375
2016-07-27,23.979999542236328,23.59000015258789,23.670000076293945,23.780000686645508,9900.0,21.18709945678711
2016-07-28,23.899999618530273,23.309999465942383,23.6200008392334,23.75,13700.0,21.16037368774414
2016-07-29,23.979999542236328,23.649999618530273,23.65999984741211,23.959999084472656,14400.0,21.347475051879883
2016-08-01,24.670000076293945,23.899999618530273,23.899999618530273,24.6299991607666,29300.0,21.94441795349121
2016-08-02,24.649999618530273,24.149999618530273,24.540000915527344,24.459999084472656,18200.0,21.792951583862305
2016-08-03,24.389999389648438,24.0,24.260000228881836,24.139999389648438,35200.0,21.507848739624023
2016-08-04,24.489999771118164,24.079999923706055,24.079999923706055,24.420000076293945,4400.0,21.75731658935547
2016-08-05,24.780000686645508,24.40999984741211,24.40999984741211,24.469999313354492,7600.0,21.801862716674805
2016-08-08,24.75,24.219999313354492,24.40999984741211,24.389999389648438,10500.0,21.730587005615234
2016-08-09,24.790000915527344,24.280000686645508,24.280000686645508,24.65999984741211,13600.0,21.971149444580078
2016-08-10,24.600000381469727,24.219999313354492,24.600000381469727,24.3700008392334,10600.0,21.712770462036133
2016-08-11,25.75,23.75,25.549999237060547,23.780000686645508,151100.0,21.18709945678711
2016-08-12,24.989999771118164,23.729999542236328,23.729999542236328,24.969999313354492,15500.0,22.247344970703125
2016-08-15,25.34000015258789,24.34000015258789,25.190000534057617,24.899999618530273,18600.0,22.184980392456055
2016-08-16,24.989999771118164,24.510000228881836,24.989999771118164,24.510000228881836,6000.0,21.83750343322754
2016-08-17,24.799999237060547,24.5,24.5,24.700000762939453,10600.0,22.006786346435547
2016-08-18,24.940000534057617,24.75,24.770000457763672,24.8799991607666,12200.0,22.167158126831055
2016-08-19,24.920000076293945,24.700000762939453,24.920000076293945,24.770000457763672,9000.0,22.06915283203125
2016-08-22,24.899999618530273,24.6299991607666,24.690000534057617,24.889999389648438,4900.0,22.176071166992188
2016-08-23,25.09000015258789,24.549999237060547,24.889999389648438,25.06999969482422,27800.0,22.336442947387695
2016-08-24,25.09000015258789,24.649999618530273,24.90999984741211,25.0,6700.0,22.27407455444336
2016-08-25,25.079999923706055,24.56999969482422,24.920000076293945,25.020000457763672,8700.0,22.291894912719727
2016-08-26,25.190000534057617,24.8799991607666,25.059999465942383,25.040000915527344,4600.0,22.309709548950195
2016-08-29,25.190000534057617,24.969999313354492,25.100000381469727,25.170000076293945,4600.0,22.425539016723633
2016-08-30,25.190000534057617,24.959999084472656,25.149999618530273,25.139999389648438,5400.0,22.398807525634766
2016-08-31,25.190000534057617,24.770000457763672,25.059999465942383,24.799999237060547,38900.0,22.095884323120117
2016-09-01,25.09000015258789,24.709999084472656,24.979999542236328,24.81999969482422,11500.0,22.11370277404785
2016-09-02,25.010000228881836,24.709999084472656,25.010000228881836,24.8799991607666,11300.0,22.167158126831055
2016-09-06,25.1200008392334,24.809999465942383,24.899999618530273,24.93000030517578,96200.0,22.21170425415039
2016-09-07,25.0,24.899999618530273,24.899999618530273,24.959999084472656,9000.0,22.238439559936523
2016-09-08,25.149999618530273,24.770000457763672,24.829999923706055,25.1200008392334,122700.0,22.38098907470703
2016-09-09,25.1299991607666,24.809999465942383,25.020000457763672,24.979999542236328,8700.0,22.256256103515625
2016-09-12,25.0,24.5,24.68000030517578,24.940000534057617,39900.0,22.22061538696289
2016-09-13,25.329999923706055,24.979999542236328,24.979999542236328,25.200000762939453,31200.0,22.4522705078125
2016-09-14,25.5,25.1299991607666,25.290000915527344,25.209999084472656,33200.0,22.46117401123047
2016-09-15,25.489999771118164,25.229999542236328,25.299999237060547,25.260000228881836,36200.0,22.505722045898438
2016-09-16,25.270000457763672,25.149999618530273,25.15999984741211,25.200000762939453,5500.0,22.4522705078125
2016-09-19,25.290000915527344,25.040000915527344,25.1299991607666,25.1299991607666,75200.0,22.55097770690918
2016-09-20,25.5,25.1200008392334,25.1200008392334,25.440000534057617,19500.0,22.82916831970215
2016-09-21,26.5,25.459999084472656,25.489999771118164,26.459999084472656,161700.0,23.744483947753906
2016-09-22,26.93000030517578,26.25,26.5,26.709999084472656,31200.0,23.968826293945312
2016-09-23,26.799999237060547,26.610000610351562,26.799999237060547,26.610000610351562,10000.0,23.879093170166016
2016-09-26,27.190000534057617,26.530000686645508,26.559999465942383,27.190000534057617,25500.0,24.399568557739258
2016-09-27,27.200000762939453,26.459999084472656,27.200000762939453,26.6299991607666,14500.0,23.897035598754883
2016-09-28,26.6299991607666,25.610000610351562,26.600000381469727,26.59000015258789,11900.0,23.861141204833984
2016-09-29,26.709999084472656,26.280000686645508,26.540000915527344,26.290000915527344,8800.0,23.591930389404297
2016-09-30,26.700000762939453,26.010000228881836,26.389999389648438,26.459999084472656,11300.0,23.744483947753906
2016-10-03,27.270000457763672,25.540000915527344,26.3799991607666,26.40999984741211,7600.0,23.69961929321289
2016-10-04,26.75,26.0,26.469999313354492,26.25,10700.0,23.556034088134766
2016-10-05,26.399999618530273,25.84000015258789,26.389999389648438,26.399999618530273,8400.0,23.690637588500977
2016-10-06,26.459999084472656,26.010000228881836,26.459999084472656,26.299999237060547,15600.0,23.600902557373047
2016-10-07,26.299999237060547,26.1200008392334,26.299999237060547,26.290000915527344,3100.0,23.591930389404297
2016-10-10,26.889999389648438,26.059999465942383,26.389999389648438,26.790000915527344,29700.0,24.040620803833008
2016-10-11,26.770000457763672,26.229999542236328,26.770000457763672,26.65999984741211,9400.0,23.9239559173584
2016-10-12,26.780000686645508,26.360000610351562,26.6299991607666,26.459999084472656,5600.0,23.744483947753906
2016-10-13,26.56999969482422,26.100000381469727,26.389999389648438,26.440000534057617,8900.0,23.726537704467773
2016-10-14,26.729999542236328,26.149999618530273,26.5,26.670000076293945,15100.0,23.93292808532715
2016-10-17,26.780000686645508,26.290000915527344,26.600000381469727,26.5,15500.0,23.780380249023438
2016-10-18,26.829999923706055,26.229999542236328,26.5,26.75,55000.0,24.00472068786621
2016-10-19,26.700000762939453,26.139999389648438,26.700000762939453,26.450000762939453,3400.0,23.73550796508789
2016-10-20,27.0,26.549999237060547,26.700000762939453,26.75,76900.0,24.00472068786621
2016-10-21,26.75,26.600000381469727,26.600000381469727,26.649999618530273,17300.0,23.914987564086914
2016-10-24,27.0,26.799999237060547,26.899999618530273,26.799999237060547,57500.0,24.049589157104492
2016-10-25,26.950000762939453,26.5,26.75,26.700000762939453,21800.0,23.959856033325195
2016-10-26,26.829999923706055,26.450000762939453,26.450000762939453,26.700000762939453,18200.0,23.959856033325195
2016-10-27,26.75,26.5,26.700000762939453,26.75,9900.0,24.00472068786621
2016-10-28,27.0,26.600000381469727,26.600000381469727,26.75,10500.0,24.00472068786621
2016-10-31,27.0,26.049999237060547,26.049999237060547,26.600000381469727,33400.0,23.870113372802734
2016-11-01,26.899999618530273,26.25,26.600000381469727,26.549999237060547,28300.0,23.82524871826172
2016-11-02,26.799999237060547,26.0,26.350000381469727,26.600000381469727,30300.0,23.870113372802734
2016-11-03,26.899999618530273,26.200000762939453,26.600000381469727,26.450000762939453,17800.0,23.73550796508789
2016-11-04,26.649999618530273,25.700000762939453,26.5,25.899999618530273,18400.0,23.24195671081543
2016-11-07,26.399999618530273,25.5,25.850000381469727,26.350000381469727,30800.0,23.645774841308594
2016-11-08,26.700000762939453,26.049999237060547,26.399999618530273,26.100000381469727,32000.0,23.421432495117188
2016-11-09,26.350000381469727,26.0,26.049999237060547,26.200000762939453,52000.0,23.51116943359375
2016-11-10,26.200000762939453,25.700000762939453,26.200000762939453,26.0,33300.0,23.331689834594727
2016-11-11,26.149999618530273,25.799999237060547,26.049999237060547,26.149999618530273,12300.0,23.466297149658203
2016-11-14,26.149999618530273,25.399999618530273,26.149999618530273,25.5,19000.0,22.883005142211914
2016-11-15,26.200000762939453,23.950000762939453,25.549999237060547,24.649999618530273,119100.0,22.1202392578125
2016-11-16,24.899999618530273,24.09000015258789,24.5,24.600000381469727,34700.0,22.07537078857422
2016-11-17,24.850000381469727,24.200000762939453,24.649999618530273,24.450000762939453,21700.0,21.940765380859375
2016-11-18,24.850000381469727,24.200000762939453,24.450000762939453,24.350000381469727,23000.0,21.85102653503418
2016-11-21,25.149999618530273,24.25,24.25,24.75,33900.0,22.209978103637695
2016-11-22,24.899999618530273,24.100000381469727,24.850000381469727,24.299999237060547,25700.0,21.80615997314453
2016-11-23,24.600000381469727,24.200000762939453,24.200000762939453,24.399999618530273,8800.0,21.895896911621094
2016-11-25,24.600000381469727,24.200000762939453,24.350000381469727,24.399999618530273,3900.0,21.895896911621094
2016-11-28,24.549999237060547,24.200000762939453,24.200000762939453,24.549999237060547,13400.0,22.030498504638672
2016-11-29,24.600000381469727,24.40999984741211,24.5,24.450000762939453,10200.0,21.940765380859375
2016-11-30,25.0,24.5,24.5,24.950000762939453,37900.0,22.389448165893555
2016-12-01,25.049999237060547,24.56999969482422,25.0,25.049999237060547,17000.0,22.479185104370117
2016-12-02,25.350000381469727,25.0,25.0,25.049999237060547,8000.0,22.479185104370117
2016-12-05,25.959999084472656,24.700000762939453,25.049999237060547,24.899999618530273,12300.0,22.34458351135254
2016-12-06,25.299999237060547,25.0,25.0,25.200000762939453,5000.0,22.613800048828125
2016-12-07,25.399999618530273,25.049999237060547,25.049999237060547,25.049999237060547,6700.0,22.479185104370117
2016-12-08,25.450000762939453,25.049999237060547,25.100000381469727,25.299999237060547,10300.0,22.70353126525879
2016-12-09,25.899999618530273,25.450000762939453,25.450000762939453,25.799999237060547,12000.0,23.152219772338867
2016-12-12,26.299999237060547,25.25,25.899999618530273,26.299999237060547,14400.0,23.600902557373047
2016-12-13,26.5,25.850000381469727,26.450000762939453,26.100000381469727,192200.0,23.421432495117188
2016-12-14,26.549999237060547,25.75,26.049999237060547,26.049999237060547,17400.0,23.37656021118164
2016-12-15,26.1200008392334,25.799999237060547,25.850000381469727,25.899999618530273,10300.0,23.24195671081543
2016-12-16,26.25,25.950000762939453,26.25,26.049999237060547,8200.0,23.37656021118164
2016-12-19,26.5,25.950000762939453,26.0,26.5,12300.0,23.780380249023438
2016-12-20,26.549999237060547,26.100000381469727,26.549999237060547,26.299999237060547,2700.0,23.600902557373047
2016-12-21,26.799999237060547,26.149999618530273,26.149999618530273,26.399999618530273,33500.0,23.690637588500977
2016-12-22,26.600000381469727,25.649999618530273,26.399999618530273,25.649999618530273,17400.0,23.017610549926758
2016-12-23,26.200000762939453,25.450000762939453,25.450000762939453,26.049999237060547,11300.0,23.560264587402344
2016-12-27,26.34000015258789,25.850000381469727,25.899999618530273,26.100000381469727,10400.0,23.605485916137695
2016-12-28,26.450000762939453,25.899999618530273,26.100000381469727,26.350000381469727,7700.0,23.831594467163086
2016-12-29,26.25,26.0,26.25,26.100000381469727,53500.0,23.605485916137695
2016-12-30,26.600000381469727,26.149999618530273,26.149999618530273,26.5,15100.0,23.967256546020508
2017-01-03,26.950000762939453,26.670000076293945,26.700000762939453,26.899999618530273,35600.0,24.32902717590332
2017-01-04,28.75,27.0,27.0,28.600000381469727,134300.0,25.86655044555664
2017-01-05,29.350000381469727,27.399999618530273,28.850000381469727,27.399999618530273,155200.0,24.781240463256836
2017-01-06,28.149999618530273,27.399999618530273,27.649999618530273,27.399999618530273,32200.0,24.781240463256836
2017-01-09,28.200000762939453,27.299999237060547,27.399999618530273,27.600000381469727,39000.0,24.96212387084961
2017-01-10,28.100000381469727,27.600000381469727,28.100000381469727,28.0,105000.0,25.323894500732422
2017-01-11,28.049999237060547,27.5,27.950000762939453,27.75,53600.0,25.097789764404297
2017-01-12,27.950000762939453,27.100000381469727,27.899999618530273,27.450000762939453,35900.0,24.82646369934082
2017-01-13,27.75,27.100000381469727,27.649999618530273,27.25,26000.0,24.64557456970215
2017-01-17,27.5,26.899999618530273,27.25,27.0,133400.0,24.41946792602539
2017-01-18,27.399999618530273,26.75,27.399999618530273,26.799999237060547,22700.0,24.238582611083984
2017-01-19,27.0,26.75,26.850000381469727,26.850000381469727,18000.0,24.2838077545166
2017-01-20,27.0,26.799999237060547,27.0,26.850000381469727,16700.0,24.2838077545166
2017-01-23,26.940000534057617,26.5,26.899999618530273,26.649999618530273,34000.0,24.102920532226562
2017-01-24,27.0,26.600000381469727,26.600000381469727,26.850000381469727,15500.0,24.2838077545166
2017-01-25,27.450000762939453,26.700000762939453,27.049999237060547,27.200000762939453,23000.0,24.60035514831543
2017-01-26,27.350000381469727,27.0,27.149999618530273,27.100000381469727,11800.0,24.509912490844727
2017-01-27,27.700000762939453,27.100000381469727,27.100000381469727,27.600000381469727,10200.0,24.96212387084961
2017-01-30,27.5,27.350000381469727,27.450000762939453,27.399999618530273,11500.0,24.781240463256836
2017-01-31,27.75,27.149999618530273,27.399999618530273,27.549999237060547,15400.0,24.916902542114258
2017-02-01,28.0,27.399999618530273,27.450000762939453,27.600000381469727,45800.0,24.96212387084961
2017-02-02,28.0,27.600000381469727,27.600000381469727,27.799999237060547,7800.0,25.143009185791016
2017-02-03,28.25,27.799999237060547,27.799999237060547,28.25,9200.0,25.55000114440918
2017-02-06,28.850000381469727,28.200000762939453,28.25,28.799999237060547,24500.0,26.04743766784668
2017-02-07,29.049999237060547,28.200000762939453,29.049999237060547,28.399999618530273,117600.0,25.6856632232666
2017-02-08,28.75,28.25,28.299999237060547,28.5,27300.0,25.776103973388672
2017-02-09,28.649999618530273,28.350000381469727,28.5,28.350000381469727,13700.0,25.640443801879883
2017-02-10,28.5,28.149999618530273,28.350000381469727,28.25,20500.0,25.55000114440918
2017-02-13,28.25,28.049999237060547,28.100000381469727,28.149999618530273,17000.0,25.459556579589844
2017-02-14,28.450000762939453,28.0,28.049999237060547,28.299999237060547,45400.0,25.595218658447266
2017-02-15,28.350000381469727,28.0,28.200000762939453,28.149999618530273,29800.0,25.459556579589844
2017-02-16,28.0,27.25,28.0,27.75,36000.0,25.097789764404297
2017-02-17,27.799999237060547,27.5,27.600000381469727,27.549999237060547,7900.0,24.916902542114258
2017-02-21,27.850000381469727,27.450000762939453,27.649999618530273,27.549999237060547,10100.0,24.916902542114258
2017-02-22,27.65999984741211,27.299999237060547,27.600000381469727,27.399999618530273,33600.0,24.781240463256836
2017-02-23,27.350000381469727,26.899999618530273,27.25,27.25,24700.0,24.64557456970215
2017-02-24,27.899999618530273,27.049999237060547,27.049999237060547,27.850000381469727,9300.0,25.188228607177734
2017-02-27,28.329999923706055,27.68000030517578,28.0,28.100000381469727,85300.0,25.41434097290039
2017-02-28,28.0,27.799999237060547,28.0,28.0,75300.0,25.323894500732422
2017-03-01,28.899999618530273,27.799999237060547,28.0,28.799999237060547,82400.0,26.04743766784668
2017-03-02,29.290000915527344,28.75,28.899999618530273,28.850000381469727,14900.0,26.092655181884766
2017-03-03,29.1200008392334,28.549999237060547,28.649999618530273,28.799999237060547,23100.0,26.04743766784668
2017-03-06,29.0,28.399999618530273,28.899999618530273,28.549999237060547,23200.0,25.821325302124023
2017-03-07,28.700000762939453,28.450000762939453,28.700000762939453,28.549999237060547,23500.0,25.821325302124023
2017-03-08,28.75,28.25,28.399999618530273,28.75,36000.0,26.002214431762695
2017-03-09,28.700000762939453,28.530000686645508,28.549999237060547,28.649999618530273,9100.0,25.911771774291992
2017-03-10,29.049999237060547,28.600000381469727,28.799999237060547,28.600000381469727,12500.0,25.86655044555664
2017-03-13,28.850000381469727,28.399999618530273,28.600000381469727,28.700000762939453,16100.0,25.956993103027344
2017-03-14,28.75,28.450000762939453,28.700000762939453,28.700000762939453,19100.0,25.956993103027344
2017-03-15,29.149999618530273,28.700000762939453,28.850000381469727,29.149999618530273,45100.0,26.363985061645508
2017-03-16,29.549999237060547,28.899999618530273,29.350000381469727,29.0,57500.0,26.22831916809082
2017-03-17,29.600000381469727,28.950000762939453,28.950000762939453,29.450000762939453,21200.0,26.635313034057617
2017-03-20,29.75,29.15999984741211,29.25,29.5,59400.0,27.04790687561035
2017-03-21,29.549999237060547,29.149999618530273,29.5,29.149999618530273,27900.0,26.726999282836914
2017-03-22,29.299999237060547,28.700000762939453,29.049999237060547,28.850000381469727,16700.0,26.451934814453125
2017-03-23,29.549999237060547,28.600000381469727,28.75,29.299999237060547,32400.0,26.86452865600586
2017-03-24,29.799999237060547,29.350000381469727,29.399999618530273,29.600000381469727,44300.0,27.13959503173828
2017-03-27,29.75,29.0,29.75,29.399999618530273,19200.0,26.956218719482422
2017-03-28,29.450000762939453,29.100000381469727,29.399999618530273,29.299999237060547,18300.0,26.86452865600586
2017-03-29,29.450000762939453,29.299999237060547,29.399999618530273,29.350000381469727,75800.0,26.910371780395508
2017-03-30,29.899999618530273,29.280000686645508,29.450000762939453,29.799999237060547,118500.0,27.322967529296875
2017-03-31,31.200000762939453,29.8700008392334,30.0,30.850000381469727,62600.0,28.285690307617188
2017-04-03,32.349998474121094,31.299999237060547,31.850000381469727,31.75,57500.0,29.110883712768555
2017-04-04,31.899999618530273,31.200000762939453,31.850000381469727,31.25,24300.0,28.652441024780273
2017-04-05,31.5,28.600000381469727,31.5,29.950000762939453,174500.0,27.460500717163086
2017-04-06,31.0,29.56999969482422,29.850000381469727,30.75,31500.0,28.19400405883789
2017-04-07,31.450000762939453,30.75,30.75,31.350000381469727,28100.0,28.744129180908203
2017-04-10,31.549999237060547,30.440000534057617,31.549999237060547,30.75,45600.0,28.19400405883789
2017-04-11,31.25,30.5,30.75,31.149999618530273,38000.0,28.56075096130371
2017-04-12,31.75,30.280000686645508,31.100000381469727,30.299999237060547,24700.0,27.781410217285156
2017-04-13,30.280000686645508,29.649999618530273,30.200000762939453,29.75,20400.0,27.277122497558594
2017-04-17,30.100000381469727,29.799999237060547,29.850000381469727,30.0,8700.0,27.506343841552734
2017-04-18,30.049999237060547,29.899999618530273,29.899999618530273,29.950000762939453,29000.0,27.460500717163086
2017-04-19,30.75,29.850000381469727,29.93000030517578,30.649999618530273,17300.0,28.102313995361328
2017-04-20,30.899999618530273,30.100000381469727,30.75,30.600000381469727,37800.0,28.056472778320312
2017-04-21,30.700000762939453,30.329999923706055,30.450000762939453,30.450000762939453,16000.0,27.9189395904541
2017-04-24,31.0,30.350000381469727,30.549999237060547,30.649999618530273,18800.0,28.102313995361328
2017-04-25,31.299999237060547,30.700000762939453,30.700000762939453,31.149999618530273,18200.0,28.56075096130371
2017-04-26,31.170000076293945,30.75,31.100000381469727,30.850000381469727,15600.0,28.285690307617188
2017-04-27,31.079999923706055,30.700000762939453,30.950000762939453,30.700000762939453,15000.0,28.14815902709961
2017-04-28,31.450000762939453,30.700000762939453,30.899999618530273,31.299999237060547,26300.0,28.698284149169922
2017-05-01,31.450000762939453,30.700000762939453,31.350000381469727,31.200000762939453,103400.0,28.606599807739258
2017-05-02,31.350000381469727,30.950000762939453,31.350000381469727,31.049999237060547,7600.0,28.469066619873047
2017-05-03,30.950000762939453,30.350000381469727,30.950000762939453,30.549999237060547,17100.0,28.01062774658203
2017-05-04,30.700000762939453,30.049999237060547,30.450000762939453,30.25,84400.0,27.735563278198242
2017-05-05,31.200000762939453,30.299999237060547,30.299999237060547,30.899999618530273,17300.0,28.33153533935547
2017-05-08,32.04999923706055,30.950000762939453,31.149999618530273,31.899999618530273,172200.0,29.2484130859375
2017-05-09,32.95000076293945,31.75,32.400001525878906,32.79999923706055,110400.0,30.073604583740234
2017-05-10,33.400001525878906,32.5,33.0,33.25,44800.0,30.486196517944336
2017-05-11,36.95000076293945,32.95000076293945,33.849998474121094,33.54999923706055,54600.0,30.761259078979492
2017-05-12,35.45000076293945,33.400001525878906,33.75,33.5,33600.0,30.715415954589844
2017-05-15,34.0,33.099998474121094,33.79999923706055,33.5,23900.0,30.715415954589844
2017-05-16,34.29999923706055,33.29999923706055,33.70000076293945,33.79999923706055,54600.0,30.990482330322266
2017-05-17,35.5,31.600000381469727,35.0,32.20000076293945,63700.0,29.52347755432129
2017-05-18,31.899999618530273,30.450000762939453,31.899999618530273,31.399999618530273,95300.0,28.789974212646484
2017-05-19,31.969999313354492,31.049999237060547,31.899999618530273,31.200000762939453,17800.0,28.606599807739258
2017-05-22,31.450000762939453,31.049999237060547,31.299999237060547,31.25,37700.0,28.652441024780273
2017-05-23,31.329999923706055,30.600000381469727,31.25,30.799999237060547,31700.0,28.239849090576172
2017-05-24,31.200000762939453,30.799999237060547,30.950000762939453,31.200000762939453,22000.0,28.606599807739258
2017-05-25,32.150001525878906,30.899999618530273,31.25,32.0,52800.0,29.34010124206543
2017-05-26,33.04999923706055,31.75,32.20000076293945,32.150001525878906,19700.0,29.477636337280273
2017-05-30,33.95000076293945,32.099998474121094,32.95000076293945,32.349998474121094,27400.0,29.6610107421875
2017-05-31,32.599998474121094,31.899999618530273,32.599998474121094,32.20000076293945,22500.0,29.52347755432129
2017-06-01,32.599998474121094,32.150001525878906,32.20000076293945,32.599998474121094,38400.0,29.89022445678711
2017-06-02,33.709999084472656,32.20000076293945,32.650001525878906,32.400001525878906,25300.0,29.706851959228516
2017-06-05,32.29999923706055,31.75,32.20000076293945,32.25,33000.0,29.569324493408203
2017-06-06,32.25,31.889999389648438,32.20000076293945,32.25,50800.0,29.569324493408203
2017-06-07,33.20000076293945,32.29999923706055,32.5,32.900001525878906,48000.0,30.165292739868164
2017-06-08,33.45000076293945,32.650001525878906,32.900001525878906,33.0,39100.0,30.256982803344727
2017-06-09,33.29999923706055,32.650001525878906,33.0,32.79999923706055,38700.0,30.073604583740234
2017-06-12,32.79999923706055,31.799999237060547,32.79999923706055,31.799999237060547,25800.0,29.156723022460938
2017-06-13,32.0,31.5,31.850000381469727,31.700000762939453,14500.0,29.06503677368164
2017-06-14,32.5,31.899999618530273,31.899999618530273,32.04999923706055,22800.0,29.385944366455078
2017-06-15,31.799999237060547,30.799999237060547,31.799999237060547,31.0,45800.0,28.4232234954834
2017-06-16,31.600000381469727,30.75,31.0,31.149999618530273,32800.0,28.56075096130371
2017-06-19,32.349998474121094,31.5,32.349998474121094,31.649999618530273,37700.0,29.019193649291992
2017-06-20,32.099998474121094,30.75,31.899999618530273,31.399999618530273,39400.0,28.789974212646484
2017-06-21,31.649999618530273,30.850000381469727,31.399999618530273,31.100000381469727,24400.0,28.514909744262695
2017-06-22,31.299999237060547,30.549999237060547,31.149999618530273,30.950000762939453,21300.0,28.37738037109375
2017-06-23,30.850000381469727,30.549999237060547,30.850000381469727,30.75,15300.0,28.41434097290039
2017-06-26,30.899999618530273,29.549999237060547,30.75,30.200000762939453,52700.0,27.906118392944336
2017-06-27,30.799999237060547,29.850000381469727,30.149999618530273,30.799999237060547,37200.0,28.46054458618164
2017-06-28,31.25,30.549999237060547,30.75,31.200000762939453,25300.0,28.830162048339844
2017-06-29,31.200000762939453,30.229999542236328,31.049999237060547,31.200000762939453,23300.0,28.830162048339844
2017-06-30,31.299999237060547,30.649999618530273,31.149999618530273,31.299999237060547,27000.0,28.922561645507812
2017-07-03,31.299999237060547,30.950000762939453,31.200000762939453,31.200000762939453,24700.0,28.830162048339844
2017-07-05,31.5,31.0,31.200000762939453,31.5,20700.0,29.107372283935547
2017-07-06,31.549999237060547,31.0,31.100000381469727,31.399999618530273,15700.0,29.014968872070312
2017-07-07,31.799999237060547,31.149999618530273,31.549999237060547,31.75,20900.0,29.33838653564453
2017-07-10,31.649999618530273,31.200000762939453,31.450000762939453,31.549999237060547,15200.0,29.153575897216797
2017-07-11,31.799999237060547,31.399999618530273,31.549999237060547,31.549999237060547,23600.0,29.153575897216797
2017-07-12,31.799999237060547,31.399999618530273,31.5,31.450000762939453,54200.0,29.061176300048828
2017-07-13,31.649999618530273,31.399999618530273,31.5,31.5,24900.0,29.107372283935547
2017-07-14,31.75,31.399999618530273,31.5,31.399999618530273,20200.0,29.014968872070312
2017-07-17,31.75,31.049999237060547,31.399999618530273,31.149999618530273,28600.0,28.78395652770996
2017-07-18,31.25,30.350000381469727,31.049999237060547,30.799999237060547,72400.0,28.46054458618164
2017-07-19,31.5,31.049999237060547,31.049999237060547,31.25,46500.0,28.876361846923828
2017-07-20,31.450000762939453,30.799999237060547,31.450000762939453,31.0,306500.0,28.645353317260742
2017-07-21,31.100000381469727,30.700000762939453,31.049999237060547,30.850000381469727,44900.0,28.506746292114258
2017-07-24,31.100000381469727,30.649999618530273,30.950000762939453,30.950000762939453,13800.0,28.599149703979492
2017-07-25,30.950000762939453,30.549999237060547,30.899999618530273,30.799999237060547,12400.0,28.46054458618164
2017-07-26,31.100000381469727,30.600000381469727,30.75,30.799999237060547,14100.0,28.46054458618164
2017-07-27,31.0,30.25,30.950000762939453,31.0,20700.0,28.645353317260742
2017-07-28,30.950000762939453,30.5,30.850000381469727,30.75,11300.0,28.41434097290039
2017-07-31,30.850000381469727,30.450000762939453,30.75,30.5,18300.0,28.18332862854004
2017-08-01,30.649999618530273,30.25,30.649999618530273,30.399999618530273,42100.0,28.090927124023438
2017-08-02,30.799999237060547,30.450000762939453,30.450000762939453,30.75,27200.0,28.41434097290039
2017-08-03,31.0,30.649999618530273,30.649999618530273,30.850000381469727,19900.0,28.506746292114258
2017-08-04,31.0,30.549999237060547,30.950000762939453,30.700000762939453,12100.0,28.36813735961914
2017-08-07,31.0,30.0,31.0,30.399999618530273,41900.0,28.090927124023438
2017-08-08,30.299999237060547,30.0,30.0,30.100000381469727,18700.0,27.8137149810791
2017-08-09,30.200000762939453,28.5,28.549999237060547,29.950000762939453,25900.0,27.675107955932617
2017-08-10,30.399999618530273,29.600000381469727,29.899999618530273,30.200000762939453,75600.0,27.906118392944336
2017-08-11,30.5,30.149999618530273,30.25,30.299999237060547,8100.0,27.99852180480957
2017-08-14,31.100000381469727,29.139999389648438,30.299999237060547,30.899999618530273,38000.0,28.552946090698242
2017-08-15,31.149999618530273,30.399999618530273,31.149999618530273,30.600000381469727,19600.0,28.275733947753906
2017-08-16,31.600000381469727,31.0,31.0,31.450000762939453,105400.0,29.061176300048828
2017-08-17,32.150001525878906,31.100000381469727,31.100000381469727,31.799999237060547,29000.0,29.384586334228516
2017-08-18,34.150001525878906,31.850000381469727,31.850000381469727,33.04999923706055,43800.0,30.539642333984375
2017-08-21,33.20000076293945,32.79999923706055,33.150001525878906,32.95000076293945,68600.0,30.44723892211914
2017-08-22,33.5,32.880001068115234,33.29999923706055,33.150001525878906,39600.0,30.632049560546875
2017-08-23,33.5,32.79999923706055,32.79999923706055,33.349998474121094,52100.0,30.816850662231445
2017-08-24,34.099998474121094,32.79999923706055,33.349998474121094,33.25,49300.0,30.72444725036621
2017-08-25,34.0,33.400001525878906,33.650001525878906,33.54999923706055,44400.0,31.001659393310547
2017-08-28,33.849998474121094,33.22999954223633,33.599998474121094,33.54999923706055,42200.0,31.001659393310547
2017-08-29,33.650001525878906,33.29999923706055,33.5,33.5,35200.0,30.95545768737793
2017-08-30,33.83000183105469,33.20000076293945,33.54999923706055,33.5,30300.0,30.95545768737793
2017-08-31,33.83000183105469,33.25,33.599998474121094,33.400001525878906,33000.0,30.86305809020996
2017-09-01,33.599998474121094,33.2599983215332,33.400001525878906,33.5,18900.0,30.95545768737793
2017-09-05,33.75,33.04999923706055,33.5,33.20000076293945,19400.0,30.678245544433594
2017-09-06,33.650001525878906,33.099998474121094,33.099998474121094,33.5,18700.0,30.95545768737793
2017-09-07,33.650001525878906,32.0,33.5,33.54999923706055,37700.0,31.001659393310547
2017-09-08,33.900001525878906,33.29999923706055,33.5,33.5,18400.0,30.95545768737793
2017-09-11,34.0,33.599998474121094,33.650001525878906,33.900001525878906,93100.0,31.325075149536133
2017-09-12,34.0,33.849998474121094,34.0,34.0,223600.0,31.4174861907959
2017-09-13,34.349998474121094,33.95000076293945,34.0,34.0,232900.0,31.4174861907959
2017-09-14,34.04999923706055,33.849998474121094,33.95000076293945,33.95000076293945,38600.0,31.37128257751465
2017-09-15,34.29999923706055,33.75,33.95000076293945,34.04999923706055,62800.0,31.463685989379883
2017-09-18,35.95000076293945,34.65999984741211,34.70000076293945,35.95000076293945,133800.0,33.2193717956543
2017-09-19,36.5,35.900001525878906,35.95000076293945,36.400001525878906,40000.0,33.635189056396484
2017-09-20,36.5,36.04999923706055,36.349998474121094,36.04999923706055,27000.0,33.311767578125
2017-09-21,36.25,35.650001525878906,36.099998474121094,36.099998474121094,20100.0,33.357975006103516
2017-09-22,36.349998474121094,35.900001525878906,36.04999923706055,36.099998474121094,23000.0,33.357975006103516
2017-09-25,36.099998474121094,35.5,36.04999923706055,35.95000076293945,32400.0,33.2193717956543
2017-09-26,36.099998474121094,35.75,35.900001525878906,35.900001525878906,15200.0,33.17316818237305
2017-09-27,35.900001525878906,35.45000076293945,35.900001525878906,35.45000076293945,17700.0,32.757347106933594
2017-09-28,35.54999923706055,35.20000076293945,35.349998474121094,35.349998474121094,25200.0,32.66493606567383
2017-09-29,36.099998474121094,35.400001525878906,35.400001525878906,36.04999923706055,13900.0,33.311767578125
2017-10-02,36.849998474121094,36.099998474121094,36.25,36.29999923706055,33300.0,33.542781829833984
2017-10-03,37.0,36.150001525878906,36.54999923706055,36.75,30300.0,33.95860290527344
2017-10-04,37.099998474121094,36.54999923706055,36.79999923706055,36.79999923706055,18600.0,34.004798889160156
2017-10-05,37.099998474121094,36.25,37.099998474121094,36.5,81000.0,33.72758865356445
2017-10-06,37.099998474121094,36.45000076293945,36.5,37.04999923706055,18500.0,34.23582077026367
2017-10-09,37.5,37.0,37.25,37.29999923706055,25200.0,34.466827392578125
2017-10-10,37.75,37.099998474121094,37.54999923706055,37.70000076293945,45800.0,34.83644104003906
2017-10-11,37.5,37.0,37.5,37.150001525878906,12500.0,34.32822036743164
2017-10-12,37.58000183105469,36.79999923706055,37.20000076293945,37.349998474121094,21800.0,34.513031005859375
2017-10-13,37.54999923706055,36.849998474121094,37.400001525878906,36.849998474121094,15200.0,34.051002502441406
2017-10-16,37.349998474121094,36.75,37.04999923706055,36.75,18200.0,33.95860290527344
2017-10-17,37.0099983215332,36.45000076293945,36.599998474121094,36.599998474121094,12400.0,33.81999588012695
2017-10-18,37.290000915527344,36.70000076293945,36.70000076293945,37.20000076293945,85800.0,34.37442398071289
2017-10-19,37.58000183105469,37.099998474121094,37.25,37.45000076293945,48900.0,34.60543441772461
2017-10-20,37.849998474121094,37.5,37.5,37.599998474121094,11500.0,34.74403762817383
2017-10-23,38.0,37.5,37.650001525878906,37.599998474121094,34300.0,34.74403762817383
2017-10-24,37.849998474121094,37.599998474121094,37.849998474121094,37.79999923706055,19300.0,34.9288444519043
2017-10-25,37.83000183105469,36.95000076293945,37.75,37.04999923706055,62700.0,34.23582077026367
2017-10-26,37.150001525878906,36.5,37.0,36.599998474121094,37300.0,33.81999588012695
2017-10-27,36.849998474121094,36.04999923706055,36.849998474121094,36.25,16700.0,33.49657440185547
2017-10-30,36.45000076293945,35.849998474121094,36.25,36.0,68900.0,33.265567779541016
2017-10-31,36.099998474121094,35.25,36.0,35.5,36200.0,32.80354309082031
2017-11-01,35.70000076293945,35.04999923706055,35.5,35.25,42700.0,32.57254409790039
2017-11-02,35.5,35.0,35.0,35.45000076293945,19200.0,32.757347106933594
2017-11-03,35.849998474121094,34.75,35.54999923706055,35.25,23300.0,32.57254409790039
2017-11-06,35.54999923706055,34.95000076293945,35.099998474121094,35.29999923706055,24100.0,32.618736267089844
2017-11-07,35.4900016784668,34.95000076293945,35.25,35.099998474121094,13700.0,32.433929443359375
2017-11-08,35.400001525878906,35.0,35.150001525878906,35.150001525878906,14000.0,32.480133056640625
2017-11-09,35.54999923706055,35.0,35.0,35.29999923706055,54900.0,32.618736267089844
2017-11-10,35.599998474121094,34.900001525878906,35.29999923706055,35.150001525878906,13200.0,32.480133056640625
2017-11-13,35.20000076293945,34.349998474121094,34.79999923706055,34.79999923706055,40400.0,32.15671920776367
2017-11-14,36.0,34.599998474121094,34.599998474121094,35.849998474121094,31700.0,33.12696075439453
2017-11-15,36.400001525878906,35.099998474121094,36.25,36.0,94200.0,33.265567779541016
2017-11-16,36.849998474121094,35.880001068115234,36.29999923706055,36.099998474121094,25400.0,33.357975006103516
2017-11-17,36.130001068115234,35.599998474121094,35.79999923706055,35.95000076293945,27600.0,33.2193717956543
2017-11-20,35.7599983215332,35.349998474121094,35.70000076293945,35.400001525878906,53800.0,32.71114730834961
2017-11-21,35.47999954223633,35.0,35.400001525878906,35.0,61400.0,32.341522216796875
2017-11-22,35.45000076293945,35.04999923706055,35.04999923706055,35.25,67500.0,32.57254409790039
2017-11-24,36.0,35.5,35.5,36.0,19600.0,33.265567779541016
2017-11-27,36.29999923706055,35.79999923706055,36.099998474121094,36.0,44600.0,33.265567779541016
2017-11-28,36.130001068115234,35.70000076293945,36.130001068115234,35.79999923706055,46900.0,33.08076095581055
2017-11-29,36.029998779296875,35.599998474121094,36.0,35.650001525878906,26800.0,32.94215393066406
2017-11-30,36.150001525878906,35.599998474121094,35.849998474121094,35.599998474121094,46600.0,32.89595031738281
2017-12-01,35.779998779296875,35.25,35.599998474121094,35.70000076293945,22400.0,32.98836135864258
2017-12-04,35.70000076293945,34.70000076293945,35.70000076293945,34.900001525878906,89500.0,32.24912643432617
2017-12-05,35.650001525878906,34.79999923706055,34.900001525878906,35.0,64700.0,32.341522216796875
2017-12-06,35.5,34.75,34.79999923706055,35.0,28500.0,32.341522216796875
2017-12-07,35.70000076293945,34.70000076293945,35.0,35.04999923706055,31200.0,32.38772964477539
2017-12-08,35.5,34.849998474121094,35.099998474121094,34.900001525878906,12700.0,32.24912643432617
2017-12-11,35.04999923706055,34.849998474121094,35.04999923706055,34.95000076293945,14100.0,32.29532241821289
2017-12-12,35.150001525878906,34.599998474121094,34.900001525878906,34.900001525878906,25800.0,32.24912643432617
2017-12-13,35.45000076293945,34.79999923706055,34.849998474121094,35.0,18000.0,32.341522216796875
2017-12-14,35.349998474121094,34.599998474121094,35.099998474121094,34.79999923706055,73200.0,32.15671920776367
2017-12-15,34.95000076293945,34.54999923706055,34.95000076293945,34.79999923706055,18100.0,32.15671920776367
2017-12-18,35.75,34.599998474121094,34.95000076293945,35.349998474121094,39600.0,32.66493606567383
2017-12-19,35.349998474121094,33.400001525878906,35.099998474121094,33.79999923706055,43400.0,31.23267364501953
2017-12-20,34.400001525878906,33.54999923706055,34.0,34.150001525878906,36000.0,31.55609130859375
2017-12-21,35.04999923706055,34.20000076293945,34.20000076293945,34.75,122600.0,32.110511779785156
2017-12-22,35.33000183105469,34.849998474121094,34.849998474121094,34.900001525878906,33000.0,32.24912643432617
2017-12-26,35.45000076293945,34.349998474121094,34.75,35.29999923706055,21800.0,32.844600677490234
2017-12-27,35.0,34.29999923706055,35.0,34.45000076293945,59300.0,32.053733825683594
2017-12-28,34.5,34.29999923706055,34.400001525878906,34.29999923706055,18900.0,31.914159774780273
2017-12-29,34.349998474121094,34.0,34.349998474121094,34.20000076293945,15500.0,31.821117401123047
2018-01-02,34.599998474121094,34.04999923706055,34.20000076293945,34.20000076293945,25800.0,31.821117401123047
2018-01-03,34.29999923706055,33.650001525878906,34.20000076293945,34.099998474121094,37400.0,31.728073120117188
2018-01-04,34.20000076293945,33.70000076293945,34.04999923706055,33.75,25200.0,31.40241813659668
2018-01-05,35.16999816894531,33.849998474121094,33.849998474121094,35.04999923706055,36500.0,32.611995697021484
2018-01-08,35.54999923706055,34.95000076293945,35.29999923706055,35.25,58900.0,32.79808807373047
2018-01-09,35.54999923706055,34.150001525878906,35.29999923706055,34.5,28600.0,32.10025405883789
2018-01-10,34.54999923706055,33.70000076293945,34.29999923706055,33.75,21300.0,31.40241813659668
2018-01-11,34.099998474121094,33.25,33.79999923706055,34.04999923706055,60500.0,31.68155288696289
2018-01-12,35.349998474121094,34.0,34.20000076293945,35.29999923706055,22300.0,32.844600677490234
2018-01-16,35.400001525878906,34.599998474121094,35.400001525878906,34.70000076293945,34400.0,32.28633499145508
2018-01-17,35.400001525878906,33.099998474121094,34.650001525878906,34.45000076293945,37800.0,32.053733825683594
2018-01-18,35.150001525878906,33.75,34.45000076293945,34.099998474121094,22400.0,31.728073120117188
2018-01-19,35.25,34.08000183105469,34.150001525878906,35.25,18600.0,32.79808807373047
2018-01-22,35.5,34.599998474121094,35.099998474121094,35.45000076293945,33300.0,32.98417282104492
2018-01-23,35.95000076293945,35.25,35.349998474121094,35.54999923706055,25500.0,33.07720947265625
2018-01-24,35.70000076293945,34.79999923706055,35.599998474121094,34.95000076293945,24800.0,32.51894760131836
2018-01-25,35.04999923706055,34.45000076293945,35.0,34.70000076293945,19300.0,32.28633499145508
2018-01-26,35.099998474121094,34.54999923706055,34.900001525878906,34.900001525878906,9600.0,32.47243118286133
2018-01-29,35.5,34.54999923706055,34.900001525878906,35.29999923706055,36600.0,32.844600677490234
2018-01-30,35.349998474121094,34.599998474121094,35.0,35.29999923706055,24000.0,32.844600677490234
2018-01-31,35.47999954223633,34.72999954223633,35.349998474121094,34.900001525878906,41500.0,32.47243118286133
2018-02-01,35.150001525878906,34.25,34.79999923706055,35.0,25400.0,32.565467834472656
2018-02-02,35.25,34.689998626708984,34.849998474121094,34.79999923706055,24900.0,32.3793830871582
2018-02-05,35.5,34.0,34.349998474121094,34.5,53500.0,32.10025405883789
2018-02-06,34.810001373291016,33.79999923706055,34.0,34.20000076293945,35700.0,31.821117401123047
2018-02-07,34.349998474121094,33.349998474121094,33.95000076293945,33.95000076293945,123600.0,31.58850860595703
2018-02-08,34.25,33.349998474121094,33.900001525878906,33.5,23800.0,31.1698055267334
2018-02-09,33.75,32.349998474121094,33.650001525878906,33.45000076293945,36400.0,31.123289108276367
2018-02-12,34.400001525878906,33.5,33.70000076293945,34.04999923706055,25700.0,31.68155288696289
2018-02-13,34.900001525878906,33.900001525878906,34.099998474121094,34.04999923706055,55900.0,31.68155288696289
2018-02-14,34.099998474121094,33.20000076293945,33.95000076293945,33.650001525878906,21100.0,31.309375762939453
2018-02-15,34.150001525878906,33.29999923706055,33.79999923706055,33.900001525878906,8500.0,31.541982650756836
2018-02-16,34.20000076293945,33.72999954223633,33.75,33.79999923706055,6300.0,31.44894027709961
2018-02-20,33.95000076293945,33.400001525878906,33.75,33.45000076293945,15300.0,31.123289108276367
2018-02-21,33.849998474121094,33.29999923706055,33.54999923706055,33.400001525878906,16800.0,31.076765060424805
2018-02-22,33.75,33.29999923706055,33.5,33.54999923706055,21200.0,31.216327667236328
2018-02-23,33.75,33.5,33.70000076293945,33.650001525878906,21100.0,31.309375762939453
2018-02-26,33.849998474121094,33.45000076293945,33.849998474121094,33.45000076293945,26700.0,31.123289108276367
2018-02-27,34.099998474121094,33.45000076293945,33.70000076293945,33.95000076293945,178200.0,31.58850860595703
2018-02-28,35.0,34.099998474121094,34.20000076293945,34.54999923706055,65200.0,32.14677047729492
2018-03-01,34.79999923706055,34.150001525878906,34.75,34.599998474121094,74100.0,32.19329071044922
2018-03-02,35.95000076293945,34.5,34.5,35.900001525878906,48000.0,33.402870178222656
2018-03-05,36.150001525878906,35.04999923706055,35.900001525878906,35.04999923706055,262100.0,32.611995697021484
2018-03-06,35.150001525878906,34.279998779296875,35.150001525878906,34.650001525878906,26600.0,32.239810943603516
2018-03-07,35.70000076293945,34.29999923706055,34.400001525878906,35.25,99800.0,32.79808807373047
2018-03-08,35.849998474121094,35.150001525878906,35.25,35.45000076293945,25000.0,32.98417282104492
2018-03-09,35.900001525878906,35.20000076293945,35.70000076293945,35.45000076293945,33600.0,32.98417282104492
2018-03-12,36.0,35.349998474121094,35.45000076293945,35.900001525878906,30100.0,33.402870178222656
2018-03-13,36.0,35.54999923706055,35.849998474121094,35.75,35900.0,33.263309478759766
2018-03-14,35.900001525878906,35.29999923706055,35.900001525878906,35.400001525878906,15100.0,32.937652587890625
2018-03-15,36.08000183105469,35.04999923706055,35.349998474121094,35.900001525878906,63900.0,33.402870178222656
2018-03-16,36.25,35.70000076293945,36.25,35.79999923706055,66300.0,33.3098258972168
2018-03-19,35.79999923706055,35.150001525878906,35.650001525878906,35.54999923706055,15700.0,33.07720947265625
2018-03-20,35.54999923706055,34.849998474121094,35.54999923706055,35.0,75400.0,32.565467834472656
2018-03-21,35.95000076293945,34.95000076293945,35.0,35.70000076293945,50300.0,33.2167854309082
2018-03-22,35.900001525878906,33.099998474121094,35.45000076293945,33.099998474121094,72000.0,30.797626495361328
2018-03-23,34.20000076293945,33.279998779296875,33.29999923706055,33.45000076293945,172500.0,31.123289108276367
2018-03-26,33.45000076293945,32.70000076293945,33.25,32.79999923706055,125200.0,30.739051818847656
2018-03-27,33.150001525878906,31.350000381469727,32.79999923706055,31.600000381469727,176400.0,29.614450454711914
2018-03-28,32.900001525878906,30.899999618530273,31.450000762939453,30.899999618530273,88100.0,28.958433151245117
2018-03-29,31.8799991607666,30.899999618530273,31.049999237060547,31.100000381469727,74100.0,29.145864486694336
2018-04-02,31.25,30.799999237060547,31.0,30.950000762939453,155400.0,29.005294799804688
2018-04-03,32.54999923706055,30.850000381469727,31.049999237060547,32.400001525878906,195800.0,30.364181518554688
2018-04-04,32.29999923706055,31.399999618530273,32.099998474121094,31.950000762939453,37400.0,29.942455291748047
2018-04-05,32.58000183105469,31.399999618530273,32.099998474121094,32.04999923706055,105200.0,30.036174774169922
2018-04-06,33.0,31.850000381469727,31.899999618530273,32.04999923706055,102300.0,30.036174774169922
2018-04-09,32.5,31.799999237060547,32.29999923706055,31.899999618530273,41500.0,29.895597457885742
2018-04-10,32.25,31.75,32.150001525878906,32.0,96000.0,29.989315032958984
2018-04-11,32.29999923706055,31.899999618530273,31.950000762939453,32.25,35700.0,30.223608016967773
2018-04-12,32.29999923706055,31.549999237060547,32.25,32.04999923706055,50100.0,30.036174774169922
2018-04-13,32.54999923706055,32.04999923706055,32.150001525878906,32.349998474121094,80300.0,30.317323684692383
2018-04-16,32.95000076293945,32.08000183105469,32.349998474121094,32.400001525878906,22500.0,30.364181518554688
2018-04-17,32.95000076293945,32.25,32.45000076293945,32.650001525878906,27200.0,30.59847640991211
2018-04-18,32.849998474121094,32.20000076293945,32.650001525878906,32.650001525878906,10900.0,30.59847640991211
2018-04-19,32.95000076293945,32.0,32.54999923706055,32.400001525878906,49100.0,30.364181518554688
2018-04-20,33.0,31.700000762939453,32.5,32.099998474121094,60400.0,30.083032608032227
2018-04-23,32.29999923706055,31.600000381469727,32.04999923706055,31.649999618530273,25000.0,29.661304473876953
2018-04-24,32.150001525878906,31.549999237060547,31.850000381469727,31.700000762939453,42600.0,29.708166122436523
2018-04-25,31.799999237060547,31.0,31.549999237060547,31.5,48100.0,29.520734786987305
2018-04-26,32.20000076293945,31.350000381469727,31.549999237060547,31.450000762939453,37300.0,29.473878860473633
2018-04-27,31.649999618530273,31.200000762939453,31.549999237060547,31.5,15800.0,29.520734786987305
2018-04-30,31.600000381469727,30.950000762939453,31.450000762939453,31.350000381469727,21300.0,29.380159378051758
2018-05-01,31.75,30.649999618530273,31.299999237060547,31.5,207000.0,29.520734786987305
2018-05-02,31.5,31.100000381469727,31.5,31.200000762939453,78500.0,29.23958396911621
2018-05-03,31.299999237060547,30.899999618530273,31.100000381469727,31.100000381469727,76100.0,29.145864486694336
2018-05-04,31.350000381469727,30.950000762939453,30.979999542236328,31.149999618530273,56100.0,29.192724227905273
2018-05-07,31.5,31.200000762939453,31.200000762939453,31.200000762939453,29300.0,29.23958396911621
2018-05-08,31.200000762939453,30.950000762939453,31.100000381469727,31.100000381469727,26000.0,29.145864486694336
2018-05-09,31.350000381469727,30.799999237060547,31.200000762939453,31.200000762939453,32500.0,29.23958396911621
2018-05-10,31.299999237060547,31.049999237060547,31.149999618530273,31.200000762939453,23100.0,29.23958396911621
2018-05-11,31.350000381469727,31.0,31.350000381469727,31.100000381469727,11500.0,29.145864486694336
2018-05-14,31.299999237060547,30.760000228881836,31.200000762939453,31.200000762939453,33600.0,29.23958396911621
2018-05-15,31.299999237060547,30.850000381469727,31.0,31.25,73900.0,29.28644371032715
2018-05-16,31.5,30.829999923706055,31.100000381469727,31.350000381469727,29100.0,29.380159378051758
2018-05-17,31.299999237060547,30.899999618530273,31.299999237060547,31.200000762939453,32500.0,29.23958396911621
2018-05-18,31.299999237060547,31.0,31.100000381469727,31.25,27300.0,29.28644371032715
2018-05-21,31.25,30.979999542236328,31.149999618530273,31.25,25400.0,29.28644371032715
2018-05-22,31.350000381469727,31.0,31.200000762939453,31.25,39600.0,29.28644371032715
2018-05-23,32.20000076293945,31.0,31.350000381469727,31.649999618530273,49500.0,29.661304473876953
2018-05-24,31.850000381469727,31.399999618530273,31.75,31.700000762939453,37500.0,29.708166122436523
2018-05-25,32.54999923706055,31.700000762939453,31.93000030517578,32.400001525878906,39500.0,30.364181518554688
2018-05-29,32.900001525878906,31.850000381469727,32.599998474121094,32.29999923706055,59600.0,30.270463943481445
2018-05-30,32.650001525878906,32.400001525878906,32.54999923706055,32.599998474121094,61300.0,30.551612854003906
2018-05-31,33.099998474121094,32.349998474121094,32.599998474121094,33.0,107200.0,30.926483154296875
2018-06-01,33.900001525878906,32.95000076293945,32.95000076293945,33.70000076293945,38100.0,31.582500457763672
2018-06-04,33.75,32.79999923706055,33.75,33.20000076293945,71900.0,31.113914489746094
2018-06-05,33.650001525878906,32.5,33.349998474121094,32.900001525878906,93100.0,30.832767486572266
2018-06-06,32.849998474121094,32.29999923706055,32.70000076293945,32.5,13500.0,30.45789909362793
2018-06-07,32.45000076293945,31.149999618530273,32.45000076293945,31.149999618530273,141900.0,29.192724227905273
2018-06-08,31.299999237060547,31.0,31.200000762939453,31.149999618530273,111400.0,29.192724227905273
2018-06-11,31.75,30.950000762939453,31.149999618530273,31.299999237060547,185400.0,29.333297729492188
2018-06-12,31.649999618530273,31.049999237060547,31.399999618530273,31.5,36100.0,29.520734786987305
2018-06-13,31.600000381469727,30.979999542236328,31.549999237060547,31.200000762939453,38400.0,29.23958396911621
2018-06-14,31.850000381469727,31.149999618530273,31.149999618530273,31.350000381469727,35700.0,29.380159378051758
2018-06-15,31.299999237060547,31.0,31.299999237060547,31.100000381469727,61800.0,29.145864486694336
2018-06-18,31.549999237060547,30.950000762939453,31.25,31.100000381469727,41400.0,29.145864486694336
2018-06-19,31.68000030517578,30.350000381469727,31.0,31.0,64700.0,29.052148818969727
2018-06-20,31.399999618530273,30.850000381469727,30.950000762939453,31.25,66400.0,29.28644371032715
2018-06-21,31.350000381469727,30.950000762939453,31.350000381469727,31.049999237060547,28600.0,29.09900665283203
2018-06-22,31.299999237060547,30.899999618530273,31.049999237060547,31.25,45000.0,29.28644371032715
2018-06-25,31.350000381469727,30.700000762939453,30.899999618530273,31.149999618530273,29200.0,29.418659210205078
2018-06-26,31.399999618530273,30.75,31.200000762939453,30.799999237060547,141700.0,29.088111877441406
2018-06-27,30.899999618530273,29.799999237060547,30.899999618530273,29.950000762939453,42000.0,28.285358428955078
2018-06-28,30.799999237060547,29.950000762939453,30.0,30.600000381469727,59400.0,28.89923095703125
2018-06-29,30.799999237060547,30.25,30.600000381469727,30.350000381469727,22500.0,28.663124084472656
2018-07-02,30.8799991607666,30.200000762939453,30.200000762939453,30.75,40700.0,29.040891647338867
2018-07-03,31.0,30.350000381469727,31.0,30.399999618530273,12300.0,28.710342407226562
2018-07-05,30.950000762939453,30.25,30.5,30.899999618530273,46200.0,29.182554244995117
2018-07-06,31.049999237060547,30.5,30.799999237060547,30.649999618530273,33600.0,28.946449279785156
2018-07-09,30.850000381469727,30.5,30.75,30.75,36900.0,29.040891647338867
2018-07-10,30.850000381469727,30.399999618530273,30.700000762939453,30.399999618530273,65500.0,28.710342407226562
2018-07-11,30.75,29.899999618530273,30.100000381469727,30.5,63900.0,28.804786682128906
2018-07-12,30.649999618530273,30.299999237060547,30.5,30.350000381469727,26800.0,28.663124084472656
2018-07-13,30.549999237060547,30.200000762939453,30.5,30.399999618530273,24800.0,28.710342407226562
2018-07-16,30.25,29.399999618530273,30.25,29.5,81300.0,27.860366821289062
2018-07-17,29.75,29.25,29.25,29.549999237060547,35500.0,27.9075870513916
2018-07-18,29.899999618530273,29.399999618530273,29.600000381469727,29.799999237060547,69600.0,28.143693923950195
2018-07-19,30.0,29.399999618530273,29.600000381469727,29.850000381469727,52700.0,28.190916061401367
2018-07-20,31.049999237060547,30.0,30.0,30.700000762939453,43600.0,28.993671417236328
2018-07-23,31.0,30.399999618530273,30.5,30.75,32800.0,29.040891647338867
2018-07-24,33.650001525878906,31.0,31.850000381469727,33.04999923706055,95400.0,31.213058471679688
2018-07-25,34.849998474121094,33.0,33.04999923706055,34.650001525878906,78400.0,32.724124908447266
2018-07-26,34.5,33.29999923706055,34.5,34.0,82700.0,32.110252380371094
2018-07-27,34.599998474121094,33.849998474121094,34.0,34.5,45900.0,32.58246612548828
2018-07-30,34.5,33.5,34.099998474121094,34.20000076293945,82400.0,32.299137115478516
2018-07-31,34.45000076293945,33.599998474121094,34.150001525878906,34.04999923706055,44400.0,32.15747833251953
2018-08-01,34.349998474121094,33.79999923706055,34.0,34.150001525878906,58700.0,32.25191879272461
2018-08-02,34.45000076293945,33.849998474121094,33.849998474121094,34.29999923706055,32100.0,32.393577575683594
2018-08-03,34.599998474121094,33.849998474121094,33.849998474121094,34.5,19600.0,32.58246612548828
2018-08-06,35.04999923706055,34.04999923706055,34.29999923706055,34.20000076293945,83300.0,32.299137115478516
2018-08-07,34.5,33.900001525878906,34.349998474121094,34.099998474121094,14700.0,32.20469665527344
2018-08-08,34.0,33.20000076293945,34.0,33.650001525878906,27100.0,31.779708862304688
2018-08-09,33.900001525878906,32.310001373291016,33.45000076293945,33.599998474121094,22200.0,31.732486724853516
2018-08-10,33.599998474121094,32.45000076293945,33.5,33.400001525878906,28600.0,31.543607711791992
2018-08-13,33.79999923706055,33.22999954223633,33.349998474121094,33.599998474121094,18100.0,31.732486724853516
2018-08-14,34.20000076293945,33.599998474121094,33.599998474121094,33.95000076293945,23300.0,32.063026428222656
2018-08-15,33.900001525878906,32.95000076293945,33.900001525878906,33.29999923706055,24000.0,31.449159622192383
2018-08-16,33.5,33.099998474121094,33.45000076293945,33.20000076293945,25900.0,31.354719161987305
2018-08-17,33.54999923706055,33.0,33.0,33.29999923706055,32700.0,31.449159622192383
2018-08-20,33.29999923706055,33.0,33.29999923706055,33.150001525878906,76000.0,31.3075008392334
2018-08-21,33.599998474121094,32.900001525878906,33.150001525878906,33.400001525878906,44600.0,31.543607711791992
2018-08-22,33.79999923706055,33.150001525878906,33.20000076293945,33.45000076293945,23000.0,31.59082794189453
2018-08-23,33.599998474121094,33.20000076293945,33.5,33.5,25500.0,31.638044357299805
2018-08-24,34.0,33.45000076293945,33.75,33.5,8000.0,31.638044357299805
2018-08-27,33.70000076293945,32.54999923706055,33.45000076293945,33.650001525878906,26800.0,31.779708862304688
2018-08-28,34.349998474121094,33.650001525878906,33.650001525878906,34.04999923706055,21700.0,32.15747833251953
2018-08-29,34.29999923706055,33.5,34.04999923706055,34.29999923706055,30700.0,32.393577575683594
2018-08-30,35.400001525878906,33.849998474121094,35.400001525878906,34.400001525878906,30800.0,32.48802947998047
2018-08-31,34.5,33.099998474121094,34.5,34.099998474121094,54800.0,32.20469665527344
2018-09-04,35.400001525878906,33.650001525878906,34.349998474121094,34.400001525878906,28900.0,32.48802947998047
2018-09-05,34.400001525878906,33.650001525878906,34.400001525878906,34.0,13000.0,32.110252380371094
2018-09-06,35.150001525878906,33.95000076293945,33.95000076293945,34.70000076293945,40400.0,32.77134704589844
2018-09-07,35.150001525878906,34.150001525878906,34.75,34.29999923706055,12900.0,32.393577575683594
2018-09-10,34.95000076293945,34.25,34.25,34.95000076293945,32400.0,33.0074577331543
2018-09-11,35.099998474121094,33.650001525878906,34.79999923706055,33.650001525878906,10800.0,31.779708862304688
2018-09-12,34.849998474121094,33.70000076293945,33.70000076293945,34.150001525878906,19700.0,32.25191879272461
2018-09-13,34.5,33.5,34.150001525878906,33.54999923706055,14000.0,31.685264587402344
2018-09-14,33.75,33.0,33.75,33.0,45800.0,31.16583824157715
2018-09-17,33.97999954223633,32.95000076293945,33.0,32.95000076293945,15800.0,31.118616104125977
2018-09-18,33.400001525878906,32.900001525878906,33.150001525878906,33.25,15700.0,31.40193748474121
2018-09-19,33.349998474121094,32.849998474121094,33.20000076293945,33.04999923706055,24700.0,31.213058471679688
2018-09-20,33.599998474121094,33.0,33.150001525878906,33.400001525878906,25800.0,31.543607711791992
2018-09-21,34.0,33.099998474121094,33.349998474121094,33.45000076293945,70300.0,31.59082794189453
2018-09-24,34.150001525878906,33.45000076293945,33.5,33.79999923706055,32100.0,31.921375274658203
2018-09-25,34.29999923706055,33.54999923706055,33.599998474121094,34.20000076293945,26700.0,32.530120849609375
2018-09-26,34.400001525878906,34.150001525878906,34.20000076293945,34.25,46700.0,32.577674865722656
2018-09-27,34.95000076293945,34.25,34.25,34.54999923706055,31300.0,32.8630256652832
2018-09-28,34.75,33.95000076293945,34.599998474121094,34.400001525878906,11700.0,32.720359802246094
2018-10-01,34.90999984741211,34.04999923706055,34.709999084472656,34.38999938964844,26100.0,32.71084213256836
2018-10-02,34.9900016784668,34.189998626708984,34.5,34.86000061035156,28700.0,33.15789794921875
2018-10-03,34.97999954223633,34.5,34.86000061035156,34.5,49500.0,32.81547164916992
2018-10-04,34.54999923706055,33.88999938964844,34.29999923706055,34.02000045776367,29000.0,32.358909606933594
2018-10-05,34.040000915527344,33.650001525878906,33.790000915527344,33.900001525878906,14300.0,32.24477005004883
2018-10-08,33.900001525878906,33.25,33.900001525878906,33.61000061035156,9600.0,31.968931198120117
2018-10-09,33.790000915527344,33.41999816894531,33.5,33.4900016784668,63600.0,31.85479164123535
2018-10-10,33.540000915527344,33.02000045776367,33.529998779296875,33.279998779296875,30900.0,31.65504264831543
2018-10-11,33.27000045776367,32.08000183105469,33.0,32.599998474121094,35600.0,31.008243560791016
2018-10-12,32.9900016784668,32.33000183105469,32.709999084472656,32.79999923706055,22100.0,31.1984806060791
2018-10-15,33.91999816894531,32.33000183105469,32.720001220703125,33.04999923706055,49800.0,31.436269760131836
2018-10-16,34.0,33.150001525878906,33.150001525878906,33.849998474121094,6700.0,32.197208404541016
2018-10-17,34.400001525878906,33.599998474121094,33.81999969482422,34.400001525878906,19400.0,32.720359802246094
2018-10-18,35.7400016784668,34.099998474121094,34.130001068115234,34.130001068115234,264300.0,32.463539123535156
2018-10-19,35.34000015258789,32.81999969482422,34.349998474121094,34.369998931884766,18800.0,32.69181823730469
2018-10-22,34.45000076293945,33.40999984741211,34.400001525878906,33.900001525878906,35400.0,32.24477005004883
2018-10-23,33.86000061035156,32.630001068115234,33.68000030517578,33.52000045776367,33900.0,31.883323669433594
2018-10-24,33.880001068115234,33.34000015258789,33.34000015258789,33.43000030517578,30200.0,31.797719955444336
2018-10-25,34.099998474121094,33.41999816894531,33.4900016784668,33.65999984741211,18500.0,32.0164909362793
2018-10-26,34.119998931884766,33.22999954223633,33.27000045776367,33.79999923706055,14500.0,32.14965057373047
2018-10-29,34.97999954223633,31.579999923706055,33.95000076293945,33.5099983215332,21400.0,31.873809814453125
2018-10-30,33.75,32.31999969482422,33.72999954223633,33.5,158000.0,31.864299774169922
2018-10-31,34.72999954223633,33.720001220703125,33.790000915527344,34.119998931884766,19900.0,32.45402526855469
2018-11-01,35.189998626708984,34.0099983215332,34.38999938964844,35.040000915527344,25600.0,33.32910919189453
2018-11-02,36.04999923706055,34.91999816894531,35.11000061035156,36.029998779296875,10500.0,34.27077102661133
2018-11-05,36.02000045776367,35.02000045776367,36.02000045776367,35.15999984741211,13600.0,33.44325256347656
2018-11-06,35.84000015258789,35.02000045776367,35.16999816894531,35.790000915527344,36600.0,34.04248809814453
2018-11-07,36.720001220703125,35.97999954223633,35.97999954223633,36.45000076293945,35300.0,34.67026138305664
2018-11-08,36.540000915527344,35.2599983215332,36.36000061035156,35.54999923706055,20200.0,33.814205169677734
2018-11-09,36.58000183105469,35.560001373291016,35.560001373291016,36.099998474121094,2800.0,34.33734893798828
2018-11-12,35.75,34.72999954223633,35.75,35.09000015258789,34300.0,33.37666320800781
2018-11-13,35.529998779296875,34.849998474121094,35.08000183105469,34.849998474121094,20900.0,33.14838409423828
2018-11-14,34.72999954223633,32.709999084472656,34.5099983215332,34.27000045776367,56700.0,32.596702575683594
2018-11-15,35.34000015258789,33.77000045776367,34.04999923706055,35.20000076293945,10400.0,33.48129653930664
2018-11-16,35.709999084472656,34.560001373291016,35.209999084472656,35.5099983215332,15400.0,33.77615737915039
2018-11-19,35.58000183105469,33.65999984741211,35.58000183105469,33.95000076293945,41700.0,32.292327880859375
2018-11-20,33.79999923706055,33.06999969482422,33.290000915527344,33.06999969482422,58800.0,31.45529556274414
2018-11-21,33.439998626708984,32.5099983215332,33.040000915527344,32.58000183105469,47400.0,30.989225387573242
2018-11-23,33.4900016784668,32.08000183105469,32.25,32.79999923706055,16700.0,31.1984806060791
2018-11-26,34.540000915527344,32.220001220703125,33.0,34.0,63400.0,32.33988571166992
2018-11-27,34.400001525878906,32.97999954223633,34.0,33.16999816894531,181200.0,31.550413131713867
2018-11-28,34.619998931884766,33.15999984741211,33.15999984741211,33.959999084472656,106500.0,32.301841735839844
2018-11-29,34.369998931884766,33.18000030517578,33.83000183105469,34.0,29300.0,32.33988571166992
2018-11-30,34.279998779296875,33.099998474121094,34.0,33.11000061035156,70600.0,31.493343353271484
2018-12-03,34.90999984741211,33.290000915527344,33.290000915527344,34.099998474121094,96900.0,32.435001373291016
2018-12-04,34.099998474121094,33.119998931884766,34.099998474121094,33.5,25300.0,31.864299774169922
2018-12-06,34.099998474121094,33.0,33.0,33.31999969482422,85700.0,31.69308853149414
2018-12-07,33.880001068115234,32.63999938964844,33.33000183105469,32.84000015258789,15500.0,31.236526489257812
2018-12-10,33.189998626708984,31.81999969482422,32.849998474121094,32.27000045776367,38700.0,30.694358825683594
2018-12-11,32.619998931884766,31.25,32.599998474121094,32.5,29400.0,30.913127899169922
2018-12-12,35.16999816894531,32.93000030517578,33.2400016784668,33.900001525878906,38500.0,32.24477005004883
2018-12-13,34.79999923706055,33.5099983215332,33.900001525878906,33.72999954223633,27700.0,32.08306884765625
2018-12-14,34.189998626708984,32.2599983215332,33.31999969482422,33.15999984741211,26200.0,31.54090118408203
2018-12-17,33.16999816894531,32.439998626708984,33.16999816894531,32.66999816894531,15600.0,31.0748233795166
2018-12-18,33.4900016784668,32.68000030517578,32.68000030517578,33.06999969482422,18300.0,31.45529556274414
2018-12-19,33.279998779296875,32.150001525878906,33.279998779296875,32.41999816894531,28800.0,30.837034225463867
2018-12-20,33.11000061035156,31.399999618530273,32.22999954223633,31.6299991607666,24200.0,30.08560562133789
2018-12-21,31.809999465942383,30.90999984741211,31.709999084472656,31.1299991607666,32000.0,29.610017776489258
2018-12-24,31.06999969482422,29.3799991607666,30.59000015258789,31.0,36100.0,29.70584487915039
2018-12-26,32.33000183105469,31.079999923706055,31.079999923706055,32.18000030517578,63100.0,30.836584091186523
2018-12-27,32.95000076293945,31.149999618530273,31.770000457763672,31.6299991607666,13500.0,30.309541702270508
2018-12-28,32.72999954223633,31.020000457763672,31.889999389648438,32.279998779296875,29200.0,30.93240737915039
2018-12-31,33.040000915527344,32.0,32.849998474121094,32.060001373291016,44200.0,30.721593856811523
2019-01-02,33.0,31.90999984741211,31.90999984741211,32.84000015258789,135900.0,31.469030380249023
2019-01-03,33.900001525878906,32.68000030517578,32.849998474121094,33.88999938964844,31400.0,32.475196838378906
2019-01-04,35.06999969482422,32.220001220703125,34.349998474121094,34.810001373291016,19800.0,33.356788635253906
2019-01-07,35.20000076293945,33.65999984741211,35.0,34.119998931884766,60400.0,32.69559097290039
2019-01-08,34.59000015258789,33.79999923706055,34.18000030517578,34.40999984741211,28100.0,32.973487854003906
2019-01-09,34.5099983215332,33.33000183105469,34.5099983215332,33.529998779296875,50200.0,32.13022232055664
2019-01-10,33.84000015258789,33.0,33.029998779296875,33.61000061035156,26100.0,32.206886291503906
2019-01-11,33.470001220703125,33.02000045776367,33.290000915527344,33.02000045776367,35300.0,31.641515731811523
2019-01-14,33.43000030517578,32.130001068115234,33.02000045776367,32.31999969482422,24300.0,30.970739364624023
2019-01-15,32.86000061035156,31.420000076293945,32.2400016784668,31.790000915527344,26000.0,30.462865829467773
2019-01-16,32.400001525878906,31.479999542236328,31.479999542236328,31.75,55800.0,30.42453384399414
2019-01-17,32.029998779296875,30.860000610351562,31.43000030517578,31.010000228881836,33500.0,29.715425491333008
2019-01-18,31.59000015258789,30.639999389648438,31.309999465942383,31.190000534057617,68700.0,29.88791275024414
2019-01-22,32.5099983215332,30.790000915527344,30.899999618530273,32.5099983215332,127200.0,31.152807235717773
2019-01-23,33.439998626708984,32.20000076293945,32.66999816894531,32.400001525878906,101000.0,31.047399520874023
2019-01-24,33.13999938964844,32.369998931884766,32.439998626708984,32.400001525878906,36500.0,31.047399520874023
2019-01-25,32.79999923706055,32.06999969482422,32.5099983215332,32.79999923706055,10200.0,31.43069839477539
2019-01-28,32.689998626708984,32.040000915527344,32.650001525878906,32.150001525878906,36300.0,30.807836532592773
2019-01-29,32.79999923706055,32.02000045776367,32.150001525878906,32.68000030517578,35000.0,31.31570816040039
2019-01-30,32.86000061035156,32.310001373291016,32.310001373291016,32.65999984741211,22200.0,31.296545028686523
2019-01-31,32.97999954223633,32.45000076293945,32.45000076293945,32.95000076293945,29100.0,31.574438095092773
2019-02-01,33.90999984741211,32.560001373291016,32.9900016784668,33.59000015258789,20100.0,32.187721252441406
2019-02-04,34.31999969482422,33.45000076293945,33.619998931884766,33.7400016784668,17600.0,32.331459045410156
2019-02-05,33.9900016784668,33.279998779296875,33.900001525878906,33.45000076293945,10400.0,32.053565979003906
2019-02-06,33.58000183105469,33.11000061035156,33.5,33.33000183105469,5500.0,31.93857765197754
2019-02-07,33.2400016784668,32.56999969482422,33.13999938964844,33.0099983215332,14800.0,31.63193130493164
2019-02-08,33.459999084472656,32.900001525878906,32.900001525878906,33.09000015258789,9100.0,31.708593368530273
2019-02-11,33.599998474121094,33.060001373291016,33.060001373291016,33.43000030517578,11400.0,32.034400939941406
2019-02-12,33.689998626708984,33.43000030517578,33.43000030517578,33.689998626708984,13900.0,32.28354263305664
2019-02-13,34.279998779296875,33.54999923706055,33.72999954223633,34.189998626708984,61600.0,32.76266860961914
2019-02-14,34.47999954223633,33.41999816894531,34.209999084472656,33.599998474121094,23100.0,32.19729995727539
2019-02-15,34.41999816894531,33.61000061035156,33.61000061035156,34.41999816894531,22500.0,32.983070373535156
2019-02-19,34.459999084472656,33.880001068115234,34.20000076293945,34.029998779296875,29400.0,32.609352111816406
2019-02-20,36.5,34.150001525878906,34.16999816894531,35.40999984741211,134100.0,33.931739807128906
2019-02-21,35.709999084472656,34.959999084472656,35.380001068115234,35.220001220703125,79500.0,33.74967575073242
2019-02-22,36.22999954223633,34.9900016784668,35.220001220703125,36.040000915527344,69400.0,34.53544235229492
2019-02-25,37.2400016784668,35.869998931884766,36.13999938964844,37.060001373291016,75000.0,35.51285934448242
2019-02-26,37.90999984741211,36.68000030517578,37.02000045776367,37.86000061035156,30200.0,36.27946090698242
2019-02-27,38.5,36.869998931884766,37.83000183105469,36.9900016784668,89900.0,35.44578170776367
2019-02-28,37.0,36.220001220703125,36.349998474121094,36.900001525878906,80700.0,35.35953903198242
2019-03-01,37.95000076293945,36.849998474121094,36.90999984741211,37.0099983215332,35600.0,35.46494674682617
2019-03-04,37.849998474121094,36.97999954223633,37.2599983215332,37.369998931884766,33100.0,35.80992126464844
2019-03-05,37.58000183105469,36.58000183105469,37.33000183105469,37.20000076293945,38700.0,35.647010803222656
2019-03-06,37.400001525878906,36.79999923706055,37.15999984741211,36.88999938964844,30700.0,35.34995651245117
2019-03-07,36.93000030517578,36.41999816894531,36.43000030517578,36.619998931884766,19700.0,35.091224670410156
2019-03-08,36.939998626708984,36.34000015258789,36.400001525878906,36.650001525878906,28400.0,35.11997604370117
2019-03-11,37.77000045776367,35.5,37.43000030517578,35.58000183105469,48700.0,34.094642639160156
2019-03-12,36.040000915527344,34.79999923706055,36.040000915527344,34.95000076293945,39800.0,33.490943908691406
2019-03-13,35.38999938964844,33.77000045776367,35.099998474121094,33.93000030517578,50000.0,32.513526916503906
2019-03-14,34.68000030517578,33.59000015258789,34.09000015258789,34.220001220703125,251000.0,32.791419982910156
2019-03-15,34.95000076293945,33.810001373291016,34.5099983215332,34.130001068115234,86300.0,32.70517349243164
2019-03-18,34.81999969482422,34.130001068115234,34.20000076293945,34.5,61800.0,33.059730529785156
2019-03-19,34.77000045776367,34.33000183105469,34.52000045776367,34.689998626708984,21100.0,33.24179458618164
2019-03-20,34.9900016784668,33.90999984741211,34.380001068115234,34.040000915527344,15900.0,32.618934631347656
2019-03-21,34.4900016784668,33.880001068115234,34.040000915527344,33.959999084472656,33200.0,32.54227066040039
2019-03-22,33.900001525878906,33.22999954223633,33.900001525878906,33.310001373291016,66200.0,31.919414520263672
2019-03-25,33.79999923706055,33.029998779296875,33.15999984741211,33.790000915527344,120300.0,32.379371643066406
2019-03-26,34.560001373291016,33.5,33.79999923706055,34.560001373291016,69000.0,33.11722946166992
2019-03-27,35.119998931884766,34.060001373291016,34.459999084472656,34.560001373291016,64500.0,33.11722946166992
2019-03-28,35.0099983215332,34.18000030517578,34.560001373291016,34.22999954223633,65300.0,32.801002502441406
2019-03-29,34.65999984741211,33.869998931884766,34.560001373291016,34.150001525878906,15000.0,32.72434616088867
2019-04-01,35.58000183105469,33.900001525878906,34.439998626708984,35.27000045776367,128500.0,33.79758834838867
2019-04-02,35.380001068115234,34.619998931884766,35.380001068115234,34.720001220703125,18300.0,33.270545959472656
2019-04-03,35.54999923706055,34.599998474121094,34.790000915527344,35.459999084472656,64500.0,33.97965621948242
2019-04-04,36.130001068115234,35.04999923706055,35.459999084472656,35.369998931884766,23800.0,33.89340591430664
2019-04-05,35.45000076293945,34.9900016784668,35.380001068115234,35.08000183105469,24500.0,33.615516662597656
2019-04-08,36.099998474121094,35.09000015258789,35.09000015258789,35.959999084472656,14100.0,34.458778381347656
2019-04-09,36.38999938964844,35.709999084472656,35.709999084472656,36.22999954223633,20400.0,34.717506408691406
2019-04-10,36.810001373291016,36.22999954223633,36.279998779296875,36.459999084472656,19300.0,34.937904357910156
2019-04-11,36.849998474121094,36.459999084472656,36.52000045776367,36.689998626708984,11700.0,35.158302307128906
2019-04-12,36.93000030517578,36.36000061035156,36.849998474121094,36.5,5900.0,34.976234436035156
2019-04-15,36.54999923706055,36.02000045776367,36.5,36.20000076293945,24700.0,34.688758850097656
2019-04-16,36.900001525878906,36.220001220703125,36.33000183105469,36.77000045776367,61900.0,35.23496627807617
2019-04-17,36.93000030517578,36.400001525878906,36.869998931884766,36.93000030517578,28100.0,35.388282775878906
2019-04-18,37.209999084472656,36.630001068115234,36.84000015258789,36.939998626708984,68700.0,35.397865295410156
2019-04-22,37.31999969482422,36.58000183105469,36.86000061035156,36.79999923706055,44100.0,35.26371383666992
2019-04-23,37.0,36.529998779296875,36.84000015258789,36.83000183105469,18600.0,35.29246139526367
2019-04-24,36.9900016784668,36.650001525878906,36.7599983215332,36.810001373291016,20500.0,35.27329635620117
2019-04-25,36.7599983215332,35.79999923706055,36.7599983215332,36.400001525878906,25700.0,34.88041305541992
2019-04-26,36.54999923706055,36.2400016784668,36.41999816894531,36.5099983215332,12200.0,34.985816955566406
2019-04-29,37.060001373291016,36.5,36.5,36.91999816894531,20500.0,35.37870407104492
2019-04-30,37.0,36.400001525878906,36.9900016784668,36.77000045776367,29700.0,35.23496627807617
2019-05-01,36.93000030517578,36.20000076293945,36.68000030517578,36.20000076293945,36200.0,34.688758850097656
2019-05-02,36.470001220703125,35.16999816894531,36.45000076293945,35.209999084472656,18400.0,33.740089416503906
2019-05-03,35.5099983215332,34.77000045776367,35.40999984741211,35.04999923706055,13000.0,33.586769104003906
2019-05-06,34.959999084472656,34.04999923706055,34.540000915527344,34.720001220703125,42600.0,33.270545959472656
2019-05-07,34.9900016784668,33.790000915527344,34.56999969482422,33.880001068115234,27600.0,32.46561050415039
2019-05-08,34.04999923706055,33.08000183105469,33.880001068115234,33.36000061035156,26000.0,31.967321395874023
2019-05-09,32.91999816894531,32.290000915527344,32.91999816894531,32.41999816894531,36100.0,31.066560745239258
2019-05-10,32.54999923706055,31.809999465942383,32.5,32.470001220703125,29500.0,31.114477157592773
2019-05-13,32.56999969482422,31.739999771118164,31.739999771118164,32.380001068115234,19700.0,31.028234481811523
2019-05-14,33.04999923706055,32.060001373291016,32.380001068115234,32.900001525878906,32600.0,31.526525497436523
2019-05-15,32.83000183105469,32.34000015258789,32.650001525878906,32.68000030517578,18700.0,31.31570816040039
2019-05-16,34.68000030517578,32.97999954223633,32.97999954223633,33.75,25900.0,32.34103775024414
2019-05-17,34.0,33.31999969482422,33.5,33.81999969482422,22000.0,32.408119201660156
2019-05-20,34.75,33.369998931884766,33.779998779296875,33.869998931884766,21500.0,32.45602798461914
2019-05-21,34.06999969482422,31.549999237060547,32.0,33.86000061035156,157000.0,32.446449279785156
2019-05-22,34.5,33.20000076293945,33.7400016784668,33.720001220703125,314500.0,32.312294006347656
2019-05-23,33.47999954223633,32.75,33.47999954223633,32.95000076293945,67200.0,31.574438095092773
2019-05-24,33.13999938964844,32.70000076293945,33.13999938964844,32.97999954223633,20700.0,31.603187561035156
2019-05-28,33.810001373291016,32.4900016784668,33.06999969482422,32.5,78300.0,31.14322280883789
2019-05-29,32.72999954223633,32.20000076293945,32.400001525878906,32.470001220703125,52200.0,31.114477157592773
2019-05-30,32.709999084472656,31.829999923706055,32.38999938964844,31.8799991607666,60000.0,30.549104690551758
2019-05-31,32.380001068115234,30.8700008392334,31.75,31.110000610351562,28300.0,29.81125259399414
2019-06-03,31.760000228881836,30.920000076293945,31.010000228881836,31.520000457763672,82900.0,30.204137802124023
2019-06-04,32.310001373291016,30.860000610351562,31.59000015258789,31.350000381469727,263900.0,30.04123306274414
2019-06-05,32.529998779296875,31.360000610351562,31.360000610351562,32.0099983215332,73800.0,30.67367935180664
2019-06-06,32.52000045776367,31.68000030517578,32.52000045776367,32.029998779296875,55800.0,30.69284439086914
2019-06-07,32.220001220703125,31.68000030517578,31.90999984741211,31.75,28400.0,30.42453384399414
2019-06-10,32.060001373291016,31.530000686645508,31.6299991607666,31.770000457763672,44100.0,30.443700790405273
2019-06-11,32.290000915527344,31.459999084472656,31.93000030517578,31.739999771118164,27900.0,30.414953231811523
2019-06-12,31.649999618530273,31.0,31.540000915527344,31.0,15200.0,29.70584487915039
2019-06-13,31.649999618530273,30.899999618530273,31.309999465942383,31.450000762939453,114200.0,30.137062072753906
2019-06-14,31.84000015258789,31.06999969482422,31.469999313354492,31.549999237060547,85700.0,30.232881546020508
2019-06-17,31.75,31.270000457763672,31.40999984741211,31.309999465942383,82400.0,30.002901077270508
2019-06-18,33.119998931884766,31.309999465942383,31.309999465942383,32.689998626708984,254300.0,31.32529067993164
2019-06-19,32.5,31.700000762939453,32.5,31.829999923706055,88500.0,30.72677993774414
2019-06-20,32.209999084472656,31.18000030517578,32.189998626708984,31.81999969482422,30600.0,30.717126846313477
2019-06-21,32.11000061035156,31.229999542236328,31.93000030517578,31.5,75400.0,30.408218383789062
2019-06-24,32.33000183105469,30.979999542236328,31.809999465942383,31.360000610351562,134200.0,30.2730712890625
2019-06-25,31.329999923706055,30.540000915527344,31.09000015258789,30.600000381469727,50500.0,29.539413452148438
2019-06-26,30.81999969482422,30.010000228881836,30.709999084472656,30.09000015258789,66900.0,29.047090530395508
2019-06-27,30.43000030517578,29.90999984741211,29.940000534057617,30.0,221000.0,28.960206985473633
2019-06-28,30.25,30.0,30.0,30.09000015258789,177700.0,29.047090530395508
2019-07-01,30.56999969482422,30.100000381469727,30.56999969482422,30.459999084472656,70700.0,29.40426254272461
2019-07-02,30.610000610351562,30.020000457763672,30.5,30.09000015258789,67600.0,29.047090530395508
2019-07-03,30.34000015258789,29.81999969482422,30.09000015258789,29.860000610351562,36300.0,28.82505989074707
2019-07-05,30.6200008392334,29.940000534057617,30.0,30.56999969482422,280400.0,29.510452270507812
2019-07-08,31.280000686645508,30.6200008392334,30.75,30.639999389648438,100400.0,29.57802391052246
2019-07-09,30.920000076293945,30.200000762939453,30.610000610351562,30.709999084472656,276700.0,29.645597457885742
2019-07-10,30.979999542236328,30.729999542236328,30.809999465942383,30.790000915527344,60400.0,29.722827911376953
2019-07-11,30.979999542236328,30.299999237060547,30.739999771118164,30.5,78200.0,29.44287872314453
2019-07-12,30.780000686645508,30.360000610351562,30.579999923706055,30.479999542236328,38900.0,29.42357063293457
2019-07-15,30.649999618530273,30.049999237060547,30.6299991607666,30.110000610351562,42900.0,29.066396713256836
2019-07-16,31.079999923706055,30.010000228881836,30.149999618530273,30.700000762939453,70100.0,29.63594627380371
2019-07-17,30.93000030517578,30.18000030517578,30.649999618530273,30.260000228881836,38700.0,29.211196899414062
2019-07-18,30.540000915527344,29.579999923706055,30.110000610351562,30.170000076293945,109500.0,29.12431526184082
2019-07-19,30.59000015258789,29.729999542236328,30.40999984741211,29.729999542236328,57000.0,28.699565887451172
2019-07-22,30.049999237060547,29.40999984741211,29.81999969482422,29.93000030517578,144900.0,28.89263343811035
2019-07-23,30.209999084472656,29.700000762939453,29.989999771118164,29.809999465942383,67100.0,28.77679443359375
2019-07-24,30.049999237060547,29.020000457763672,29.809999465942383,29.850000381469727,46000.0,28.815406799316406
2019-07-25,30.040000915527344,29.530000686645508,29.829999923706055,29.540000915527344,31200.0,28.51615333557129
2019-07-26,29.940000534057617,29.469999313354492,29.540000915527344,29.610000610351562,51500.0,28.583724975585938
2019-07-29,30.270000457763672,29.489999771118164,29.579999923706055,29.959999084472656,123000.0,28.921594619750977
2019-07-30,30.079999923706055,28.81999969482422,29.940000534057617,29.100000381469727,113700.0,28.091402053833008
2019-07-31,29.799999237060547,28.969999313354492,29.18000030517578,29.18000030517578,33400.0,28.168628692626953
2019-08-01,29.920000076293945,29.139999389648438,29.280000686645508,29.5,62100.0,28.4775390625
2019-08-02,29.540000915527344,29.0,29.540000915527344,29.40999984741211,45100.0,28.390655517578125
2019-08-05,29.170000076293945,28.540000915527344,29.170000076293945,28.56999969482422,46600.0,27.579771041870117
2019-08-06,29.209999084472656,28.25,28.860000610351562,28.440000534057617,48600.0,27.45427894592285
2019-08-07,28.6299991607666,27.75,28.139999389648438,28.34000015258789,49700.0,27.357742309570312
2019-08-08,28.940000534057617,28.200000762939453,28.389999389648438,28.84000015258789,44900.0,27.84041404724121
2019-08-09,29.270000457763672,28.059999465942383,28.709999084472656,28.440000534057617,30700.0,27.45427894592285
2019-08-12,28.549999237060547,28.010000228881836,28.079999923706055,28.299999237060547,48900.0,27.319128036499023
2019-08-13,28.93000030517578,28.149999618530273,28.149999618530273,28.649999618530273,37300.0,27.656999588012695
2019-08-14,28.68000030517578,28.299999237060547,28.350000381469727,28.610000610351562,93000.0,27.618385314941406
2019-08-15,28.700000762939453,28.09000015258789,28.530000686645508,28.389999389648438,29700.0,27.406009674072266
2019-08-16,28.889999389648438,28.18000030517578,28.3799991607666,28.209999084472656,43600.0,27.232248306274414
2019-08-19,28.530000686645508,27.889999389648438,28.530000686645508,27.969999313354492,35200.0,27.000566482543945
2019-08-20,28.010000228881836,27.459999084472656,27.850000381469727,27.579999923706055,92600.0,26.62408447265625
2019-08-21,27.920000076293945,27.06999969482422,27.639999389648438,27.3700008392334,105100.0,26.421363830566406
2019-08-22,28.100000381469727,27.229999542236328,27.469999313354492,27.260000228881836,125100.0,26.315174102783203
2019-08-23,27.3799991607666,26.780000686645508,27.3799991607666,26.790000915527344,44100.0,25.861465454101562
2019-08-26,27.3799991607666,26.770000457763672,26.860000610351562,26.899999618530273,53300.0,25.967653274536133
2019-08-27,27.149999618530273,25.600000381469727,27.149999618530273,25.81999969482422,95500.0,24.925085067749023
2019-08-28,26.600000381469727,24.170000076293945,24.170000076293945,26.290000915527344,186300.0,25.37879753112793
2019-08-29,26.690000534057617,25.68000030517578,26.190000534057617,25.90999984741211,85100.0,25.011966705322266
2019-08-30,26.389999389648438,25.65999984741211,26.020000457763672,25.739999771118164,79300.0,24.847858428955078
2019-09-03,26.670000076293945,25.25,25.649999618530273,26.510000228881836,80600.0,25.591171264648438
2019-09-04,27.1200008392334,26.3700008392334,26.520000457763672,26.889999389648438,62700.0,25.95800018310547
2019-09-05,27.56999969482422,26.850000381469727,27.020000457763672,27.510000228881836,60500.0,26.556509017944336
2019-09-06,27.850000381469727,27.030000686645508,27.56999969482422,27.420000076293945,47600.0,26.46963119506836
2019-09-09,27.719999313354492,27.110000610351562,27.299999237060547,27.549999237060547,36500.0,26.595123291015625
2019-09-10,28.600000381469727,27.399999618530273,27.6200008392334,28.489999771118164,62800.0,27.502544403076172
2019-09-11,28.489999771118164,27.43000030517578,28.489999771118164,27.65999984741211,214000.0,26.701313018798828
2019-09-12,28.829999923706055,27.540000915527344,27.540000915527344,28.06999969482422,79100.0,27.09710121154785
2019-09-13,28.549999237060547,28.06999969482422,28.190000534057617,28.389999389648438,57300.0,27.406009674072266
2019-09-16,28.940000534057617,28.209999084472656,28.209999084472656,28.459999084472656,70400.0,27.473583221435547
2019-09-17,28.34000015258789,27.969999313354492,28.34000015258789,28.059999465942383,20400.0,27.087448120117188
2019-09-18,28.149999618530273,27.010000228881836,27.950000762939453,27.290000915527344,30500.0,26.34413719177246
2019-09-19,27.389999389648438,27.0,27.350000381469727,27.040000915527344,55800.0,26.102800369262695
2019-09-20,27.31999969482422,27.0,27.09000015258789,27.280000686645508,39500.0,26.334482192993164
2019-09-23,27.170000076293945,26.920000076293945,27.170000076293945,26.989999771118164,59100.0,26.054533004760742
2019-09-24,27.149999618530273,26.31999969482422,26.979999542236328,26.420000076293945,90000.0,25.504291534423828
2019-09-25,26.31999969482422,25.889999389648438,26.139999389648438,26.1299991607666,58100.0,25.45557975769043
2019-09-26,26.15999984741211,25.260000228881836,26.100000381469727,25.489999771118164,32800.0,24.83209800720215
2019-09-27,25.59000015258789,24.84000015258789,25.540000915527344,25.059999465942383,52000.0,24.413196563720703
2019-09-30,25.3700008392334,24.649999618530273,25.0,24.790000915527344,44000.0,24.15016746520996
2019-10-01,24.90999984741211,24.010000228881836,24.90999984741211,24.059999465942383,30400.0,23.439006805419922
2019-10-02,24.760000228881836,23.3799991607666,23.719999313354492,24.709999084472656,83200.0,24.072229385375977
2019-10-03,25.049999237060547,24.5,24.799999237060547,24.790000915527344,35200.0,24.15016746520996
2019-10-04,24.969999313354492,24.559999465942383,24.899999618530273,24.8799991607666,22800.0,24.237842559814453
2019-10-07,25.1299991607666,24.6200008392334,24.860000610351562,24.81999969482422,34700.0,24.179391860961914
2019-10-08,24.8799991607666,24.549999237060547,24.81999969482422,24.84000015258789,28500.0,24.198875427246094
2019-10-09,25.010000228881836,24.18000030517578,24.90999984741211,24.280000686645508,69000.0,23.653329849243164
2019-10-10,25.0,23.950000762939453,24.280000686645508,24.059999465942383,93400.0,23.439006805419922
2019-10-11,24.610000610351562,24.049999237060547,24.049999237060547,24.200000762939453,38600.0,23.575395584106445
2019-10-14,24.31999969482422,23.889999389648438,24.190000534057617,24.25,21200.0,23.624103546142578
2019-10-15,24.59000015258789,24.0,24.59000015258789,24.270000457763672,75100.0,23.64358901977539
2019-10-16,24.850000381469727,24.260000228881836,24.270000457763672,24.530000686645508,38700.0,23.89687728881836
2019-10-17,25.09000015258789,24.6299991607666,24.6299991607666,24.920000076293945,59900.0,24.276811599731445
2019-10-18,25.09000015258789,24.780000686645508,24.8700008392334,25.059999465942383,37300.0,24.413196563720703
2019-10-21,25.56999969482422,25.030000686645508,25.030000686645508,25.43000030517578,21900.0,24.77364730834961
2019-10-22,25.979999542236328,25.520000457763672,25.520000457763672,25.979999542236328,38200.0,25.309452056884766
2019-10-23,26.3799991607666,25.790000915527344,25.899999618530273,26.31999969482422,42400.0,25.640676498413086
2019-10-24,26.450000762939453,25.489999771118164,26.450000762939453,25.6200008392334,121400.0,24.9587459564209
2019-10-25,25.75,24.829999923706055,25.6299991607666,24.93000030517578,33000.0,24.28655433654785
2019-10-28,25.059999465942383,24.6200008392334,24.920000076293945,24.709999084472656,100300.0,24.072229385375977
2019-10-29,24.940000534057617,24.6200008392334,24.6200008392334,24.899999618530273,30800.0,24.257326126098633
2019-10-30,24.899999618530273,24.540000915527344,24.739999771118164,24.770000457763672,75100.0,24.13068199157715
2019-10-31,24.84000015258789,23.959999084472656,24.84000015258789,24.530000686645508,47500.0,23.89687728881836
2019-11-01,25.489999771118164,24.489999771118164,24.489999771118164,25.350000381469727,45300.0,24.69571304321289
2019-11-04,25.420000076293945,24.799999237060547,25.360000610351562,24.799999237060547,104100.0,24.159908294677734
2019-11-05,25.06999969482422,24.700000762939453,24.889999389648438,24.799999237060547,49700.0,24.159908294677734
2019-11-06,24.780000686645508,24.450000762939453,24.780000686645508,24.649999618530273,35400.0,24.013778686523438
2019-11-07,24.799999237060547,24.290000915527344,24.799999237060547,24.389999389648438,44800.0,23.76049041748047
2019-11-08,24.540000915527344,24.280000686645508,24.40999984741211,24.34000015258789,32200.0,23.711780548095703
2019-11-11,24.530000686645508,24.010000228881836,24.010000228881836,24.34000015258789,112400.0,23.711780548095703
2019-11-12,24.979999542236328,24.309999465942383,24.309999465942383,24.899999618530273,38800.0,24.257326126098633
2019-11-13,25.280000686645508,24.81999969482422,24.81999969482422,25.1200008392334,69200.0,24.471649169921875
2019-11-14,25.149999618530273,24.81999969482422,25.110000610351562,24.8700008392334,49100.0,24.228103637695312
2019-11-15,25.010000228881836,24.600000381469727,24.8799991607666,24.670000076293945,22900.0,24.03326416015625
2019-11-18,24.600000381469727,24.399999618530273,24.600000381469727,24.510000228881836,33000.0,23.87739372253418
2019-11-19,24.84000015258789,24.610000610351562,24.610000610351562,24.719999313354492,25000.0,24.081972122192383
2019-11-20,24.610000610351562,24.15999984741211,24.610000610351562,24.190000534057617,34000.0,23.56565284729004
2019-11-21,24.139999389648438,23.459999084472656,24.049999237060547,23.75,49100.0,23.137008666992188
2019-11-22,24.100000381469727,23.09000015258789,23.690000534057617,23.31999969482422,39700.0,22.718107223510742
2019-11-25,24.700000762939453,22.510000228881836,23.010000228881836,24.25,171800.0,23.624103546142578
2019-11-26,24.709999084472656,23.989999771118164,24.309999465942383,24.5,123900.0,23.867652893066406
2019-11-27,24.8700008392334,24.0,24.389999389648438,24.0,32600.0,23.380556106567383
2019-11-29,24.200000762939453,23.739999771118164,24.020000457763672,24.0,29500.0,23.380556106567383
2019-12-02,24.059999465942383,23.81999969482422,23.850000381469727,23.979999542236328,48500.0,23.361072540283203
2019-12-03,23.93000030517578,23.209999084472656,23.93000030517578,23.299999237060547,39100.0,22.69862174987793
2019-12-04,24.280000686645508,23.149999618530273,23.299999237060547,23.700000762939453,40000.0,23.088300704956055
2019-12-05,24.020000457763672,23.25,24.020000457763672,23.290000915527344,33700.0,22.68888282775879
2019-12-06,23.479999542236328,22.8799991607666,23.290000915527344,22.8799991607666,87600.0,22.28946304321289
2019-12-09,23.31999969482422,22.739999771118164,23.020000457763672,22.959999084472656,55200.0,22.367399215698242
2019-12-10,23.459999084472656,22.450000762939453,22.950000762939453,22.5,179100.0,21.91927146911621
2019-12-11,23.040000915527344,22.31999969482422,22.489999771118164,22.649999618530273,104400.0,22.065401077270508
2019-12-12,23.020000457763672,21.530000686645508,22.75,23.020000457763672,169200.0,22.425851821899414
2019-12-13,23.690000534057617,23.110000610351562,23.139999389648438,23.600000381469727,38000.0,22.990882873535156
2019-12-16,24.200000762939453,23.690000534057617,23.690000534057617,24.139999389648438,84800.0,23.516942977905273
2019-12-17,24.610000610351562,24.09000015258789,24.09000015258789,24.520000457763672,46100.0,23.887136459350586
2019-12-18,24.780000686645508,24.09000015258789,24.540000915527344,24.219999313354492,119500.0,23.594877243041992
2019-12-19,25.09000015258789,24.170000076293945,24.170000076293945,25.06999969482422,67600.0,24.42293930053711
2019-12-20,25.450000762939453,24.700000762939453,25.450000762939453,25.010000228881836,266600.0,24.36448860168457
2019-12-23,25.06999969482422,24.68000030517578,24.979999542236328,25.040000915527344,63100.0,24.630069732666016
2019-12-24,25.329999923706055,24.829999923706055,25.020000457763672,25.020000457763672,43700.0,24.610395431518555
2019-12-26,25.200000762939453,24.65999984741211,25.0,25.079999923706055,82600.0,24.66941261291504
2019-12-27,25.100000381469727,24.739999771118164,25.049999237060547,25.030000686645508,26700.0,24.6202335357666
2019-12-30,25.18000030517578,24.920000076293945,25.030000686645508,25.100000381469727,32100.0,24.6890869140625
2019-12-31,25.149999618530273,25.049999237060547,25.049999237060547,25.1299991607666,109100.0,24.71859359741211
2020-01-02,25.31999969482422,25.079999923706055,25.190000534057617,25.260000228881836,43000.0,24.846466064453125
2020-01-03,25.489999771118164,24.68000030517578,25.0,25.34000015258789,48200.0,24.92515754699707
2020-01-06,25.450000762939453,24.8799991607666,25.260000228881836,25.350000381469727,33000.0,24.934993743896484
2020-01-07,25.739999771118164,25.079999923706055,25.25,25.43000030517578,47300.0,25.013683319091797
2020-01-08,25.540000915527344,25.190000534057617,25.329999923706055,25.389999389648438,40700.0,24.97433853149414
2020-01-09,25.700000762939453,25.280000686645508,25.579999923706055,25.40999984741211,75600.0,24.99401092529297
2020-01-10,25.8700008392334,25.299999237060547,25.5,25.68000030517578,56000.0,25.259592056274414
2020-01-13,26.3700008392334,25.579999923706055,25.760000228881836,26.280000686645508,44800.0,25.849769592285156
2020-01-14,26.25,25.6299991607666,26.229999542236328,25.940000534057617,53000.0,25.515335083007812
2020-01-15,26.170000076293945,25.75,25.90999984741211,26.1200008392334,94900.0,25.6923885345459
2020-01-16,26.350000381469727,25.639999389648438,26.229999542236328,25.920000076293945,62700.0,25.495662689208984
2020-01-17,26.170000076293945,25.6299991607666,26.049999237060547,25.719999313354492,38600.0,25.298934936523438
2020-01-21,26.0,25.670000076293945,25.719999313354492,25.799999237060547,56900.0,25.377626419067383
2020-01-22,26.06999969482422,25.059999465942383,25.799999237060547,25.260000228881836,81900.0,24.846466064453125
2020-01-23,25.43000030517578,24.950000762939453,25.270000457763672,24.950000762939453,28800.0,24.541542053222656
2020-01-24,25.100000381469727,24.510000228881836,25.100000381469727,24.799999237060547,27200.0,24.393997192382812
2020-01-27,24.649999618530273,24.260000228881836,24.489999771118164,24.549999237060547,30000.0,24.148090362548828
2020-01-28,25.149999618530273,24.530000686645508,24.75,25.139999389648438,50800.0,24.728429794311523
2020-01-29,25.139999389648438,24.700000762939453,25.139999389648438,24.809999465942383,37700.0,24.403833389282227
2020-01-30,24.670000076293945,24.34000015258789,24.6299991607666,24.6200008392334,26100.0,24.21694564819336
2020-01-31,25.68000030517578,24.559999465942383,24.559999465942383,25.479999542236328,59900.0,25.062864303588867
2020-02-03,25.770000457763672,24.59000015258789,25.520000457763672,24.610000610351562,53900.0,24.207109451293945
2020-02-04,24.709999084472656,24.079999923706055,24.709999084472656,24.100000381469727,52700.0,23.70545768737793
2020-02-05,25.139999389648438,24.239999771118164,24.309999465942383,24.93000030517578,52300.0,24.521869659423828
2020-02-06,25.389999389648438,24.760000228881836,25.0,25.110000610351562,64300.0,24.698923110961914
2020-02-07,25.489999771118164,24.989999771118164,25.1299991607666,25.40999984741211,102300.0,24.99401092529297
2020-02-10,25.559999465942383,25.030000686645508,25.40999984741211,25.459999084472656,28800.0,25.04319190979004
2020-02-11,25.729999542236328,25.43000030517578,25.559999465942383,25.579999923706055,42000.0,25.16122817993164
2020-02-12,26.219999313354492,25.639999389648438,26.18000030517578,26.139999389648438,32900.0,25.712059020996094
2020-02-13,26.18000030517578,25.690000534057617,26.020000457763672,25.899999618530273,34100.0,25.475988388061523
2020-02-14,25.940000534057617,25.579999923706055,25.68000030517578,25.739999771118164,25100.0,25.3186092376709
2020-02-18,25.520000457763672,24.850000381469727,25.399999618530273,25.280000686645508,37700.0,24.866140365600586
2020-02-19,25.979999542236328,25.25,25.25,25.979999542236328,18400.0,25.55467987060547
2020-02-20,26.239999771118164,25.459999084472656,25.84000015258789,26.170000076293945,20300.0,25.74156951904297
2020-02-21,26.100000381469727,25.530000686645508,26.100000381469727,25.709999084472656,19600.0,25.289098739624023
2020-02-24,25.030000686645508,24.389999389648438,24.899999618530273,24.59000015258789,76500.0,24.187435150146484
2020-02-25,24.920000076293945,23.59000015258789,24.770000457763672,23.600000381469727,46700.0,23.21364402770996
2020-02-26,24.010000228881836,22.8799991607666,23.65999984741211,23.1299991607666,71400.0,22.7513370513916
2020-02-27,23.56999969482422,22.030000686645508,22.709999084472656,22.350000381469727,66900.0,21.984106063842773
2020-02-28,23.09000015258789,21.5,21.84000015258789,22.889999389648438,62400.0,22.51526641845703
2020-03-02,23.540000915527344,22.1299991607666,22.899999618530273,23.540000915527344,26100.0,23.154624938964844
2020-03-03,23.389999389648438,21.829999923706055,23.389999389648438,22.280000686645508,39100.0,21.915252685546875
2020-03-04,21.6200008392334,19.959999084472656,21.56999969482422,20.010000228881836,116700.0,19.682415008544922
2020-03-05,19.5,18.829999923706055,19.459999084472656,19.459999084472656,80100.0,19.14141845703125
2020-03-06,20.540000915527344,19.059999465942383,19.059999465942383,19.559999465942383,115000.0,19.23978042602539
2020-03-09,19.110000610351562,16.850000381469727,18.200000762939453,16.899999618530273,81800.0,16.623329162597656
2020-03-10,18.270000457763672,17.100000381469727,17.200000762939453,17.989999771118164,122900.0,17.695484161376953
2020-03-11,18.399999618530273,17.059999465942383,17.280000686645508,17.8700008392334,144100.0,17.577449798583984
2020-03-12,17.110000610351562,16.079999923706055,16.850000381469727,16.780000686645508,163100.0,16.505294799804688
2020-03-13,17.229999542236328,15.579999923706055,17.190000534057617,16.0,37800.0,15.738062858581543
2020-03-16,15.4399995803833,12.0600004196167,14.229999542236328,12.350000381469727,92100.0,12.147817611694336
2020-03-17,13.5,12.260000228881836,12.270000457763672,12.489999771118164,54700.0,12.28552532196045
2020-03-18,12.34000015258789,11.010000228881836,12.0,11.579999923706055,177700.0,11.390422821044922
2020-03-19,13.420000076293945,11.210000038146973,11.210000038146973,12.979999542236328,175500.0,12.767502784729004
2020-03-20,14.670000076293945,12.5,12.930000305175781,14.65999984741211,106200.0,14.420000076293945
2020-03-23,14.300000190734863,13.619999885559082,14.010000228881836,14.109999656677246,103500.0,14.109999656677246
2020-03-24,15.420000076293945,14.3100004196167,14.5,15.180000305175781,107100.0,15.180000305175781
2020-03-25,15.449999809265137,14.720000267028809,15.449999809265137,15.149999618530273,859100.0,15.149999618530273
2020-03-26,15.770000457763672,15.119999885559082,15.1899995803833,15.630000114440918,84200.0,15.630000114440918
2020-03-27,15.720000267028809,15.100000381469727,15.5,15.270000457763672,132000.0,15.270000457763672
2020-03-30,15.369999885559082,13.930000305175781,15.369999885559082,14.069999694824219,78600.0,14.069999694824219
2020-03-31,14.899999618530273,14.140000343322754,14.140000343322754,14.210000038146973,95800.0,14.210000038146973
2020-04-01,14.229999542236328,13.520000457763672,13.979999542236328,13.800000190734863,151300.0,13.800000190734863
2020-04-02,13.829999923706055,12.800000190734863,13.399999618530273,13.380000114440918,174500.0,13.380000114440918
2020-04-03,13.920000076293945,13.079999923706055,13.359999656677246,13.100000381469727,86800.0,13.100000381469727
2020-04-06,14.010000228881836,13.0600004196167,13.5,13.420000076293945,176700.0,13.420000076293945
2020-04-07,15.5,13.520000457763672,13.850000381469727,15.069999694824219,101200.0,15.069999694824219
2020-04-08,16.489999771118164,15.020000457763672,15.020000457763672,16.420000076293945,34900.0,16.420000076293945
2020-04-09,17.229999542236328,16.450000762939453,16.84000015258789,17.030000686645508,71900.0,17.030000686645508
2020-04-13,17.049999237060547,16.790000915527344,17.049999237060547,16.93000030517578,118200.0,16.93000030517578
2020-04-14,17.43000030517578,16.8799991607666,17.25,17.260000228881836,73700.0,17.260000228881836
2020-04-15,16.8799991607666,15.649999618530273,16.8799991607666,15.829999923706055,36600.0,15.829999923706055
2020-04-16,16.030000686645508,15.180000305175781,16.030000686645508,15.65999984741211,50700.0,15.65999984741211
2020-04-17,16.389999389648438,15.729999542236328,16.040000915527344,15.729999542236328,36300.0,15.729999542236328
2020-04-20,15.779999732971191,14.739999771118164,15.5600004196167,15.569999694824219,62900.0,15.569999694824219
2020-04-21,15.359999656677246,14.739999771118164,15.359999656677246,14.9399995803833,28900.0,14.9399995803833
2020-04-22,15.119999885559082,14.729999542236328,15.0,14.729999542236328,42900.0,14.729999542236328
2020-04-23,15.319999694824219,14.65999984741211,14.65999984741211,15.3100004196167,99300.0,15.3100004196167
2020-04-24,15.720000267028809,15.329999923706055,15.510000228881836,15.600000381469727,34300.0,15.600000381469727
2020-04-27,17.270000457763672,15.5,15.510000228881836,16.969999313354492,40100.0,16.969999313354492
2020-04-28,17.899999618530273,17.079999923706055,17.489999771118164,17.510000228881836,53700.0,17.510000228881836
2020-04-29,18.18000030517578,17.790000915527344,17.989999771118164,18.059999465942383,53300.0,18.059999465942383
2020-04-30,18.149999618530273,17.100000381469727,17.969999313354492,17.700000762939453,30800.0,17.700000762939453
2020-05-01,17.34000015258789,16.809999465942383,17.34000015258789,17.25,78600.0,17.25
2020-05-04,17.25,16.329999923706055,17.25,16.459999084472656,23800.0,16.459999084472656
2020-05-05,17.690000534057617,16.549999237060547,16.549999237060547,17.040000915527344,46900.0,17.040000915527344
2020-05-06,17.030000686645508,16.290000915527344,17.030000686645508,16.40999984741211,34900.0,16.40999984741211
2020-05-07,16.709999084472656,16.200000762939453,16.510000228881836,16.40999984741211,52500.0,16.40999984741211
2020-05-08,16.899999618530273,16.489999771118164,16.6299991607666,16.700000762939453,78000.0,16.700000762939453
2020-05-11,16.860000610351562,16.549999237060547,16.850000381469727,16.700000762939453,36300.0,16.700000762939453
2020-05-12,17.040000915527344,16.350000381469727,16.790000915527344,16.8799991607666,53200.0,16.8799991607666
2020-05-13,17.100000381469727,14.75,17.06999969482422,15.210000038146973,89400.0,15.210000038146973
2020-05-14,15.0600004196167,14.229999542236328,15.0,14.579999923706055,101600.0,14.579999923706055
2020-05-15,14.6899995803833,13.970000267028809,14.449999809265137,14.300000190734863,80300.0,14.300000190734863
2020-05-18,15.6899995803833,14.300000190734863,14.319999694824219,15.380000114440918,92800.0,15.380000114440918
2020-05-19,16.729999542236328,15.210000038146973,15.359999656677246,16.360000610351562,69000.0,16.360000610351562
2020-05-20,16.68000030517578,16.350000381469727,16.479999542236328,16.600000381469727,38300.0,16.600000381469727
2020-05-21,16.700000762939453,16.020000457763672,16.6299991607666,16.329999923706055,36700.0,16.329999923706055
2020-05-22,17.09000015258789,15.970000267028809,16.43000030517578,16.510000228881836,30300.0,16.510000228881836
2020-05-26,17.809999465942383,16.760000228881836,16.760000228881836,17.700000762939453,48300.0,17.700000762939453
2020-05-27,18.0,17.06999969482422,18.0,17.299999237060547,25300.0,17.299999237060547
2020-05-28,17.530000686645508,16.920000076293945,17.420000076293945,17.0,42300.0,17.0
2020-05-29,17.190000534057617,16.309999465942383,16.920000076293945,17.110000610351562,69900.0,17.110000610351562
2020-06-01,17.459999084472656,16.90999984741211,17.31999969482422,16.920000076293945,30300.0,16.920000076293945
2020-06-02,17.229999542236328,16.920000076293945,17.010000228881836,17.010000228881836,16900.0,17.010000228881836
2020-06-03,18.450000762939453,17.280000686645508,17.329999923706055,18.420000076293945,48500.0,18.420000076293945
2020-06-04,18.850000381469727,18.06999969482422,18.309999465942383,18.809999465942383,39400.0,18.809999465942383
2020-06-05,19.600000381469727,18.920000076293945,19.049999237060547,19.200000762939453,39300.0,19.200000762939453
2020-06-08,19.65999984741211,18.860000610351562,18.860000610351562,19.389999389648438,59600.0,19.389999389648438
2020-06-09,19.15999984741211,18.34000015258789,19.15999984741211,18.3700008392334,32000.0,18.3700008392334
2020-06-10,19.100000381469727,17.610000610351562,18.280000686645508,18.399999618530273,38900.0,18.399999618530273
2020-06-11,17.65999984741211,16.579999923706055,17.540000915527344,16.93000030517578,67700.0,16.93000030517578
2020-06-12,18.149999618530273,17.18000030517578,17.31999969482422,17.5,35400.0,17.5
2020-06-15,18.209999084472656,15.90999984741211,16.68000030517578,16.6200008392334,91400.0,16.6200008392334
2020-06-16,18.190000534057617,15.8100004196167,17.399999618530273,16.610000610351562,115600.0,16.610000610351562
2020-06-17,16.969999313354492,15.350000381469727,16.600000381469727,15.75,85600.0,15.75
2020-06-18,16.559999465942383,15.5600004196167,15.5600004196167,16.489999771118164,48700.0,16.489999771118164
2020-06-19,17.139999389648438,16.520000457763672,16.770000457763672,16.93000030517578,90900.0,16.93000030517578
2020-06-22,17.5,16.719999313354492,16.93000030517578,17.049999237060547,56700.0,17.049999237060547
2020-06-23,17.149999618530273,16.700000762939453,17.149999618530273,17.059999465942383,29200.0,17.059999465942383
2020-06-24,16.950000762939453,16.290000915527344,16.8799991607666,16.920000076293945,43200.0,16.920000076293945
2020-06-25,16.90999984741211,15.869999885559082,16.90999984741211,16.25,42100.0,16.25
2020-06-26,16.5,15.829999923706055,16.149999618530273,16.5,24500.0,16.5
2020-06-29,16.520000457763672,15.779999732971191,16.520000457763672,16.229999542236328,46500.0,16.229999542236328
2020-06-30,16.190000534057617,15.710000038146973,16.09000015258789,16.020000457763672,34400.0,16.020000457763672
2020-07-01,16.170000076293945,15.779999732971191,15.979999542236328,16.049999237060547,18100.0,16.049999237060547
2020-07-02,16.579999923706055,15.899999618530273,16.25,16.139999389648438,25200.0,16.139999389648438
2020-07-06,16.829999923706055,16.059999465942383,16.200000762939453,16.829999923706055,124300.0,16.829999923706055
2020-07-07,16.610000610351562,15.640000343322754,16.610000610351562,16.170000076293945,43100.0,16.170000076293945
2020-07-08,16.360000610351562,15.449999809265137,16.110000610351562,15.579999923706055,34300.0,15.579999923706055
2020-07-09,15.890000343322754,14.819999694824219,15.489999771118164,14.899999618530273,26300.0,14.899999618530273
2020-07-10,14.90999984741211,14.350000381469727,14.760000228881836,14.59000015258789,22100.0,14.59000015258789
2020-07-13,14.989999771118164,14.640000343322754,14.760000228881836,14.84000015258789,29400.0,14.84000015258789
2020-07-14,15.300000190734863,14.479999542236328,14.600000381469727,15.0600004196167,14500.0,15.0600004196167
2020-07-15,15.710000038146973,15.100000381469727,15.119999885559082,15.1899995803833,49100.0,15.1899995803833
2020-07-16,15.859999656677246,14.890000343322754,15.140000343322754,15.800000190734863,29200.0,15.800000190734863
2020-07-17,15.829999923706055,15.119999885559082,15.710000038146973,15.369999885559082,16100.0,15.369999885559082
2020-07-20,15.5600004196167,14.850000381469727,15.369999885559082,14.9399995803833,17100.0,14.9399995803833
2020-07-21,15.550000190734863,14.84000015258789,15.100000381469727,15.130000114440918,48900.0,15.130000114440918
2020-07-22,15.130000114440918,14.899999618530273,15.0,15.079999923706055,19500.0,15.079999923706055
2020-07-23,15.149999618530273,14.8100004196167,15.050000190734863,14.970000267028809,9100.0,14.970000267028809
2020-07-24,14.970000267028809,14.5,14.970000267028809,14.619999885559082,21000.0,14.619999885559082
2020-07-27,14.9399995803833,13.5,14.539999961853027,13.869999885559082,40700.0,13.869999885559082
2020-07-28,14.239999771118164,13.680000305175781,13.8100004196167,14.199999809265137,17900.0,14.199999809265137
2020-07-29,14.369999885559082,13.6899995803833,14.170000076293945,13.829999923706055,13400.0,13.829999923706055
2020-07-30,14.0,13.380000114440918,13.729999542236328,13.710000038146973,11800.0,13.710000038146973
2020-07-31,13.720000267028809,12.989999771118164,13.720000267028809,13.229999542236328,40500.0,13.229999542236328
2020-08-03,14.359999656677246,13.199999809265137,13.199999809265137,14.100000381469727,48500.0,14.100000381469727
2020-08-04,14.890000343322754,13.989999771118164,13.989999771118164,14.890000343322754,25200.0,14.890000343322754
2020-08-05,15.0,14.210000038146973,15.0,14.369999885559082,17000.0,14.369999885559082
2020-08-06,14.420000076293945,13.930000305175781,14.25,13.989999771118164,13100.0,13.989999771118164
2020-08-07,14.199999809265137,13.619999885559082,13.859999656677246,14.15999984741211,24800.0,14.15999984741211
2020-08-10,14.479999542236328,13.979999542236328,14.119999885559082,14.479999542236328,11000.0,14.479999542236328
2020-08-11,14.960000038146973,14.5,14.5,14.720000267028809,26000.0,14.720000267028809
2020-08-12,14.979999542236328,14.680000305175781,14.829999923706055,14.970000267028809,17200.0,14.970000267028809
2020-08-13,14.979999542236328,14.670000076293945,14.960000038146973,14.899999618530273,15100.0,14.899999618530273
2020-08-14,14.779999732971191,14.569999694824219,14.760000228881836,14.760000228881836,11600.0,14.760000228881836
2020-08-17,14.75,14.5,14.680000305175781,14.640000343322754,15200.0,14.640000343322754
2020-08-18,14.5600004196167,14.09000015258789,14.5600004196167,14.350000381469727,17500.0,14.350000381469727
2020-08-19,14.430000305175781,13.90999984741211,14.319999694824219,14.079999923706055,21300.0,14.079999923706055
2020-08-20,14.010000228881836,13.510000228881836,14.010000228881836,13.59000015258789,39100.0,13.59000015258789
2020-08-21,13.920000076293945,13.430000305175781,13.430000305175781,13.819999694824219,18300.0,13.819999694824219
2020-08-24,14.40999984741211,13.720000267028809,13.850000381469727,14.40999984741211,16100.0,14.40999984741211
2020-08-25,15.0,12.520000457763672,15.0,14.420000076293945,101800.0,14.420000076293945
2020-08-26,16.200000762939453,14.34000015258789,14.880000114440918,15.850000381469727,47300.0,15.850000381469727
2020-08-27,15.789999961853027,14.600000381469727,15.789999961853027,14.6899995803833,64200.0,14.6899995803833
2020-08-28,15.3100004196167,14.84000015258789,14.869999885559082,15.279999732971191,47000.0,15.279999732971191
2020-08-31,15.510000228881836,13.859999656677246,15.5,14.5,49000.0,14.5
2020-09-01,14.579999923706055,13.899999618530273,14.34000015258789,14.050000190734863,76200.0,14.050000190734863
2020-09-02,15.420000076293945,14.149999618530273,14.229999542236328,14.369999885559082,39600.0,14.369999885559082
2020-09-03,14.520000457763672,13.859999656677246,14.329999923706055,14.0,17900.0,14.0
2020-09-04,14.069999694824219,13.25,13.90999984741211,13.600000381469727,28600.0,13.600000381469727
2020-09-08,13.430000305175781,13.050000190734863,13.430000305175781,13.069999694824219,23200.0,13.069999694824219
2020-09-09,13.8100004196167,13.130000114440918,13.130000114440918,13.5,31700.0,13.5
2020-09-10,13.729999542236328,13.050000190734863,13.460000038146973,13.289999961853027,16500.0,13.289999961853027
2020-09-11,13.460000038146973,13.210000038146973,13.220000267028809,13.369999885559082,11200.0,13.369999885559082
2020-09-14,13.760000228881836,13.010000228881836,13.390000343322754,13.220000267028809,81300.0,13.220000267028809
2020-09-15,13.489999771118164,13.050000190734863,13.220000267028809,13.380000114440918,17500.0,13.380000114440918
2020-09-16,13.829999923706055,13.3100004196167,13.359999656677246,13.489999771118164,13400.0,13.489999771118164
2020-09-17,13.630000114440918,13.100000381469727,13.390000343322754,13.399999618530273,49200.0,13.399999618530273
2020-09-18,17.450000762939453,13.319999694824219,13.470000267028809,14.9399995803833,461600.0,14.9399995803833
2020-09-21,16.68000030517578,14.4399995803833,15.779999732971191,14.569999694824219,90600.0,14.569999694824219
2020-09-22,14.899999618530273,13.699999809265137,14.8100004196167,13.930000305175781,113400.0,13.930000305175781
2020-09-23,14.350000381469727,13.680000305175781,13.90999984741211,13.680000305175781,73600.0,13.680000305175781
2020-09-24,13.829999923706055,13.380000114440918,13.800000190734863,13.619999885559082,58500.0,13.619999885559082
2020-09-25,14.029999732971191,13.40999984741211,13.619999885559082,14.010000228881836,27200.0,14.010000228881836
2020-09-28,14.449999809265137,13.970000267028809,14.140000343322754,14.029999732971191,14400.0,14.029999732971191
2020-09-29,14.5600004196167,13.819999694824219,14.020000457763672,14.5,28500.0,14.5
2020-09-30,14.609999656677246,13.760000228881836,14.550000190734863,13.920000076293945,32600.0,13.920000076293945
2020-10-01,14.90999984741211,13.90999984741211,13.90999984741211,14.619999885559082,29500.0,14.619999885559082
2020-10-02,14.979999542236328,14.210000038146973,14.420000076293945,14.789999961853027,8600.0,14.789999961853027
2020-10-05,15.180000305175781,14.609999656677246,14.609999656677246,14.880000114440918,11600.0,14.880000114440918
2020-10-06,14.829999923706055,14.369999885559082,14.800000190734863,14.369999885559082,17000.0,14.369999885559082
2020-10-07,14.75,14.170000076293945,14.579999923706055,14.180000305175781,28900.0,14.180000305175781
2020-10-08,14.609999656677246,13.739999771118164,14.520000457763672,13.800000190734863,40900.0,13.800000190734863
2020-10-09,14.430000305175781,13.90999984741211,14.0,14.380000114440918,13400.0,14.380000114440918
2020-10-12,14.399999618530273,14.050000190734863,14.34000015258789,14.119999885559082,14000.0,14.119999885559082
2020-10-13,14.3100004196167,13.649999618530273,13.9399995803833,14.0,32000.0,14.0
2020-10-14,14.399999618530273,13.829999923706055,14.279999732971191,13.829999923706055,34300.0,13.829999923706055
2020-10-15,14.390000343322754,13.579999923706055,13.699999809265137,14.390000343322754,55100.0,14.390000343322754
2020-10-16,14.279999732971191,13.65999984741211,14.279999732971191,13.670000076293945,15200.0,13.670000076293945
2020-10-19,14.0600004196167,13.59000015258789,13.680000305175781,13.920000076293945,48300.0,13.920000076293945
2020-10-20,14.039999961853027,13.800000190734863,13.800000190734863,14.039999961853027,16300.0,14.039999961853027
2020-10-21,14.100000381469727,13.789999961853027,13.970000267028809,13.960000038146973,33600.0,13.960000038146973
2020-10-22,14.170000076293945,13.84000015258789,13.84000015258789,14.0,9300.0,14.0
2020-10-23,14.289999961853027,13.970000267028809,14.109999656677246,14.170000076293945,19100.0,14.170000076293945
2020-10-26,14.510000228881836,13.859999656677246,13.859999656677246,14.510000228881836,149000.0,14.510000228881836
2020-10-27,14.510000228881836,13.989999771118164,14.510000228881836,13.989999771118164,20400.0,13.989999771118164
2020-10-28,14.0,13.449999809265137,13.6899995803833,13.899999618530273,36100.0,13.899999618530273
2020-10-29,14.510000228881836,13.670000076293945,13.8100004196167,14.289999961853027,254500.0,14.289999961853027
2020-10-30,14.40999984741211,13.880000114440918,14.15999984741211,14.149999618530273,21200.0,14.149999618530273
2020-11-02,14.350000381469727,13.640000343322754,14.149999618530273,13.65999984741211,21000.0,13.65999984741211
2020-11-03,14.09000015258789,13.630000114440918,13.670000076293945,13.899999618530273,32500.0,13.899999618530273
2020-11-04,14.300000190734863,13.6899995803833,13.819999694824219,14.100000381469727,22100.0,14.100000381469727
2020-11-05,14.300000190734863,14.0,14.289999961853027,14.140000343322754,29900.0,14.140000343322754
2020-11-06,14.350000381469727,14.100000381469727,14.109999656677246,14.180000305175781,11600.0,14.180000305175781
2020-11-09,14.800000190734863,14.199999809265137,14.199999809265137,14.710000038146973,247100.0,14.710000038146973
2020-11-10,15.390000343322754,14.609999656677246,14.760000228881836,15.180000305175781,32300.0,15.180000305175781
2020-11-11,15.399999618530273,14.899999618530273,15.1899995803833,15.149999618530273,35000.0,15.149999618530273
2020-11-12,15.390000343322754,14.710000038146973,15.210000038146973,15.050000190734863,15000.0,15.050000190734863
2020-11-13,15.119999885559082,14.699999809265137,15.020000457763672,15.050000190734863,64700.0,15.050000190734863
2020-11-16,15.6899995803833,15.0,15.050000190734863,15.609999656677246,35400.0,15.609999656677246
2020-11-17,15.949999809265137,15.260000228881836,15.3100004196167,15.90999984741211,43100.0,15.90999984741211
2020-11-18,17.579999923706055,16.0,16.0,16.6200008392334,252300.0,16.6200008392334
2020-11-19,16.850000381469727,16.149999618530273,16.649999618530273,16.68000030517578,40700.0,16.68000030517578
2020-11-20,17.139999389648438,16.579999923706055,16.940000534057617,16.649999618530273,83800.0,16.649999618530273
2020-11-23,17.729999542236328,16.299999237060547,17.729999542236328,17.059999465942383,73500.0,17.059999465942383
2020-11-24,17.719999313354492,16.68000030517578,17.200000762939453,17.510000228881836,128300.0,17.510000228881836
2020-11-25,17.84000015258789,17.149999618530273,17.440000534057617,17.670000076293945,67100.0,17.670000076293945
2020-11-27,18.020000457763672,17.40999984741211,17.40999984741211,17.979999542236328,35600.0,17.979999542236328
2020-11-30,18.389999389648438,17.90999984741211,17.979999542236328,18.389999389648438,121300.0,18.389999389648438
2020-12-01,18.5,17.260000228881836,18.40999984741211,17.790000915527344,57600.0,17.790000915527344
2020-12-02,17.799999237060547,17.420000076293945,17.690000534057617,17.549999237060547,19100.0,17.549999237060547
2020-12-03,17.959999084472656,17.5,17.639999389648438,17.8700008392334,33000.0,17.8700008392334
2020-12-04,18.690000534057617,17.600000381469727,17.860000610351562,18.690000534057617,36200.0,18.690000534057617
2020-12-07,18.979999542236328,18.56999969482422,18.729999542236328,18.979999542236328,32500.0,18.979999542236328
2020-12-08,19.350000381469727,18.43000030517578,19.350000381469727,18.639999389648438,54100.0,18.639999389648438
2020-12-09,18.75,17.790000915527344,18.690000534057617,17.899999618530273,37800.0,17.899999618530273
2020-12-10,18.450000762939453,17.649999618530273,17.690000534057617,18.290000915527344,32200.0,18.290000915527344
2020-12-11,18.59000015258789,18.06999969482422,18.280000686645508,18.34000015258789,33200.0,18.34000015258789
2020-12-14,18.65999984741211,18.030000686645508,18.360000610351562,18.25,59100.0,18.25
2020-12-15,18.760000228881836,18.09000015258789,18.229999542236328,18.559999465942383,214000.0,18.559999465942383
2020-12-16,18.540000915527344,18.020000457763672,18.540000915527344,18.25,41800.0,18.25
2020-12-17,18.40999984741211,18.059999465942383,18.229999542236328,18.25,119000.0,18.25
2020-12-18,18.639999389648438,18.110000610351562,18.239999771118164,18.260000228881836,138800.0,18.260000228881836
2020-12-21,18.40999984741211,17.829999923706055,18.09000015258789,18.049999237060547,46100.0,18.049999237060547
2020-12-22,18.860000610351562,18.0,18.059999465942383,18.56999969482422,67900.0,18.56999969482422
2020-12-23,19.399999618530273,18.459999084472656,18.5,19.209999084472656,50600.0,19.209999084472656
2020-12-24,19.350000381469727,18.889999389648438,19.219999313354492,19.030000686645508,17000.0,19.030000686645508
2020-12-28,19.469999313354492,18.850000381469727,19.0,19.31999969482422,37900.0,19.31999969482422
2020-12-29,19.3799991607666,18.559999465942383,19.010000228881836,18.850000381469727,40400.0,18.850000381469727
2020-12-30,19.239999771118164,18.729999542236328,18.84000015258789,19.100000381469727,26200.0,19.100000381469727
2020-12-31,19.209999084472656,18.510000228881836,19.209999084472656,19.049999237060547,28000.0,19.049999237060547
2021-01-04,19.1200008392334,18.270000457763672,19.1200008392334,18.469999313354492,31100.0,18.469999313354492
2021-01-05,18.899999618530273,18.399999618530273,18.440000534057617,18.899999618530273,15300.0,18.899999618530273
2021-01-06,19.149999618530273,18.610000610351562,18.969999313354492,19.079999923706055,22000.0,19.079999923706055
2021-01-07,20.170000076293945,19.1200008392334,19.239999771118164,20.040000915527344,37700.0,20.040000915527344
2021-01-08,20.149999618530273,19.270000457763672,20.149999618530273,19.59000015258789,21200.0,19.59000015258789
2021-01-11,19.690000534057617,19.229999542236328,19.440000534057617,19.459999084472656,47400.0,19.459999084472656
2021-01-12,19.969999313354492,19.5,19.65999984741211,19.56999969482422,69900.0,19.56999969482422
2021-01-13,19.790000915527344,19.040000915527344,19.600000381469727,19.149999618530273,45100.0,19.149999618530273
2021-01-14,19.489999771118164,18.850000381469727,19.260000228881836,19.100000381469727,76800.0,19.100000381469727
2021-01-15,19.25,18.700000762939453,18.709999084472656,18.790000915527344,40100.0,18.790000915527344
2021-01-19,19.5,18.700000762939453,18.989999771118164,19.06999969482422,89500.0,19.06999969482422
2021-01-20,19.559999465942383,18.670000076293945,19.06999969482422,18.75,85600.0,18.75
2021-01-21,19.1299991607666,18.719999313354492,18.719999313354492,18.75,82800.0,18.75
2021-01-22,18.989999771118164,18.260000228881836,18.40999984741211,18.6299991607666,29400.0,18.6299991607666
2021-01-25,19.610000610351562,18.520000457763672,18.829999923706055,19.549999237060547,53000.0,19.549999237060547
2021-01-26,19.93000030517578,19.600000381469727,19.6200008392334,19.860000610351562,29000.0,19.860000610351562
2021-01-27,19.989999771118164,19.299999237060547,19.610000610351562,19.829999923706055,40900.0,19.829999923706055
2021-01-28,20.0,19.3700008392334,19.3700008392334,19.81999969482422,70300.0,19.81999969482422
2021-01-29,19.950000762939453,18.989999771118164,19.950000762939453,19.139999389648438,90300.0,19.139999389648438
2021-02-01,19.450000762939453,18.610000610351562,19.450000762939453,18.68000030517578,92300.0,18.68000030517578
2021-02-02,19.770000457763672,18.719999313354492,18.899999618530273,19.510000228881836,85600.0,19.510000228881836
2021-02-03,19.799999237060547,19.420000076293945,19.469999313354492,19.43000030517578,29000.0,19.43000030517578
2021-02-04,19.670000076293945,19.31999969482422,19.40999984741211,19.540000915527344,65900.0,19.540000915527344
2021-02-05,19.889999389648438,19.450000762939453,19.469999313354492,19.729999542236328,40500.0,19.729999542236328
