Date,High,Low,Open,Close,Volume,Adj Close
2016-02-08,158.1999969482422,149.42999267578125,157.72999572753906,151.77999877929688,1047800,151.77999877929688
2016-02-09,155.7899932861328,148.55999755859375,149.72000122070312,153.6999969482422,1140800,153.6999969482422
2016-02-10,159.47999572753906,154.35000610351562,155.47999572753906,157.86000061035156,827500,157.86000061035156
2016-02-11,156.6699981689453,151.3000030517578,155.50999450683594,152.82000732421875,718300,152.82000732421875
2016-02-12,155.6300048828125,152.85000610351562,155.39999389648438,155.2100067138672,688800,155.2100067138672
2016-02-16,159.88999938964844,154.88999938964844,157.5500030517578,159.52000427246094,964700,159.52000427246094
2016-02-17,164.1999969482422,159.9499969482422,160.41000366210938,163.07000732421875,764600,163.07000732421875
2016-02-18,164.2899932861328,160.99000549316406,163.0800018310547,163.07000732421875,614800,163.07000732421875
2016-02-19,166.55999755859375,161.30999755859375,162.58999633789062,165.67999267578125,698000,165.67999267578125
2016-02-22,167.83999633789062,164.9199981689453,166.25,166.47000122070312,695800,166.47000122070312
2016-02-23,167.4199981689453,165.1300048828125,165.7899932861328,166.5800018310547,638500,166.5800018310547
2016-02-24,171.24000549316406,163.25999450683594,164.3000030517578,170.6699981689453,978500,170.6699981689453
2016-02-25,173.3699951171875,166.97000122070312,170.42999267578125,171.0399932861328,1189400,171.0399932861328
2016-02-26,179.60000610351562,175.0399932861328,175.0399932861328,178.49000549316406,1666800,178.49000549316406
2016-02-29,182.9600067138672,178.5,178.74000549316406,179.72999572753906,1198200,179.72999572753906
2016-03-01,185.52000427246094,180.60000610351562,182.05999755859375,184.86000061035156,804900,184.86000061035156
2016-03-02,186.2100067138672,183.35000610351562,184.52999877929688,186.0500030517578,699400,186.0500030517578
2016-03-03,187.47999572753906,184.8699951171875,185.19000244140625,186.88999938964844,823800,186.88999938964844
2016-03-04,189.75999450683594,185.4199981689453,186.5,186.82000732421875,677700,186.82000732421875
2016-03-07,186.52999877929688,180.60000610351562,185.4600067138672,180.9499969482422,980000,180.9499969482422
2016-03-08,180.66000366210938,176.58999633789062,180.30999755859375,179.38999938964844,720900,179.38999938964844
2016-03-09,181.3300018310547,177.7899932861328,180.6999969482422,180.0,579500,180.0
2016-03-10,182.6300048828125,178.05999755859375,180.9199981689453,180.2899932861328,519300,180.2899932861328
2016-03-11,185.7100067138672,180.7100067138672,181.67999267578125,185.24000549316406,667800,185.24000549316406
2016-03-14,186.11000061035156,183.75999450683594,184.32000732421875,185.3000030517578,510500,185.3000030517578
2016-03-15,185.3800048828125,181.5399932861328,181.6999969482422,182.86000061035156,593100,182.86000061035156
2016-03-16,184.13999938964844,180.44000244140625,182.49000549316406,183.36000061035156,414900,183.36000061035156
2016-03-17,186.58999633789062,182.72000122070312,183.39999389648438,186.5,620900,186.5
2016-03-18,190.2899932861328,186.97000122070312,187.02000427246094,188.47999572753906,781300,188.47999572753906
2016-03-21,190.0800018310547,187.6699981689453,188.60000610351562,188.5,472900,188.5
2016-03-22,189.38999938964844,186.22000122070312,188.3699951171875,188.02999877929688,459400,188.02999877929688
2016-03-23,187.77000427246094,185.83999633789062,187.77000427246094,186.30999755859375,493400,186.30999755859375
2016-03-24,187.0500030517578,184.42999267578125,185.07000732421875,186.82000732421875,370200,186.82000732421875
2016-03-28,189.97999572753906,185.58999633789062,186.89999389648438,188.85000610351562,539100,188.85000610351562
2016-03-29,192.8000030517578,187.66000366210938,188.88999938964844,192.42999267578125,1017300,192.42999267578125
2016-03-30,193.58999633789062,190.3300018310547,193.30999755859375,191.1199951171875,465700,191.1199951171875
2016-03-31,192.0800018310547,189.33999633789062,190.89999389648438,190.89999389648438,498300,190.89999389648438
2016-04-01,192.6199951171875,189.52999877929688,190.1999969482422,192.41000366210938,456900,192.41000366210938
2016-04-04,192.6199951171875,189.63999938964844,192.6199951171875,189.89999389648438,352100,189.89999389648438
2016-04-05,189.64999389648438,186.16000366210938,188.0,189.22000122070312,373800,189.22000122070312
2016-04-06,193.17999267578125,188.41000366210938,189.41000366210938,192.52000427246094,439900,192.52000427246094
2016-04-07,193.75,190.35000610351562,192.1699981689453,191.77999877929688,557900,191.77999877929688
2016-04-08,195.89999389648438,192.86000061035156,193.7100067138672,193.9199981689453,505400,193.9199981689453
2016-04-11,197.41000366210938,194.3699951171875,194.5800018310547,194.3699951171875,557700,194.3699951171875
2016-04-12,196.72000122070312,193.83999633789062,194.2899932861328,195.27000427246094,337100,195.27000427246094
2016-04-13,198.83999633789062,196.0800018310547,196.82000732421875,198.19000244140625,368300,198.19000244140625
2016-04-14,198.82000732421875,196.3699951171875,198.47000122070312,196.69000244140625,470600,196.69000244140625
2016-04-15,197.75999450683594,195.4199981689453,196.99000549316406,197.0399932861328,399200,197.0399932861328
2016-04-18,198.8000030517578,195.8699951171875,196.67999267578125,198.02000427246094,279300,198.02000427246094
2016-04-19,199.44000244140625,195.5800018310547,199.35000610351562,197.88999938964844,403300,197.88999938964844
2016-04-20,200.77000427246094,196.77000427246094,198.0399932861328,199.72000122070312,411200,199.72000122070312
2016-04-21,200.41000366210938,196.6699981689453,199.36000061035156,196.8000030517578,335000,196.8000030517578
2016-04-22,198.5,195.17999267578125,196.8000030517578,196.22000122070312,557700,196.22000122070312
2016-04-25,198.32000732421875,195.8300018310547,197.0,197.55999755859375,630500,197.55999755859375
2016-04-26,198.83999633789062,195.7899932861328,198.6300048828125,197.88999938964844,449400,197.88999938964844
2016-04-27,198.52000427246094,195.63999938964844,197.99000549316406,197.27999877929688,504000,197.27999877929688
2016-04-28,196.97999572753906,192.3800048828125,195.58999633789062,192.8300018310547,478700,192.8300018310547
2016-04-29,193.32000732421875,190.16000366210938,192.74000549316406,192.6300048828125,552600,192.6300048828125
2016-05-02,196.67999267578125,193.1199951171875,194.11000061035156,196.0500030517578,673500,196.0500030517578
2016-05-03,195.1999969482422,192.63999938964844,194.5,193.17999267578125,881800,193.17999267578125
2016-05-04,193.5,190.92999267578125,191.83999633789062,192.72000122070312,693000,192.72000122070312
2016-05-05,196.07000732421875,192.2100067138672,192.39999389648438,193.52999877929688,978700,193.52999877929688
2016-05-06,199.52999877929688,192.32000732421875,194.10000610351562,195.5800018310547,1188300,195.5800018310547
2016-05-09,198.0500030517578,195.50999450683594,196.1199951171875,195.9600067138672,541000,195.9600067138672
2016-05-10,200.57000732421875,196.38999938964844,196.38999938964844,200.5500030517578,608000,200.5500030517578
2016-05-11,200.6300048828125,196.33999633789062,199.89999389648438,196.6300048828125,504100,196.6300048828125
2016-05-12,197.74000549316406,194.13999938964844,197.74000549316406,195.97999572753906,479000,195.97999572753906
2016-05-13,197.52999877929688,193.85000610351562,195.5800018310547,194.4199981689453,319400,194.4199981689453
2016-05-16,195.69000244140625,193.64999389648438,194.9600067138672,194.52999877929688,456400,194.52999877929688
2016-05-17,195.64999389648438,191.83999633789062,194.25999450683594,193.49000549316406,653200,193.49000549316406
2016-05-18,195.02000427246094,191.5399932861328,192.88999938964844,192.38999938964844,493900,192.38999938964844
2016-05-19,193.2899932861328,189.5500030517578,191.50999450683594,191.1699981689453,361100,191.1699981689453
2016-05-20,194.92999267578125,192.1999969482422,192.5399932861328,193.0800018310547,395400,193.0800018310547
2016-05-23,193.42999267578125,192.07000732421875,193.11000061035156,192.44000244140625,296800,192.44000244140625
2016-05-24,197.52000427246094,193.05999755859375,193.52999877929688,196.8300018310547,555100,196.8300018310547
2016-05-25,198.11000061035156,196.22000122070312,197.1199951171875,196.39999389648438,416800,196.39999389648438
2016-05-26,197.0,195.50999450683594,196.63999938964844,196.0,286300,196.0
2016-05-27,198.08999633789062,196.08999633789062,196.10000610351562,197.63999938964844,315900,197.63999938964844
2016-05-31,198.19000244140625,195.5500030517578,197.69000244140625,196.69000244140625,496700,196.69000244140625
2016-06-01,198.25,195.27999877929688,195.3699951171875,198.14999389648438,470500,198.14999389648438
2016-06-02,199.11000061035156,196.85000610351562,197.9600067138672,199.11000061035156,310200,199.11000061035156
2016-06-03,199.11000061035156,196.47999572753906,198.57000732421875,198.5,357900,198.5
2016-06-06,199.52000427246094,196.19000244140625,199.52000427246094,197.2100067138672,345400,197.2100067138672
2016-06-07,201.41000366210938,197.27000427246094,197.75999450683594,200.55999755859375,582200,200.55999755859375
2016-06-08,201.77999877929688,200.0500030517578,200.61000061035156,201.02999877929688,400700,201.02999877929688
2016-06-09,200.69000244140625,198.55999755859375,200.0,199.47000122070312,314800,199.47000122070312
2016-06-10,199.2899932861328,194.86000061035156,198.08999633789062,195.27999877929688,325300,195.27999877929688
2016-06-13,195.4600067138672,192.5500030517578,194.02999877929688,192.58999633789062,390200,192.58999633789062
2016-06-14,193.00999450683594,189.66000366210938,191.64999389648438,191.58999633789062,497000,191.58999633789062
2016-06-15,194.5800018310547,191.75,192.50999450683594,192.77000427246094,357100,192.77000427246094
2016-06-16,193.16000366210938,190.36000061035156,191.52999877929688,192.80999755859375,280700,192.80999755859375
2016-06-17,193.6699981689453,191.19000244140625,192.74000549316406,192.44000244140625,490100,192.44000244140625
2016-06-20,198.3800048828125,192.75999450683594,195.00999450683594,195.66000366210938,367500,195.66000366210938
2016-06-21,197.17999267578125,195.17999267578125,196.69000244140625,196.22999572753906,251500,196.22999572753906
2016-06-22,197.52000427246094,195.1199951171875,196.07000732421875,195.3000030517578,318600,195.3000030517578
2016-06-23,197.9499969482422,195.8699951171875,197.52000427246094,197.85000610351562,286100,197.85000610351562
2016-06-24,190.8000030517578,184.52999877929688,190.00999450683594,185.47999572753906,1166300,185.47999572753906
2016-06-27,184.2899932861328,177.33999633789062,183.11000061035156,177.9600067138672,784900,177.9600067138672
2016-06-28,184.4199981689453,180.7100067138672,181.50999450683594,184.4199981689453,482000,184.4199981689453
2016-06-29,189.1199951171875,184.9199981689453,186.39999389648438,188.22999572753906,524900,188.22999572753906
2016-06-30,190.36000061035156,186.52000427246094,188.9499969482422,189.75999450683594,554300,189.75999450683594
2016-07-01,192.0,187.38999938964844,189.7899932861328,189.3699951171875,497300,189.3699951171875
2016-07-05,188.4199981689453,184.49000549316406,187.6199951171875,186.19000244140625,495000,186.19000244140625
2016-07-06,188.55999755859375,183.89999389648438,185.47999572753906,188.42999267578125,462400,188.42999267578125
2016-07-07,190.0399932861328,187.0500030517578,188.7899932861328,189.1999969482422,376000,189.1999969482422
2016-07-08,195.77999877929688,191.22999572753906,191.22999572753906,194.1999969482422,420600,194.1999969482422
2016-07-11,196.39999389648438,194.58999633789062,194.97999572753906,195.86000061035156,353800,195.86000061035156
2016-07-12,197.77000427246094,195.77000427246094,197.77000427246094,195.82000732421875,386600,195.82000732421875
2016-07-13,197.1300048828125,195.11000061035156,197.1300048828125,196.66000366210938,358800,196.66000366210938
2016-07-14,198.47999572753906,196.5800018310547,198.44000244140625,197.42999267578125,257900,197.42999267578125
2016-07-15,200.44000244140625,197.0500030517578,198.17999267578125,199.9600067138672,526100,199.9600067138672
2016-07-18,200.8300018310547,199.13999938964844,200.6300048828125,199.75999450683594,377900,199.75999450683594
2016-07-19,200.4600067138672,197.8800048828125,199.6199951171875,198.82000732421875,333500,198.82000732421875
2016-07-20,202.27999877929688,198.11000061035156,199.75,201.1699981689453,438100,201.1699981689453
2016-07-21,201.47000122070312,198.1300048828125,201.00999450683594,198.8800048828125,547900,198.8800048828125
2016-07-22,203.17999267578125,198.52999877929688,199.5,203.07000732421875,560400,203.07000732421875
2016-07-25,204.91000366210938,201.5500030517578,203.4499969482422,204.8000030517578,531900,204.8000030517578
2016-07-26,205.2100067138672,202.72000122070312,204.77000427246094,205.05999755859375,299600,205.05999755859375
2016-07-27,208.47000122070312,203.69000244140625,206.07000732421875,204.8699951171875,478900,204.8699951171875
2016-07-28,207.27000427246094,204.89999389648438,204.89999389648438,207.0,611600,207.0
2016-07-29,209.4199981689453,205.9600067138672,206.74000549316406,208.94000244140625,688800,208.94000244140625
2016-08-01,210.60000610351562,206.82000732421875,209.11000061035156,209.91000366210938,714800,209.91000366210938
2016-08-02,211.5,206.72999572753906,209.94000244140625,208.2899932861328,576000,208.2899932861328
2016-08-03,208.5800018310547,206.4199981689453,207.75999450683594,208.5800018310547,620900,208.5800018310547
2016-08-04,208.58999633789062,206.16000366210938,208.5800018310547,207.6999969482422,848400,207.6999969482422
2016-08-05,214.0500030517578,210.3800048828125,211.11000061035156,214.02000427246094,1202100,214.02000427246094
2016-08-08,214.92999267578125,212.7899932861328,214.02000427246094,213.02999877929688,549700,213.02999877929688
2016-08-09,214.80999755859375,211.6999969482422,213.38999938964844,212.38999938964844,491100,212.38999938964844
2016-08-10,213.02999877929688,210.50999450683594,212.52000427246094,211.83999633789062,326600,211.83999633789062
2016-08-11,213.14999389648438,211.36000061035156,212.3000030517578,211.8300018310547,468300,211.8300018310547
2016-08-12,212.3699951171875,210.36000061035156,211.7899932861328,211.9600067138672,329600,211.9600067138672
2016-08-15,213.57000732421875,211.97999572753906,212.0,212.77000427246094,334500,212.77000427246094
2016-08-16,213.3000030517578,210.3000030517578,212.41000366210938,210.4600067138672,364800,210.4600067138672
2016-08-17,209.94000244140625,207.07000732421875,209.8800048828125,209.17999267578125,420200,209.17999267578125
2016-08-18,210.92999267578125,207.57000732421875,209.25999450683594,209.7899932861328,388300,209.7899932861328
2016-08-19,210.99000549316406,208.47000122070312,208.85000610351562,210.19000244140625,324000,210.19000244140625
2016-08-22,210.75,208.75,210.19000244140625,210.3300018310547,250600,210.3300018310547
2016-08-23,213.97000122070312,211.38999938964844,211.72999572753906,213.0800018310547,397100,213.0800018310547
2016-08-24,212.52999877929688,209.67999267578125,212.52999877929688,210.38999938964844,396600,210.38999938964844
2016-08-25,211.9199981689453,209.80999755859375,209.9600067138672,211.1300048828125,340400,211.1300048828125
2016-08-26,212.6999969482422,208.58999633789062,211.52999877929688,209.69000244140625,422100,209.69000244140625
2016-08-29,211.9600067138672,210.1699981689453,210.25,211.22999572753906,244200,211.22999572753906
2016-08-30,212.1999969482422,210.88999938964844,211.57000732421875,211.69000244140625,311400,211.69000244140625
2016-08-31,213.25,210.66000366210938,211.1999969482422,212.77999877929688,440600,212.77999877929688
2016-09-01,213.5500030517578,210.7100067138672,212.86000061035156,212.75,409400,212.75
2016-09-02,214.55999755859375,212.99000549316406,213.99000549316406,213.97000122070312,300400,213.97000122070312
2016-09-06,214.97999572753906,212.39999389648438,214.4600067138672,214.9499969482422,381500,214.9499969482422
2016-09-07,216.5800018310547,213.57000732421875,214.7899932861328,216.22000122070312,679700,216.22000122070312
2016-09-08,216.02000427246094,211.3800048828125,215.80999755859375,211.3800048828125,648300,211.3800048828125
2016-09-09,210.3000030517578,203.52999877929688,209.25999450683594,203.52999877929688,540800,203.52999877929688
2016-09-12,206.89999389648438,201.30999755859375,201.8699951171875,206.35000610351562,387700,206.35000610351562
2016-09-13,205.64999389648438,201.8800048828125,204.75,203.64999389648438,599400,203.64999389648438
2016-09-14,205.16000366210938,202.83999633789062,203.61000061035156,203.8699951171875,348200,203.8699951171875
2016-09-15,207.0399932861328,203.3699951171875,203.97000122070312,206.5399932861328,331200,206.5399932861328
2016-09-16,205.6999969482422,203.85000610351562,205.57000732421875,205.4199981689453,515600,205.4199981689453
2016-09-19,208.1999969482422,205.7100067138672,206.47999572753906,206.3699951171875,472800,206.3699951171875
2016-09-20,207.97999572753906,205.47999572753906,207.97999572753906,206.10000610351562,287400,206.10000610351562
2016-09-21,206.8300018310547,202.9600067138672,206.72999572753906,206.4199981689453,500300,206.4199981689453
2016-09-22,208.25999450683594,206.02000427246094,208.22999572753906,206.67999267578125,418700,206.67999267578125
2016-09-23,206.52999877929688,203.42999267578125,203.69000244140625,205.75,641200,205.75
2016-09-26,205.0399932861328,202.4199981689453,204.5800018310547,202.5399932861328,516800,202.5399932861328
2016-09-27,203.4600067138672,201.92999267578125,202.61000061035156,202.8699951171875,799800,202.8699951171875
2016-09-28,202.94000244140625,199.7100067138672,202.94000244140625,201.52000427246094,692200,201.52000427246094
2016-09-29,201.69000244140625,197.6999969482422,201.17999267578125,198.86000061035156,1111200,198.86000061035156
2016-09-30,201.1199951171875,198.22000122070312,200.02999877929688,200.33999633789062,869100,200.33999633789062
2016-10-03,200.8000030517578,198.1999969482422,199.47000122070312,198.91000366210938,408300,198.91000366210938
2016-10-04,201.02000427246094,196.58999633789062,196.58999633789062,198.58999633789062,472200,198.58999633789062
2016-10-05,200.80999755859375,198.2899932861328,199.17999267578125,199.8300018310547,388900,199.8300018310547
2016-10-06,201.75,198.9199981689453,199.69000244140625,200.86000061035156,448000,200.86000061035156
2016-10-07,201.11000061035156,196.6699981689453,201.11000061035156,197.77000427246094,425900,197.77000427246094
2016-10-10,199.8000030517578,197.5,198.52000427246094,197.89999389648438,233000,197.89999389648438
2016-10-11,197.7100067138672,191.88999938964844,197.05999755859375,191.99000549316406,622900,191.99000549316406
2016-10-12,196.3699951171875,193.5,194.27000427246094,195.1999969482422,706400,195.1999969482422
2016-10-13,196.02000427246094,193.36000061035156,193.7899932861328,194.89999389648438,572200,194.89999389648438
2016-10-14,198.10000610351562,196.14999389648438,196.64999389648438,196.4600067138672,514200,196.4600067138672
2016-10-17,196.88999938964844,194.7100067138672,196.00999450683594,195.6300048828125,314000,195.6300048828125
2016-10-18,197.8699951171875,195.17999267578125,197.8699951171875,195.57000732421875,278700,195.57000732421875
2016-10-19,196.72000122070312,194.0399932861328,196.38999938964844,195.39999389648438,370700,195.39999389648438
2016-10-20,197.0500030517578,194.05999755859375,195.10000610351562,196.57000732421875,406700,196.57000732421875
2016-10-21,197.58999633789062,194.08999633789062,194.9499969482422,196.8699951171875,394200,196.8699951171875
2016-10-24,200.52999877929688,197.74000549316406,198.3800048828125,198.3000030517578,392800,198.3000030517578
2016-10-25,197.64999389648438,185.7100067138672,197.13999938964844,185.89999389648438,1286200,185.89999389648438
2016-10-26,188.5,185.38999938964844,185.38999938964844,186.7899932861328,522400,186.7899932861328
2016-10-27,187.77999877929688,182.67999267578125,186.99000549316406,185.69000244140625,823900,185.69000244140625
2016-10-28,188.30999755859375,184.42999267578125,185.5800018310547,184.6999969482422,629700,184.6999969482422
2016-10-31,186.11000061035156,184.11000061035156,185.44000244140625,184.3000030517578,626000,184.3000030517578
2016-11-01,184.3800048828125,177.80999755859375,183.42999267578125,178.97999572753906,1659800,178.97999572753906
2016-11-02,182.49000549316406,178.0,178.2100067138672,178.58999633789062,1221700,178.58999633789062
2016-11-03,179.86000061035156,175.52000427246094,179.60000610351562,176.97999572753906,1177200,176.97999572753906
2016-11-04,193.00999450683594,184.13999938964844,186.10000610351562,190.75,2427600,190.75
2016-11-07,196.27999877929688,191.25999450683594,192.9499969482422,194.72999572753906,1249200,194.72999572753906
2016-11-08,196.0800018310547,192.3699951171875,193.82000732421875,195.19000244140625,532600,195.19000244140625
2016-11-09,198.5800018310547,191.02999877929688,191.6699981689453,197.77000427246094,929600,197.77000427246094
2016-11-10,205.25999450683594,198.2100067138672,199.11000061035156,202.3800048828125,1298900,202.3800048828125
2016-11-11,204.30999755859375,199.0,202.2899932861328,199.61000061035156,1108200,199.61000061035156
2016-11-14,202.42999267578125,196.8800048828125,201.0399932861328,197.25,972700,197.25
2016-11-15,201.22999572753906,195.99000549316406,199.5500030517578,197.16000366210938,1392300,197.16000366210938
2016-11-16,198.14999389648438,195.58999633789062,196.63999938964844,197.55999755859375,810200,197.55999755859375
2016-11-17,200.50999450683594,197.49000549316406,198.6199951171875,200.27000427246094,772700,200.27000427246094
2016-11-18,200.39999389648438,198.97999572753906,200.38999938964844,199.97000122070312,875200,199.97000122070312
2016-11-21,201.69000244140625,198.7100067138672,200.66000366210938,199.75,484300,199.75
2016-11-22,200.75,198.5800018310547,200.5800018310547,200.19000244140625,502300,200.19000244140625
2016-11-23,201.5800018310547,198.5800018310547,199.9499969482422,200.6999969482422,331400,200.6999969482422
2016-11-25,201.75,199.61000061035156,201.00999450683594,201.0,127700,201.0
2016-11-28,200.99000549316406,198.30999755859375,200.36000061035156,199.3699951171875,410900,199.3699951171875
2016-11-29,201.60000610351562,199.1699981689453,199.94000244140625,200.10000610351562,354700,200.10000610351562
2016-11-30,201.47999572753906,197.44000244140625,199.91000366210938,197.44000244140625,497700,197.44000244140625
2016-12-01,199.16000366210938,190.97000122070312,197.50999450683594,191.47999572753906,843600,191.47999572753906
2016-12-02,192.9600067138672,189.44000244140625,191.8800048828125,190.0,763200,190.0
2016-12-05,195.27000427246094,190.9199981689453,192.02999877929688,194.9600067138672,826400,194.9600067138672
2016-12-06,196.58999633789062,193.58999633789062,195.75,195.0,448600,195.0
2016-12-07,200.1699981689453,194.41000366210938,195.00999450683594,199.97000122070312,556200,199.97000122070312
2016-12-08,202.60000610351562,199.1699981689453,199.57000732421875,201.27000427246094,536200,201.27000427246094
2016-12-09,201.50999450683594,198.89999389648438,201.50999450683594,199.86000061035156,421500,199.86000061035156
2016-12-12,199.5399932861328,196.58999633789062,199.2899932861328,198.63999938964844,436300,198.63999938964844
2016-12-13,202.88999938964844,200.64999389648438,201.97999572753906,201.25999450683594,573300,201.25999450683594
2016-12-14,202.9499969482422,198.9600067138672,201.22000122070312,199.63999938964844,529900,199.63999938964844
2016-12-15,202.41000366210938,197.4600067138672,199.8800048828125,197.74000549316406,613900,197.74000549316406
2016-12-16,199.47000122070312,196.5,198.24000549316406,197.0,760200,197.0
2016-12-19,200.9600067138672,197.0500030517578,198.00999450683594,199.61000061035156,477800,199.61000061035156
2016-12-20,202.10000610351562,199.47000122070312,200.05999755859375,201.16000366210938,469300,201.16000366210938
2016-12-21,205.91000366210938,201.61000061035156,201.61000061035156,204.8699951171875,577200,204.8699951171875
2016-12-22,205.89999389648438,202.39999389648438,205.1300048828125,202.99000549316406,353500,202.99000549316406
2016-12-23,204.11000061035156,202.77999877929688,203.60000610351562,203.7100067138672,248000,203.7100067138672
2016-12-27,205.1300048828125,203.1199951171875,204.5,203.72999572753906,283200,203.72999572753906
2016-12-28,204.77000427246094,201.61000061035156,204.77000427246094,201.77000427246094,225000,201.77000427246094
2016-12-29,202.52000427246094,201.17999267578125,201.7100067138672,202.13999938964844,210400,202.13999938964844
2016-12-30,203.16000366210938,198.4499969482422,203.16000366210938,199.67999267578125,440300,199.67999267578125
2017-01-03,204.14999389648438,200.0800018310547,201.67999267578125,201.75,492800,201.75
2017-01-04,206.41000366210938,202.0,202.0,205.8800048828125,544100,205.8800048828125
2017-01-05,206.17999267578125,203.08999633789062,205.4499969482422,204.35000610351562,540500,204.35000610351562
2017-01-06,206.3699951171875,203.32000732421875,204.5500030517578,204.44000244140625,590900,204.44000244140625
2017-01-09,205.77000427246094,203.52000427246094,205.27999877929688,203.72999572753906,458300,203.72999572753906
2017-01-10,205.52000427246094,203.0,203.13999938964844,203.17999267578125,520100,203.17999267578125
2017-01-11,204.16000366210938,200.83999633789062,203.82000732421875,202.1999969482422,494200,202.1999969482422
2017-01-12,202.0399932861328,199.89999389648438,200.9600067138672,201.74000549316406,468600,201.74000549316406
2017-01-13,203.1300048828125,201.11000061035156,201.6199951171875,202.41000366210938,387900,202.41000366210938
2017-01-17,202.6699981689453,200.74000549316406,201.72999572753906,201.80999755859375,457400,201.80999755859375
2017-01-18,204.60000610351562,201.52999877929688,202.1699981689453,204.08999633789062,777500,204.08999633789062
2017-01-19,210.2100067138672,204.50999450683594,204.50999450683594,205.89999389648438,863300,205.89999389648438
2017-01-20,208.00999450683594,206.39999389648438,206.39999389648438,207.13999938964844,617500,207.13999938964844
2017-01-23,210.3000030517578,206.74000549316406,207.0800018310547,209.52000427246094,892000,209.52000427246094
2017-01-24,215.99000549316406,210.6300048828125,210.6300048828125,214.8699951171875,1027700,214.8699951171875
2017-01-25,217.9600067138672,215.19000244140625,215.6300048828125,215.3800048828125,942900,215.3800048828125
2017-01-26,216.52000427246094,213.88999938964844,215.3300018310547,215.4499969482422,417800,215.4499969482422
2017-01-27,215.2899932861328,214.0399932861328,214.8800048828125,215.1699981689453,334900,215.1699981689453
2017-01-30,216.0800018310547,212.1300048828125,213.4199981689453,215.4600067138672,484500,215.4600067138672
2017-01-31,216.4199981689453,213.42999267578125,215.6300048828125,215.83999633789062,558100,215.83999633789062
2017-02-01,217.25,213.07000732421875,215.85000610351562,215.8699951171875,493400,215.8699951171875
2017-02-02,216.97999572753906,214.8000030517578,215.5800018310547,216.02999877929688,558600,216.02999877929688
2017-02-03,217.50999450683594,214.8300018310547,216.30999755859375,215.38999938964844,455600,215.38999938964844
2017-02-06,216.47999572753906,212.77000427246094,214.4600067138672,213.3800048828125,749000,213.3800048828125
2017-02-07,216.17999267578125,213.75,214.4600067138672,214.0,566300,214.0
2017-02-08,215.5,213.47000122070312,214.27000427246094,214.10000610351562,458100,214.10000610351562
2017-02-09,215.3699951171875,211.1300048828125,214.10000610351562,214.77000427246094,999200,214.77000427246094
2017-02-10,224.1699981689453,209.89999389648438,212.5,222.72000122070312,2023900,222.72000122070312
2017-02-13,225.52999877929688,222.67999267578125,224.41000366210938,223.8000030517578,688400,223.8000030517578
2017-02-14,224.3000030517578,222.19000244140625,223.38999938964844,224.22999572753906,540700,224.22999572753906
2017-02-15,224.97999572753906,222.41000366210938,224.0,222.97999572753906,459000,222.97999572753906
2017-02-16,224.00999450683594,220.24000549316406,223.1999969482422,221.77999877929688,421700,221.77999877929688
2017-02-17,222.0,219.22000122070312,221.3699951171875,221.5500030517578,470600,221.5500030517578
2017-02-21,224.8800048828125,219.52999877929688,222.0800018310547,224.5399932861328,603500,224.5399932861328
2017-02-22,226.14999389648438,223.55999755859375,225.02000427246094,225.0500030517578,532300,225.0500030517578
2017-02-23,226.5800018310547,224.4499969482422,226.1699981689453,225.30999755859375,394800,225.30999755859375
2017-02-24,226.22999572753906,223.3699951171875,224.9199981689453,225.9600067138672,343700,225.9600067138672
2017-02-27,228.3000030517578,224.3300018310547,225.25999450683594,228.0800018310547,461000,228.0800018310547
2017-02-28,228.52000427246094,226.05999755859375,228.02000427246094,226.36000061035156,489100,226.36000061035156
2017-03-01,233.6999969482422,228.25999450683594,229.30999755859375,231.52999877929688,547000,231.52999877929688
2017-03-02,232.4600067138672,229.7100067138672,230.39999389648438,230.14999389648438,354900,230.14999389648438
2017-03-03,232.4499969482422,229.25,230.57000732421875,229.6699981689453,368200,229.6699981689453
2017-03-06,229.75999450683594,226.74000549316406,227.77999877929688,228.0399932861328,396700,228.0399932861328
2017-03-07,229.36000061035156,226.24000549316406,227.92999267578125,227.3000030517578,345100,227.3000030517578
2017-03-08,230.88999938964844,227.0,227.89999389648438,229.57000732421875,360100,229.57000732421875
2017-03-09,230.5500030517578,226.74000549316406,229.1999969482422,228.1300048828125,332900,228.1300048828125
2017-03-10,230.97999572753906,228.94000244140625,229.50999450683594,230.38999938964844,344500,230.38999938964844
2017-03-13,231.47000122070312,229.27999877929688,230.27000427246094,231.07000732421875,308500,231.07000732421875
2017-03-14,231.19000244140625,228.94000244140625,229.4600067138672,229.9199981689453,267500,229.9199981689453
2017-03-15,231.6199951171875,228.52999877929688,231.0,231.0,525200,231.0
2017-03-16,233.57000732421875,230.16000366210938,231.0,231.39999389648438,626700,231.39999389648438
2017-03-17,231.5500030517578,229.1999969482422,231.22999572753906,230.1999969482422,665200,230.1999969482422
2017-03-20,231.99000549316406,228.97000122070312,230.8300018310547,231.89999389648438,848100,231.89999389648438
2017-03-21,232.1999969482422,229.07000732421875,232.17999267578125,229.4199981689453,341600,229.4199981689453
2017-03-22,228.1699981689453,224.00999450683594,227.4499969482422,227.9199981689453,693600,227.9199981689453
2017-03-23,230.80999755859375,227.9499969482422,228.3000030517578,229.3800048828125,296200,229.3800048828125
2017-03-24,230.05999755859375,225.52999877929688,229.57000732421875,227.02000427246094,732200,227.02000427246094
2017-03-27,228.07000732421875,223.83999633789062,224.74000549316406,227.6300048828125,330600,227.6300048828125
2017-03-28,228.85000610351562,226.02999877929688,227.32000732421875,227.99000549316406,438700,227.99000549316406
2017-03-29,230.2100067138672,226.4199981689453,226.82000732421875,229.9600067138672,473500,229.9600067138672
2017-03-30,232.13999938964844,228.83999633789062,229.83999633789062,228.91000366210938,397100,228.91000366210938
2017-03-31,230.2899932861328,227.6699981689453,228.8699951171875,229.49000549316406,401200,229.49000549316406
2017-04-03,231.0800018310547,226.66000366210938,229.9199981689453,228.3300018310547,422600,228.3300018310547
2017-04-04,229.2899932861328,226.80999755859375,228.1300048828125,227.85000610351562,425100,227.85000610351562
2017-04-05,230.3800048828125,226.82000732421875,228.8699951171875,227.14999389648438,331100,227.14999389648438
2017-04-06,229.86000061035156,226.57000732421875,227.4499969482422,228.38999938964844,351400,228.38999938964844
2017-04-07,229.00999450683594,227.5,228.25999450683594,228.35000610351562,364300,228.35000610351562
2017-04-10,229.5500030517578,227.97999572753906,228.30999755859375,228.67999267578125,291500,228.67999267578125
2017-04-11,230.0800018310547,227.05999755859375,228.7899932861328,229.92999267578125,308500,229.92999267578125
2017-04-12,233.86000061035156,228.92999267578125,232.0500030517578,230.4600067138672,389200,230.4600067138672
2017-04-13,230.9199981689453,228.83999633789062,229.9499969482422,229.75,357800,229.75
2017-04-17,232.49000549316406,229.42999267578125,230.3800048828125,232.47999572753906,301700,232.47999572753906
2017-04-18,232.27000427246094,229.9499969482422,231.25999450683594,231.66000366210938,330400,231.66000366210938
2017-04-19,234.99000549316406,231.8000030517578,233.13999938964844,234.22000122070312,519100,234.22000122070312
2017-04-20,237.5800018310547,234.9499969482422,235.3800048828125,236.2899932861328,447700,236.2899932861328
2017-04-21,237.02000427246094,234.77000427246094,236.42999267578125,234.92999267578125,708800,234.92999267578125
2017-04-24,238.16000366210938,234.74000549316406,237.75,235.77999877929688,499400,235.77999877929688
2017-04-25,240.1999969482422,236.8300018310547,236.8300018310547,238.4199981689453,550900,238.4199981689453
2017-04-26,240.0800018310547,238.02000427246094,239.10000610351562,238.35000610351562,618600,238.35000610351562
2017-04-27,241.02000427246094,237.05999755859375,238.4600067138672,238.8800048828125,860200,238.8800048828125
2017-04-28,236.3699951171875,227.99000549316406,230.0,234.7899932861328,1745900,234.7899932861328
2017-05-01,236.0399932861328,233.05999755859375,235.9499969482422,234.67999267578125,539600,234.67999267578125
2017-05-02,235.11000061035156,231.72999572753906,234.67999267578125,231.97000122070312,588700,231.97000122070312
2017-05-03,232.38999938964844,228.8000030517578,231.3699951171875,229.9199981689453,484700,229.9199981689453
2017-05-04,232.64999389648438,230.4199981689453,230.60000610351562,232.55999755859375,547600,232.55999755859375
2017-05-05,233.9199981689453,231.99000549316406,232.7100067138672,232.1999969482422,298900,232.1999969482422
2017-05-08,235.1199951171875,232.05999755859375,234.1199951171875,234.08999633789062,463000,234.08999633789062
2017-05-09,235.3000030517578,233.8300018310547,234.13999938964844,234.38999938964844,325800,234.38999938964844
2017-05-10,234.92999267578125,232.57000732421875,233.60000610351562,233.6999969482422,290400,233.6999969482422
2017-05-11,234.97000122070312,231.4600067138672,232.6999969482422,234.80999755859375,404300,234.80999755859375
2017-05-12,234.47999572753906,229.9199981689453,234.3000030517578,230.52999877929688,416400,230.52999877929688
2017-05-15,233.36000061035156,230.16000366210938,231.0500030517578,232.1999969482422,448400,232.1999969482422
2017-05-16,233.64999389648438,231.10000610351562,233.3699951171875,231.27000427246094,487900,231.27000427246094
2017-05-17,231.27000427246094,227.7100067138672,231.27000427246094,228.75,530700,228.75
2017-05-18,229.6999969482422,226.64999389648438,228.49000549316406,228.47999572753906,343900,228.47999572753906
2017-05-19,231.11000061035156,228.47999572753906,228.94000244140625,230.02000427246094,396400,230.02000427246094
2017-05-22,232.0,230.5500030517578,230.64999389648438,231.5800018310547,200200,231.5800018310547
2017-05-23,234.5,231.86000061035156,232.52999877929688,232.8699951171875,673600,232.8699951171875
2017-05-24,235.8000030517578,231.92999267578125,232.97000122070312,235.5399932861328,414900,235.5399932861328
2017-05-25,238.47000122070312,235.9199981689453,236.86000061035156,236.97999572753906,419300,236.97999572753906
2017-05-26,237.1300048828125,235.17999267578125,236.35000610351562,235.88999938964844,259400,235.88999938964844
2017-05-30,237.6300048828125,234.77999877929688,235.8300018310547,237.25,219700,237.25
2017-05-31,239.42999267578125,236.3699951171875,238.47999572753906,239.3000030517578,520100,239.3000030517578
2017-06-01,240.58999633789062,237.66000366210938,239.0800018310547,238.97999572753906,574700,238.97999572753906
2017-06-02,240.0,238.47999572753906,239.07000732421875,239.39999389648438,313200,239.39999389648438
2017-06-05,240.32000732421875,238.5800018310547,239.88999938964844,240.22000122070312,247500,240.22000122070312
2017-06-06,240.61000061035156,238.3699951171875,239.0,239.72000122070312,297400,239.72000122070312
2017-06-07,241.22999572753906,239.1699981689453,240.4600067138672,240.17999267578125,260400,240.17999267578125
2017-06-08,241.10000610351562,237.69000244140625,240.17999267578125,239.2100067138672,290500,239.2100067138672
2017-06-09,241.42999267578125,238.88999938964844,239.5,240.16000366210938,250100,240.16000366210938
2017-06-12,240.52000427246094,238.02000427246094,239.52000427246094,239.5399932861328,290000,239.5399932861328
2017-06-13,242.3300018310547,239.16000366210938,239.75,241.9499969482422,338200,241.9499969482422
2017-06-14,245.89999389648438,242.07000732421875,243.44000244140625,243.7899932861328,546500,243.7899932861328
2017-06-15,243.3699951171875,240.94000244140625,242.97000122070312,242.49000549316406,332700,242.49000549316406
2017-06-16,242.94000244140625,238.88999938964844,242.94000244140625,241.92999267578125,349100,241.92999267578125
2017-06-19,244.5,242.19000244140625,242.3800048828125,243.8800048828125,179500,243.8800048828125
2017-06-20,244.85000610351562,241.86000061035156,243.89999389648438,243.00999450683594,227700,243.00999450683594
2017-06-21,243.1999969482422,241.3000030517578,243.1999969482422,242.9199981689453,391200,242.9199981689453
2017-06-22,243.17999267578125,240.67999267578125,242.6999969482422,242.6999969482422,321100,242.6999969482422
2017-06-23,246.74000549316406,243.11000061035156,244.25,246.5,1364200,246.5
2017-06-26,248.24000549316406,245.92999267578125,247.5500030517578,246.64999389648438,297900,246.64999389648438
2017-06-27,246.7899932861328,243.44000244140625,246.52999877929688,243.6300048828125,239000,243.6300048828125
2017-06-28,244.8800048828125,243.38999938964844,244.8800048828125,243.94000244140625,395000,243.94000244140625
2017-06-29,244.02000427246094,237.47000122070312,243.0,239.7100067138672,571200,239.7100067138672
2017-06-30,242.85000610351562,239.8300018310547,240.50999450683594,241.69000244140625,325900,241.69000244140625
2017-07-03,242.3800048828125,240.3699951171875,242.3699951171875,241.07000732421875,224400,241.07000732421875
2017-07-05,243.9600067138672,240.55999755859375,241.7100067138672,243.75999450683594,253300,243.75999450683594
2017-07-06,244.32000732421875,241.0399932861328,242.38999938964844,241.6699981689453,273700,241.6699981689453
2017-07-07,247.3300018310547,242.64999389648438,242.77000427246094,245.75,376700,245.75
2017-07-10,247.27000427246094,245.02000427246094,245.9199981689453,246.63999938964844,368100,246.63999938964844
2017-07-11,246.77999877929688,244.88999938964844,246.67999267578125,246.52999877929688,350700,246.52999877929688
2017-07-12,249.25,246.27999877929688,247.72000122070312,247.86000061035156,394300,247.86000061035156
2017-07-13,249.61000061035156,247.30999755859375,247.7899932861328,248.02000427246094,245700,248.02000427246094
2017-07-14,249.07000732421875,246.77000427246094,248.3699951171875,247.61000061035156,319900,247.61000061035156
2017-07-17,248.57000732421875,246.52999877929688,247.67999267578125,248.19000244140625,225800,248.19000244140625
2017-07-18,249.3000030517578,246.00999450683594,248.0,246.8800048828125,310300,246.8800048828125
2017-07-19,249.1999969482422,247.1999969482422,247.1999969482422,247.88999938964844,429000,247.88999938964844
2017-07-20,248.5399932861328,241.6999969482422,248.5399932861328,242.5800018310547,672200,242.5800018310547
2017-07-21,246.7899932861328,241.88999938964844,242.24000549316406,245.1199951171875,565200,245.1199951171875
2017-07-24,245.72999572753906,243.8699951171875,244.60000610351562,244.02000427246094,456700,244.02000427246094
2017-07-25,245.0,240.08999633789062,245.0,241.27000427246094,1112100,241.27000427246094
2017-07-26,244.55999755859375,239.35000610351562,243.74000549316406,240.1300048828125,637500,240.1300048828125
2017-07-27,241.0800018310547,236.47999572753906,240.2100067138672,238.33999633789062,882400,238.33999633789062
2017-07-28,251.69000244140625,242.27999877929688,243.57000732421875,248.64999389648438,1202600,248.64999389648438
2017-07-31,249.9199981689453,247.5,249.75,248.99000549316406,587700,248.99000549316406
2017-08-01,252.22999572753906,249.58999633789062,249.89999389648438,252.07000732421875,729500,252.07000732421875
2017-08-02,252.88999938964844,250.24000549316406,251.72000122070312,251.6999969482422,394700,251.6999969482422
2017-08-03,251.80999755859375,249.02000427246094,251.55999755859375,250.97999572753906,323200,250.97999572753906
2017-08-04,252.08999633789062,249.2100067138672,251.17999267578125,250.8800048828125,268500,250.8800048828125
2017-08-07,250.13999938964844,247.91000366210938,250.00999450683594,249.3800048828125,505600,249.3800048828125
2017-08-08,250.74000549316406,247.33999633789062,249.07000732421875,248.9600067138672,339900,248.9600067138672
2017-08-09,250.1999969482422,248.19000244140625,249.07000732421875,249.67999267578125,372300,249.67999267578125
2017-08-10,248.6999969482422,246.10000610351562,247.91000366210938,246.41000366210938,419300,246.41000366210938
2017-08-11,248.5,245.32000732421875,246.72000122070312,245.42999267578125,313000,245.42999267578125
2017-08-14,249.67999267578125,246.11000061035156,247.00999450683594,248.57000732421875,443500,248.57000732421875
2017-08-15,250.8800048828125,248.97000122070312,249.67999267578125,249.94000244140625,388600,249.94000244140625
2017-08-16,252.75999450683594,250.07000732421875,250.42999267578125,252.11000061035156,396500,252.11000061035156
2017-08-17,252.16000366210938,248.05999755859375,251.74000549316406,248.10000610351562,493500,248.10000610351562
2017-08-18,249.35000610351562,246.72999572753906,247.52000427246094,248.97000122070312,603300,248.97000122070312
2017-08-21,249.16000366210938,246.8699951171875,248.52000427246094,246.91000366210938,304600,246.91000366210938
2017-08-22,250.3800048828125,246.72000122070312,247.0,249.5800018310547,310400,249.5800018310547
2017-08-23,249.6699981689453,245.47000122070312,248.60000610351562,248.05999755859375,379900,248.05999755859375
2017-08-24,249.2899932861328,244.77000427246094,248.63999938964844,245.89999389648438,338100,245.89999389648438
2017-08-25,248.4600067138672,245.42999267578125,247.10000610351562,247.05999755859375,310900,247.05999755859375
2017-08-28,248.38999938964844,246.9499969482422,247.5800018310547,247.1199951171875,230000,247.1199951171875
2017-08-29,248.6300048828125,245.64999389648438,245.89999389648438,248.57000732421875,328800,248.57000732421875
2017-08-30,251.0399932861328,248.08999633789062,248.80999755859375,250.85000610351562,316700,250.85000610351562
2017-08-31,254.75,252.16000366210938,252.4499969482422,253.1199951171875,399300,253.1199951171875
2017-09-01,255.5399932861328,252.50999450683594,253.1999969482422,254.8000030517578,445600,254.8000030517578
2017-09-05,255.4600067138672,253.97999572753906,253.97999572753906,254.75999450683594,466200,254.75999450683594
2017-09-06,256.3299865722656,253.25,255.0399932861328,255.55999755859375,463500,255.55999755859375
2017-09-07,255.8800048828125,250.6999969482422,255.8800048828125,252.52999877929688,647500,252.52999877929688
2017-09-08,258.3800048828125,252.22000122070312,252.5,257.9200134277344,603400,257.9200134277344
2017-09-11,259.9100036621094,256.92999267578125,259.0,258.07000732421875,407600,258.07000732421875
2017-09-12,259.8399963378906,257.7699890136719,258.6099853515625,259.69000244140625,325400,259.69000244140625
2017-09-13,259.69000244140625,255.58999633789062,259.69000244140625,256.3699951171875,328600,256.3699951171875
2017-09-14,256.2099914550781,253.33999633789062,255.8699951171875,253.75999450683594,439400,253.75999450683594
2017-09-15,254.7899932861328,253.1999969482422,253.5800018310547,254.6699981689453,484200,254.6699981689453
2017-09-18,258.2799987792969,253.69000244140625,255.05999755859375,254.33999633789062,618700,254.33999633789062
2017-09-19,254.49000549316406,251.13999938964844,252.57000732421875,254.4499969482422,511900,254.4499969482422
2017-09-20,256.2200012207031,254.08999633789062,254.4499969482422,256.0,480900,256.0
2017-09-21,256.75,254.02999877929688,256.0,254.11000061035156,297600,254.11000061035156
2017-09-22,248.74000549316406,242.49000549316406,248.24000549316406,245.6699981689453,1162500,245.6699981689453
2017-09-25,245.94000244140625,243.7899932861328,244.8699951171875,245.02999877929688,611300,245.02999877929688
2017-09-26,247.94000244140625,245.0399932861328,245.0399932861328,245.72000122070312,400800,245.72000122070312
2017-09-27,247.47000122070312,243.75,246.27999877929688,244.97000122070312,404800,244.97000122070312
2017-09-28,248.72999572753906,245.49000549316406,245.49000549316406,248.0800018310547,566500,248.0800018310547
2017-09-29,248.6300048828125,245.80999755859375,247.38999938964844,247.50999450683594,759800,247.50999450683594
2017-10-02,251.22999572753906,247.50999450683594,248.16000366210938,249.0399932861328,794600,249.0399932861328
2017-10-03,252.47999572753906,247.97000122070312,249.82000732421875,252.02000427246094,1044800,252.02000427246094
2017-10-04,257.2099914550781,251.55999755859375,251.8000030517578,256.9100036621094,704000,256.9100036621094
2017-10-05,258.3599853515625,254.42999267578125,258.0,256.1400146484375,572000,256.1400146484375
2017-10-06,257.3800048828125,255.11000061035156,255.11000061035156,256.7699890136719,419100,256.7699890136719
2017-10-09,257.6499938964844,256.3399963378906,257.19000244140625,256.739990234375,316200,256.739990234375
2017-10-10,257.9700012207031,254.3800048828125,257.44000244140625,254.8300018310547,443700,254.8300018310547
2017-10-11,257.2200012207031,254.25999450683594,254.7100067138672,257.05999755859375,349100,257.05999755859375
2017-10-12,258.2799987792969,256.489990234375,257.04998779296875,258.239990234375,396500,258.239990234375
2017-10-13,258.1499938964844,253.19000244140625,257.3999938964844,254.99000549316406,513800,254.99000549316406
2017-10-16,257.6400146484375,255.0,255.88999938964844,257.17999267578125,217000,257.17999267578125
2017-10-17,259.3299865722656,257.1300048828125,257.29998779296875,258.7300109863281,321100,258.7300109863281
2017-10-18,260.69000244140625,258.2799987792969,258.2799987792969,260.0,408400,260.0
2017-10-19,262.29998779296875,257.7900085449219,259.4800109863281,261.0400085449219,520600,261.0400085449219
2017-10-20,264.67999267578125,261.010009765625,262.2099914550781,264.5199890136719,358900,264.5199890136719
2017-10-23,265.9800109863281,263.3800048828125,265.69000244140625,264.1400146484375,403800,264.1400146484375
2017-10-24,267.1199951171875,262.3299865722656,264.0899963378906,266.510009765625,587200,266.510009765625
2017-10-25,266.67999267578125,261.6300048828125,266.67999267578125,263.1499938964844,522200,263.1499938964844
2017-10-26,264.7099914550781,261.1000061035156,264.7099914550781,262.9800109863281,1496600,262.9800109863281
2017-10-27,268.4599914550781,262.0,262.07000732421875,264.3399963378906,866300,264.3399963378906
2017-10-30,264.8999938964844,262.0799865722656,264.2300109863281,262.9599914550781,837300,262.9599914550781
2017-10-31,264.42999267578125,261.2699890136719,262.4800109863281,261.760009765625,547400,261.760009765625
2017-11-01,263.30999755859375,260.94000244140625,261.3900146484375,262.45001220703125,402200,262.45001220703125
2017-11-02,262.4599914550781,256.3599853515625,261.489990234375,257.7900085449219,597100,257.7900085449219
2017-11-03,259.95001220703125,256.32000732421875,258.1099853515625,257.3299865722656,313800,257.3299865722656
2017-11-06,262.05999755859375,256.8999938964844,258.0899963378906,260.6199951171875,539900,260.6199951171875
2017-11-07,261.5,259.2099914550781,260.489990234375,260.9200134277344,252300,260.9200134277344
2017-11-08,263.6700134277344,259.760009765625,261.1000061035156,263.4800109863281,371700,263.4800109863281
2017-11-09,264.8500061035156,261.95001220703125,262.3599853515625,264.6099853515625,358000,264.6099853515625
2017-11-10,265.4200134277344,263.42999267578125,264.3500061035156,263.8500061035156,274500,263.8500061035156
2017-11-13,265.57000732421875,263.2900085449219,264.0299987792969,265.0199890136719,354500,265.0199890136719
2017-11-14,267.6300048828125,261.6600036621094,263.75,267.1400146484375,366600,267.1400146484375
2017-11-15,268.05999755859375,263.8900146484375,266.510009765625,267.1000061035156,397000,267.1000061035156
2017-11-16,271.69000244140625,267.0400085449219,268.1300048828125,270.6499938964844,367100,270.6499938964844
2017-11-17,272.4599914550781,269.4599914550781,270.3399963378906,272.20001220703125,224500,272.20001220703125
2017-11-20,278.20001220703125,272.75,272.75,276.739990234375,716000,276.739990234375
2017-11-21,279.8500061035156,273.04998779296875,275.6400146484375,274.25,546900,274.25
2017-11-22,275.4800109863281,273.0299987792969,274.44000244140625,274.010009765625,347900,274.010009765625
2017-11-24,275.9800109863281,273.2799987792969,274.54998779296875,275.54998779296875,146200,275.54998779296875
2017-11-27,277.67999267578125,274.6700134277344,276.6000061035156,275.5299987792969,467500,275.5299987792969
2017-11-28,280.4599914550781,276.2099914550781,276.7200012207031,280.0899963378906,335300,280.0899963378906
2017-11-29,280.2200012207031,278.4599914550781,279.9200134277344,279.1000061035156,367300,279.1000061035156
2017-11-30,283.2200012207031,278.67999267578125,280.1700134277344,282.6099853515625,631500,282.6099853515625
2017-12-01,286.2900085449219,279.0899963378906,283.1000061035156,284.82000732421875,653600,284.82000732421875
2017-12-04,286.8500061035156,282.92999267578125,285.04998779296875,284.6499938964844,872500,284.6499938964844
2017-12-05,284.7099914550781,279.2200012207031,284.1199951171875,281.260009765625,428200,281.260009765625
2017-12-06,281.57000732421875,277.45001220703125,280.9700012207031,277.6700134277344,482100,277.6700134277344
2017-12-07,281.5799865722656,277.0199890136719,277.80999755859375,280.32000732421875,414300,280.32000732421875
2017-12-08,282.32000732421875,279.3399963378906,281.44000244140625,280.57000732421875,376300,280.57000732421875
2017-12-11,280.5,276.7900085449219,280.3699951171875,277.3699951171875,388600,277.3699951171875
2017-12-12,279.8399963378906,275.20001220703125,277.94000244140625,275.3399963378906,577500,275.3399963378906
2017-12-13,277.82000732421875,274.1499938964844,275.2300109863281,275.510009765625,533700,275.510009765625
2017-12-14,276.4700012207031,272.260009765625,275.07000732421875,273.55999755859375,453400,273.55999755859375
2017-12-15,275.5199890136719,273.20001220703125,274.5199890136719,274.7099914550781,686400,274.7099914550781
2017-12-18,276.5199890136719,271.5400085449219,275.0,275.1400146484375,495600,275.1400146484375
2017-12-19,277.6000061035156,274.2200012207031,275.5,276.55999755859375,583400,276.55999755859375
2017-12-20,279.0299987792969,276.010009765625,276.8900146484375,277.54998779296875,586500,277.54998779296875
2017-12-21,279.7699890136719,277.19000244140625,277.9700012207031,277.8599853515625,562600,277.8599853515625
2017-12-22,278.5799865722656,275.2799987792969,278.5799865722656,276.4599914550781,413900,276.4599914550781
2017-12-26,277.9800109863281,275.8699951171875,276.489990234375,276.45001220703125,332100,276.45001220703125
2017-12-27,277.2799987792969,273.4100036621094,276.3800048828125,273.44000244140625,369200,273.44000244140625
2017-12-28,276.5,273.1199951171875,273.9700012207031,276.1400146484375,371200,276.1400146484375
2017-12-29,278.4800109863281,275.79998779296875,276.55999755859375,275.8999938964844,311700,275.8999938964844
2018-01-02,277.0400085449219,273.4700012207031,277.0400085449219,276.0,471400,276.0
2018-01-03,276.8699951171875,274.25,275.7099914550781,275.1400146484375,467200,275.1400146484375
2018-01-04,277.0,274.6199951171875,275.2200012207031,275.260009765625,403800,275.260009765625
2018-01-05,278.3999938964844,274.25,276.4200134277344,276.6700134277344,550500,276.6700134277344
2018-01-08,279.4100036621094,275.4200134277344,276.8399963378906,279.1499938964844,474400,279.1499938964844
2018-01-09,282.2099914550781,278.44000244140625,278.5400085449219,279.7900085449219,617300,279.7900085449219
2018-01-10,279.69000244140625,270.6600036621094,279.3999938964844,272.0899963378906,882100,272.0899963378906
2018-01-11,272.92999267578125,269.25,272.1300048828125,271.7200012207031,664700,271.7200012207031
2018-01-12,274.7900085449219,269.9200134277344,271.3900146484375,274.07000732421875,667700,274.07000732421875
2018-01-16,277.95001220703125,274.4599914550781,275.7099914550781,274.489990234375,513900,274.489990234375
2018-01-17,278.30999755859375,274.6300048828125,276.1600036621094,277.79998779296875,438800,277.79998779296875
2018-01-18,278.80999755859375,276.8900146484375,277.69000244140625,278.1300048828125,339500,278.1300048828125
2018-01-19,279.9200134277344,276.9599914550781,279.1499938964844,279.1400146484375,524500,279.1400146484375
2018-01-22,280.79998779296875,277.92999267578125,279.2799987792969,279.55999755859375,579200,279.55999755859375
2018-01-23,280.6400146484375,278.0799865722656,280.1700134277344,278.80999755859375,591600,278.80999755859375
2018-01-24,280.9800109863281,274.1300048828125,280.0799865722656,274.55999755859375,620800,274.55999755859375
2018-01-25,276.95001220703125,272.45001220703125,274.489990234375,276.7699890136719,597600,276.7699890136719
2018-01-26,281.0,276.7900085449219,277.6300048828125,280.69000244140625,662600,280.69000244140625
2018-01-29,281.2900085449219,278.45001220703125,280.1199951171875,279.1400146484375,624600,279.1400146484375
2018-01-30,280.6499938964844,275.9800109863281,276.92999267578125,278.3399963378906,484000,278.3399963378906
2018-01-31,281.4800109863281,277.1600036621094,280.0,281.05999755859375,661200,281.05999755859375
2018-02-01,280.79998779296875,275.05999755859375,280.2699890136719,276.0799865722656,656900,276.0799865722656
2018-02-02,275.92999267578125,268.80999755859375,274.3999938964844,270.5799865722656,924200,270.5799865722656
2018-02-05,271.8299865722656,262.7699890136719,269.239990234375,263.3500061035156,870700,263.3500061035156
2018-02-06,268.3299865722656,255.61000061035156,257.9100036621094,268.04998779296875,1389900,268.04998779296875
2018-02-07,270.9200134277344,266.05999755859375,267.0400085449219,267.6600036621094,758700,267.6600036621094
2018-02-08,268.25,255.97000122070312,267.1199951171875,256.57000732421875,1025800,256.57000732421875
2018-02-09,261.489990234375,238.6300048828125,259.0,249.4600067138672,2167100,249.4600067138672
2018-02-12,257.4599914550781,248.2899932861328,253.02000427246094,254.5500030517578,1524000,254.5500030517578
2018-02-13,254.35000610351562,249.1699981689453,253.74000549316406,251.27999877929688,965200,251.27999877929688
2018-02-14,253.77000427246094,249.22999572753906,249.49000549316406,253.5,670100,253.5
2018-02-15,254.4600067138672,250.4199981689453,254.4600067138672,252.5,867800,252.5
2018-02-16,252.1999969482422,249.33999633789062,251.8000030517578,249.75999450683594,1067900,249.75999450683594
2018-02-20,251.8800048828125,246.6999969482422,250.0,247.07000732421875,902500,247.07000732421875
2018-02-21,250.0,246.00999450683594,247.0,246.39999389648438,592700,246.39999389648438
2018-02-22,250.36000061035156,246.17999267578125,247.1300048828125,249.0,771900,249.0
2018-02-23,251.5800018310547,247.0399932861328,250.0,251.38999938964844,672100,251.38999938964844
2018-02-26,252.3800048828125,247.8699951171875,251.92999267578125,250.5399932861328,564600,250.5399932861328
2018-02-27,253.00999450683594,246.5399932861328,251.10000610351562,246.5399932861328,622700,246.5399932861328
2018-02-28,247.5,239.8800048828125,246.77999877929688,239.8800048828125,1123900,239.8800048828125
2018-03-01,243.6199951171875,237.05999755859375,239.8699951171875,241.10000610351562,1010900,241.10000610351562
2018-03-02,238.8800048828125,233.67999267578125,238.5399932861328,236.55999755859375,1196500,236.55999755859375
2018-03-05,238.89999389648438,235.14999389648438,235.9600067138672,238.44000244140625,631900,238.44000244140625
2018-03-06,241.33999633789062,237.88999938964844,239.10000610351562,241.2899932861328,629700,241.2899932861328
2018-03-07,241.35000610351562,236.99000549316406,239.14999389648438,237.22000122070312,486100,237.22000122070312
2018-03-08,240.63999938964844,237.66000366210938,237.66000366210938,240.0800018310547,500100,240.0800018310547
2018-03-09,245.0800018310547,239.7899932861328,241.25,245.0,590100,245.0
2018-03-12,248.80999755859375,245.0,245.0,247.92999267578125,683600,247.92999267578125
2018-03-13,253.5500030517578,248.9199981689453,249.80999755859375,250.58999633789062,1104800,250.58999633789062
2018-03-14,251.69000244140625,247.6199951171875,251.1999969482422,248.88999938964844,499700,248.88999938964844
2018-03-15,250.25,245.57000732421875,249.36000061035156,246.39999389648438,455700,246.39999389648438
2018-03-16,248.74000549316406,245.14999389648438,246.25,247.89999389648438,500300,247.89999389648438
2018-03-19,247.8000030517578,241.8300018310547,247.02000427246094,243.02000427246094,437100,243.02000427246094
2018-03-20,247.11000061035156,243.00999450683594,243.97999572753906,246.7899932861328,671600,246.7899932861328
2018-03-21,249.64999389648438,245.69000244140625,247.17999267578125,247.10000610351562,418100,247.10000610351562
2018-03-22,246.97999572753906,239.47000122070312,246.05999755859375,240.27999877929688,761100,240.27999877929688
2018-03-23,240.97999572753906,230.0399932861328,240.97999572753906,230.57000732421875,1172600,230.57000732421875
2018-03-26,237.8699951171875,230.9499969482422,234.58999633789062,234.1999969482422,935600,234.1999969482422
2018-03-27,235.36000061035156,226.6199951171875,235.36000061035156,227.89999389648438,1193600,227.89999389648438
2018-03-28,231.52000427246094,227.3699951171875,227.89999389648438,228.88999938964844,687400,228.88999938964844
2018-03-29,233.61000061035156,228.9199981689453,230.41000366210938,232.22000122070312,563700,232.22000122070312
2018-04-02,232.22000122070312,223.99000549316406,232.22000122070312,227.61000061035156,778700,227.61000061035156
2018-04-03,231.41000366210938,228.0500030517578,228.30999755859375,230.6999969482422,545000,230.6999969482422
2018-04-04,239.10000610351562,226.83999633789062,227.85000610351562,238.91000366210938,935200,238.91000366210938
2018-04-05,241.08999633789062,237.25,239.64999389648438,239.5,852900,239.5
2018-04-06,239.69000244140625,234.19000244140625,238.36000061035156,236.0800018310547,606600,236.0800018310547
2018-04-09,239.47000122070312,235.14999389648438,238.44000244140625,235.3699951171875,554100,235.3699951171875
2018-04-10,240.02000427246094,236.08999633789062,238.1199951171875,238.8300018310547,472200,238.8300018310547
2018-04-11,239.8300018310547,236.9600067138672,237.14999389648438,238.50999450683594,330500,238.50999450683594
2018-04-12,240.69000244140625,237.2899932861328,238.99000549316406,239.57000732421875,717900,239.57000732421875
2018-04-13,241.02999877929688,237.9499969482422,240.4499969482422,239.1999969482422,399100,239.1999969482422
2018-04-16,241.9600067138672,238.6300048828125,240.77000427246094,239.5399932861328,640800,239.5399932861328
2018-04-17,244.13999938964844,240.3699951171875,241.72999572753906,243.47999572753906,620500,243.47999572753906
2018-04-18,247.1300048828125,242.3300018310547,244.39999389648438,245.94000244140625,645100,245.94000244140625
2018-04-19,245.7899932861328,238.52000427246094,245.4499969482422,240.97999572753906,648400,240.97999572753906
2018-04-20,241.99000549316406,235.0500030517578,241.4499969482422,235.57000732421875,1156700,235.57000732421875
2018-04-23,237.19000244140625,232.5,236.16000366210938,235.92999267578125,613900,235.92999267578125
2018-04-24,236.49000549316406,225.9600067138672,236.49000549316406,227.25,1316900,227.25
2018-04-25,227.97999572753906,221.9600067138672,227.42999267578125,227.1199951171875,1032800,227.1199951171875
2018-04-26,227.8000030517578,223.80999755859375,227.7899932861328,227.1999969482422,1132800,227.1999969482422
2018-04-27,227.7100067138672,216.6699981689453,220.5,217.36000061035156,3139900,217.36000061035156
2018-04-30,216.47999572753906,209.47000122070312,214.47000122070312,209.8800048828125,1861100,209.8800048828125
2018-05-01,216.22000122070312,207.7899932861328,209.75,215.86000061035156,1302000,215.86000061035156
2018-05-02,216.6300048828125,212.02000427246094,214.80999755859375,212.30999755859375,961200,212.30999755859375
2018-05-03,215.5500030517578,211.49000549316406,212.3300018310547,215.4199981689453,932000,215.4199981689453
2018-05-04,219.38999938964844,213.89999389648438,213.92999267578125,216.36000061035156,737700,216.36000061035156
2018-05-07,218.27000427246094,214.5,216.60000610351562,215.41000366210938,579300,215.41000366210938
2018-05-08,217.14999389648438,211.88999938964844,216.11000061035156,213.42999267578125,773900,213.42999267578125
2018-05-09,214.00999450683594,209.13999938964844,214.00999450683594,210.3800048828125,1094900,210.3800048828125
2018-05-10,213.17999267578125,211.52999877929688,212.13999938964844,211.52999877929688,598100,211.52999877929688
2018-05-11,215.47999572753906,210.9199981689453,211.52999877929688,213.5800018310547,1221300,213.5800018310547
2018-05-14,213.88999938964844,209.52000427246094,213.88999938964844,210.63999938964844,1502700,210.63999938964844
2018-05-15,210.0500030517578,207.8699951171875,209.9600067138672,208.97999572753906,885000,208.97999572753906
2018-05-16,210.97000122070312,206.74000549316406,208.3000030517578,210.5500030517578,887400,210.5500030517578
2018-05-17,212.58999633789062,209.8800048828125,210.92999267578125,211.83999633789062,794400,211.83999633789062
2018-05-18,217.24000549316406,211.25999450683594,212.13999938964844,216.14999389648438,1838600,216.14999389648438
2018-05-21,218.82000732421875,215.41000366210938,216.99000549316406,216.1199951171875,1111100,216.1199951171875
2018-05-22,217.57000732421875,214.6999969482422,215.72000122070312,215.08999633789062,780700,215.08999633789062
2018-05-23,215.92999267578125,213.3699951171875,214.66000366210938,214.8699951171875,436900,214.8699951171875
2018-05-24,215.5500030517578,210.9499969482422,214.36000061035156,212.38999938964844,632500,212.38999938964844
2018-05-25,215.47000122070312,211.5500030517578,211.9499969482422,213.36000061035156,799300,213.36000061035156
2018-05-29,212.27000427246094,208.6199951171875,211.41000366210938,210.63999938964844,780900,210.63999938964844
2018-05-30,211.32000732421875,207.72000122070312,210.91000366210938,208.57000732421875,575500,208.57000732421875
2018-05-31,208.75,203.8699951171875,208.75,204.0399932861328,861200,204.0399932861328
2018-06-01,205.7100067138672,203.0399932861328,204.52999877929688,204.35000610351562,850000,204.35000610351562
2018-06-04,207.41000366210938,203.8800048828125,205.5399932861328,206.83999633789062,1071600,206.83999633789062
2018-06-05,207.9199981689453,205.6199951171875,206.97000122070312,205.8000030517578,527600,205.8000030517578
2018-06-06,205.8699951171875,202.75,204.83999633789062,205.82000732421875,803400,205.82000732421875
2018-06-07,208.22000122070312,205.61000061035156,205.99000549316406,207.97000122070312,652700,207.97000122070312
2018-06-08,210.6699981689453,207.52000427246094,207.83999633789062,210.44000244140625,446400,210.44000244140625
2018-06-11,212.63999938964844,210.22999572753906,210.77000427246094,210.9600067138672,556200,210.9600067138672
2018-06-12,214.1999969482422,210.49000549316406,210.75999450683594,213.9499969482422,603600,213.9499969482422
2018-06-13,214.47999572753906,209.47000122070312,214.02999877929688,209.61000061035156,903300,209.61000061035156
2018-06-14,214.63999938964844,209.97999572753906,210.0,214.11000061035156,780600,214.11000061035156
2018-06-15,213.1300048828125,210.83999633789062,212.7100067138672,213.00999450683594,824300,213.00999450683594
2018-06-18,212.1199951171875,209.5500030517578,210.9600067138672,210.14999389648438,974900,210.14999389648438
2018-06-19,210.85000610351562,207.85000610351562,207.85000610351562,210.58999633789062,859300,210.58999633789062
2018-06-20,212.58999633789062,209.80999755859375,211.22000122070312,210.7100067138672,571600,210.7100067138672
2018-06-21,212.08999633789062,209.8699951171875,211.4199981689453,210.91000366210938,784600,210.91000366210938
2018-06-22,212.22000122070312,208.1999969482422,211.05999755859375,211.8699951171875,963000,211.8699951171875
2018-06-25,211.8699951171875,209.0,211.8699951171875,211.5,640400,211.5
2018-06-26,214.27000427246094,211.32000732421875,212.50999450683594,213.5,604100,213.5
2018-06-27,214.30999755859375,210.42999267578125,212.86000061035156,211.89999389648438,1207100,211.89999389648438
2018-06-28,212.5399932861328,208.8699951171875,212.5399932861328,211.33999633789062,874900,211.33999633789062
2018-06-29,215.80999755859375,210.86000061035156,212.36000061035156,214.27000427246094,1150100,214.27000427246094
2018-07-02,214.1999969482422,211.47999572753906,212.3800048828125,213.86000061035156,839600,213.86000061035156
2018-07-03,216.50999450683594,214.4600067138672,215.0,215.02999877929688,405700,215.02999877929688
2018-07-05,217.60000610351562,214.50999450683594,215.27000427246094,217.4600067138672,414600,217.4600067138672
2018-07-06,220.30999755859375,217.05999755859375,217.9600067138672,218.74000549316406,479100,218.74000549316406
2018-07-09,222.1300048828125,218.6999969482422,220.00999450683594,220.83999633789062,426000,220.83999633789062
2018-07-10,220.77999877929688,217.92999267578125,220.77999877929688,219.07000732421875,491800,219.07000732421875
2018-07-11,228.49000549316406,217.6999969482422,217.8300018310547,224.83999633789062,2242000,224.83999633789062
2018-07-12,226.30999755859375,220.47999572753906,225.86000061035156,223.3000030517578,2168600,223.3000030517578
2018-07-13,225.66000366210938,221.6300048828125,223.3300018310547,223.86000061035156,934600,223.86000061035156
2018-07-16,224.33999633789062,220.50999450683594,223.97000122070312,221.52000427246094,890000,221.52000427246094
2018-07-17,224.7100067138672,220.94000244140625,221.0,224.3699951171875,482800,224.3699951171875
2018-07-18,225.61000061035156,222.75999450683594,224.00999450683594,224.3800048828125,628200,224.3800048828125
2018-07-19,224.33999633789062,222.66000366210938,224.0500030517578,223.25,660100,223.25
2018-07-20,225.05999755859375,221.8000030517578,221.8000030517578,224.22999572753906,852500,224.22999572753906
2018-07-23,224.17999267578125,216.74000549316406,223.17999267578125,217.27999877929688,1153000,217.27999877929688
2018-07-24,220.8300018310547,216.33999633789062,217.41000366210938,219.5500030517578,1456800,219.5500030517578
2018-07-25,220.3300018310547,214.55999755859375,219.7899932861328,217.3699951171875,1982500,217.3699951171875
2018-07-26,189.11000061035156,177.0,189.11000061035156,179.30999755859375,7360500,179.30999755859375
2018-07-27,185.50999450683594,177.42999267578125,178.52999877929688,183.05999755859375,3307800,183.05999755859375
2018-07-30,186.88999938964844,182.5,182.52999877929688,184.6999969482422,1804400,184.6999969482422
2018-07-31,189.57000732421875,184.10000610351562,185.6999969482422,188.36000061035156,1205600,188.36000061035156
2018-08-01,191.38999938964844,188.36000061035156,189.0,189.38999938964844,1520900,189.38999938964844
2018-08-02,188.72999572753906,185.77000427246094,187.5800018310547,186.4199981689453,1464900,186.4199981689453
2018-08-03,188.1999969482422,185.3300018310547,187.08999633789062,186.61000061035156,1028600,186.61000061035156
2018-08-06,188.11000061035156,186.35000610351562,187.4499969482422,187.02999877929688,1152800,187.02999877929688
2018-08-07,190.0399932861328,186.67999267578125,187.5800018310547,186.8699951171875,1032100,186.8699951171875
2018-08-08,187.75,185.66000366210938,186.25,186.10000610351562,854300,186.10000610351562
2018-08-09,187.4199981689453,183.86000061035156,186.44000244140625,184.2899932861328,1130700,184.2899932861328
2018-08-10,185.97999572753906,180.7100067138672,183.6999969482422,182.32000732421875,1099700,182.32000732421875
2018-08-13,184.16000366210938,180.5800018310547,182.11000061035156,181.88999938964844,1157100,181.88999938964844
2018-08-14,184.11000061035156,180.74000549316406,181.3000030517578,181.86000061035156,710200,181.86000061035156
2018-08-15,185.22000122070312,180.4499969482422,181.47999572753906,185.0800018310547,1047000,185.0800018310547
2018-08-16,189.92999267578125,184.91000366210938,186.5500030517578,188.1199951171875,1160800,188.1199951171875
2018-08-17,191.1699981689453,187.8699951171875,188.44000244140625,190.05999755859375,690300,190.05999755859375
2018-08-20,192.4499969482422,190.14999389648438,190.97000122070312,190.50999450683594,669500,190.50999450683594
2018-08-21,193.7899932861328,190.27000427246094,192.4199981689453,193.41000366210938,670000,193.41000366210938
2018-08-22,194.89999389648438,191.57000732421875,193.00999450683594,192.97999572753906,707900,192.97999572753906
2018-08-23,193.77999877929688,190.69000244140625,193.17999267578125,190.88999938964844,685400,190.88999938964844
2018-08-24,191.63999938964844,190.1199951171875,191.27999877929688,190.41000366210938,715500,190.41000366210938
2018-08-27,194.0800018310547,190.24000549316406,191.2100067138672,192.92999267578125,497600,192.92999267578125
2018-08-28,193.63999938964844,192.1300048828125,193.52999877929688,192.86000061035156,413100,192.86000061035156
2018-08-29,196.3000030517578,192.0,192.85000610351562,195.97999572753906,699800,195.97999572753906
2018-08-30,195.8800048828125,192.36000061035156,195.50999450683594,193.22999572753906,521500,193.22999572753906
2018-08-31,194.19000244140625,189.9499969482422,193.11000061035156,191.58999633789062,626600,191.58999633789062
2018-09-04,192.25999450683594,189.8300018310547,191.1999969482422,190.16000366210938,1020300,190.16000366210938
2018-09-05,192.35000610351562,189.27000427246094,189.5,191.0,578600,191.0
2018-09-06,192.4499969482422,190.17999267578125,190.3000030517578,190.72000122070312,532200,190.72000122070312
2018-09-07,190.94000244140625,188.19000244140625,189.85000610351562,188.6199951171875,574300,188.6199951171875
2018-09-10,190.8800048828125,188.2100067138672,190.11000061035156,189.77000427246094,548400,189.77000427246094
2018-09-11,191.67999267578125,188.42999267578125,189.75,189.74000549316406,504600,189.74000549316406
2018-09-12,188.8300018310547,183.97000122070312,188.02000427246094,185.55999755859375,1899900,185.55999755859375
2018-09-13,186.72000122070312,183.25999450683594,186.30999755859375,185.88999938964844,1508400,185.88999938964844
2018-09-14,188.02999877929688,185.24000549316406,186.60000610351562,187.10000610351562,1021200,187.10000610351562
2018-09-17,188.8300018310547,186.72999572753906,187.10000610351562,186.91000366210938,973200,186.91000366210938
2018-09-18,187.60000610351562,184.33999633789062,186.5800018310547,185.27000427246094,1173300,185.27000427246094
2018-09-19,189.1999969482422,185.77999877929688,186.67999267578125,187.3300018310547,816500,187.3300018310547
2018-09-20,188.8699951171875,185.5,188.0,186.17999267578125,1052100,186.17999267578125
2018-09-21,187.6300048828125,185.9499969482422,186.52999877929688,186.60000610351562,899200,186.60000610351562
2018-09-24,186.77000427246094,182.61000061035156,185.52999877929688,182.9600067138672,936400,182.9600067138672
2018-09-25,183.72000122070312,180.97999572753906,182.89999389648438,181.3800048828125,723200,181.3800048828125
2018-09-26,182.14999389648438,180.38999938964844,181.67999267578125,180.58999633789062,860500,180.58999633789062
2018-09-27,180.8000030517578,179.08999633789062,180.38999938964844,179.3300018310547,780400,179.3300018310547
2018-09-28,179.74000549316406,173.82000732421875,179.36000061035156,175.35000610351562,1022800,175.35000610351562
2018-10-01,176.74000549316406,173.58999633789062,175.91000366210938,173.6999969482422,726700,173.6999969482422
2018-10-02,174.4499969482422,169.57000732421875,173.0500030517578,170.02999877929688,1094200,170.02999877929688
2018-10-03,172.10000610351562,168.1300048828125,170.3000030517578,170.85000610351562,1971500,170.85000610351562
2018-10-04,171.99000549316406,169.8699951171875,170.05999755859375,171.11000061035156,754000,171.11000061035156
2018-10-05,172.42999267578125,167.2100067138672,171.19000244140625,168.08999633789062,1212700,168.08999633789062
2018-10-08,169.58999633789062,167.1999969482422,168.0800018310547,169.35000610351562,732800,169.35000610351562
2018-10-09,164.77999877929688,160.27000427246094,162.00999450683594,160.6699981689453,1319200,160.6699981689453
2018-10-10,162.9600067138672,159.38999938964844,161.64999389648438,159.6300048828125,1202000,159.6300048828125
2018-10-11,161.44000244140625,157.16000366210938,159.0,157.22000122070312,843800,157.22000122070312
2018-10-12,159.57000732421875,153.8800048828125,159.57000732421875,156.1199951171875,1325500,156.1199951171875
2018-10-15,157.17999267578125,153.9199981689453,153.9199981689453,155.3300018310547,1517600,155.3300018310547
2018-10-16,156.91000366210938,153.61000061035156,155.8699951171875,156.25,1284200,156.25
2018-10-17,156.75,152.55999755859375,155.3800048828125,155.9499969482422,1042800,155.9499969482422
2018-10-18,155.99000549316406,151.5,155.5399932861328,152.2899932861328,802400,152.2899932861328
2018-10-19,152.47999572753906,148.47000122070312,152.00999450683594,150.30999755859375,801900,150.30999755859375
2018-10-22,151.22999572753906,148.10000610351562,150.99000549316406,148.3800048828125,939100,148.3800048828125
2018-10-23,151.60000610351562,143.67999267578125,146.3000030517578,151.2100067138672,1842700,151.2100067138672
2018-10-24,153.8800048828125,147.27999877929688,150.4199981689453,147.50999450683594,1518400,147.50999450683594
2018-10-25,151.7899932861328,148.50999450683594,148.99000549316406,151.07000732421875,1778200,151.07000732421875
2018-10-26,126.43000030517578,113.44999694824219,124.05999755859375,115.02999877929688,9601800,115.02999877929688
2018-10-29,119.38999938964844,114.88999938964844,115.8499984741211,116.27999877929688,5546900,116.27999877929688
2018-10-30,124.13999938964844,115.4000015258789,116.05000305175781,123.94000244140625,3092900,123.94000244140625
2018-10-31,128.6199951171875,123.20999908447266,125.41999816894531,124.7300033569336,2217300,124.7300033569336
2018-11-01,132.72999572753906,124.91000366210938,125.43000030517578,131.7100067138672,2452600,131.7100067138672
2018-11-02,133.2899932861328,128.5399932861328,132.41000366210938,131.77999877929688,1641200,131.77999877929688
2018-11-05,132.22000122070312,126.87000274658203,131.2899932861328,127.93000030517578,1185400,127.93000030517578
2018-11-06,129.44000244140625,125.91000366210938,127.62000274658203,126.55000305175781,1319800,126.55000305175781
2018-11-07,127.98999786376953,124.54000091552734,127.98999786376953,126.38999938964844,849700,126.38999938964844
2018-11-08,128.63999938964844,123.5199966430664,125.26000213623047,127.2300033569336,1600300,127.2300033569336
2018-11-09,128.75999450683594,123.83000183105469,127.05999755859375,125.6500015258789,981100,125.6500015258789
2018-11-12,125.04000091552734,121.3499984741211,124.26000213623047,121.52999877929688,887900,121.52999877929688
2018-11-13,125.95999908447266,121.8499984741211,122.2300033569336,123.25,1070700,123.25
2018-11-14,125.8499984741211,121.26000213623047,124.51000213623047,121.41000366210938,1097400,121.41000366210938
2018-11-15,124.69999694824219,119.08999633789062,120.6500015258789,123.7300033569336,1221100,123.7300033569336
2018-11-16,124.55000305175781,122.37999725341797,123.44000244140625,123.5199966430664,657200,123.5199966430664
2018-11-19,125.16000366210938,122.33999633789062,123.9000015258789,124.36000061035156,1177300,124.36000061035156
2018-11-20,127.4800033569336,122.52999877929688,122.52999877929688,124.5999984741211,738700,124.5999984741211
2018-11-21,128.19000244140625,124.5999984741211,125.25,126.3499984741211,683400,126.3499984741211
2018-11-23,127.91000366210938,125.30999755859375,125.8499984741211,126.83999633789062,224600,126.83999633789062
2018-11-26,129.9199981689453,127.44000244140625,128.91000366210938,128.75,850200,128.75
2018-11-27,129.4499969482422,125.75,128.02999877929688,126.5,811800,126.5
2018-11-28,131.2100067138672,122.75,126.29000091552734,130.88999938964844,1042000,130.88999938964844
2018-11-29,130.9199981689453,126.11000061035156,129.85000610351562,127.37999725341797,760300,127.37999725341797
2018-11-30,128.27999877929688,126.12000274658203,127.33999633789062,128.05999755859375,822400,128.05999755859375
2018-12-03,130.69000244140625,124.66999816894531,130.22999572753906,126.30999755859375,1725200,126.30999755859375
2018-12-04,126.86000061035156,121.12999725341797,125.62999725341797,121.30000305175781,1091800,121.30000305175781
2018-12-06,123.19999694824219,116.66999816894531,118.2300033569336,123.01000213623047,1487600,123.01000213623047
2018-12-07,122.5,119.12000274658203,122.19999694824219,120.44000244140625,1114500,120.44000244140625
2018-12-10,121.37000274658203,118.25,120.1500015258789,119.9800033569336,1233700,119.9800033569336
2018-12-11,122.69000244140625,118.69000244140625,122.11000061035156,119.25,999400,119.25
2018-12-12,122.94999694824219,118.83000183105469,120.70999908447266,118.91000366210938,1231400,118.91000366210938
2018-12-13,119.95999908447266,117.68000030517578,119.52999877929688,118.19999694824219,780400,118.19999694824219
2018-12-14,119.47000122070312,116.27999877929688,117.08000183105469,116.9800033569336,872800,116.9800033569336
2018-12-17,119.72000122070312,115.0,116.4800033569336,115.75,938200,115.75
2018-12-18,119.9000015258789,115.94000244140625,116.5,118.37999725341797,1173900,118.37999725341797
2018-12-19,123.81999969482422,116.45999908447266,118.27999877929688,116.97000122070312,1226300,116.97000122070312
2018-12-20,118.79000091552734,114.30000305175781,116.33999633789062,115.5,1180600,115.5
2018-12-21,118.63999938964844,112.81999969482422,116.19999694824219,113.20999908447266,1747500,113.20999908447266
2018-12-24,114.4800033569336,110.79000091552734,112.05000305175781,111.30999755859375,540700,111.30999755859375
2018-12-26,117.19999694824219,109.3499984741211,111.62000274658203,117.0999984741211,1006000,117.0999984741211
2018-12-27,117.86000061035156,112.63999938964844,115.43000030517578,117.86000061035156,777500,117.86000061035156
2018-12-28,119.30999755859375,115.76000213623047,118.22000122070312,117.19999694824219,762200,117.19999694824219
2018-12-31,119.48999786376953,115.1500015258789,118.06999969482422,116.95999908447266,698800,116.95999908447266
2019-01-02,119.7699966430664,114.36000061035156,114.94000244140625,118.5999984741211,1192400,118.5999984741211
2019-01-03,118.30999755859375,115.58000183105469,117.56999969482422,116.9000015258789,651600,116.9000015258789
2019-01-04,123.56999969482422,118.44999694824219,118.52999877929688,122.12999725341797,1041600,122.12999725341797
2019-01-07,125.86000061035156,121.1500015258789,122.6500015258789,124.1500015258789,1033300,124.1500015258789
2019-01-08,125.98999786376953,122.33000183105469,125.72000122070312,123.05999755859375,895500,123.05999755859375
2019-01-09,128.14999389648438,122.73999786376953,122.75,127.41000366210938,1041300,127.41000366210938
2019-01-10,127.54000091552734,125.4000015258789,126.80999755859375,126.58999633789062,671200,126.58999633789062
2019-01-11,126.01000213623047,122.4000015258789,123.69000244140625,125.66999816894531,813300,125.66999816894531
2019-01-14,127.5,124.55000305175781,125.08000183105469,126.01000213623047,865700,126.01000213623047
2019-01-15,125.55999755859375,121.30999755859375,125.0,124.04000091552734,796100,124.04000091552734
2019-01-16,125.27999877929688,122.73999786376953,124.41999816894531,123.0999984741211,688400,123.0999984741211
2019-01-17,124.68000030517578,122.08999633789062,122.69999694824219,124.18000030517578,1174000,124.18000030517578
2019-01-18,126.69999694824219,124.0199966430664,125.19000244140625,126.62000274658203,739000,126.62000274658203
2019-01-22,127.30999755859375,124.0,125.69999694824219,126.72000122070312,1199000,126.72000122070312
2019-01-23,127.70999908447266,123.2300033569336,127.41000366210938,124.7300033569336,785400,124.7300033569336
2019-01-24,127.22000122070312,124.22000122070312,124.83000183105469,127.1500015258789,621900,127.1500015258789
2019-01-25,129.1699981689453,126.2300033569336,128.55999755859375,127.55999755859375,1116600,127.55999755859375
2019-01-28,128.38999938964844,125.87999725341797,126.77999877929688,128.0,891300,128.0
2019-01-29,128.2100067138672,126.12999725341797,128.0,127.04000091552734,1689000,127.04000091552734
2019-01-30,127.69000244140625,124.4000015258789,127.5,125.79000091552734,1251500,125.79000091552734
2019-01-31,128.83999633789062,125.27999877929688,125.62000274658203,128.7899932861328,1536000,128.7899932861328
2019-02-01,129.88999938964844,127.18000030517578,127.79000091552734,128.77999877929688,987900,128.77999877929688
2019-02-04,129.10000610351562,127.27999877929688,128.8699951171875,127.87999725341797,904900,127.87999725341797
2019-02-05,129.47999572753906,126.44999694824219,127.97000122070312,126.9000015258789,1608500,126.9000015258789
2019-02-06,127.72000122070312,125.54000091552734,126.44000244140625,127.43000030517578,1220100,127.43000030517578
2019-02-07,128.97000122070312,126.01000213623047,127.45999908447266,128.1999969482422,1723700,128.1999969482422
2019-02-08,136.82000732421875,132.08999633789062,136.13999938964844,135.77999877929688,3807500,135.77999877929688
2019-02-11,138.4600067138672,129.36000061035156,135.57000732421875,137.97999572753906,2428400,137.97999572753906
2019-02-12,143.97000122070312,138.5,138.6199951171875,143.13999938964844,1781100,143.13999938964844
2019-02-13,143.1699981689453,139.14999389648438,143.0,139.41000366210938,1144000,139.41000366210938
2019-02-14,139.27999877929688,136.8300018310547,138.75,138.8000030517578,888900,138.8000030517578
2019-02-15,141.07000732421875,138.88999938964844,139.8000030517578,139.2100067138672,855800,139.2100067138672
2019-02-19,141.16000366210938,138.0,138.60000610351562,139.7100067138672,793800,139.7100067138672
2019-02-20,141.07000732421875,139.1199951171875,140.1699981689453,139.77000427246094,812000,139.77000427246094
2019-02-21,140.82000732421875,138.8800048828125,139.77000427246094,140.02999877929688,777800,140.02999877929688
2019-02-22,141.25999450683594,139.86000061035156,140.1999969482422,140.5,608000,140.5
2019-02-25,142.74000549316406,141.10000610351562,141.10000610351562,141.39999389648438,707800,141.39999389648438
2019-02-26,141.72000122070312,139.7899932861328,140.5500030517578,140.02000427246094,605800,140.02000427246094
2019-02-27,140.3800048828125,138.5,140.0,138.60000610351562,683300,138.60000610351562
2019-02-28,138.4199981689453,135.77000427246094,138.4199981689453,136.1199951171875,599600,136.1199951171875
2019-03-01,139.27000427246094,136.8800048828125,137.7100067138672,137.47999572753906,749200,137.47999572753906
2019-03-04,139.00999450683594,136.39999389648438,138.33999633789062,138.22999572753906,1028400,138.22999572753906
2019-03-05,138.32000732421875,135.10000610351562,137.75,135.1699981689453,692000,135.1699981689453
2019-03-06,136.1699981689453,132.85000610351562,135.0,133.3300018310547,650900,133.3300018310547
2019-03-07,132.91000366210938,129.0399932861328,132.77999877929688,129.61000061035156,1359100,129.61000061035156
2019-03-08,132.22000122070312,128.7899932861328,129.1999969482422,132.0800018310547,1052600,132.0800018310547
2019-03-11,133.44000244140625,131.75,131.80999755859375,133.11000061035156,501600,133.11000061035156
2019-03-12,134.05999755859375,132.9600067138672,133.41000366210938,133.25999450683594,564100,133.25999450683594
2019-03-13,133.89999389648438,132.74000549316406,133.3699951171875,133.0,680100,133.0
2019-03-14,132.2899932861328,128.4600067138672,132.0500030517578,129.25999450683594,966200,129.25999450683594
2019-03-15,129.8699951171875,128.0399932861328,129.22999572753906,128.57000732421875,970500,128.57000732421875
2019-03-18,129.85000610351562,128.1300048828125,129.0399932861328,129.50999450683594,545300,129.50999450683594
2019-03-19,130.6999969482422,127.48999786376953,129.75999450683594,127.9000015258789,509500,127.9000015258789
2019-03-20,128.19000244140625,124.27999877929688,127.5999984741211,126.0199966430664,646800,126.0199966430664
2019-03-21,128.8699951171875,125.68000030517578,125.68000030517578,128.13999938964844,523000,128.13999938964844
2019-03-22,128.47000122070312,124.51000213623047,127.66000366210938,124.86000061035156,698200,124.86000061035156
2019-03-25,125.75,123.45999908447266,124.91000366210938,124.75,627600,124.75
2019-03-26,126.23999786376953,123.30000305175781,124.69000244140625,125.26000213623047,875400,125.26000213623047
2019-03-27,127.95999908447266,125.19000244140625,125.83000183105469,126.12999725341797,1004400,126.12999725341797
2019-03-28,127.79000091552734,124.58999633789062,126.4000015258789,125.9800033569336,758900,125.9800033569336
2019-03-29,127.44000244140625,124.44999694824219,125.80000305175781,126.1500015258789,681500,126.1500015258789
2019-04-01,128.75999450683594,126.51000213623047,127.04000091552734,127.87999725341797,537200,127.87999725341797
2019-04-02,128.63999938964844,127.05000305175781,127.5199966430664,127.36000061035156,399600,127.36000061035156
2019-04-03,128.25,126.58000183105469,128.0800018310547,126.81999969482422,745100,126.81999969482422
2019-04-04,129.7899932861328,126.41999816894531,126.69999694824219,129.69000244140625,532600,129.69000244140625
2019-04-05,132.02000427246094,129.97999572753906,130.25,131.58999633789062,379400,131.58999633789062
2019-04-08,132.8300018310547,130.64999389648438,131.39999389648438,132.75,532100,132.75
2019-04-09,132.7100067138672,130.63999938964844,132.7100067138672,131.30999755859375,595700,131.30999755859375
2019-04-10,132.24000549316406,129.1199951171875,131.0,131.1999969482422,646500,131.1999969482422
2019-04-11,132.05999755859375,130.7100067138672,130.9199981689453,131.39999389648438,320900,131.39999389648438
2019-04-12,133.33999633789062,130.75,132.19000244140625,132.1300048828125,467100,132.1300048828125
2019-04-15,133.58999633789062,131.4499969482422,131.8000030517578,131.5800018310547,691300,131.5800018310547
2019-04-16,132.52000427246094,129.24000549316406,131.86000061035156,131.10000610351562,587500,131.10000610351562
2019-04-17,132.42999267578125,130.3800048828125,131.5,130.8699951171875,395800,130.8699951171875
2019-04-18,131.94000244140625,130.07000732421875,130.64999389648438,131.77000427246094,615400,131.77000427246094
2019-04-22,132.17999267578125,130.88999938964844,131.0399932861328,131.39999389648438,709900,131.39999389648438
2019-04-23,134.3300018310547,131.5399932861328,131.8699951171875,134.13999938964844,880600,134.13999938964844
2019-04-24,134.8000030517578,132.47000122070312,133.97999572753906,134.16000366210938,1232200,134.16000366210938
2019-04-25,134.1300048828125,130.13999938964844,133.0,130.7100067138672,1318400,130.7100067138672
2019-04-26,130.08999633789062,118.25,128.8800048828125,127.0,1971800,127.0
2019-04-29,131.52000427246094,126.87999725341797,127.20999908447266,130.55999755859375,720900,130.55999755859375
2019-04-30,137.0399932861328,133.02000427246094,134.3699951171875,136.25,1411800,136.25
2019-05-01,138.49000549316406,135.32000732421875,136.7899932861328,135.35000610351562,808100,135.35000610351562
2019-05-02,138.14999389648438,135.3800048828125,135.58999633789062,135.8300018310547,675800,135.8300018310547
2019-05-03,139.44000244140625,136.11000061035156,137.0399932861328,139.08999633789062,413700,139.08999633789062
2019-05-06,138.33999633789062,135.10000610351562,136.4600067138672,137.77999877929688,615700,137.77999877929688
2019-05-07,138.1199951171875,134.89999389648438,136.6300048828125,136.4600067138672,807500,136.4600067138672
2019-05-08,136.82000732421875,133.9499969482422,136.1699981689453,134.0399932861328,400800,134.0399932861328
2019-05-09,133.77999877929688,130.97999572753906,132.80999755859375,132.83999633789062,497100,132.83999633789062
2019-05-10,135.5800018310547,130.83999633789062,133.02999877929688,135.36000061035156,515900,135.36000061035156
2019-05-13,133.08999633789062,130.0500030517578,132.8300018310547,131.16000366210938,774200,131.16000366210938
2019-05-14,135.1199951171875,130.77999877929688,131.1699981689453,134.2100067138672,599600,134.2100067138672
2019-05-15,136.1300048828125,131.2100067138672,132.88999938964844,135.97000122070312,543900,135.97000122070312
2019-05-16,141.49000549316406,136.88999938964844,137.67999267578125,140.30999755859375,1248000,140.30999755859375
2019-05-17,141.6300048828125,138.35000610351562,139.27000427246094,138.69000244140625,669200,138.69000244140625
2019-05-20,137.9499969482422,136.58999633789062,137.74000549316406,137.1199951171875,691100,137.1199951171875
2019-05-21,141.0399932861328,137.44000244140625,137.5800018310547,141.02999877929688,560200,141.02999877929688
2019-05-22,140.7100067138672,138.1300048828125,139.72999572753906,140.49000549316406,657800,140.49000549316406
2019-05-23,141.8699951171875,138.25999450683594,139.49000549316406,141.7100067138672,933800,141.7100067138672
2019-05-24,146.47000122070312,142.02999877929688,142.39999389648438,145.89999389648438,1264600,145.89999389648438
2019-05-28,145.8800048828125,141.42999267578125,145.82000732421875,141.4499969482422,1020500,141.4499969482422
2019-05-29,140.8300018310547,137.42999267578125,140.8300018310547,138.5399932861328,644600,138.5399932861328
2019-05-30,140.85000610351562,138.47000122070312,139.52999877929688,140.5800018310547,511100,140.5800018310547
2019-05-31,138.17999267578125,134.9600067138672,138.17999267578125,135.5500030517578,942400,135.5500030517578
2019-06-03,138.97000122070312,134.69000244140625,135.44000244140625,138.32000732421875,737100,138.32000732421875
2019-06-04,145.13999938964844,139.5399932861328,139.83999633789062,145.10000610351562,883500,145.10000610351562
2019-06-05,146.7899932861328,143.3300018310547,145.9499969482422,145.52999877929688,556600,145.52999877929688
2019-06-06,147.42999267578125,144.4600067138672,145.32000732421875,147.13999938964844,699600,147.13999938964844
2019-06-07,148.8300018310547,146.35000610351562,147.77000427246094,146.9499969482422,637000,146.9499969482422
2019-06-10,149.5,147.22999572753906,147.88999938964844,149.05999755859375,529700,149.05999755859375
2019-06-11,151.0800018310547,148.52999877929688,150.5,149.1300048828125,916700,149.1300048828125
2019-06-12,150.0,148.0,149.30999755859375,149.0,576300,149.0
2019-06-13,150.63999938964844,148.67999267578125,150.0,150.61000061035156,579600,150.61000061035156
2019-06-14,152.83999633789062,149.61000061035156,151.38999938964844,152.2899932861328,750800,152.2899932861328
2019-06-17,152.50999450683594,150.1300048828125,152.22999572753906,150.22000122070312,687300,150.22000122070312
2019-06-18,153.5399932861328,149.3699951171875,151.4199981689453,150.66000366210938,482800,150.66000366210938
2019-06-19,151.3000030517578,148.25,151.0500030517578,149.10000610351562,918400,149.10000610351562
2019-06-20,150.4199981689453,147.0,150.3000030517578,148.4499969482422,717500,148.4499969482422
2019-06-21,148.66000366210938,145.97000122070312,148.66000366210938,146.02999877929688,1150400,146.02999877929688
2019-06-24,146.9600067138672,144.72000122070312,146.72999572753906,145.92999267578125,609800,145.92999267578125
2019-06-25,146.19000244140625,142.1699981689453,145.52000427246094,142.39999389648438,768200,142.39999389648438
2019-06-26,142.3800048828125,140.36000061035156,142.3800048828125,141.75,802700,141.75
2019-06-27,145.17999267578125,141.55999755859375,142.60000610351562,145.08999633789062,421900,145.08999633789062
2019-06-28,147.64999389648438,145.08999633789062,145.08999633789062,147.47000122070312,704600,147.47000122070312
2019-07-01,150.88999938964844,148.25999450683594,149.0,150.7100067138672,562000,150.7100067138672
2019-07-02,151.52000427246094,149.02000427246094,150.5399932861328,151.47000122070312,389100,151.47000122070312
2019-07-03,153.3000030517578,150.89999389648438,152.1199951171875,153.25,207300,153.25
2019-07-05,152.35000610351562,150.41000366210938,152.22000122070312,151.39999389648438,325200,151.39999389648438
2019-07-08,152.1199951171875,150.11000061035156,151.3000030517578,150.27000427246094,593700,150.27000427246094
2019-07-09,150.66000366210938,147.86000061035156,149.72000122070312,149.8800048828125,364400,149.8800048828125
2019-07-10,150.55999755859375,147.9600067138672,150.35000610351562,148.60000610351562,325200,148.60000610351562
2019-07-11,149.19000244140625,146.0800018310547,149.19000244140625,148.9600067138672,301800,148.9600067138672
2019-07-12,151.7100067138672,148.63999938964844,149.58999633789062,151.1300048828125,443600,151.1300048828125
2019-07-15,151.85000610351562,148.60000610351562,151.63999938964844,149.5800018310547,334500,149.5800018310547
2019-07-16,151.3800048828125,149.35000610351562,149.74000549316406,150.0399932861328,413100,150.0399932861328
2019-07-17,151.35000610351562,149.25,150.50999450683594,150.9499969482422,614600,150.9499969482422
2019-07-18,154.7100067138672,149.0,150.88999938964844,154.50999450683594,1040500,154.50999450683594
2019-07-19,155.25999450683594,152.8300018310547,154.4600067138672,152.97999572753906,758400,152.97999572753906
2019-07-22,153.9499969482422,151.3000030517578,153.72999572753906,151.80999755859375,829400,151.80999755859375
2019-07-23,154.0399932861328,151.3699951171875,152.9600067138672,153.97999572753906,372400,153.97999572753906
2019-07-24,154.86000061035156,152.4600067138672,153.08999633789062,154.44000244140625,662300,154.44000244140625
2019-07-25,156.60000610351562,154.1300048828125,154.5399932861328,156.36000061035156,1008200,156.36000061035156
2019-07-26,140.55999755859375,127.2699966430664,138.0,128.83999633789062,4420300,128.83999633789062
2019-07-29,127.45999908447266,123.83999633789062,127.45999908447266,124.4800033569336,2400100,124.4800033569336
2019-07-30,126.12999725341797,122.2699966430664,124.9000015258789,125.25,1353000,125.25
2019-07-31,126.72000122070312,123.69000244140625,125.16999816894531,124.69000244140625,901600,124.69000244140625
2019-08-01,125.31999969482422,121.37999725341797,124.38999938964844,122.38999938964844,941400,122.38999938964844
2019-08-02,122.80999755859375,120.33000183105469,122.0,120.37999725341797,759800,120.37999725341797
2019-08-05,120.58000183105469,117.36000061035156,119.18000030517578,118.23999786376953,1038200,118.23999786376953
2019-08-06,119.19999694824219,116.5999984741211,118.80000305175781,117.52999877929688,804400,117.52999877929688
2019-08-07,118.80000305175781,115.55000305175781,116.19999694824219,118.44999694824219,985400,118.44999694824219
2019-08-08,119.30000305175781,117.08000183105469,118.55000305175781,117.95999908447266,850900,117.95999908447266
2019-08-09,118.62999725341797,116.5999984741211,118.4000015258789,116.7699966430664,540200,116.7699966430664
2019-08-12,116.44000244140625,113.77999877929688,116.11000061035156,113.93000030517578,747200,113.93000030517578
2019-08-13,118.12000274658203,113.62999725341797,114.31999969482422,114.80999755859375,655400,114.80999755859375
2019-08-14,114.5199966430664,111.56999969482422,113.1500015258789,112.45999908447266,972500,112.45999908447266
2019-08-15,112.6500015258789,109.70999908447266,112.27999877929688,110.44999694824219,943400,110.44999694824219
2019-08-16,112.6500015258789,108.93000030517578,110.44999694824219,111.33999633789062,667200,111.33999633789062
2019-08-19,115.30999755859375,112.56999969482422,112.77999877929688,114.06999969482422,917400,114.06999969482422
2019-08-20,114.06999969482422,111.93000030517578,113.5199966430664,113.02999877929688,667100,113.02999877929688
2019-08-21,117.3499984741211,115.54000091552734,117.26000213623047,115.9800033569336,693500,115.9800033569336
2019-08-22,116.9000015258789,114.27999877929688,116.05000305175781,116.30000305175781,442000,116.30000305175781
2019-08-23,116.06999969482422,111.5199966430664,115.31999969482422,112.08999633789062,639700,112.08999633789062
2019-08-26,114.33999633789062,112.19000244140625,113.33999633789062,113.58000183105469,709900,113.58000183105469
2019-08-27,114.37000274658203,111.58000183105469,114.37000274658203,112.58000183105469,534500,112.58000183105469
2019-08-28,113.83000183105469,111.02999877929688,112.04000091552734,113.18000030517578,376900,113.18000030517578
2019-08-29,117.45999908447266,114.5999984741211,114.73999786376953,116.70999908447266,652600,116.70999908447266
2019-08-30,119.77999877929688,117.58999633789062,117.8499984741211,118.88999938964844,661200,118.88999938964844
2019-09-03,117.04000091552734,113.04000091552734,116.81999969482422,114.33999633789062,725600,114.33999633789062
2019-09-04,116.08999633789062,114.72000122070312,114.98999786376953,115.01000213623047,458400,115.01000213623047
2019-09-05,118.68000030517578,116.19999694824219,116.41999816894531,117.83000183105469,532400,117.83000183105469
2019-09-06,119.9800033569336,117.81999969482422,118.41999816894531,118.80999755859375,444800,118.80999755859375
2019-09-09,122.06999969482422,119.37000274658203,119.58999633789062,121.29000091552734,644700,121.29000091552734
2019-09-10,126.43000030517578,120.91000366210938,121.05000305175781,125.9000015258789,704700,125.9000015258789
2019-09-11,129.8000030517578,123.12999725341797,126.8499984741211,129.0800018310547,665000,129.0800018310547
2019-09-12,129.85000610351562,125.0999984741211,129.85000610351562,125.41000366210938,760200,125.41000366210938
2019-09-13,126.79000091552734,121.19999694824219,123.0199966430664,125.6500015258789,508900,125.6500015258789
2019-09-16,125.76000213623047,122.0,125.62999725341797,122.44999694824219,846600,122.44999694824219
2019-09-17,122.5,121.01000213623047,121.62000274658203,122.19999694824219,807200,122.19999694824219
2019-09-18,123.54000091552734,121.19000244140625,122.45999908447266,122.94000244140625,606700,122.94000244140625
2019-09-19,125.0,122.54000091552734,123.12999725341797,124.2300033569336,605900,124.2300033569336
2019-09-20,125.4800033569336,122.56999969482422,124.52999877929688,123.38999938964844,958000,123.38999938964844
2019-09-23,123.5,121.27999877929688,122.06999969482422,121.69999694824219,580600,121.69999694824219
2019-09-24,122.5999984741211,119.83000183105469,121.69999694824219,120.13999938964844,833600,120.13999938964844
2019-09-25,122.43000030517578,120.61000061035156,121.01000213623047,122.2300033569336,603300,122.2300033569336
2019-09-26,123.4000015258789,121.33999633789062,122.26000213623047,121.5199966430664,467000,121.5199966430664
2019-09-27,124.7699966430664,122.68000030517578,122.77999877929688,123.58000183105469,540200,123.58000183105469
2019-09-30,125.16999816894531,123.72000122070312,123.80000305175781,124.06999969482422,396100,124.06999969482422
2019-10-01,126.18000030517578,121.08999633789062,125.02999877929688,121.2699966430664,531900,121.2699966430664
2019-10-02,120.86000061035156,117.5199966430664,120.41000366210938,118.9800033569336,825100,118.9800033569336
2019-10-03,122.06999969482422,118.97000122070312,119.31999969482422,121.94999694824219,1053800,121.94999694824219
2019-10-04,124.12000274658203,122.0,122.63999938964844,124.05999755859375,648900,124.05999755859375
2019-10-07,126.02999877929688,122.87000274658203,122.91000366210938,124.05999755859375,1064700,124.05999755859375
2019-10-08,124.12000274658203,121.61000061035156,122.91999816894531,122.30999755859375,604900,122.30999755859375
2019-10-09,123.4800033569336,122.45999908447266,123.36000061035156,123.12999725341797,635900,123.12999725341797
2019-10-10,123.91999816894531,122.93000030517578,123.58999633789062,123.41000366210938,593900,123.41000366210938
2019-10-11,126.38999938964844,124.0999984741211,124.72000122070312,124.41999816894531,664900,124.41999816894531
2019-10-14,123.7699966430664,120.76000213623047,121.56999969482422,123.26000213623047,473500,123.26000213623047
2019-10-15,125.69000244140625,123.29000091552734,123.48999786376953,125.01000213623047,508100,125.01000213623047
2019-10-16,127.29000091552734,125.13999938964844,125.44999694824219,125.55000305175781,588200,125.55000305175781
2019-10-17,126.86000061035156,124.37000274658203,126.30000305175781,125.08000183105469,536800,125.08000183105469
2019-10-18,125.54000091552734,123.11000061035156,124.66999816894531,125.16999816894531,724300,125.16999816894531
2019-10-21,126.91999816894531,125.16000366210938,126.0,125.87000274658203,824200,125.87000274658203
2019-10-22,126.79000091552734,125.20999908447266,126.18000030517578,125.9000015258789,958600,125.9000015258789
2019-10-23,128.97999572753906,125.5,126.2300033569336,128.5,1042400,128.5
2019-10-24,130.80999755859375,127.16999816894531,127.80000305175781,129.9199981689453,1472800,129.9199981689453
2019-10-25,146.66000366210938,136.0,137.6199951171875,144.1300048828125,3327700,144.1300048828125
2019-10-28,146.83999633789062,144.14999389648438,145.77999877929688,145.1999969482422,1604900,145.1999969482422
2019-10-29,145.97000122070312,144.32000732421875,145.14999389648438,144.69000244140625,835900,144.69000244140625
2019-10-30,144.8000030517578,141.39999389648438,143.7100067138672,144.3300018310547,795400,144.3300018310547
2019-10-31,143.60000610351562,138.44000244140625,143.60000610351562,143.3800048828125,928300,143.3800048828125
2019-11-01,144.19000244140625,142.02000427246094,143.61000061035156,143.02999877929688,771300,143.02999877929688
2019-11-04,147.8800048828125,143.6999969482422,144.25,147.42999267578125,1043800,147.42999267578125
2019-11-05,149.6999969482422,146.91000366210938,148.14999389648438,148.6999969482422,910600,148.6999969482422
2019-11-06,150.22000122070312,146.72999572753906,148.42999267578125,150.1699981689453,726100,150.1699981689453
2019-11-07,153.0500030517578,150.47999572753906,151.0500030517578,152.1199951171875,1036500,152.1199951171875
2019-11-08,152.64999389648438,151.30999755859375,152.13999938964844,152.02999877929688,817700,152.02999877929688
2019-11-11,152.72000122070312,149.69000244140625,150.86000061035156,150.05999755859375,818300,150.05999755859375
2019-11-12,151.02999877929688,147.19000244140625,150.25999450683594,148.92999267578125,749300,148.92999267578125
2019-11-13,147.89999389648438,145.63999938964844,147.89999389648438,147.11000061035156,653200,147.11000061035156
2019-11-14,146.82000732421875,143.11000061035156,146.44000244140625,143.22000122070312,755700,143.22000122070312
2019-11-15,144.22000122070312,140.02999877929688,143.97000122070312,140.30999755859375,911300,140.30999755859375
2019-11-18,142.58999633789062,139.60000610351562,140.64999389648438,141.83999633789062,815200,141.83999633789062
2019-11-19,142.2899932861328,138.66000366210938,142.2899932861328,138.72999572753906,632500,138.72999572753906
2019-11-20,141.61000061035156,137.4499969482422,139.02999877929688,140.00999450683594,594600,140.00999450683594
2019-11-21,140.33999633789062,138.55999755859375,139.3300018310547,138.82000732421875,459500,138.82000732421875
2019-11-22,140.72000122070312,139.22000122070312,139.9499969482422,140.27000427246094,498600,140.27000427246094
2019-11-25,142.47999572753906,140.75,140.77999877929688,141.42999267578125,649500,141.42999267578125
2019-11-26,142.9600067138672,140.74000549316406,141.7899932861328,141.5,709900,141.5
2019-11-27,141.92999267578125,140.60000610351562,141.44000244140625,141.25999450683594,426100,141.25999450683594
2019-11-29,141.30999755859375,138.9199981689453,140.91000366210938,139.3699951171875,246200,139.3699951171875
2019-12-02,139.8699951171875,137.3000030517578,139.8699951171875,137.64999389648438,563800,137.64999389648438
2019-12-03,135.9600067138672,133.4199981689453,135.83999633789062,133.86000061035156,648900,133.86000061035156
2019-12-04,136.52999877929688,133.47000122070312,133.60000610351562,134.8300018310547,629600,134.8300018310547
2019-12-05,138.1999969482422,134.9199981689453,135.1999969482422,138.00999450683594,819900,138.00999450683594
2019-12-06,141.39999389648438,138.4499969482422,140.27000427246094,138.72000122070312,720200,138.72000122070312
2019-12-09,140.44000244140625,138.44000244140625,138.6999969482422,138.8800048828125,654900,138.8800048828125
2019-12-10,138.49000549316406,133.07000732421875,138.16000366210938,133.5399932861328,711500,133.5399932861328
2019-12-11,136.94000244140625,133.08999633789062,133.08999633789062,136.6699981689453,475400,136.6699981689453
2019-12-12,139.72999572753906,136.52000427246094,137.3300018310547,139.05999755859375,463100,139.05999755859375
2019-12-13,139.52000427246094,137.0800018310547,138.6999969482422,137.94000244140625,402000,137.94000244140625
2019-12-16,139.4499969482422,137.30999755859375,138.0,137.35000610351562,387600,137.35000610351562
2019-12-17,137.77999877929688,134.9499969482422,136.72000122070312,135.30999755859375,505000,135.30999755859375
2019-12-18,136.4600067138672,134.85000610351562,135.72999572753906,136.02999877929688,443900,136.02999877929688
2019-12-19,136.4499969482422,135.32000732421875,136.0,136.02000427246094,359900,136.02000427246094
2019-12-20,138.00999450683594,135.74000549316406,137.32000732421875,136.69000244140625,686000,136.69000244140625
2019-12-23,137.7899932861328,134.50999450683594,136.47999572753906,134.5500030517578,328300,134.5500030517578
2019-12-24,135.42999267578125,134.36000061035156,134.85000610351562,135.13999938964844,153800,135.13999938964844
2019-12-26,135.44000244140625,133.3699951171875,134.97999572753906,134.47000122070312,226100,134.47000122070312
2019-12-27,135.16000366210938,134.13999938964844,134.83999633789062,134.4199981689453,280300,134.4199981689453
2019-12-30,136.3699951171875,133.94000244140625,134.5800018310547,135.3800048828125,319200,135.3800048828125
2019-12-31,136.86000061035156,135.0399932861328,135.3800048828125,136.3800048828125,318500,136.3800048828125
2020-01-02,137.4499969482422,134.0399932861328,136.5500030517578,134.7899932861328,585200,134.7899932861328
2020-01-03,133.47000122070312,130.02999877929688,133.30999755859375,130.9499969482422,843700,130.9499969482422
2020-01-06,132.1300048828125,129.00999450683594,130.25,131.0,1035300,131.0
2020-01-07,132.1699981689453,127.66000366210938,131.64999389648438,128.00999450683594,739600,128.00999450683594
2020-01-08,129.1199951171875,127.08000183105469,128.22000122070312,127.61000061035156,594400,127.61000061035156
2020-01-09,128.5399932861328,126.43000030517578,128.30999755859375,126.75,658300,126.75
2020-01-10,128.22999572753906,125.94000244140625,127.0199966430664,127.0,723400,127.0
2020-01-13,129.92999267578125,126.98999786376953,127.0,129.9199981689453,654700,129.9199981689453
2020-01-14,133.0,129.44000244140625,129.77999877929688,132.5800018310547,916800,132.5800018310547
2020-01-15,137.63999938964844,132.00999450683594,132.47000122070312,137.5,973100,137.5
2020-01-16,141.27999877929688,138.88999938964844,139.8000030517578,140.64999389648438,819000,140.64999389648438
2020-01-17,141.14999389648438,139.00999450683594,140.72000122070312,139.6999969482422,772900,139.6999969482422
2020-01-21,141.5500030517578,138.3800048828125,138.63999938964844,141.2899932861328,827400,141.2899932861328
2020-01-22,142.05999755859375,140.3699951171875,141.91000366210938,141.19000244140625,619200,141.19000244140625
2020-01-23,144.0500030517578,139.7100067138672,140.49000549316406,143.80999755859375,797400,143.80999755859375
2020-01-24,144.3699951171875,140.80999755859375,143.02999877929688,141.86000061035156,530500,141.86000061035156
2020-01-27,141.14999389648438,137.35000610351562,139.02000427246094,139.9199981689453,620000,139.9199981689453
2020-01-28,141.8000030517578,139.52000427246094,141.02999877929688,139.97000122070312,380900,139.97000122070312
2020-01-29,140.82000732421875,135.19000244140625,140.24000549316406,135.52999877929688,499200,135.52999877929688
2020-01-30,135.4600067138672,132.97000122070312,134.10000610351562,135.14999389648438,532300,135.14999389648438
2020-01-31,135.67999267578125,131.14999389648438,135.67999267578125,131.67999267578125,484800,131.67999267578125
2020-02-03,133.67999267578125,131.25999450683594,132.22000122070312,133.1699981689453,572600,133.1699981689453
2020-02-04,135.9199981689453,132.8800048828125,134.97999572753906,133.1199951171875,465900,133.1199951171875
2020-02-05,136.25999450683594,133.1199951171875,133.19000244140625,133.97000122070312,782600,133.97000122070312
2020-02-06,135.82000732421875,130.49000549316406,135.11000061035156,130.5,508200,130.5
2020-02-07,129.94000244140625,126.95999908447266,129.94000244140625,127.01000213623047,432800,127.01000213623047
2020-02-10,128.10000610351562,125.20999908447266,126.5999984741211,127.30000305175781,577000,127.30000305175781
2020-02-11,129.27999877929688,127.08000183105469,127.56999969482422,128.25,712300,128.25
2020-02-12,133.8300018310547,129.5,129.5399932861328,133.17999267578125,672600,133.17999267578125
2020-02-13,133.75,131.8000030517578,132.10000610351562,132.63999938964844,688800,132.63999938964844
2020-02-14,142.61000061035156,128.00999450683594,132.75999450683594,137.97999572753906,2264600,137.97999572753906
2020-02-18,139.30999755859375,131.22999572753906,136.8000030517578,131.4199981689453,1082400,131.4199981689453
2020-02-19,133.16000366210938,130.7100067138672,132.0399932861328,131.3300018310547,778100,131.3300018310547
2020-02-20,135.5800018310547,130.7899932861328,131.24000549316406,134.1699981689453,769300,134.1699981689453
2020-02-21,135.08999633789062,133.1199951171875,133.97999572753906,135.0,833700,135.0
2020-02-24,132.3000030517578,128.27000427246094,131.86000061035156,128.7899932861328,887500,128.7899932861328
2020-02-25,131.25,124.7699966430664,129.88999938964844,125.36000061035156,966700,125.36000061035156
2020-02-26,129.2100067138672,125.37999725341797,125.79000091552734,125.83000183105469,1283400,125.83000183105469
2020-02-27,128.0399932861328,121.95999908447266,122.7699966430664,123.33999633789062,1044300,123.33999633789062
2020-02-28,125.25,118.55000305175781,119.66999816894531,121.1500015258789,1616100,121.1500015258789
2020-03-02,122.62000274658203,118.94999694824219,121.58999633789062,120.86000061035156,1223000,120.86000061035156
2020-03-03,121.66000366210938,116.5999984741211,120.9000015258789,117.22000122070312,1304400,117.22000122070312
2020-03-04,123.20999908447266,117.83999633789062,119.0,123.16999816894531,798100,123.16999816894531
2020-03-05,121.4000015258789,118.87000274658203,119.43000030517578,119.69999694824219,683000,119.69999694824219
2020-03-06,119.87999725341797,115.3499984741211,115.70999908447266,118.56999969482422,1049500,118.56999969482422
2020-03-09,115.88999938964844,110.05999755859375,112.31999969482422,112.37999725341797,979300,112.37999725341797
2020-03-10,117.22000122070312,112.37999725341797,115.55000305175781,117.19999694824219,851500,117.19999694824219
2020-03-11,116.19999694824219,108.0,115.05000305175781,108.5,1163900,108.5
2020-03-12,104.83000183105469,97.41999816894531,103.29000091552734,97.43000030517578,1231900,97.43000030517578
2020-03-13,102.7300033569336,90.31999969482422,101.41999816894531,96.4800033569336,1663600,96.4800033569336
2020-03-16,95.12999725341797,81.33000183105469,87.58000183105469,85.43000030517578,1332900,85.43000030517578
2020-03-17,89.4000015258789,83.55999755859375,86.75,85.87000274658203,1219400,85.87000274658203
2020-03-18,81.80999755859375,59.880001068115234,81.47000122070312,65.05000305175781,1463100,65.05000305175781
2020-03-19,67.77999877929688,58.5,64.38999938964844,66.37999725341797,1785500,66.37999725341797
2020-03-20,67.63999938964844,58.22999954223633,66.62000274658203,58.65999984741211,1745700,58.65999984741211
2020-03-23,64.52999877929688,56.619998931884766,58.70000076293945,63.33000183105469,1289200,63.33000183105469
2020-03-24,77.62999725341797,66.01000213623047,66.9800033569336,77.29000091552734,1183600,77.29000091552734
2020-03-25,86.3499984741211,71.77999877929688,77.4800033569336,82.37000274658203,1410100,82.37000274658203
2020-03-26,85.36000061035156,79.91999816894531,83.5999984741211,82.29000091552734,1177000,82.29000091552734
2020-03-27,82.0,76.30000305175781,81.58000183105469,78.04000091552734,1117800,78.04000091552734
2020-03-30,81.5199966430664,75.0,78.4000015258789,80.1500015258789,1101600,80.1500015258789
2020-03-31,79.62000274658203,75.94999694824219,79.16999816894531,76.23999786376953,1034600,76.23999786376953
2020-04-01,74.37999725341797,65.73999786376953,72.66999816894531,66.91999816894531,1218300,66.91999816894531
2020-04-02,71.93000030517578,63.5099983215332,68.77999877929688,64.86000061035156,1639000,64.86000061035156
2020-04-03,67.05999755859375,60.04999923706055,64.86000061035156,62.0099983215332,1078300,62.0099983215332
2020-04-06,74.16999816894531,65.0,65.2300033569336,73.3499984741211,1360600,73.3499984741211
2020-04-07,84.66999816894531,76.16000366210938,80.08000183105469,81.18000030517578,1613400,81.18000030517578
2020-04-08,86.08999633789062,78.36000061035156,80.7300033569336,85.08999633789062,1083800,85.08999633789062
2020-04-09,90.94000244140625,86.25,87.26000213623047,88.01000213623047,941100,88.01000213623047
2020-04-13,87.12999725341797,81.62999725341797,87.12999725341797,83.41000366210938,516500,83.41000366210938
2020-04-14,85.72000122070312,80.72000122070312,84.91000366210938,82.73999786376953,639000,82.73999786376953
2020-04-15,79.87000274658203,76.4000015258789,77.93000030517578,79.30000305175781,579100,79.30000305175781
2020-04-16,76.97000122070312,72.37999725341797,76.54000091552734,74.73999786376953,934000,74.73999786376953
2020-04-17,80.80999755859375,78.38999938964844,79.16999816894531,79.5999984741211,1212300,79.5999984741211
2020-04-20,78.48999786376953,74.97000122070312,75.9000015258789,76.23999786376953,590600,76.23999786376953
2020-04-21,75.2699966430664,72.51000213623047,73.5,73.05000305175781,721400,73.05000305175781
2020-04-22,76.1500015258789,73.51000213623047,75.16000366210938,75.05999755859375,570100,75.05999755859375
2020-04-23,78.55000305175781,76.0199966430664,76.12999725341797,77.31999969482422,980800,77.31999969482422
2020-04-24,80.36000061035156,77.12999725341797,77.79000091552734,78.95999908447266,1090800,78.95999908447266
2020-04-27,84.41000366210938,79.5,80.2699966430664,83.73999786376953,953000,83.73999786376953
2020-04-28,88.2699966430664,85.58000183105469,86.5199966430664,87.51000213623047,878800,87.51000213623047
2020-04-29,94.62999725341797,90.18000030517578,90.8499984741211,93.0199966430664,844700,93.0199966430664
2020-04-30,90.9000015258789,87.58999633789062,90.63999938964844,87.72000122070312,477100,87.72000122070312
2020-05-01,86.55000305175781,82.13999938964844,85.41999816894531,83.37999725341797,486400,83.37999725341797
2020-05-04,86.12000274658203,81.55000305175781,82.58000183105469,84.98999786376953,1001400,84.98999786376953
2020-05-05,86.29000091552734,79.05000305175781,86.2300033569336,82.43000030517578,1352200,82.43000030517578
2020-05-06,82.55999755859375,78.69999694824219,81.58000183105469,78.9800033569336,741100,78.9800033569336
2020-05-07,82.44999694824219,79.0199966430664,79.94999694824219,80.37000274658203,607600,80.37000274658203
2020-05-08,85.41999816894531,81.3499984741211,82.3499984741211,84.86000061035156,672700,84.86000061035156
2020-05-11,83.3499984741211,79.86000061035156,83.11000061035156,80.9000015258789,715800,80.9000015258789
2020-05-12,81.80999755859375,77.62000274658203,81.20999908447266,77.81999969482422,651100,77.81999969482422
2020-05-13,77.61000061035156,72.79000091552734,76.7300033569336,73.94000244140625,874100,73.94000244140625
2020-05-14,76.55999755859375,69.87000274658203,72.29000091552734,75.95999908447266,754500,75.95999908447266
2020-05-15,77.58999633789062,74.36000061035156,74.94000244140625,76.58000183105469,563400,76.58000183105469
2020-05-18,86.87000274658203,80.41000366210938,81.23999786376953,85.97000122070312,803900,85.97000122070312
2020-05-19,86.55000305175781,82.37000274658203,85.12999725341797,82.44000244140625,662500,82.44000244140625
2020-05-20,85.4800033569336,81.30000305175781,83.7699966430664,83.02999877929688,483100,83.02999877929688
2020-05-21,85.58000183105469,81.44000244140625,81.44000244140625,84.13999938964844,500200,84.13999938964844
2020-05-22,85.16999816894531,81.62000274658203,84.62999725341797,83.30999755859375,361700,83.30999755859375
2020-05-26,94.33000183105469,87.30000305175781,87.97000122070312,93.47000122070312,1077600,93.47000122070312
2020-05-27,99.79000091552734,95.43000030517578,98.55999755859375,99.43000030517578,816300,99.43000030517578
2020-05-28,99.98999786376953,92.72000122070312,99.4000015258789,93.16000366210938,833500,93.16000366210938
2020-05-29,93.73999786376953,90.0199966430664,92.1500015258789,93.19999694824219,1488100,93.19999694824219
2020-06-01,94.55999755859375,92.0999984741211,93.13999938964844,93.08999633789062,563300,93.08999633789062
2020-06-02,97.33999633789062,94.01000213623047,94.01000213623047,97.0,592500,97.0
2020-06-03,104.66999816894531,98.37000274658203,98.44000244140625,104.45999908447266,848800,104.45999908447266
2020-06-04,108.6500015258789,102.12000274658203,103.75,108.0,1177500,108.0
2020-06-05,116.95999908447266,107.52999877929688,115.79000091552734,108.6500015258789,1137800,108.6500015258789
2020-06-08,116.4800033569336,112.30000305175781,113.31999969482422,115.69000244140625,802500,115.69000244140625
2020-06-09,113.5999984741211,109.23999786376953,111.66999816894531,112.72000122070312,711400,112.72000122070312
2020-06-10,112.94999694824219,105.94000244140625,111.13999938964844,106.05000305175781,871900,106.05000305175781
2020-06-11,100.93000030517578,94.75,97.48999786376953,95.97000122070312,1004600,95.97000122070312
2020-06-12,100.9800033569336,94.3499984741211,98.66999816894531,97.73999786376953,687900,97.73999786376953
2020-06-15,98.56999969482422,92.48999786376953,93.19999694824219,97.72000122070312,726500,97.72000122070312
2020-06-16,103.81999969482422,96.9800033569336,103.6500015258789,98.25,849500,98.25
2020-06-17,99.05000305175781,94.91999816894531,98.16999816894531,95.3499984741211,787600,95.3499984741211
2020-06-18,97.3499984741211,93.73999786376953,94.51000213623047,94.88999938964844,461300,94.88999938964844
2020-06-19,96.97000122070312,92.95999908447266,96.97000122070312,93.06999969482422,1136400,93.06999969482422
2020-06-22,93.16999816894531,89.88999938964844,92.0,92.22000122070312,461600,92.22000122070312
2020-06-23,104.38999938964844,94.41000366210938,94.5,103.87999725341797,3397700,103.87999725341797
2020-06-24,103.30000305175781,98.62000274658203,101.37999725341797,99.29000091552734,1154100,99.29000091552734
2020-06-25,98.69999694824219,94.75,98.19999694824219,98.36000061035156,697200,98.36000061035156
2020-06-26,98.29000091552734,94.05000305175781,97.5199966430664,95.70999908447266,902600,95.70999908447266
2020-06-29,100.05000305175781,95.97000122070312,97.08000183105469,99.80000305175781,538900,99.80000305175781
2020-06-30,102.52999877929688,97.95999908447266,99.36000061035156,101.76000213623047,723800,101.76000213623047
2020-07-01,103.19999694824219,97.38999938964844,101.4800033569336,97.51000213623047,612800,97.51000213623047
2020-07-02,102.87999725341797,97.87999725341797,99.9000015258789,99.20999908447266,542400,99.20999908447266
2020-07-06,103.6500015258789,100.51000213623047,101.6500015258789,103.26000213623047,917500,103.26000213623047
2020-07-07,102.79000091552734,95.51000213623047,102.0,95.9800033569336,1519000,95.9800033569336
2020-07-08,96.97000122070312,89.18000030517578,95.4800033569336,91.38999938964844,2594100,91.38999938964844
2020-07-09,91.38999938964844,68.0999984741211,89.41000366210938,73.12000274658203,10934600,73.12000274658203
2020-07-10,78.98999786376953,69.20999908447266,73.26000213623047,70.47000122070312,4359100,70.47000122070312
2020-07-13,77.33000183105469,69.44000244140625,71.80999755859375,76.5999984741211,3949000,76.5999984741211
2020-07-14,74.87999725341797,67.79000091552734,69.88999938964844,74.20999908447266,4160700,74.20999908447266
2020-07-15,77.77999877929688,75.16999816894531,76.63999938964844,76.54000091552734,1497400,76.54000091552734
2020-07-16,80.69999694824219,75.47000122070312,76.04000091552734,77.93000030517578,1789900,77.93000030517578
2020-07-17,79.11000061035156,77.23999786376953,78.23999786376953,78.4800033569336,1435100,78.4800033569336
2020-07-20,79.31999969482422,77.19000244140625,78.68000030517578,78.77999877929688,1230200,78.77999877929688
2020-07-21,82.01000213623047,78.87000274658203,79.0999984741211,79.41999816894531,1059700,79.41999816894531
2020-07-22,84.37000274658203,78.55000305175781,79.08999633789062,83.87000274658203,1278100,83.87000274658203
2020-07-23,85.76000213623047,82.33999633789062,83.72000122070312,83.66000366210938,908300,83.66000366210938
2020-07-24,85.54000091552734,82.16999816894531,83.87000274658203,85.01000213623047,1553100,85.01000213623047
2020-07-27,87.41000366210938,83.80000305175781,84.87000274658203,87.33000183105469,1554900,87.33000183105469
2020-07-28,87.69999694824219,83.55000305175781,85.0,85.13999938964844,1681900,85.13999938964844
2020-07-29,87.08000183105469,85.54000091552734,85.83999633789062,86.01000213623047,903900,86.01000213623047
2020-07-30,85.63999938964844,83.25,84.81999969482422,83.29000091552734,710600,83.29000091552734
2020-07-31,84.11000061035156,79.0,83.91000366210938,79.8499984741211,1045200,79.8499984741211
2020-08-03,80.58999633789062,78.93000030517578,80.01000213623047,79.44999694824219,1194300,79.44999694824219
2020-08-04,83.8499984741211,79.7699966430664,79.7699966430664,81.25,978400,81.25
2020-08-05,85.18000030517578,81.43000030517578,82.62999725341797,85.18000030517578,943200,85.18000030517578
2020-08-06,87.44999694824219,83.86000061035156,84.51000213623047,86.36000061035156,1058900,86.36000061035156
2020-08-07,90.36000061035156,83.06999969482422,88.44000244140625,85.6500015258789,1338400,85.6500015258789
2020-08-10,91.41000366210938,86.22000122070312,86.29000091552734,90.66000366210938,967300,90.66000366210938
2020-08-11,94.41999816894531,90.5,92.75,91.29000091552734,640700,91.29000091552734
2020-08-12,92.88999938964844,89.38999938964844,92.29000091552734,91.44000244140625,753100,91.44000244140625
2020-08-13,91.80999755859375,88.41000366210938,90.20999908447266,89.01000213623047,468200,89.01000213623047
2020-08-14,90.93000030517578,87.33999633789062,87.95999908447266,90.26000213623047,617400,90.26000213623047
2020-08-17,92.26000213623047,90.0,90.41000366210938,91.6500015258789,787400,91.6500015258789
2020-08-18,92.22000122070312,90.12000274658203,91.56999969482422,90.5999984741211,976000,90.5999984741211
2020-08-19,91.45999908447266,89.52999877929688,91.44999694824219,90.16999816894531,578000,90.16999816894531
2020-08-20,91.36000061035156,88.1500015258789,88.86000061035156,89.8499984741211,530400,89.8499984741211
2020-08-21,91.30000305175781,89.63999938964844,90.04000091552734,90.31999969482422,560400,90.31999969482422
2020-08-24,94.47000122070312,90.66000366210938,90.66000366210938,93.51000213623047,638400,93.51000213623047
2020-08-25,94.41999816894531,90.44999694824219,93.95999908447266,93.31999969482422,629600,93.31999969482422
2020-08-26,94.02999877929688,92.1500015258789,93.54000091552734,93.26000213623047,454600,93.26000213623047
2020-08-27,97.86000061035156,93.52999877929688,94.20999908447266,96.95999908447266,821300,96.95999908447266
2020-08-28,97.91000366210938,95.55999755859375,96.94000244140625,96.33000183105469,675500,96.33000183105469
2020-08-31,95.93000030517578,92.19999694824219,95.93000030517578,92.33000183105469,712200,92.33000183105469
2020-09-01,94.05999755859375,91.11000061035156,92.62999725341797,91.93000030517578,785100,91.93000030517578
2020-09-02,94.30999755859375,91.4800033569336,92.47000122070312,93.91999816894531,522200,93.91999816894531
2020-09-03,94.45999908447266,90.20999908447266,94.37000274658203,91.29000091552734,570900,91.29000091552734
2020-09-04,94.0999984741211,90.98999786376953,91.12000274658203,92.43000030517578,432500,92.43000030517578
2020-09-08,94.19999694824219,91.2699966430664,92.12999725341797,92.54000091552734,499700,92.54000091552734
2020-09-09,94.5199966430664,91.81999969482422,92.0,94.08999633789062,422000,94.08999633789062
2020-09-10,95.62000274658203,93.1500015258789,94.9800033569336,93.75,537900,93.75
2020-09-11,97.05000305175781,93.83999633789062,94.69999694824219,96.94000244140625,532800,96.94000244140625
2020-09-14,101.33999633789062,97.38999938964844,97.87999725341797,100.45999908447266,642100,100.45999908447266
2020-09-15,101.68000030517578,98.1500015258789,100.0,98.79000091552734,762600,98.79000091552734
2020-09-16,102.30000305175781,99.41000366210938,99.79000091552734,100.29000091552734,527400,100.29000091552734
2020-09-17,103.75,100.18000030517578,101.97000122070312,103.37999725341797,596400,103.37999725341797
2020-09-18,103.81999969482422,100.12000274658203,102.75,101.16000366210938,849500,101.16000366210938
2020-09-21,98.55999755859375,92.55999755859375,97.91999816894531,95.87999725341797,584500,95.87999725341797
2020-09-22,97.77999877929688,95.29000091552734,95.66999816894531,96.30999755859375,422900,96.30999755859375
2020-09-23,99.43000030517578,94.51000213623047,97.12999725341797,94.69999694824219,290400,94.69999694824219
2020-09-24,95.86000061035156,92.16999816894531,94.16000366210938,94.80999755859375,524500,94.80999755859375
2020-09-25,94.5999984741211,92.83000183105469,94.0,94.23999786376953,487300,94.23999786376953
2020-09-28,99.5999984741211,95.72000122070312,97.27999877929688,98.41999816894531,569700,98.41999816894531
2020-09-29,98.43000030517578,95.61000061035156,97.91000366210938,96.2699966430664,407400,96.2699966430664
2020-09-30,98.75,95.58000183105469,95.6500015258789,97.58999633789062,732700,97.58999633789062
2020-10-01,100.18000030517578,96.79000091552734,99.23999786376953,98.4000015258789,508800,98.4000015258789
2020-10-02,102.4800033569336,95.52999877929688,95.69999694824219,102.19000244140625,504800,102.19000244140625
2020-10-05,107.33000183105469,103.52999877929688,103.52999877929688,106.9800033569336,454100,106.9800033569336
2020-10-06,109.16000366210938,104.31999969482422,107.04000091552734,104.91000366210938,500900,104.91000366210938
2020-10-07,108.63999938964844,105.48999786376953,106.72000122070312,106.37999725341797,368500,106.37999725341797
2020-10-08,109.58000183105469,107.25,107.62999725341797,109.01000213623047,415300,109.01000213623047
2020-10-09,110.0,102.94999694824219,110.0,104.23999786376953,740800,104.23999786376953
2020-10-12,106.94999694824219,103.76000213623047,106.36000061035156,105.1500015258789,445700,105.1500015258789
2020-10-13,105.4800033569336,101.76000213623047,104.69999694824219,102.23999786376953,515900,102.23999786376953
2020-10-14,104.63999938964844,102.04000091552734,103.83999633789062,103.61000061035156,561100,103.61000061035156
2020-10-15,103.16999816894531,101.91999816894531,102.66999816894531,103.0,378200,103.0
2020-10-16,106.5199966430664,102.94999694824219,103.55000305175781,105.37999725341797,582400,105.37999725341797
2020-10-19,106.37999725341797,100.87999725341797,105.36000061035156,101.58000183105469,540300,101.58000183105469
2020-10-20,105.91000366210938,102.44000244140625,102.95999908447266,102.88999938964844,374200,102.88999938964844
2020-10-21,102.83000183105469,99.54000091552734,101.91000366210938,99.70999908447266,438000,99.70999908447266
2020-10-22,103.54000091552734,99.0,100.16000366210938,101.93000030517578,553700,101.93000030517578
2020-10-23,105.69999694824219,102.91000366210938,103.29000091552734,104.68000030517578,471800,104.68000030517578
2020-10-26,102.91000366210938,98.12000274658203,102.7699966430664,99.31999969482422,593400,99.31999969482422
2020-10-27,99.86000061035156,96.56999969482422,99.51000213623047,97.31999969482422,448300,97.31999969482422
2020-10-28,96.66999816894531,92.04000091552734,94.54000091552734,92.20999908447266,512900,92.20999908447266
2020-10-29,95.26000213623047,90.9800033569336,92.20999908447266,93.05000305175781,762300,93.05000305175781
2020-10-30,109.94999694824219,98.4000015258789,105.91999816894531,103.19000244140625,1809100,103.19000244140625
2020-11-02,115.1500015258789,105.66000366210938,106.45999908447266,114.69000244140625,1886800,114.69000244140625
2020-11-03,118.08000183105469,115.36000061035156,116.04000091552734,116.98999786376953,975700,116.98999786376953
2020-11-04,119.16999816894531,114.51000213623047,115.83999633789062,118.08999633789062,908100,118.08999633789062
2020-11-05,122.61000061035156,118.4000015258789,118.4000015258789,122.16999816894531,720000,122.16999816894531
2020-11-06,123.47000122070312,120.25,121.70999908447266,120.58000183105469,541700,120.58000183105469
2020-11-09,133.2100067138672,122.19000244140625,127.05000305175781,122.2300033569336,1117900,122.2300033569336
2020-11-10,126.0,122.54000091552734,123.69999694824219,122.80000305175781,792600,122.80000305175781
2020-11-11,123.13999938964844,117.76000213623047,122.93000030517578,118.94000244140625,794000,118.94000244140625
2020-11-12,120.29000091552734,115.79000091552734,119.33000183105469,117.83000183105469,621300,117.83000183105469
2020-11-13,123.61000061035156,118.76000213623047,118.79000091552734,123.13999938964844,523200,123.13999938964844
2020-11-16,130.72999572753906,124.31999969482422,124.87999725341797,129.1199951171875,711600,129.1199951171875
2020-11-17,131.67999267578125,125.22000122070312,127.52999877929688,131.14999389648438,656100,131.14999389648438
2020-11-18,132.82000732421875,128.24000549316406,130.6300048828125,128.25,493700,128.25
2020-11-19,128.0800018310547,124.25,127.77999877929688,126.9800033569336,717700,126.9800033569336
2020-11-20,127.4000015258789,124.95999908447266,126.87000274658203,127.1500015258789,397400,127.1500015258789
2020-11-23,131.4600067138672,127.87000274658203,128.4600067138672,130.5,547100,130.5
2020-11-24,135.02999877929688,131.64999389648438,133.0,134.86000061035156,737300,134.86000061035156
2020-11-25,133.7100067138672,129.77999877929688,133.7100067138672,133.1300048828125,474400,133.1300048828125
2020-11-27,132.25,129.38999938964844,132.25,130.5500030517578,244900,130.5500030517578
2020-11-30,130.2899932861328,125.70999908447266,129.66000366210938,125.83000183105469,840100,125.83000183105469
2020-12-01,128.72999572753906,125.33000183105469,127.79000091552734,126.7300033569336,560400,126.7300033569336
2020-12-02,129.7899932861328,124.16000366210938,125.52999877929688,124.76000213623047,684700,124.76000213623047
2020-12-03,134.52000427246094,127.2699966430664,130.8699951171875,132.27999877929688,991100,132.27999877929688
2020-12-04,134.52999877929688,131.6199951171875,132.1300048828125,132.85000610351562,483800,132.85000610351562
2020-12-07,135.35000610351562,130.1300048828125,131.4199981689453,134.60000610351562,1044900,134.60000610351562
2020-12-08,134.57000732421875,131.02000427246094,132.27000427246094,132.77000427246094,432900,132.77000427246094
2020-12-09,135.0500030517578,132.6999969482422,133.6699981689453,134.41000366210938,823600,134.41000366210938
2020-12-10,135.14999389648438,132.0,132.72999572753906,132.97999572753906,838700,132.97999572753906
2020-12-11,137.05999755859375,131.97000122070312,131.97000122070312,134.75,579000,134.75
2020-12-14,136.64999389648438,131.41000366210938,136.0800018310547,131.52999877929688,832400,131.52999877929688
2020-12-15,134.6300048828125,130.9600067138672,133.67999267578125,134.13999938964844,577200,134.13999938964844
2020-12-16,135.5399932861328,131.3300018310547,134.9499969482422,132.61000061035156,642500,132.61000061035156
2020-12-17,135.25999450683594,132.3800048828125,133.0800018310547,135.25,798100,135.25
2020-12-18,139.47999572753906,135.5399932861328,135.86000061035156,138.42999267578125,1563000,138.42999267578125
2020-12-21,137.5399932861328,134.16000366210938,135.00999450683594,136.60000610351562,574500,136.60000610351562
2020-12-22,138.27000427246094,135.36000061035156,137.1199951171875,135.6699981689453,462500,135.6699981689453
2020-12-23,138.42999267578125,136.0,136.50999450683594,137.14999389648438,424300,137.14999389648438
2020-12-24,138.8699951171875,135.4600067138672,136.97999572753906,138.72000122070312,161800,138.72000122070312
2020-12-28,141.99000549316406,138.85000610351562,140.27000427246094,140.49000549316406,333300,140.49000549316406
2020-12-29,140.74000549316406,137.9499969482422,140.30999755859375,139.47000122070312,397700,139.47000122070312
2020-12-30,142.83999633789062,139.55999755859375,139.85000610351562,142.50999450683594,349300,142.50999450683594
2020-12-31,142.10000610351562,139.58999633789062,141.86000061035156,140.9499969482422,363700,140.9499969482422
2021-01-04,140.88999938964844,134.08999633789062,140.77000427246094,136.11000061035156,590900,136.11000061035156
2021-01-05,140.27000427246094,135.80999755859375,136.1999969482422,138.58999633789062,580000,138.58999633789062
2021-01-06,144.5,138.8800048828125,139.7100067138672,142.97000122070312,550300,142.97000122070312
2021-01-07,145.3000030517578,142.0,144.05999755859375,144.30999755859375,397300,144.30999755859375
2021-01-08,145.6699981689453,141.4199981689453,145.22999572753906,143.67999267578125,431600,143.67999267578125
2021-01-11,148.33999633789062,141.58999633789062,141.66000366210938,147.5800018310547,793200,147.5800018310547
2021-01-12,151.17999267578125,147.41000366210938,147.41000366210938,150.8699951171875,530000,150.8699951171875
2021-01-13,152.0500030517578,148.39999389648438,151.6999969482422,149.6699981689453,407200,149.6699981689453
2021-01-14,153.35000610351562,149.94000244140625,150.22000122070312,151.97000122070312,436100,151.97000122070312
2021-01-15,150.9199981689453,147.47999572753906,150.9199981689453,148.97000122070312,387000,148.97000122070312
2021-01-19,151.32000732421875,147.8699951171875,151.32000732421875,148.89999389648438,319100,148.89999389648438
2021-01-20,152.0500030517578,148.25,149.49000549316406,151.2100067138672,348000,151.2100067138672
2021-01-21,152.49000549316406,149.27999877929688,150.8000030517578,150.92999267578125,353300,150.92999267578125
2021-01-22,150.63999938964844,146.30999755859375,149.0,149.77000427246094,367200,149.77000427246094
2021-01-25,151.89999389648438,147.74000549316406,147.9499969482422,148.82000732421875,373600,148.82000732421875
2021-01-26,151.6199951171875,146.66000366210938,150.8300018310547,148.75,204900,148.75
2021-01-27,148.4199981689453,141.83999633789062,146.38999938964844,144.33999633789062,473600,144.33999633789062
2021-01-28,149.5,145.11000061035156,145.8000030517578,148.2899932861328,442000,148.2899932861328
2021-01-29,147.5,141.63999938964844,147.5,143.60000610351562,444800,143.60000610351562
2021-02-01,146.55999755859375,142.63999938964844,145.88999938964844,145.85000610351562,287000,145.85000610351562
2021-02-02,147.47999572753906,144.97999572753906,147.41000366210938,145.32000732421875,515800,145.32000732421875
2021-02-03,149.05999755859375,145.33999633789062,146.41000366210938,148.39999389648438,242000,148.39999389648438
2021-02-04,151.22000122070312,148.25999450683594,148.77000427246094,149.05999755859375,392800,149.05999755859375
2021-02-05,153.60000610351562,148.5,150.75,152.52000427246094,570700,152.52000427246094
