Date,High,Low,Open,Close,Volume,Adj Close
2016-02-08,8.59000015258789,7.5,8.199999809265137,7.610000133514404,497600,7.610000133514404
2016-02-09,8.048999786376953,6.400000095367432,7.670000076293945,6.809999942779541,994700,6.809999942779541
2016-02-10,7.329999923706055,6.75,6.920000076293945,7.039999961853027,481500,7.039999961853027
2016-02-11,7.039999961853027,6.474999904632568,6.909999847412109,6.610000133514404,765500,6.610000133514404
2016-02-12,7.25,6.650000095367432,6.989999771118164,7.190000057220459,1000500,7.190000057220459
2016-02-16,7.629000186920166,6.960000038146973,7.099999904632568,7.059999942779541,422900,7.059999942779541
2016-02-17,7.550000190734863,6.989999771118164,7.099999904632568,7.110000133514404,3778300,7.110000133514404
2016-02-18,7.380000114440918,6.789999961853027,7.380000114440918,7.070000171661377,761000,7.070000171661377
2016-02-19,7.099999904632568,6.909999847412109,6.909999847412109,6.960000038146973,200600,6.960000038146973
2016-02-22,7.150000095367432,6.860000133514404,6.989999771118164,6.920000076293945,299100,6.920000076293945
2016-02-23,6.949999809265137,6.420000076293945,6.900000095367432,6.489999771118164,1167900,6.489999771118164
2016-02-24,7.289999961853027,6.429999828338623,6.429999828338623,7.179999828338623,868500,7.179999828338623
2016-02-25,8.069999694824219,7.179999828338623,7.420000076293945,7.989999771118164,686300,7.989999771118164
2016-02-26,9.069999694824219,8.0,8.0,8.329999923706055,683000,8.329999923706055
2016-02-29,8.239999771118164,7.75,8.239999771118164,7.820000171661377,1496500,7.820000171661377
2016-03-01,8.390000343322754,7.949999809265137,8.0,8.109999656677246,311800,8.109999656677246
2016-03-02,8.510000228881836,8.020000457763672,8.079999923706055,8.350000381469727,115000,8.350000381469727
2016-03-03,8.75,8.359999656677246,8.520000457763672,8.369999885559082,401000,8.369999885559082
2016-03-04,8.40999984741211,8.199999809265137,8.3100004196167,8.279999732971191,357200,8.279999732971191
2016-03-07,8.65999984741211,8.25,8.25,8.520000457763672,387500,8.520000457763672
2016-03-08,8.630000114440918,8.170000076293945,8.529999732971191,8.170000076293945,87900,8.170000076293945
2016-03-09,8.40999984741211,7.760000228881836,8.300000190734863,7.960000038146973,1137500,7.960000038146973
2016-03-10,8.180000305175781,7.789999961853027,8.0,8.0,146800,8.0
2016-03-11,8.279999732971191,7.960000038146973,8.0,7.989999771118164,130800,7.989999771118164
2016-03-14,8.25,7.820000171661377,7.929999828338623,8.0,420100,8.0
2016-03-15,8.0,7.599999904632568,7.889999866485596,7.760000228881836,573200,7.760000228881836
2016-03-16,7.760000228881836,7.400000095367432,7.679999828338623,7.650000095367432,982800,7.650000095367432
2016-03-17,7.829999923706055,7.400000095367432,7.659999847412109,7.800000190734863,433300,7.800000190734863
2016-03-18,8.194999694824219,7.519999980926514,7.75,8.020000457763672,349600,8.020000457763672
2016-03-21,8.489999771118164,7.940000057220459,7.940000057220459,8.380000114440918,256900,8.380000114440918
2016-03-22,8.600000381469727,8.220000267028809,8.270000457763672,8.4399995803833,330800,8.4399995803833
2016-03-23,8.9399995803833,8.569999694824219,8.630000114440918,8.930000305175781,211400,8.930000305175781
2016-03-24,9.029999732971191,8.460000038146973,8.890000343322754,8.880000114440918,286800,8.880000114440918
2016-03-28,9.039999961853027,8.699999809265137,8.880000114440918,8.850000381469727,230900,8.850000381469727
2016-03-29,9.40999984741211,8.734999656677246,8.760000228881836,9.25,488800,9.25
2016-03-30,9.380000114440918,8.9399995803833,9.25,9.170000076293945,241900,9.170000076293945
2016-03-31,9.289999961853027,8.543000221252441,9.289999961853027,9.010000228881836,841300,9.010000228881836
2016-04-01,9.130000114440918,8.859999656677246,9.109999656677246,8.970000267028809,281400,8.970000267028809
2016-04-04,9.0600004196167,8.6899995803833,8.899999618530273,9.0,172000,9.0
2016-04-05,9.029999732971191,8.720000267028809,8.899999618530273,8.880000114440918,78200,8.880000114440918
2016-04-06,9.229999542236328,8.8100004196167,8.8100004196167,9.100000381469727,256400,9.100000381469727
2016-04-07,9.199999809265137,8.65999984741211,9.119999885559082,8.720000267028809,335400,8.720000267028809
2016-04-08,8.869999885559082,8.199999809265137,8.770000457763672,8.6899995803833,331300,8.6899995803833
2016-04-11,8.970000267028809,8.739999771118164,8.760000228881836,8.890000343322754,86700,8.890000343322754
2016-04-12,9.055000305175781,8.619999885559082,8.84000015258789,8.65999984741211,258700,8.65999984741211
2016-04-13,8.850000381469727,8.529999732971191,8.75,8.59000015258789,249800,8.59000015258789
2016-04-14,8.65999984741211,8.399999618530273,8.59000015258789,8.5,143300,8.5
2016-04-15,8.630000114440918,8.25,8.300000190734863,8.460000038146973,1086400,8.460000038146973
2016-04-18,8.510000228881836,8.270000457763672,8.5,8.380000114440918,87300,8.380000114440918
2016-04-19,8.579999923706055,8.300000190734863,8.350000381469727,8.350000381469727,158900,8.350000381469727
2016-04-20,8.444999694824219,8.251999855041504,8.359999656677246,8.350000381469727,94900,8.350000381469727
2016-04-21,8.359999656677246,8.25,8.25,8.279999732971191,99600,8.279999732971191
2016-04-22,8.520000457763672,8.300000190734863,8.300000190734863,8.430000305175781,135600,8.430000305175781
2016-04-25,8.569999694824219,8.300000190734863,8.329999923706055,8.329999923706055,148100,8.329999923706055
2016-04-26,8.430000305175781,8.199999809265137,8.329999923706055,8.25,156000,8.25
2016-04-27,8.380000114440918,8.0,8.270000457763672,8.220000267028809,248800,8.220000267028809
2016-04-28,8.609999656677246,8.09000015258789,8.199999809265137,8.319999694824219,367300,8.319999694824219
2016-04-29,8.5,7.920000076293945,8.300000190734863,8.140000343322754,421800,8.140000343322754
2016-05-02,8.390000343322754,8.050000190734863,8.149999618530273,8.34000015258789,389600,8.34000015258789
2016-05-03,8.348999977111816,8.029999732971191,8.25,8.09000015258789,227500,8.09000015258789
2016-05-04,8.199999809265137,7.909999847412109,8.100000381469727,8.0,129300,8.0
2016-05-05,8.109999656677246,7.960000038146973,8.0,8.020000457763672,246200,8.020000457763672
2016-05-06,8.239999771118164,7.849999904632568,7.920000076293945,8.170000076293945,308900,8.170000076293945
2016-05-09,8.350000381469727,8.0,8.199999809265137,8.260000228881836,177300,8.260000228881836
2016-05-10,8.34000015258789,8.010000228881836,8.220000267028809,8.270000457763672,244600,8.270000457763672
2016-05-11,8.899999618530273,8.220000267028809,8.220000267028809,8.600000381469727,370500,8.600000381469727
2016-05-12,8.699999809265137,8.399999618530273,8.600000381469727,8.4399995803833,417300,8.4399995803833
2016-05-13,8.489999771118164,8.029999732971191,8.390000343322754,8.180000305175781,396400,8.180000305175781
2016-05-16,8.5,8.140000343322754,8.199999809265137,8.270000457763672,185400,8.270000457763672
2016-05-17,8.399999618530273,8.180000305175781,8.34000015258789,8.239999771118164,283100,8.239999771118164
2016-05-18,8.399999618530273,8.149999618530273,8.399999618530273,8.239999771118164,700200,8.239999771118164
2016-05-19,8.680000305175781,8.170000076293945,8.170000076293945,8.65999984741211,243000,8.65999984741211
2016-05-20,9.239999771118164,8.65999984741211,8.65999984741211,8.789999961853027,561700,8.789999961853027
2016-05-23,8.850000381469727,8.65999984741211,8.75,8.760000228881836,75500,8.760000228881836
2016-05-24,9.0,8.680000305175781,8.760000228881836,8.6899995803833,619000,8.6899995803833
2016-05-25,10.130000114440918,9.199999809265137,9.25,9.890000343322754,853600,9.890000343322754
2016-05-26,10.100000381469727,9.73799991607666,10.100000381469727,9.770000457763672,356900,9.770000457763672
2016-05-27,9.890000343322754,9.75,9.869999885559082,9.800000190734863,131000,9.800000190734863
2016-05-31,9.850000381469727,9.600000381469727,9.770000457763672,9.720000267028809,194700,9.720000267028809
2016-06-01,10.024999618530273,9.6899995803833,9.699999809265137,9.960000038146973,452400,9.960000038146973
2016-06-02,10.020000457763672,9.880000114440918,9.960000038146973,9.989999771118164,158900,9.989999771118164
2016-06-03,10.430000305175781,10.020000457763672,10.239999771118164,10.170000076293945,583500,10.170000076293945
2016-06-06,10.324999809265137,9.989999771118164,10.229999542236328,9.989999771118164,199100,9.989999771118164
2016-06-07,10.0,9.579999923706055,10.0,9.819999694824219,569700,9.819999694824219
2016-06-08,10.029999732971191,9.770000457763672,9.890000343322754,9.930000305175781,378400,9.930000305175781
2016-06-09,9.949999809265137,9.779999732971191,9.84000015258789,9.899999618530273,192100,9.899999618530273
2016-06-10,9.850000381469727,9.59000015258789,9.800000190734863,9.609999656677246,213400,9.609999656677246
2016-06-13,9.918999671936035,9.289999961853027,9.619999885559082,9.449999809265137,493400,9.449999809265137
2016-06-14,9.449999809265137,8.899999618530273,9.430000305175781,9.100000381469727,459800,9.100000381469727
2016-06-15,9.100000381469727,8.859999656677246,9.029999732971191,8.899999618530273,430100,8.899999618530273
2016-06-16,9.029999732971191,8.510000228881836,8.770000457763672,8.979999542236328,888400,8.979999542236328
2016-06-17,8.970000267028809,8.59000015258789,8.84000015258789,8.729999542236328,682100,8.729999542236328
2016-06-20,9.265000343322754,8.890000343322754,8.949999809265137,9.229999542236328,586600,9.229999542236328
2016-06-21,9.529999732971191,9.130000114440918,9.130000114440918,9.350000381469727,490300,9.350000381469727
2016-06-22,9.5,9.197999954223633,9.369999885559082,9.470000267028809,1251200,9.470000267028809
2016-06-23,9.960000038146973,9.390000343322754,9.449999809265137,9.789999961853027,1218300,9.789999961853027
2016-06-24,9.5,8.760000228881836,9.109999656677246,9.020000457763672,1977000,9.020000457763672
2016-06-27,8.899999618530273,7.900000095367432,8.899999618530273,8.069999694824219,823800,8.069999694824219
2016-06-28,8.25,7.90500020980835,8.100000381469727,8.010000228881836,878300,8.010000228881836
2016-06-29,8.3100004196167,8.0,8.199999809265137,8.0600004196167,812800,8.0600004196167
2016-06-30,8.170000076293945,7.849999904632568,8.100000381469727,7.980000019073486,1354100,7.980000019073486
2016-07-01,8.739999771118164,7.949999809265137,8.050000190734863,8.569999694824219,2807200,8.569999694824219
2016-07-05,8.569999694824219,8.229999542236328,8.569999694824219,8.329999923706055,200000,8.329999923706055
2016-07-06,8.335000038146973,8.09000015258789,8.279999732971191,8.300000190734863,671800,8.300000190734863
2016-07-07,8.4399995803833,8.15999984741211,8.270000457763672,8.220000267028809,343200,8.220000267028809
2016-07-08,8.595999717712402,8.199999809265137,8.239999771118164,8.5,259500,8.5
2016-07-11,8.600000381469727,8.484999656677246,8.5,8.510000228881836,200400,8.510000228881836
2016-07-12,8.800000190734863,8.520000457763672,8.520000457763672,8.569999694824219,402600,8.569999694824219
2016-07-13,8.680000305175781,8.34000015258789,8.600000381469727,8.489999771118164,219500,8.489999771118164
2016-07-14,8.65999984741211,8.470000267028809,8.5,8.510000228881836,272200,8.510000228881836
2016-07-15,8.680000305175781,8.460000038146973,8.59000015258789,8.5,328300,8.5
2016-07-18,8.859999656677246,8.470000267028809,8.489999771118164,8.630000114440918,492200,8.630000114440918
2016-07-19,9.329999923706055,8.6899995803833,8.6899995803833,8.84000015258789,1046000,8.84000015258789
2016-07-20,9.180000305175781,8.699999809265137,8.800000190734863,9.0600004196167,1024800,9.0600004196167
2016-07-21,9.3100004196167,8.960000038146973,8.960000038146973,9.010000228881836,1331400,9.010000228881836
2016-07-22,9.09000015258789,8.829999923706055,8.989999771118164,8.859999656677246,454800,8.859999656677246
2016-07-25,9.074999809265137,8.739999771118164,8.8100004196167,8.739999771118164,293300,8.739999771118164
2016-07-26,8.8100004196167,8.649999618530273,8.670000076293945,8.729999542236328,370900,8.729999542236328
2016-07-27,8.789999961853027,8.579999923706055,8.649999618530273,8.720000267028809,506700,8.720000267028809
2016-07-28,8.859999656677246,8.699999809265137,8.779999732971191,8.720000267028809,599900,8.720000267028809
2016-07-29,9.050000190734863,8.729999542236328,8.779999732971191,8.850000381469727,2058500,8.850000381469727
2016-08-01,8.930000305175781,8.640000343322754,8.8100004196167,8.649999618530273,1312200,8.649999618530273
2016-08-02,8.829999923706055,8.529999732971191,8.649999618530273,8.75,470500,8.75
2016-08-03,8.907999992370605,8.649999618530273,8.699999809265137,8.75,473200,8.75
2016-08-04,8.869999885559082,8.640000343322754,8.699999809265137,8.720000267028809,571100,8.720000267028809
2016-08-05,9.164999961853027,8.680000305175781,8.770000457763672,9.100000381469727,2265500,9.100000381469727
2016-08-08,9.920000076293945,9.100000381469727,9.15999984741211,9.489999771118164,1198900,9.489999771118164
2016-08-09,9.640000343322754,9.329999923706055,9.520000457763672,9.329999923706055,280400,9.329999923706055
2016-08-10,9.710000038146973,9.319999694824219,9.380000114440918,9.640000343322754,654900,9.640000343322754
2016-08-11,10.130000114440918,9.699999809265137,9.729999542236328,9.829999923706055,542900,9.829999923706055
2016-08-12,10.229999542236328,9.8100004196167,9.850000381469727,10.050000190734863,579800,10.050000190734863
2016-08-15,10.609999656677246,10.119999885559082,10.170000076293945,10.140000343322754,797000,10.140000343322754
2016-08-16,10.204999923706055,9.59000015258789,10.1899995803833,9.600000381469727,756000,9.600000381469727
2016-08-17,9.850000381469727,9.470000267028809,9.539999961853027,9.510000228881836,1296600,9.510000228881836
2016-08-18,9.899999618530273,9.529999732971191,9.619999885559082,9.699999809265137,357800,9.699999809265137
2016-08-19,9.6899995803833,9.399999618530273,9.6899995803833,9.579999923706055,296700,9.579999923706055
2016-08-22,10.0,9.470000267028809,9.5,9.930000305175781,491900,9.930000305175781
2016-08-23,10.199999809265137,9.954999923706055,10.010000228881836,10.130000114440918,419400,10.130000114440918
2016-08-24,10.329999923706055,9.779999732971191,10.270000457763672,9.880000114440918,563800,9.880000114440918
2016-08-25,10.970000267028809,10.0,10.0,10.699999809265137,2816200,10.699999809265137
2016-08-26,11.4399995803833,10.876999855041504,10.899999618530273,11.0600004196167,1516400,11.0600004196167
2016-08-29,11.220000267028809,10.6899995803833,11.0600004196167,11.069999694824219,1185000,11.069999694824219
2016-08-30,11.819999694824219,11.020000457763672,11.029999732971191,11.539999961853027,1693700,11.539999961853027
2016-08-31,12.145000457763672,11.470000267028809,11.569999694824219,11.6899995803833,1522100,11.6899995803833
2016-09-01,11.90999984741211,11.399999618530273,11.699999809265137,11.569999694824219,789600,11.569999694824219
2016-09-02,11.880000114440918,11.470000267028809,11.729999542236328,11.710000038146973,2511900,11.710000038146973
2016-09-06,12.220000267028809,11.75,11.75,11.84000015258789,1301800,11.84000015258789
2016-09-07,12.3149995803833,11.520000457763672,11.989999771118164,11.649999618530273,549900,11.649999618530273
2016-09-08,11.710000038146973,11.350000381469727,11.65999984741211,11.59000015258789,582300,11.59000015258789
2016-09-09,11.699999809265137,11.239999771118164,11.460000038146973,11.25,822200,11.25
2016-09-12,11.430000305175781,11.050000190734863,11.25,11.199999809265137,612200,11.199999809265137
2016-09-13,11.404999732971191,11.020000457763672,11.199999809265137,11.050000190734863,1310700,11.050000190734863
2016-09-14,11.279999732971191,10.850000381469727,11.050000190734863,11.050000190734863,1132700,11.050000190734863
2016-09-15,11.760000228881836,11.050000190734863,11.100000381469727,11.4399995803833,1403500,11.4399995803833
2016-09-16,11.5,11.300000190734863,11.430000305175781,11.399999618530273,1498100,11.399999618530273
2016-09-19,12.260000228881836,11.529999732971191,11.529999732971191,11.84000015258789,2035900,11.84000015258789
2016-09-20,12.029999732971191,11.609999656677246,11.970000267028809,11.6899995803833,2844400,11.6899995803833
2016-09-21,12.140000343322754,11.670000076293945,11.720000267028809,11.989999771118164,1638800,11.989999771118164
2016-09-22,12.1899995803833,11.649999618530273,12.0,11.829999923706055,1117800,11.829999923706055
2016-09-23,11.979999542236328,11.75,11.859999656677246,11.75,1034600,11.75
2016-09-26,11.875,11.699999809265137,11.729999542236328,11.739999771118164,628900,11.739999771118164
2016-09-27,11.880000114440918,11.59000015258789,11.760000228881836,11.619999885559082,689100,11.619999885559082
2016-09-28,11.899999618530273,11.630000114440918,11.739999771118164,11.729999542236328,784800,11.729999542236328
2016-09-29,12.390000343322754,11.699999809265137,11.699999809265137,11.960000038146973,1243000,11.960000038146973
2016-09-30,12.0600004196167,11.75,12.0600004196167,11.819999694824219,483600,11.819999694824219
2016-10-03,12.109999656677246,11.770000457763672,11.869999885559082,12.010000228881836,866600,12.010000228881836
2016-10-04,12.119999885559082,11.850000381469727,11.989999771118164,11.920000076293945,307200,11.920000076293945
2016-10-05,12.100000381469727,11.930000305175781,11.930000305175781,12.069999694824219,237700,12.069999694824219
2016-10-06,12.128999710083008,11.930000305175781,12.109999656677246,12.029999732971191,456400,12.029999732971191
2016-10-07,12.229999542236328,11.819000244140625,11.989999771118164,11.859999656677246,1267300,11.859999656677246
2016-10-10,11.989999771118164,11.789999961853027,11.949999809265137,11.890000343322754,320200,11.890000343322754
2016-10-11,12.0,11.5,11.90999984741211,11.720000267028809,927600,11.720000267028809
2016-10-12,12.199999809265137,11.670000076293945,11.670000076293945,12.050000190734863,1167600,12.050000190734863
2016-10-13,12.270000457763672,11.850000381469727,11.869999885559082,12.09000015258789,1786700,12.09000015258789
2016-10-14,12.279999732971191,12.079999923706055,12.170000076293945,12.199999809265137,606200,12.199999809265137
2016-10-17,12.380000114440918,12.170000076293945,12.170000076293945,12.220000267028809,238300,12.220000267028809
2016-10-18,12.520000457763672,12.229999542236328,12.279999732971191,12.279999732971191,830600,12.279999732971191
2016-10-19,12.430000305175781,12.1899995803833,12.359999656677246,12.350000381469727,680500,12.350000381469727
2016-10-20,12.729999542236328,12.359999656677246,12.399999618530273,12.65999984741211,1104700,12.65999984741211
2016-10-21,12.890000343322754,12.529999732971191,12.609999656677246,12.619999885559082,759200,12.619999885559082
2016-10-24,12.970000267028809,12.680000305175781,12.739999771118164,12.789999961853027,1085900,12.789999961853027
2016-10-25,12.9399995803833,11.5,12.84000015258789,12.789999961853027,1765300,12.789999961853027
2016-10-26,12.829999923706055,12.420000076293945,12.6899995803833,12.5,686000,12.5
2016-10-27,12.609999656677246,12.4399995803833,12.609999656677246,12.470000267028809,632700,12.470000267028809
2016-10-28,12.569999694824219,11.880000114440918,12.5,12.300000190734863,404300,12.300000190734863
2016-10-31,12.520000457763672,12.15999984741211,12.329999923706055,12.289999961853027,1145700,12.289999961853027
2016-11-01,12.4399995803833,11.9399995803833,12.399999618530273,11.949999809265137,340600,11.949999809265137
2016-11-02,12.020000457763672,11.640000343322754,11.970000267028809,11.6899995803833,230300,11.6899995803833
2016-11-03,11.770000457763672,11.479999542236328,11.649999618530273,11.520000457763672,386000,11.520000457763672
2016-11-04,11.59000015258789,11.119999885559082,11.479999542236328,11.270000457763672,483200,11.270000457763672
2016-11-07,11.890000343322754,11.40999984741211,11.40999984741211,11.699999809265137,861300,11.699999809265137
2016-11-08,11.960000038146973,11.550000190734863,11.649999618530273,11.75,429600,11.75
2016-11-09,11.9399995803833,11.600000381469727,11.65999984741211,11.729999542236328,156000,11.729999542236328
2016-11-10,11.6899995803833,11.279999732971191,11.6899995803833,11.399999618530273,368100,11.399999618530273
2016-11-11,11.479999542236328,11.199999809265137,11.279999732971191,11.34000015258789,468000,11.34000015258789
2016-11-14,11.430000305175781,10.765000343322754,11.329999923706055,11.050000190734863,474700,11.050000190734863
2016-11-15,11.430000305175781,10.9399995803833,10.9399995803833,11.279999732971191,266500,11.279999732971191
2016-11-16,11.329999923706055,11.100000381469727,11.170000076293945,11.270000457763672,318700,11.270000457763672
2016-11-17,11.289999961853027,11.020000457763672,11.199999809265137,11.029999732971191,599600,11.029999732971191
2016-11-18,11.321999549865723,10.670000076293945,11.020000457763672,10.75,536100,10.75
2016-11-21,10.960000038146973,10.65999984741211,10.779999732971191,10.680000305175781,515300,10.680000305175781
2016-11-22,10.869999885559082,10.609999656677246,10.65999984741211,10.710000038146973,519700,10.710000038146973
2016-11-23,10.776000022888184,10.460000038146973,10.760000228881836,10.460000038146973,381000,10.460000038146973
2016-11-25,10.890000343322754,10.586000442504883,10.609999656677246,10.84000015258789,411800,10.84000015258789
2016-11-28,11.050000190734863,10.739999771118164,10.84000015258789,10.739999771118164,1162100,10.739999771118164
2016-11-29,10.84000015258789,9.989999771118164,10.300000190734863,10.0,4998000,10.0
2016-11-30,10.119999885559082,9.0,10.100000381469727,9.40999984741211,5695800,9.40999984741211
2016-12-01,9.550000190734863,9.109999656677246,9.430000305175781,9.220000267028809,2473000,9.220000267028809
2016-12-02,9.319999694824219,9.0,9.199999809265137,9.0600004196167,10285300,9.0600004196167
2016-12-05,9.319999694824219,9.100000381469727,9.170000076293945,9.279999732971191,2114700,9.279999732971191
2016-12-06,9.40999984741211,9.220000267028809,9.270000457763672,9.34000015258789,1771200,9.34000015258789
2016-12-07,9.479999542236328,9.229999542236328,9.380000114440918,9.34000015258789,1337600,9.34000015258789
2016-12-08,9.479999542236328,9.300000190734863,9.3100004196167,9.380000114440918,928100,9.380000114440918
2016-12-09,9.859999656677246,9.359999656677246,9.380000114440918,9.760000228881836,3483700,9.760000228881836
2016-12-12,9.84000015258789,9.529999732971191,9.75,9.65999984741211,425100,9.65999984741211
2016-12-13,9.770000457763672,9.430000305175781,9.550000190734863,9.5,746700,9.5
2016-12-14,9.550000190734863,9.25,9.510000228881836,9.319999694824219,593600,9.319999694824219
2016-12-15,9.34000015258789,9.149999618530273,9.3100004196167,9.229999542236328,991600,9.229999542236328
2016-12-16,9.479999542236328,9.180000305175781,9.199999809265137,9.430000305175781,470500,9.430000305175781
2016-12-19,9.449999809265137,9.3100004196167,9.399999618530273,9.420000076293945,374800,9.420000076293945
2016-12-20,9.5600004196167,9.380000114440918,9.420000076293945,9.520000457763672,286500,9.520000457763672
2016-12-21,9.76099967956543,9.5,9.5600004196167,9.550000190734863,347300,9.550000190734863
2016-12-22,9.539999961853027,9.289999961853027,9.510000228881836,9.399999618530273,588000,9.399999618530273
2016-12-23,9.5600004196167,9.25,9.350000381469727,9.520000457763672,419200,9.520000457763672
2016-12-27,9.600000381469727,9.460000038146973,9.529999732971191,9.59000015258789,307000,9.59000015258789
2016-12-28,9.609999656677246,9.510000228881836,9.569999694824219,9.59000015258789,314400,9.59000015258789
2016-12-29,9.640000343322754,9.489999771118164,9.539999961853027,9.619999885559082,329400,9.619999885559082
2016-12-30,9.619999885559082,9.5,9.609999656677246,9.569999694824219,934900,9.569999694824219
2017-01-03,9.9399995803833,9.65999984741211,9.6899995803833,9.899999618530273,500900,9.899999618530273
2017-01-04,10.0,9.854999542236328,9.930000305175781,9.960000038146973,443100,9.960000038146973
2017-01-05,10.09000015258789,9.850000381469727,10.020000457763672,9.949999809265137,230900,9.949999809265137
2017-01-06,10.038000106811523,9.779999732971191,10.0,9.829999923706055,144900,9.829999923706055
2017-01-09,9.850000381469727,9.66100025177002,9.850000381469727,9.770000457763672,204300,9.770000457763672
2017-01-10,9.84000015258789,9.609999656677246,9.800000190734863,9.779999732971191,210000,9.779999732971191
2017-01-11,10.100000381469727,9.779999732971191,9.789999961853027,9.949999809265137,488500,9.949999809265137
2017-01-12,10.09000015258789,9.829999923706055,9.970000267028809,9.920000076293945,462300,9.920000076293945
2017-01-13,10.300000190734863,9.859999656677246,9.960000038146973,10.260000228881836,564000,10.260000228881836
2017-01-17,10.489999771118164,10.130000114440918,10.220000267028809,10.369999885559082,1012400,10.369999885559082
2017-01-18,10.449999809265137,10.260000228881836,10.329999923706055,10.279999732971191,362900,10.279999732971191
2017-01-19,10.359999656677246,10.199999809265137,10.279999732971191,10.279999732971191,337000,10.279999732971191
2017-01-20,10.390000343322754,10.260000228881836,10.3100004196167,10.300000190734863,298300,10.300000190734863
2017-01-23,10.350000381469727,10.180000305175781,10.300000190734863,10.239999771118164,308600,10.239999771118164
2017-01-24,10.260000228881836,10.050000190734863,10.25,10.220000267028809,1244100,10.220000267028809
2017-01-25,10.5,10.170000076293945,10.220000267028809,10.470000267028809,1363800,10.470000267028809
2017-01-26,10.609999656677246,10.34000015258789,10.420000076293945,10.350000381469727,1192900,10.350000381469727
2017-01-27,10.520000457763672,10.319999694824219,10.350000381469727,10.329999923706055,583500,10.329999923706055
2017-01-30,10.369999885559082,10.09000015258789,10.319999694824219,10.289999961853027,602900,10.289999961853027
2017-01-31,10.319999694824219,10.149999618530273,10.319999694824219,10.270000457763672,394500,10.270000457763672
2017-02-01,10.4399995803833,10.210000038146973,10.300000190734863,10.34000015258789,717100,10.34000015258789
2017-02-02,10.350000381469727,10.170000076293945,10.350000381469727,10.279999732971191,798600,10.279999732971191
2017-02-03,10.600000381469727,10.170000076293945,10.350000381469727,10.569999694824219,448100,10.569999694824219
2017-02-06,10.720000267028809,10.520000457763672,10.579999923706055,10.619999885559082,461600,10.619999885559082
2017-02-07,10.670000076293945,10.449999809265137,10.65999984741211,10.489999771118164,331100,10.489999771118164
2017-02-08,10.520000457763672,10.34000015258789,10.449999809265137,10.390000343322754,564500,10.390000343322754
2017-02-09,10.670000076293945,10.430000305175781,10.4399995803833,10.630000114440918,415300,10.630000114440918
2017-02-10,10.75,10.520000457763672,10.6899995803833,10.6899995803833,329000,10.6899995803833
2017-02-13,10.710000038146973,10.529999732971191,10.699999809265137,10.600000381469727,477700,10.600000381469727
2017-02-14,10.680000305175781,10.404999732971191,10.539999961853027,10.609999656677246,405200,10.609999656677246
2017-02-15,10.920000076293945,10.59000015258789,10.779999732971191,10.720000267028809,806200,10.720000267028809
2017-02-16,10.770000457763672,10.5,10.75,10.65999984741211,608300,10.65999984741211
2017-02-17,10.765000343322754,10.510000228881836,10.630000114440918,10.619999885559082,803200,10.619999885559082
2017-02-21,10.880000114440918,10.640000343322754,10.6899995803833,10.779999732971191,510200,10.779999732971191
2017-02-22,10.859999656677246,10.680000305175781,10.789999961853027,10.789999961853027,360600,10.789999961853027
2017-02-23,10.885000228881836,10.699999809265137,10.819999694824219,10.859999656677246,336200,10.859999656677246
2017-02-24,10.920000076293945,10.585000038146973,10.630000114440918,10.869999885559082,739100,10.869999885559082
2017-02-27,10.949999809265137,10.729999542236328,10.869999885559082,10.779999732971191,931100,10.779999732971191
2017-02-28,10.869999885559082,10.5,10.710000038146973,10.760000228881836,1313600,10.760000228881836
2017-03-01,11.095000267028809,10.75,10.800000190734863,10.989999771118164,1151900,10.989999771118164
2017-03-02,11.079000473022461,10.760000228881836,11.0,10.800000190734863,398400,10.800000190734863
2017-03-03,11.220000267028809,10.699999809265137,10.800000190734863,11.119999885559082,1361400,11.119999885559082
2017-03-06,11.010000228881836,10.399999618530273,11.010000228881836,10.720000267028809,953300,10.720000267028809
2017-03-07,10.760000228881836,10.579999923706055,10.710000038146973,10.609999656677246,491100,10.609999656677246
2017-03-08,10.75,10.430000305175781,10.65999984741211,10.479999542236328,512600,10.479999542236328
2017-03-09,10.800000190734863,10.430000305175781,10.4399995803833,10.739999771118164,1095000,10.739999771118164
2017-03-10,11.649999618530273,10.760000228881836,10.819999694824219,11.460000038146973,2225900,11.460000038146973
2017-03-13,11.609999656677246,11.369999885559082,11.420000076293945,11.380000114440918,1172900,11.380000114440918
2017-03-14,11.329999923706055,11.180000305175781,11.180000305175781,11.279999732971191,371400,11.279999732971191
2017-03-15,11.460000038146973,11.279999732971191,11.329999923706055,11.390000343322754,470700,11.390000343322754
2017-03-16,11.449999809265137,11.380000114440918,11.430000305175781,11.380000114440918,406900,11.380000114440918
2017-03-17,11.539999961853027,11.289999961853027,11.4399995803833,11.4399995803833,546700,11.4399995803833
2017-03-20,11.460000038146973,11.28499984741211,11.4399995803833,11.329999923706055,346900,11.329999923706055
2017-03-21,11.359999656677246,11.0,11.359999656677246,11.0,844900,11.0
2017-03-22,10.960000038146973,10.8100004196167,10.960000038146973,10.890000343322754,371900,10.890000343322754
2017-03-23,11.050000190734863,10.850000381469727,10.869999885559082,10.90999984741211,503200,10.90999984741211
2017-03-24,11.34000015258789,10.942000389099121,11.0,11.140000343322754,956600,11.140000343322754
2017-03-27,11.119999885559082,10.949999809265137,11.109999656677246,11.039999961853027,1317400,11.039999961853027
2017-03-28,11.289999961853027,11.0,11.0,11.239999771118164,683000,11.239999771118164
2017-03-29,11.529999732971191,11.199999809265137,11.199999809265137,11.470000267028809,628800,11.470000267028809
2017-03-30,12.0,11.210000038146973,11.319999694824219,11.600000381469727,2773000,11.600000381469727
2017-03-31,11.59000015258789,11.34000015258789,11.5,11.449999809265137,2075700,11.449999809265137
2017-04-03,11.460000038146973,11.130000114440918,11.430000305175781,11.229999542236328,1317700,11.229999542236328
2017-04-04,11.15999984741211,10.765000343322754,11.15999984741211,10.930000305175781,1645100,10.930000305175781
2017-04-05,11.329999923706055,10.819999694824219,11.0,11.239999771118164,3208800,11.239999771118164
2017-04-06,11.4399995803833,11.1899995803833,11.279999732971191,11.229999542236328,687000,11.229999542236328
2017-04-07,11.40999984741211,11.109999656677246,11.270000457763672,11.25,3517500,11.25
2017-04-10,11.300000190734863,11.100000381469727,11.260000228881836,11.229999542236328,1606100,11.229999542236328
2017-04-11,11.204999923706055,11.050000190734863,11.199999809265137,11.15999984741211,648700,11.15999984741211
2017-04-12,11.300000190734863,11.119999885559082,11.140000343322754,11.260000228881836,2833300,11.260000228881836
2017-04-13,11.449999809265137,11.220000267028809,11.270000457763672,11.260000228881836,811100,11.260000228881836
2017-04-17,11.489999771118164,11.270000457763672,11.300000190734863,11.470000267028809,850500,11.470000267028809
2017-04-18,11.5,11.3100004196167,11.430000305175781,11.359999656677246,916600,11.359999656677246
2017-04-19,11.49899959564209,11.300000190734863,11.40999984741211,11.359999656677246,2423900,11.359999656677246
2017-04-20,11.550000190734863,11.404999732971191,11.430000305175781,11.539999961853027,1479600,11.539999961853027
2017-04-21,11.5600004196167,11.350000381469727,11.5600004196167,11.369999885559082,415800,11.369999885559082
2017-04-24,11.550000190734863,11.369999885559082,11.40999984741211,11.380000114440918,1236300,11.380000114440918
2017-04-25,11.520000457763672,11.380000114440918,11.449999809265137,11.420000076293945,699500,11.420000076293945
2017-04-26,11.600000381469727,11.390000343322754,11.449999809265137,11.550000190734863,849900,11.550000190734863
2017-04-27,11.649999618530273,11.460000038146973,11.5600004196167,11.529999732971191,282700,11.529999732971191
2017-04-28,11.800000190734863,11.539999961853027,11.609999656677246,11.800000190734863,803000,11.800000190734863
2017-05-01,11.850000381469727,11.569999694824219,11.800000190734863,11.600000381469727,5229400,11.600000381469727
2017-05-02,11.720000267028809,11.5,11.5600004196167,11.550000190734863,396000,11.550000190734863
2017-05-03,11.569999694824219,11.369999885559082,11.5,11.569999694824219,606900,11.569999694824219
2017-05-04,11.640000343322754,11.329999923706055,11.609999656677246,11.479999542236328,538700,11.479999542236328
2017-05-05,11.710000038146973,11.510000228881836,11.529999732971191,11.649999618530273,854800,11.649999618530273
2017-05-08,11.970000267028809,11.640000343322754,11.699999809265137,11.729999542236328,757500,11.729999542236328
2017-05-09,11.829999923706055,11.711999893188477,11.75,11.779999732971191,832300,11.779999732971191
2017-05-10,11.850000381469727,11.729999542236328,11.800000190734863,11.789999961853027,1160700,11.789999961853027
2017-05-11,12.210000038146973,11.779999732971191,11.859999656677246,12.199999809265137,3039800,12.199999809265137
2017-05-12,12.600000381469727,12.204999923706055,12.260000228881836,12.449999809265137,1493900,12.449999809265137
2017-05-15,12.869999885559082,12.449999809265137,12.470000267028809,12.8100004196167,1278100,12.8100004196167
2017-05-16,13.170000076293945,12.789999961853027,12.869999885559082,12.850000381469727,1982200,12.850000381469727
2017-05-17,12.895000457763672,12.5,12.789999961853027,12.609999656677246,753600,12.609999656677246
2017-05-18,12.739999771118164,12.479999542236328,12.630000114440918,12.699999809265137,519500,12.699999809265137
2017-05-19,13.170000076293945,12.680000305175781,12.760000228881836,13.119999885559082,1068400,13.119999885559082
2017-05-22,13.229999542236328,13.050000190734863,13.1899995803833,13.199999809265137,859800,13.199999809265137
2017-05-23,13.289999961853027,13.119999885559082,13.229999542236328,13.210000038146973,572300,13.210000038146973
2017-05-24,13.350000381469727,13.100000381469727,13.1899995803833,13.170000076293945,821300,13.170000076293945
2017-05-25,14.270000457763672,13.729999542236328,13.989999771118164,13.90999984741211,2761800,13.90999984741211
2017-05-26,14.399999618530273,13.9399995803833,14.050000190734863,14.210000038146973,1182100,14.210000038146973
2017-05-30,14.260000228881836,13.970000267028809,14.199999809265137,14.220000267028809,631500,14.220000267028809
2017-05-31,14.399999618530273,14.140000343322754,14.289999961853027,14.149999618530273,760300,14.149999618530273
2017-06-01,14.550000190734863,14.100000381469727,14.100000381469727,14.329999923706055,576300,14.329999923706055
2017-06-02,14.40999984741211,14.15999984741211,14.34000015258789,14.380000114440918,586400,14.380000114440918
2017-06-05,14.40999984741211,14.229999542236328,14.329999923706055,14.329999923706055,427900,14.329999923706055
2017-06-06,14.710000038146973,14.279999732971191,14.34000015258789,14.579999923706055,3044000,14.579999923706055
2017-06-07,14.529999732971191,14.020000457763672,14.399999618530273,14.40999984741211,1921100,14.40999984741211
2017-06-08,14.720000267028809,14.329999923706055,14.399999618530273,14.390000343322754,3978700,14.390000343322754
2017-06-09,14.470000267028809,14.204999923706055,14.449999809265137,14.350000381469727,1239500,14.350000381469727
2017-06-12,14.609999656677246,14.199999809265137,14.430000305175781,14.289999961853027,2503900,14.289999961853027
2017-06-13,14.670000076293945,14.039999961853027,14.5600004196167,14.1899995803833,1234700,14.1899995803833
2017-06-14,14.239999771118164,14.050000190734863,14.1899995803833,14.140000343322754,1210500,14.140000343322754
2017-06-15,14.1899995803833,13.864999771118164,14.020000457763672,14.0600004196167,831800,14.0600004196167
2017-06-16,14.449999809265137,13.979999542236328,14.09000015258789,14.279999732971191,1166800,14.279999732971191
2017-06-19,14.539999961853027,14.270000457763672,14.4399995803833,14.380000114440918,798600,14.380000114440918
2017-06-20,14.3100004196167,13.859999656677246,14.260000228881836,14.0,1247500,14.0
2017-06-21,14.0600004196167,13.770000457763672,14.0600004196167,13.869999885559082,681700,13.869999885559082
2017-06-22,13.9399995803833,13.619999885559082,13.9399995803833,13.739999771118164,751200,13.739999771118164
2017-06-23,13.90999984741211,13.670000076293945,13.710000038146973,13.899999618530273,582900,13.899999618530273
2017-06-26,14.180000305175781,13.869999885559082,13.949999809265137,14.0600004196167,790300,14.0600004196167
2017-06-27,14.069999694824219,13.760000228881836,14.069999694824219,13.779999732971191,311800,13.779999732971191
2017-06-28,14.0600004196167,13.75,13.779999732971191,14.029999732971191,504600,14.029999732971191
2017-06-29,14.114999771118164,13.869999885559082,14.039999961853027,14.0600004196167,624000,14.0600004196167
2017-06-30,14.15999984741211,13.960000038146973,14.100000381469727,14.109999656677246,687700,14.109999656677246
2017-07-03,14.180000305175781,13.84000015258789,14.149999618530273,13.9399995803833,327600,13.9399995803833
2017-07-05,14.170000076293945,13.90999984741211,13.9399995803833,14.029999732971191,823400,14.029999732971191
2017-07-06,14.0,13.779999732971191,13.989999771118164,13.850000381469727,665600,13.850000381469727
2017-07-07,13.96500015258789,13.789999961853027,13.90999984741211,13.880000114440918,638500,13.880000114440918
2017-07-10,13.869999885559082,13.609999656677246,13.829999923706055,13.630000114440918,471700,13.630000114440918
2017-07-11,13.800000190734863,13.539999961853027,13.630000114440918,13.59000015258789,691400,13.59000015258789
2017-07-12,13.989999771118164,13.670000076293945,13.670000076293945,13.949999809265137,633800,13.949999809265137
2017-07-13,14.140000343322754,13.899999618530273,13.949999809265137,14.130000114440918,433000,14.130000114440918
2017-07-14,14.369999885559082,14.097999572753906,14.170000076293945,14.369999885559082,381300,14.369999885559082
2017-07-17,14.430000305175781,14.119999885559082,14.300000190734863,14.239999771118164,648700,14.239999771118164
2017-07-18,14.229999542236328,14.03499984741211,14.229999542236328,14.1899995803833,265900,14.1899995803833
2017-07-19,14.619999885559082,14.3149995803833,14.319999694824219,14.529999732971191,2227800,14.529999732971191
2017-07-20,14.59000015258789,14.442999839782715,14.5600004196167,14.539999961853027,732400,14.539999961853027
2017-07-21,14.649999618530273,14.510000228881836,14.550000190734863,14.609999656677246,625200,14.609999656677246
2017-07-24,14.720000267028809,14.557000160217285,14.600000381469727,14.649999618530273,772400,14.649999618530273
2017-07-25,14.720000267028809,14.574999809265137,14.720000267028809,14.600000381469727,674400,14.600000381469727
2017-07-26,14.720000267028809,14.579999923706055,14.710000038146973,14.630000114440918,636800,14.630000114440918
2017-07-27,14.6899995803833,14.329999923706055,14.65999984741211,14.539999961853027,528600,14.539999961853027
2017-07-28,14.59000015258789,14.239999771118164,14.5600004196167,14.279999732971191,458700,14.279999732971191
2017-07-31,14.5600004196167,14.220000267028809,14.34000015258789,14.25,548600,14.25
2017-08-01,14.359999656677246,14.069999694824219,14.25,14.09000015258789,454300,14.09000015258789
2017-08-02,14.15999984741211,13.789999961853027,14.119999885559082,13.949999809265137,973500,13.949999809265137
2017-08-03,14.119999885559082,13.819999694824219,13.869999885559082,14.020000457763672,450900,14.020000457763672
2017-08-04,14.109999656677246,13.920000076293945,14.010000228881836,13.989999771118164,493300,13.989999771118164
2017-08-07,14.149999618530273,14.006999969482422,14.029999732971191,14.0600004196167,269100,14.0600004196167
2017-08-08,14.279999732971191,13.989999771118164,14.0,14.15999984741211,422000,14.15999984741211
2017-08-09,14.1899995803833,14.020000457763672,14.119999885559082,14.170000076293945,466000,14.170000076293945
2017-08-10,14.100000381469727,13.920000076293945,14.100000381469727,14.0,460800,14.0
2017-08-11,14.460000038146973,13.729999542236328,13.779999732971191,14.390000343322754,721500,14.390000343322754
2017-08-14,14.550000190734863,14.430000305175781,14.4399995803833,14.529999732971191,610400,14.529999732971191
2017-08-15,14.9399995803833,14.470000267028809,14.609999656677246,14.829999923706055,1363100,14.829999923706055
2017-08-16,15.029999732971191,14.829999923706055,14.9399995803833,14.90999984741211,1148300,14.90999984741211
2017-08-17,14.989999771118164,14.85099983215332,14.880000114440918,14.920000076293945,555500,14.920000076293945
2017-08-18,15.125,14.90999984741211,14.920000076293945,15.100000381469727,1127600,15.100000381469727
2017-08-21,15.239999771118164,14.90999984741211,15.15999984741211,14.9399995803833,678300,14.9399995803833
2017-08-22,15.020000457763672,14.6899995803833,14.970000267028809,14.930000305175781,429100,14.930000305175781
2017-08-23,15.109999656677246,14.880000114440918,14.90999984741211,15.020000457763672,1128800,15.020000457763672
2017-08-24,15.369000434875488,14.359999656677246,15.149999618530273,14.850000381469727,1366300,14.850000381469727
2017-08-25,15.305000305175781,14.59000015258789,14.920000076293945,15.279999732971191,1655700,15.279999732971191
2017-08-28,15.289999961853027,14.960000038146973,15.279999732971191,15.039999961853027,467200,15.039999961853027
2017-08-29,15.220000267028809,14.800000190734863,14.979999542236328,15.199999809265137,908700,15.199999809265137
2017-08-30,15.260000228881836,14.930000305175781,15.220000267028809,15.130000114440918,660700,15.130000114440918
2017-08-31,15.15999984741211,14.960000038146973,15.15999984741211,15.020000457763672,1135800,15.020000457763672
2017-09-01,15.100000381469727,14.800000190734863,15.050000190734863,14.970000267028809,521900,14.970000267028809
2017-09-05,15.279999732971191,14.84000015258789,15.069999694824219,14.920000076293945,602300,14.920000076293945
2017-09-06,14.479999542236328,14.0,14.149999618530273,14.25,3704800,14.25
2017-09-07,15.329999923706055,14.5,14.600000381469727,15.100000381469727,9379600,15.100000381469727
2017-09-08,15.300000190734863,15.039999961853027,15.079999923706055,15.119999885559082,2499900,15.119999885559082
2017-09-11,15.390000343322754,15.170000076293945,15.229999542236328,15.359999656677246,2085100,15.359999656677246
2017-09-12,15.489999771118164,15.260000228881836,15.399999618530273,15.279999732971191,1277600,15.279999732971191
2017-09-13,15.319999694824219,15.170000076293945,15.239999771118164,15.1899995803833,764500,15.1899995803833
2017-09-14,15.25,14.829999923706055,15.170000076293945,14.979999542236328,1169000,14.979999542236328
2017-09-15,15.050000190734863,14.930000305175781,15.0,14.970000267028809,769000,14.970000267028809
2017-09-18,15.079999923706055,14.84000015258789,14.920000076293945,14.979999542236328,732500,14.979999542236328
2017-09-19,15.430000305175781,15.039999961853027,15.260000228881836,15.09000015258789,1766900,15.09000015258789
2017-09-20,15.140000343322754,14.75,15.010000228881836,15.010000228881836,1186900,15.010000228881836
2017-09-21,15.279999732971191,14.91100025177002,14.9399995803833,15.010000228881836,2412300,15.010000228881836
2017-09-22,15.154999732971191,14.869999885559082,15.029999732971191,14.9399995803833,865300,14.9399995803833
2017-09-25,14.949999809265137,14.333000183105469,14.949999809265137,14.489999771118164,2895600,14.489999771118164
2017-09-26,14.859999656677246,14.399999618530273,14.420000076293945,14.640000343322754,1580700,14.640000343322754
2017-09-27,14.779999732971191,14.550000190734863,14.6899995803833,14.6899995803833,914600,14.6899995803833
2017-09-28,14.760000228881836,14.470000267028809,14.670000076293945,14.520000457763672,536200,14.520000457763672
2017-09-29,14.779999732971191,14.460000038146973,14.550000190734863,14.569999694824219,719500,14.569999694824219
2017-10-02,15.069999694824219,14.550000190734863,14.619999885559082,15.029999732971191,1221700,15.029999732971191
2017-10-03,15.079999923706055,14.84000015258789,14.989999771118164,15.039999961853027,540700,15.039999961853027
2017-10-04,15.039999961853027,14.529999732971191,15.039999961853027,14.619999885559082,903200,14.619999885559082
2017-10-05,14.8100004196167,14.619999885559082,14.739999771118164,14.65999984741211,677000,14.65999984741211
2017-10-06,14.739999771118164,14.489999771118164,14.59000015258789,14.680000305175781,714000,14.680000305175781
2017-10-09,14.890000343322754,14.59000015258789,14.729999542236328,14.619999885559082,434600,14.619999885559082
2017-10-10,14.75,14.600000381469727,14.649999618530273,14.6899995803833,374500,14.6899995803833
2017-10-11,15.010000228881836,14.670000076293945,14.6899995803833,14.989999771118164,685300,14.989999771118164
2017-10-12,15.0,14.779999732971191,14.979999542236328,14.869999885559082,342400,14.869999885559082
2017-10-13,15.074999809265137,14.8100004196167,14.979999542236328,14.90999984741211,420300,14.90999984741211
2017-10-16,15.029999732971191,14.779999732971191,14.930000305175781,14.949999809265137,273300,14.949999809265137
2017-10-17,14.9399995803833,14.779999732971191,14.899999618530273,14.829999923706055,378800,14.829999923706055
2017-10-18,15.010000228881836,14.701000213623047,14.800000190734863,15.0,418600,15.0
2017-10-19,15.03499984741211,14.739999771118164,14.920000076293945,15.0,459900,15.0
2017-10-20,15.25,15.0,15.0,15.0600004196167,757000,15.0600004196167
2017-10-23,15.15999984741211,15.020000457763672,15.0600004196167,15.119999885559082,372100,15.119999885559082
2017-10-24,15.319999694824219,15.0,15.149999618530273,15.0,642600,15.0
2017-10-25,15.210000038146973,14.9350004196167,15.020000457763672,15.010000228881836,589800,15.010000228881836
2017-10-26,15.180000305175781,14.989999771118164,15.069999694824219,15.010000228881836,442600,15.010000228881836
2017-10-27,15.130000114440918,14.949999809265137,15.0,15.0,534300,15.0
2017-10-30,15.128000259399414,14.925000190734863,15.050000190734863,14.9399995803833,430000,14.9399995803833
2017-10-31,15.220000267028809,14.899999618530273,14.90999984741211,15.100000381469727,737000,15.100000381469727
2017-11-01,15.36299991607666,15.03499984741211,15.119999885559082,15.149999618530273,702700,15.149999618530273
2017-11-02,15.25,14.979999542236328,15.140000343322754,15.09000015258789,669900,15.09000015258789
2017-11-03,15.258000373840332,15.09000015258789,15.100000381469727,15.149999618530273,423300,15.149999618530273
2017-11-06,15.199999809265137,14.729999542236328,15.100000381469727,14.920000076293945,521700,14.920000076293945
2017-11-07,15.0,14.65999984741211,15.0,14.8100004196167,613500,14.8100004196167
2017-11-08,14.890000343322754,14.600000381469727,14.890000343322754,14.770000457763672,961400,14.770000457763672
2017-11-09,14.800000190734863,14.390000343322754,14.760000228881836,14.430000305175781,1125200,14.430000305175781
2017-11-10,14.890000343322754,14.460000038146973,14.5,14.8100004196167,594900,14.8100004196167
2017-11-13,14.90999984741211,14.630000114440918,14.710000038146973,14.6899995803833,450600,14.6899995803833
2017-11-14,14.75,14.520000457763672,14.6899995803833,14.640000343322754,474900,14.640000343322754
2017-11-15,14.640000343322754,14.324999809265137,14.640000343322754,14.34000015258789,396700,14.34000015258789
2017-11-16,14.720000267028809,14.369999885559082,14.720000267028809,14.670000076293945,735300,14.670000076293945
2017-11-17,14.819999694824219,14.619999885559082,14.619999885559082,14.779999732971191,399900,14.779999732971191
2017-11-20,15.15999984741211,14.739999771118164,14.739999771118164,15.050000190734863,799500,15.050000190734863
2017-11-21,15.420000076293945,14.989999771118164,15.100000381469727,15.260000228881836,953500,15.260000228881836
2017-11-22,15.430000305175781,15.109999656677246,15.220000267028809,15.390000343322754,630900,15.390000343322754
2017-11-24,15.649999618530273,15.40999984741211,15.4399995803833,15.5600004196167,261900,15.5600004196167
2017-11-27,15.779999732971191,15.300000190734863,15.460000038146973,15.5600004196167,1407300,15.5600004196167
2017-11-28,16.899999618530273,16.0,16.510000228881836,16.270000457763672,3123300,16.270000457763672
2017-11-29,16.809999465942383,16.31999969482422,16.40999984741211,16.559999465942383,1969300,16.559999465942383
2017-11-30,16.6200008392334,16.280000686645508,16.56999969482422,16.43000030517578,1191000,16.43000030517578
2017-12-01,16.799999237060547,16.440000534057617,16.440000534057617,16.6200008392334,4935800,16.6200008392334
2017-12-04,16.75,16.489999771118164,16.719999313354492,16.6200008392334,6404600,16.6200008392334
2017-12-05,16.690000534057617,16.530000686645508,16.610000610351562,16.59000015258789,645400,16.59000015258789
2017-12-06,16.729999542236328,16.5,16.549999237060547,16.690000534057617,1163800,16.690000534057617
2017-12-07,16.639999389648438,16.360000610351562,16.6200008392334,16.389999389648438,1835400,16.389999389648438
2017-12-08,16.579999923706055,16.31999969482422,16.399999618530273,16.559999465942383,1747500,16.559999465942383
2017-12-11,16.729999542236328,16.440000534057617,16.489999771118164,16.700000762939453,1693800,16.700000762939453
2017-12-12,16.75,16.489999771118164,16.739999771118164,16.530000686645508,738000,16.530000686645508
2017-12-13,16.6299991607666,16.485000610351562,16.520000457763672,16.59000015258789,1011100,16.59000015258789
2017-12-14,16.65999984741211,16.489999771118164,16.579999923706055,16.6200008392334,644500,16.6200008392334
2017-12-15,16.700000762939453,16.43000030517578,16.65999984741211,16.520000457763672,1576900,16.520000457763672
2017-12-18,16.709999084472656,16.2810001373291,16.6299991607666,16.299999237060547,607400,16.299999237060547
2017-12-19,16.469999313354492,16.18000030517578,16.389999389648438,16.3700008392334,671700,16.3700008392334
2017-12-20,16.68000030517578,16.40999984741211,16.450000762939453,16.649999618530273,864100,16.649999618530273
2017-12-21,16.850000381469727,16.6200008392334,16.729999542236328,16.690000534057617,473200,16.690000534057617
2017-12-22,16.90999984741211,16.6200008392334,16.719999313354492,16.799999237060547,910900,16.799999237060547
2017-12-26,17.020000457763672,16.670000076293945,16.709999084472656,16.850000381469727,387200,16.850000381469727
2017-12-27,16.920000076293945,16.770000457763672,16.850000381469727,16.829999923706055,643500,16.829999923706055
2017-12-28,16.8799991607666,16.760000228881836,16.81999969482422,16.81999969482422,394800,16.81999969482422
2017-12-29,16.950000762939453,16.649999618530273,16.84000015258789,16.90999984741211,458400,16.90999984741211
2018-01-02,16.915000915527344,16.59000015258789,16.899999618530273,16.760000228881836,1086100,16.760000228881836
2018-01-03,16.829999923706055,16.149999618530273,16.829999923706055,16.260000228881836,1665800,16.260000228881836
2018-01-04,16.899999618530273,16.299999237060547,16.329999923706055,16.889999389648438,1515100,16.889999389648438
2018-01-05,16.989999771118164,16.489999771118164,16.850000381469727,16.600000381469727,1786400,16.600000381469727
2018-01-08,16.969999313354492,16.610000610351562,16.6200008392334,16.93000030517578,1470700,16.93000030517578
2018-01-09,17.049999237060547,16.709999084472656,17.0,16.739999771118164,497000,16.739999771118164
2018-01-10,16.809999465942383,16.5,16.75,16.600000381469727,476300,16.600000381469727
2018-01-11,16.790000915527344,16.280000686645508,16.600000381469727,16.309999465942383,779100,16.309999465942383
2018-01-12,16.3799991607666,16.0,16.3799991607666,16.299999237060547,1026800,16.299999237060547
2018-01-16,16.5,16.1299991607666,16.350000381469727,16.239999771118164,1131600,16.239999771118164
2018-01-17,17.1200008392334,16.3700008392334,16.600000381469727,16.8799991607666,1457800,16.8799991607666
2018-01-18,17.06999969482422,16.774999618530273,16.93000030517578,16.940000534057617,5769600,16.940000534057617
2018-01-19,17.229999542236328,16.950000762939453,17.049999237060547,17.15999984741211,1399300,17.15999984741211
2018-01-22,17.31999969482422,16.969999313354492,17.09000015258789,17.149999618530273,1192000,17.149999618530273
2018-01-23,17.260000228881836,16.889999389648438,17.100000381469727,17.059999465942383,4018600,17.059999465942383
2018-01-24,17.079999923706055,16.639999389648438,17.049999237060547,16.8799991607666,1030100,16.8799991607666
2018-01-25,17.049999237060547,16.65999984741211,16.989999771118164,16.739999771118164,764800,16.739999771118164
2018-01-26,16.940000534057617,16.667999267578125,16.75,16.93000030517578,1201200,16.93000030517578
2018-01-29,17.209999084472656,16.860000610351562,16.899999618530273,16.979999542236328,1114800,16.979999542236328
2018-01-30,16.989999771118164,16.790000915527344,16.8799991607666,16.8700008392334,1177300,16.8700008392334
2018-01-31,17.149999618530273,16.860000610351562,16.860000610351562,17.040000915527344,2308600,17.040000915527344
2018-02-01,17.200000762939453,16.760000228881836,17.0,17.100000381469727,1600500,17.100000381469727
2018-02-02,17.15999984741211,16.8700008392334,17.079999923706055,16.8700008392334,2064000,16.8700008392334
2018-02-05,16.81999969482422,16.1200008392334,16.81999969482422,16.149999618530273,1337500,16.149999618530273
2018-02-06,16.31999969482422,15.720000267028809,15.90999984741211,16.25,1351600,16.25
2018-02-07,16.360000610351562,16.049999237060547,16.260000228881836,16.09000015258789,562000,16.09000015258789
2018-02-08,16.260000228881836,15.710000038146973,16.209999084472656,15.720000267028809,876900,15.720000267028809
2018-02-09,15.890000343322754,15.265000343322754,15.869999885559082,15.699999809265137,1494900,15.699999809265137
2018-02-12,16.059999465942383,15.539999961853027,15.729999542236328,15.920000076293945,1544400,15.920000076293945
2018-02-13,16.264999389648438,15.800000190734863,15.930000305175781,16.079999923706055,1073500,16.079999923706055
2018-02-14,16.690000534057617,16.0,16.049999237060547,16.579999923706055,1029500,16.579999923706055
2018-02-15,16.8799991607666,16.479999542236328,16.690000534057617,16.790000915527344,1438200,16.790000915527344
2018-02-16,17.165000915527344,16.65999984741211,16.780000686645508,17.059999465942383,1060000,17.059999465942383
2018-02-20,17.139999389648438,16.790000915527344,16.959999084472656,16.860000610351562,1580600,16.860000610351562
2018-02-21,17.110000610351562,16.80900001525879,16.950000762939453,16.860000610351562,1066000,16.860000610351562
2018-02-22,16.950000762939453,16.700000762939453,16.81999969482422,16.799999237060547,962500,16.799999237060547
2018-02-23,16.989999771118164,16.709999084472656,16.860000610351562,16.799999237060547,686900,16.799999237060547
2018-02-26,16.84000015258789,16.6299991607666,16.790000915527344,16.729999542236328,676500,16.729999542236328
2018-02-27,16.7549991607666,16.559999465942383,16.729999542236328,16.579999923706055,470600,16.579999923706055
2018-02-28,16.649999618530273,16.299999237060547,16.649999618530273,16.389999389648438,1216500,16.389999389648438
2018-03-01,16.479999542236328,16.030000686645508,16.389999389648438,16.079999923706055,937600,16.079999923706055
2018-03-02,16.334999084472656,15.960000038146973,16.049999237060547,16.25,1041600,16.25
2018-03-05,16.360000610351562,16.075000762939453,16.25,16.239999771118164,758300,16.239999771118164
2018-03-06,16.549999237060547,16.200000762939453,16.280000686645508,16.479999542236328,1031300,16.479999542236328
2018-03-07,16.549999237060547,16.290000915527344,16.43000030517578,16.549999237060547,941900,16.549999237060547
2018-03-08,16.739999771118164,16.485000610351562,16.6299991607666,16.559999465942383,484300,16.559999465942383
2018-03-09,16.760000228881836,16.524999618530273,16.579999923706055,16.739999771118164,401300,16.739999771118164
2018-03-12,16.93000030517578,16.719999313354492,16.799999237060547,16.790000915527344,1065100,16.790000915527344
2018-03-13,16.889999389648438,16.510000228881836,16.809999465942383,16.530000686645508,496100,16.530000686645508
2018-03-14,16.75,16.475000381469727,16.68000030517578,16.639999389648438,1059000,16.639999389648438
2018-03-15,16.81999969482422,16.3799991607666,16.68000030517578,16.510000228881836,853400,16.510000228881836
2018-03-16,16.639999389648438,16.44499969482422,16.459999084472656,16.530000686645508,1123300,16.530000686645508
2018-03-19,16.600000381469727,16.209999084472656,16.5,16.3799991607666,517200,16.3799991607666
2018-03-20,16.381999969482422,16.06999969482422,16.309999465942383,16.239999771118164,714200,16.239999771118164
2018-03-21,16.209999084472656,15.75,16.139999389648438,16.15999984741211,1234400,16.15999984741211
2018-03-22,16.219999313354492,15.680000305175781,16.09000015258789,15.890000343322754,1710900,15.890000343322754
2018-03-23,16.40999984741211,15.680000305175781,16.09000015258789,15.989999771118164,1654500,15.989999771118164
2018-03-26,16.420000076293945,16.15999984741211,16.18000030517578,16.399999618530273,977100,16.399999618530273
2018-03-27,16.510000228881836,15.869999885559082,16.389999389648438,15.970000267028809,1077100,15.970000267028809
2018-03-28,16.059999465942383,15.729999542236328,15.920000076293945,15.779999732971191,1097300,15.779999732971191
2018-03-29,16.020000457763672,15.710000038146973,15.899999618530273,15.739999771118164,1185100,15.739999771118164
2018-04-02,15.720000267028809,15.350000381469727,15.699999809265137,15.449999809265137,950400,15.449999809265137
2018-04-03,15.739999771118164,15.510000228881836,15.569999694824219,15.630000114440918,857200,15.630000114440918
2018-04-04,15.699999809265137,15.4399995803833,15.569999694824219,15.600000381469727,652100,15.600000381469727
2018-04-05,15.779999732971191,15.609999656677246,15.609999656677246,15.649999618530273,1601100,15.649999618530273
2018-04-06,15.819999694824219,15.345000267028809,15.539999961853027,15.529999732971191,733000,15.529999732971191
2018-04-09,15.90999984741211,15.649999618530273,15.649999618530273,15.760000228881836,2340400,15.760000228881836
2018-04-10,16.030000686645508,15.710000038146973,15.869999885559082,15.729999542236328,738800,15.729999542236328
2018-04-11,15.78499984741211,15.40999984741211,15.680000305175781,15.4399995803833,2949600,15.4399995803833
2018-04-12,15.8100004196167,15.449999809265137,15.520000457763672,15.630000114440918,873800,15.630000114440918
2018-04-13,16.079999923706055,15.640000343322754,15.710000038146973,16.079999923706055,955100,16.079999923706055
2018-04-16,16.299999237060547,16.033000946044922,16.06999969482422,16.290000915527344,567700,16.290000915527344
2018-04-17,16.75,16.389999389648438,16.389999389648438,16.739999771118164,945400,16.739999771118164
2018-04-18,16.809999465942383,16.610000610351562,16.670000076293945,16.68000030517578,886700,16.68000030517578
2018-04-19,16.639999389648438,16.34000015258789,16.56999969482422,16.34000015258789,537600,16.34000015258789
2018-04-20,16.520000457763672,16.280000686645508,16.399999618530273,16.43000030517578,445500,16.43000030517578
2018-04-23,16.639999389648438,16.389999389648438,16.450000762939453,16.56999969482422,893800,16.56999969482422
2018-04-24,16.600000381469727,16.30500030517578,16.549999237060547,16.389999389648438,1107800,16.389999389648438
2018-04-25,16.639999389648438,16.260000228881836,16.40999984741211,16.520000457763672,583100,16.520000457763672
2018-04-26,16.719999313354492,16.450000762939453,16.59000015258789,16.709999084472656,654700,16.709999084472656
2018-04-27,16.8700008392334,16.719999313354492,16.760000228881836,16.809999465942383,1437300,16.809999465942383
2018-04-30,16.860000610351562,16.459999084472656,16.809999465942383,16.489999771118164,837200,16.489999771118164
2018-05-01,16.510000228881836,16.1299991607666,16.510000228881836,16.299999237060547,430100,16.299999237060547
2018-05-02,16.510000228881836,16.264999389648438,16.350000381469727,16.399999618530273,1019500,16.399999618530273
2018-05-03,16.469999313354492,16.100000381469727,16.469999313354492,16.1299991607666,981700,16.1299991607666
2018-05-04,16.65999984741211,16.0,16.059999465942383,16.510000228881836,573800,16.510000228881836
2018-05-07,16.940000534057617,16.489999771118164,16.559999465942383,16.81999969482422,911200,16.81999969482422
2018-05-08,16.825000762939453,16.65999984741211,16.809999465942383,16.809999465942383,2122300,16.809999465942383
2018-05-09,16.8700008392334,16.649999618530273,16.829999923706055,16.670000076293945,1096400,16.670000076293945
2018-05-10,17.799999237060547,16.579999923706055,16.579999923706055,17.280000686645508,5225200,17.280000686645508
2018-05-11,17.75,17.34000015258789,17.3700008392334,17.639999389648438,3550000,17.639999389648438
2018-05-14,17.77899932861328,17.450000762939453,17.649999618530273,17.469999313354492,804400,17.469999313354492
2018-05-15,17.600000381469727,17.3700008392334,17.450000762939453,17.479999542236328,795900,17.479999542236328
2018-05-16,17.860000610351562,17.389999389648438,17.459999084472656,17.780000686645508,2125100,17.780000686645508
2018-05-17,18.110000610351562,17.760000228881836,17.850000381469727,17.899999618530273,1582800,17.899999618530273
2018-05-18,17.93000030517578,17.549999237060547,17.860000610351562,17.860000610351562,675800,17.860000610351562
2018-05-21,18.059999465942383,17.59000015258789,18.020000457763672,17.729999542236328,1393800,17.729999542236328
2018-05-22,17.739999771118164,17.450000762939453,17.739999771118164,17.459999084472656,572400,17.459999084472656
2018-05-23,17.56999969482422,17.350000381469727,17.469999313354492,17.549999237060547,811300,17.549999237060547
2018-05-24,17.860000610351562,17.43000030517578,17.549999237060547,17.850000381469727,1472100,17.850000381469727
2018-05-25,17.969999313354492,17.670000076293945,17.799999237060547,17.829999923706055,529400,17.829999923706055
2018-05-29,17.790000915527344,17.34000015258789,17.75,17.389999389648438,1249900,17.389999389648438
2018-05-30,17.65999984741211,17.510000228881836,17.510000228881836,17.540000915527344,807700,17.540000915527344
2018-05-31,17.614999771118164,17.360000610351562,17.489999771118164,17.399999618530273,833700,17.399999618530273
2018-06-01,17.829999923706055,17.399999618530273,17.469999313354492,17.709999084472656,1130100,17.709999084472656
2018-06-04,18.399999618530273,17.719999313354492,17.780000686645508,18.309999465942383,1462800,18.309999465942383
2018-06-05,18.399999618530273,18.06999969482422,18.399999618530273,18.18000030517578,2034800,18.18000030517578
2018-06-06,18.15999984741211,17.739999771118164,18.15999984741211,18.1299991607666,721900,18.1299991607666
2018-06-07,18.350000381469727,18.0,18.040000915527344,18.25,1050100,18.25
2018-06-08,18.3799991607666,18.15999984741211,18.360000610351562,18.239999771118164,791100,18.239999771118164
2018-06-11,18.165000915527344,17.905000686645508,18.149999618530273,17.979999542236328,728900,17.979999542236328
2018-06-12,18.114999771118164,17.829999923706055,17.979999542236328,17.850000381469727,974700,17.850000381469727
2018-06-13,17.979999542236328,17.600000381469727,17.860000610351562,17.940000534057617,1296100,17.940000534057617
2018-06-14,18.110000610351562,17.899999618530273,17.940000534057617,18.06999969482422,599600,18.06999969482422
2018-06-15,18.18000030517578,17.979999542236328,18.040000915527344,18.15999984741211,411400,18.15999984741211
2018-06-18,18.549999237060547,17.989999771118164,18.079999923706055,18.520000457763672,1010600,18.520000457763672
2018-06-19,18.90999984741211,18.37700080871582,18.399999618530273,18.799999237060547,2282100,18.799999237060547
2018-06-20,18.950000762939453,18.68000030517578,18.829999923706055,18.75,934000,18.75
2018-06-21,19.0,18.68000030517578,18.809999465942383,18.899999618530273,1024900,18.899999618530273
2018-06-22,19.309999465942383,18.850000381469727,18.950000762939453,19.309999465942383,1806200,19.309999465942383
2018-06-25,19.40999984741211,19.030000686645508,19.149999618530273,19.1299991607666,1740000,19.1299991607666
2018-06-26,19.579999923706055,19.1299991607666,19.25,19.559999465942383,1309000,19.559999465942383
2018-06-27,19.59000015258789,18.725000381469727,19.459999084472656,18.780000686645508,1302300,18.780000686645508
2018-06-28,19.809999465942383,18.920000076293945,19.100000381469727,19.530000686645508,2209000,19.530000686645508
2018-06-29,19.770000457763672,19.18000030517578,19.600000381469727,19.190000534057617,1045300,19.190000534057617
2018-07-02,19.079999923706055,18.8799991607666,19.059999465942383,19.049999237060547,797400,19.049999237060547
2018-07-03,19.19499969482422,18.93000030517578,19.040000915527344,19.1200008392334,683800,19.1200008392334
2018-07-05,19.450000762939453,18.920000076293945,19.100000381469727,19.43000030517578,977300,19.43000030517578
2018-07-06,19.450000762939453,19.1299991607666,19.399999618530273,19.149999618530273,599900,19.149999618530273
2018-07-09,19.270000457763672,19.030000686645508,19.229999542236328,19.110000610351562,674900,19.110000610351562
2018-07-10,19.1299991607666,18.80500030517578,19.09000015258789,18.860000610351562,1321000,18.860000610351562
2018-07-11,18.924999237060547,18.5,18.84000015258789,18.850000381469727,1289500,18.850000381469727
2018-07-12,18.90999984741211,18.479999542236328,18.889999389648438,18.56999969482422,1149100,18.56999969482422
2018-07-13,18.6299991607666,18.485000610351562,18.489999771118164,18.530000686645508,744800,18.530000686645508
2018-07-16,18.600000381469727,18.350000381469727,18.59000015258789,18.389999389648438,744000,18.389999389648438
2018-07-17,18.8700008392334,18.43000030517578,18.459999084472656,18.760000228881836,1753000,18.760000228881836
2018-07-18,19.190000534057617,18.739999771118164,18.809999465942383,19.100000381469727,1187400,19.100000381469727
2018-07-19,19.280000686645508,18.9950008392334,19.110000610351562,19.239999771118164,927200,19.239999771118164
2018-07-20,19.68000030517578,19.239999771118164,19.239999771118164,19.479999542236328,850000,19.479999542236328
2018-07-23,19.549999237060547,19.1200008392334,19.549999237060547,19.299999237060547,302300,19.299999237060547
2018-07-24,19.420000076293945,18.969999313354492,19.299999237060547,19.079999923706055,682100,19.079999923706055
2018-07-25,19.290000915527344,19.0049991607666,19.040000915527344,19.200000762939453,792600,19.200000762939453
2018-07-26,19.540000915527344,19.239999771118164,19.299999237060547,19.34000015258789,949800,19.34000015258789
2018-07-27,19.43000030517578,18.979999542236328,19.270000457763672,19.06999969482422,484100,19.06999969482422
2018-07-30,19.06999969482422,18.81999969482422,19.059999465942383,18.850000381469727,557100,18.850000381469727
2018-07-31,19.059999465942383,18.809999465942383,18.809999465942383,19.0,618100,19.0
2018-08-01,19.0,18.850000381469727,19.0,18.959999084472656,580600,18.959999084472656
2018-08-02,19.280000686645508,18.8799991607666,18.90999984741211,19.1200008392334,778500,19.1200008392334
2018-08-03,19.485000610351562,19.040000915527344,19.040000915527344,19.31999969482422,992000,19.31999969482422
2018-08-06,19.3799991607666,18.950000762939453,19.3799991607666,18.959999084472656,665500,18.959999084472656
2018-08-07,19.079999923706055,18.68000030517578,18.969999313354492,18.809999465942383,708200,18.809999465942383
2018-08-08,18.8799991607666,18.43000030517578,18.81999969482422,18.81999969482422,1829600,18.81999969482422
2018-08-09,20.065000534057617,19.3700008392334,19.809999465942383,19.84000015258789,1757900,19.84000015258789
2018-08-10,20.049999237060547,19.635000228881836,19.75,19.780000686645508,948700,19.780000686645508
2018-08-13,19.829999923706055,19.459999084472656,19.780000686645508,19.5,994800,19.5
2018-08-14,19.8799991607666,19.280000686645508,19.5,19.540000915527344,1360300,19.540000915527344
2018-08-15,19.65999984741211,19.329999923706055,19.520000457763672,19.5,843800,19.5
2018-08-16,19.844999313354492,19.43000030517578,19.6200008392334,19.760000228881836,1397300,19.760000228881836
2018-08-17,19.950000762939453,19.6200008392334,19.850000381469727,19.8799991607666,1240600,19.8799991607666
2018-08-20,20.399999618530273,19.860000610351562,19.950000762939453,20.389999389648438,870600,20.389999389648438
2018-08-21,20.649999618530273,20.40999984741211,20.5,20.479999542236328,1541000,20.479999542236328
2018-08-22,20.670000076293945,20.260000228881836,20.559999465942383,20.40999984741211,945700,20.40999984741211
2018-08-23,20.41900062561035,20.110000610351562,20.329999923706055,20.309999465942383,1250100,20.309999465942383
2018-08-24,20.459999084472656,20.18000030517578,20.309999465942383,20.190000534057617,477700,20.190000534057617
2018-08-27,20.329999923706055,20.1200008392334,20.290000915527344,20.1299991607666,414400,20.1299991607666
2018-08-28,20.360000610351562,20.010000228881836,20.1200008392334,20.200000762939453,606600,20.200000762939453
2018-08-29,20.81999969482422,20.239999771118164,20.239999771118164,20.81999969482422,1500700,20.81999969482422
2018-08-30,20.850000381469727,20.639999389648438,20.790000915527344,20.729999542236328,773100,20.729999542236328
2018-08-31,20.8799991607666,20.639999389648438,20.670000076293945,20.850000381469727,637100,20.850000381469727
2018-09-04,20.93000030517578,20.579999923706055,20.920000076293945,20.719999313354492,789900,20.719999313354492
2018-09-05,20.729999542236328,20.329999923706055,20.6200008392334,20.459999084472656,1180500,20.459999084472656
2018-09-06,20.510000228881836,19.93000030517578,20.420000076293945,20.149999618530273,1486200,20.149999618530273
2018-09-07,20.635000228881836,19.950000762939453,20.09000015258789,20.420000076293945,1722500,20.420000076293945
2018-09-10,20.700000762939453,20.125,20.639999389648438,20.479999542236328,1351800,20.479999542236328
2018-09-11,20.719999313354492,20.3799991607666,20.5,20.6299991607666,1348100,20.6299991607666
2018-09-12,20.780000686645508,20.424999237060547,20.75,20.700000762939453,887600,20.700000762939453
2018-09-13,21.020000457763672,20.6200008392334,20.700000762939453,21.0,853300,21.0
2018-09-14,21.09000015258789,20.8799991607666,20.920000076293945,21.0,600200,21.0
2018-09-17,21.149999618530273,20.829999923706055,21.010000228881836,20.8700008392334,827500,20.8700008392334
2018-09-18,20.90999984741211,20.639999389648438,20.75,20.729999542236328,489200,20.729999542236328
2018-09-19,20.780000686645508,20.450000762939453,20.780000686645508,20.459999084472656,337800,20.459999084472656
2018-09-20,20.770000457763672,20.3700008392334,20.510000228881836,20.65999984741211,578800,20.65999984741211
2018-09-21,20.709999084472656,20.399999618530273,20.700000762939453,20.440000534057617,1140800,20.440000534057617
2018-09-24,20.43000030517578,20.239999771118164,20.43000030517578,20.40999984741211,769500,20.40999984741211
2018-09-25,20.59000015258789,20.219999313354492,20.43000030517578,20.290000915527344,925500,20.290000915527344
2018-09-26,20.59000015258789,20.209999084472656,20.360000610351562,20.34000015258789,682700,20.34000015258789
2018-09-27,20.260000228881836,20.059999465942383,20.170000076293945,20.079999923706055,394100,20.079999923706055
2018-09-28,20.280000686645508,20.049999237060547,20.09000015258789,20.260000228881836,813600,20.260000228881836
2018-10-01,20.489999771118164,19.860000610351562,20.3799991607666,19.989999771118164,760000,19.989999771118164
2018-10-02,20.0,19.520000457763672,19.93000030517578,19.549999237060547,1351800,19.549999237060547
2018-10-03,19.670000076293945,19.1200008392334,19.65999984741211,19.479999542236328,1271800,19.479999542236328
2018-10-04,19.360000610351562,18.899999618530273,19.18000030517578,19.030000686645508,890400,19.030000686645508
2018-10-05,19.690000534057617,19.030000686645508,19.40999984741211,19.170000076293945,972500,19.170000076293945
2018-10-08,19.2810001373291,18.959999084472656,19.239999771118164,19.110000610351562,608200,19.110000610351562
2018-10-09,19.25,19.020000457763672,19.040000915527344,19.18000030517578,728900,19.18000030517578
2018-10-10,19.360000610351562,19.1299991607666,19.270000457763672,19.299999237060547,1444900,19.299999237060547
2018-10-11,19.774999618530273,19.200000762939453,19.290000915527344,19.5,1683400,19.5
2018-10-12,20.09000015258789,19.549999237060547,19.709999084472656,19.950000762939453,1867000,19.950000762939453
2018-10-15,20.204999923706055,19.850000381469727,19.90999984741211,20.170000076293945,1007200,20.170000076293945
2018-10-16,20.829999923706055,20.280000686645508,20.280000686645508,20.639999389648438,1020600,20.639999389648438
2018-10-17,20.645000457763672,20.260000228881836,20.639999389648438,20.40999984741211,1379500,20.40999984741211
2018-10-18,20.399999618530273,19.850000381469727,20.389999389648438,19.959999084472656,1178600,19.959999084472656
2018-10-19,20.25,19.920000076293945,20.06999969482422,20.200000762939453,1529800,20.200000762939453
2018-10-22,20.295000076293945,19.6200008392334,20.25,19.6200008392334,948100,19.6200008392334
2018-10-23,19.649999618530273,18.8799991607666,19.5,19.530000686645508,969500,19.530000686645508
2018-10-24,19.649999618530273,18.6200008392334,19.450000762939453,18.6299991607666,2021900,18.6299991607666
2018-10-25,19.030000686645508,18.440000534057617,18.6200008392334,18.899999618530273,873500,18.899999618530273
2018-10-26,18.780000686645508,18.31999969482422,18.780000686645508,18.530000686645508,657600,18.530000686645508
2018-10-29,18.850000381469727,18.235000610351562,18.65999984741211,18.459999084472656,1117200,18.459999084472656
2018-10-30,18.850000381469727,18.43600082397461,18.459999084472656,18.75,1129000,18.75
2018-10-31,19.264999389648438,18.780000686645508,18.780000686645508,19.100000381469727,769100,19.100000381469727
2018-11-01,19.700000762939453,19.09000015258789,19.170000076293945,19.579999923706055,1141200,19.579999923706055
2018-11-02,19.780000686645508,19.420000076293945,19.6299991607666,19.479999542236328,1128700,19.479999542236328
2018-11-05,19.461999893188477,18.899999618530273,19.43000030517578,18.920000076293945,768400,18.920000076293945
2018-11-06,19.18000030517578,18.549999237060547,18.8700008392334,18.969999313354492,1427800,18.969999313354492
2018-11-07,19.489999771118164,18.969999313354492,19.030000686645508,19.290000915527344,894400,19.290000915527344
2018-11-08,21.450000762939453,19.90999984741211,21.450000762939453,20.5,2131100,20.5
2018-11-09,20.530000686645508,20.1200008392334,20.520000457763672,20.510000228881836,1245900,20.510000228881836
2018-11-12,20.610000610351562,20.010000228881836,20.420000076293945,20.010000228881836,1533200,20.010000228881836
2018-11-13,20.479999542236328,19.790000915527344,20.149999618530273,20.06999969482422,1412500,20.06999969482422
2018-11-14,20.1200008392334,19.420000076293945,20.1200008392334,19.469999313354492,937800,19.469999313354492
2018-11-15,19.450000762939453,19.200000762939453,19.350000381469727,19.34000015258789,542600,19.34000015258789
2018-11-16,19.780000686645508,19.15999984741211,19.25,19.729999542236328,536300,19.729999542236328
2018-11-19,19.8799991607666,19.559999465942383,19.709999084472656,19.799999237060547,601400,19.799999237060547
2018-11-20,19.809999465942383,19.329999923706055,19.610000610351562,19.459999084472656,658700,19.459999084472656
2018-11-21,19.950000762939453,19.485000610351562,19.5,19.780000686645508,390300,19.780000686645508
2018-11-23,20.190000534057617,19.690000534057617,19.709999084472656,19.940000534057617,199000,19.940000534057617
2018-11-26,20.15999984741211,19.795000076293945,20.010000228881836,19.860000610351562,872700,19.860000610351562
2018-11-27,19.940000534057617,19.229999542236328,19.940000534057617,19.34000015258789,1114700,19.34000015258789
2018-11-28,20.110000610351562,19.299999237060547,19.299999237060547,20.059999465942383,1305000,20.059999465942383
2018-11-29,20.3799991607666,19.7450008392334,20.15999984741211,19.780000686645508,946900,19.780000686645508
2018-11-30,20.219999313354492,19.530000686645508,19.780000686645508,20.219999313354492,627200,20.219999313354492
2018-12-03,20.670000076293945,20.1200008392334,20.34000015258789,20.170000076293945,816200,20.170000076293945
2018-12-04,20.190000534057617,19.479999542236328,20.170000076293945,19.510000228881836,1026600,19.510000228881836
2018-12-06,19.31999969482422,18.729999542236328,19.31999969482422,19.040000915527344,1431200,19.040000915527344
2018-12-07,19.260000228881836,18.829999923706055,19.06999969482422,19.079999923706055,772200,19.079999923706055
2018-12-10,19.290000915527344,18.799999237060547,19.010000228881836,18.84000015258789,644000,18.84000015258789
2018-12-11,19.030000686645508,18.420000076293945,18.959999084472656,18.540000915527344,970000,18.540000915527344
2018-12-12,18.81999969482422,18.46500015258789,18.760000228881836,18.479999542236328,1154000,18.479999542236328
2018-12-13,18.899999618530273,18.40999984741211,18.56999969482422,18.510000228881836,1024800,18.510000228881836
2018-12-14,18.420000076293945,17.56999969482422,18.399999618530273,17.600000381469727,1546000,17.600000381469727
2018-12-17,17.780000686645508,16.84000015258789,17.459999084472656,17.020000457763672,1624900,17.020000457763672
2018-12-18,17.329999923706055,17.0,17.139999389648438,17.190000534057617,669000,17.190000534057617
2018-12-19,17.56999969482422,16.940000534057617,17.360000610351562,16.989999771118164,707900,16.989999771118164
2018-12-20,17.149999618530273,16.399999618530273,16.850000381469727,16.559999465942383,1186600,16.559999465942383
2018-12-21,16.83099937438965,16.170000076293945,16.56999969482422,16.170000076293945,1012800,16.170000076293945
2018-12-24,16.559999465942383,15.869999885559082,16.100000381469727,16.399999618530273,638500,16.399999618530273
2018-12-26,16.940000534057617,16.280000686645508,16.420000076293945,16.940000534057617,698700,16.940000534057617
2018-12-27,16.700000762939453,16.05500030517578,16.700000762939453,16.59000015258789,964500,16.59000015258789
2018-12-28,16.8700008392334,16.389999389648438,16.610000610351562,16.559999465942383,916900,16.559999465942383
2018-12-31,16.844999313354492,16.549999237060547,16.649999618530273,16.719999313354492,758100,16.719999313354492
2019-01-02,17.190000534057617,16.270000457763672,16.540000915527344,17.110000610351562,1135200,17.110000610351562
2019-01-03,17.219999313354492,16.850000381469727,17.09000015258789,17.1200008392334,602500,17.1200008392334
2019-01-04,17.62299919128418,17.239999771118164,17.25,17.25,972900,17.25
2019-01-07,17.959999084472656,17.31999969482422,17.3799991607666,17.709999084472656,850100,17.709999084472656
2019-01-08,18.18000030517578,17.844999313354492,17.850000381469727,18.139999389648438,827800,18.139999389648438
2019-01-09,18.3799991607666,18.020000457763672,18.170000076293945,18.09000015258789,716000,18.09000015258789
2019-01-10,18.200000762939453,17.84000015258789,18.100000381469727,18.09000015258789,320200,18.09000015258789
2019-01-11,18.280000686645508,17.770000457763672,18.030000686645508,18.239999771118164,709200,18.239999771118164
2019-01-14,18.280000686645508,17.709999084472656,18.170000076293945,17.75,420900,17.75
2019-01-15,17.8799991607666,17.600000381469727,17.729999542236328,17.84000015258789,700900,17.84000015258789
2019-01-16,18.170000076293945,17.729999542236328,18.059999465942383,17.799999237060547,786100,17.799999237060547
2019-01-17,17.950000762939453,17.690000534057617,17.799999237060547,17.84000015258789,446100,17.84000015258789
2019-01-18,18.219999313354492,17.93000030517578,18.0,17.969999313354492,528400,17.969999313354492
2019-01-22,17.989999771118164,17.450000762939453,17.940000534057617,17.709999084472656,572400,17.709999084472656
2019-01-23,18.1299991607666,17.56999969482422,17.829999923706055,17.6299991607666,631800,17.6299991607666
2019-01-24,17.700000762939453,17.219999313354492,17.489999771118164,17.600000381469727,573000,17.600000381469727
2019-01-25,17.799999237060547,17.479999542236328,17.65999984741211,17.639999389648438,661100,17.639999389648438
2019-01-28,17.729999542236328,17.299999237060547,17.579999923706055,17.5,794400,17.5
2019-01-29,17.760000228881836,17.329999923706055,17.479999542236328,17.760000228881836,655800,17.760000228881836
2019-01-30,18.15999984741211,17.790000915527344,17.84000015258789,18.100000381469727,1070000,18.100000381469727
2019-01-31,18.389999389648438,17.993999481201172,18.049999237060547,18.329999923706055,507400,18.329999923706055
2019-02-01,18.559999465942383,18.219999313354492,18.440000534057617,18.450000762939453,663600,18.450000762939453
2019-02-04,18.700000762939453,18.329999923706055,18.469999313354492,18.6200008392334,610900,18.6200008392334
2019-02-05,18.860000610351562,18.639999389648438,18.649999618530273,18.709999084472656,438900,18.709999084472656
2019-02-06,18.889999389648438,18.559999465942383,18.790000915527344,18.6200008392334,398300,18.6200008392334
2019-02-07,18.579999923706055,18.06999969482422,18.469999313354492,18.209999084472656,772700,18.209999084472656
2019-02-08,18.469999313354492,18.170000076293945,18.170000076293945,18.440000534057617,244800,18.440000534057617
2019-02-11,18.780000686645508,18.364999771118164,18.43000030517578,18.75,828800,18.75
2019-02-12,19.350000381469727,18.65999984741211,18.75,19.149999618530273,846100,19.149999618530273
2019-02-13,19.270000457763672,18.93000030517578,19.25,18.940000534057617,439100,18.940000534057617
2019-02-14,19.114999771118164,18.780000686645508,18.959999084472656,19.040000915527344,371100,19.040000915527344
2019-02-15,19.360000610351562,19.06999969482422,19.170000076293945,19.25,402200,19.25
2019-02-19,19.239999771118164,19.049999237060547,19.170000076293945,19.1200008392334,574800,19.1200008392334
2019-02-20,19.149999618530273,18.954999923706055,19.149999618530273,18.979999542236328,490400,18.979999542236328
2019-02-21,19.190000534057617,18.920000076293945,19.0,18.989999771118164,812100,18.989999771118164
2019-02-22,19.010000228881836,18.6200008392334,18.93000030517578,19.0,944700,19.0
2019-02-25,19.15999984741211,18.645000457763672,19.030000686645508,18.700000762939453,1756600,18.700000762939453
2019-02-26,18.84000015258789,18.475000381469727,18.700000762939453,18.579999923706055,1357100,18.579999923706055
2019-02-27,19.065000534057617,18.459999084472656,18.56999969482422,18.850000381469727,2306800,18.850000381469727
2019-02-28,20.459999084472656,19.600000381469727,19.649999618530273,20.100000381469727,2130800,20.100000381469727
2019-03-01,21.104999542236328,20.170000076293945,20.229999542236328,21.049999237060547,1745800,21.049999237060547
2019-03-04,21.15999984741211,20.700000762939453,21.010000228881836,20.799999237060547,952400,20.799999237060547
2019-03-05,21.170000076293945,20.6200008392334,20.729999542236328,21.049999237060547,862100,21.049999237060547
2019-03-06,21.31999969482422,20.969999313354492,21.040000915527344,21.229999542236328,756300,21.229999542236328
2019-03-07,21.59000015258789,21.1299991607666,21.25,21.40999984741211,1260600,21.40999984741211
2019-03-08,21.459999084472656,21.1200008392334,21.3799991607666,21.239999771118164,1247800,21.239999771118164
2019-03-11,21.469999313354492,21.079999923706055,21.190000534057617,21.469999313354492,804200,21.469999313354492
2019-03-12,21.729999542236328,21.469999313354492,21.540000915527344,21.5,734100,21.5
2019-03-13,21.799999237060547,21.40999984741211,21.540000915527344,21.40999984741211,1212600,21.40999984741211
2019-03-14,21.760000228881836,21.420000076293945,21.5,21.420000076293945,531100,21.420000076293945
2019-03-15,21.809999465942383,21.239999771118164,21.389999389648438,21.549999237060547,1415300,21.549999237060547
2019-03-18,21.649999618530273,21.270000457763672,21.549999237060547,21.450000762939453,1138400,21.450000762939453
2019-03-19,21.417999267578125,20.790000915527344,21.25,20.799999237060547,2616500,20.799999237060547
2019-03-20,20.700000762939453,19.5,19.520000457763672,20.649999618530273,15891500,20.649999618530273
2019-03-21,20.950000762939453,20.420000076293945,20.600000381469727,20.950000762939453,2715300,20.950000762939453
2019-03-22,20.989999771118164,20.229999542236328,20.850000381469727,20.229999542236328,1521800,20.229999542236328
2019-03-25,20.59000015258789,20.100000381469727,20.229999542236328,20.510000228881836,994700,20.510000228881836
2019-03-26,20.790000915527344,20.549999237060547,20.600000381469727,20.739999771118164,1341500,20.739999771118164
2019-03-27,20.854999542236328,20.440000534057617,20.799999237060547,20.719999313354492,1569800,20.719999313354492
2019-03-28,20.90999984741211,20.649999618530273,20.739999771118164,20.739999771118164,1016700,20.739999771118164
2019-03-29,20.825000762939453,20.450000762939453,20.790000915527344,20.450000762939453,1032700,20.450000762939453
2019-04-01,20.572999954223633,20.295000076293945,20.420000076293945,20.3700008392334,928400,20.3700008392334
2019-04-02,20.540000915527344,20.239999771118164,20.350000381469727,20.299999237060547,1628600,20.299999237060547
2019-04-03,20.6200008392334,20.309999465942383,20.40999984741211,20.5,1583600,20.5
2019-04-04,20.579999923706055,20.3700008392334,20.5,20.440000534057617,1136000,20.440000534057617
2019-04-05,20.729999542236328,20.420000076293945,20.440000534057617,20.649999618530273,1294800,20.649999618530273
2019-04-08,20.75,20.530000686645508,20.530000686645508,20.579999923706055,814800,20.579999923706055
2019-04-09,20.799999237060547,20.469999313354492,20.520000457763672,20.68000030517578,802700,20.68000030517578
2019-04-10,20.959999084472656,20.670000076293945,20.670000076293945,20.799999237060547,959200,20.799999237060547
2019-04-11,20.969999313354492,20.6200008392334,20.84000015258789,20.719999313354492,802500,20.719999313354492
2019-04-12,20.799999237060547,20.520000457763672,20.709999084472656,20.700000762939453,878400,20.700000762939453
2019-04-15,20.829999923706055,20.510000228881836,20.709999084472656,20.719999313354492,848300,20.719999313354492
2019-04-16,20.850000381469727,20.649999618530273,20.68000030517578,20.709999084472656,1143200,20.709999084472656
2019-04-17,20.770000457763672,20.270000457763672,20.770000457763672,20.360000610351562,1056900,20.360000610351562
2019-04-18,20.489999771118164,20.200000762939453,20.420000076293945,20.399999618530273,826600,20.399999618530273
2019-04-22,20.905000686645508,20.209999084472656,20.360000610351562,20.899999618530273,1439000,20.899999618530273
2019-04-23,21.079999923706055,20.770000457763672,20.899999618530273,20.899999618530273,938900,20.899999618530273
2019-04-24,21.354999542236328,20.940000534057617,20.950000762939453,21.18000030517578,1265800,21.18000030517578
2019-04-25,21.354999542236328,21.040000915527344,21.100000381469727,21.209999084472656,878800,21.209999084472656
2019-04-26,21.280000686645508,20.934999465942383,21.280000686645508,21.100000381469727,685300,21.100000381469727
2019-04-29,21.270000457763672,20.90999984741211,21.15999984741211,21.100000381469727,669600,21.100000381469727
2019-04-30,21.190000534057617,20.65999984741211,21.09000015258789,20.799999237060547,1061300,20.799999237060547
2019-05-01,21.0,20.600000381469727,20.940000534057617,20.65999984741211,863800,20.65999984741211
2019-05-02,20.709999084472656,20.31999969482422,20.530000686645508,20.670000076293945,667600,20.670000076293945
2019-05-03,20.969999313354492,20.450000762939453,20.65999984741211,20.829999923706055,1193600,20.829999923706055
2019-05-06,20.829999923706055,20.389999389648438,20.6200008392334,20.780000686645508,1215100,20.780000686645508
2019-05-07,20.899999618530273,20.510000228881836,20.65999984741211,20.770000457763672,1207100,20.770000457763672
2019-05-08,20.899999618530273,20.540000915527344,20.780000686645508,20.68000030517578,1512100,20.68000030517578
2019-05-09,21.639999389648438,20.700000762939453,20.700000762939453,21.3700008392334,1761600,21.3700008392334
2019-05-10,21.65999984741211,21.184999465942383,21.350000381469727,21.6299991607666,1016600,21.6299991607666
2019-05-13,21.520000457763672,21.065000534057617,21.520000457763672,21.34000015258789,1354900,21.34000015258789
2019-05-14,21.90999984741211,21.34000015258789,21.389999389648438,21.860000610351562,1410600,21.860000610351562
2019-05-15,21.895000457763672,21.530000686645508,21.81999969482422,21.809999465942383,1140300,21.809999465942383
2019-05-16,22.299999237060547,21.860000610351562,21.860000610351562,22.09000015258789,820300,22.09000015258789
2019-05-17,22.670000076293945,22.030000686645508,22.350000381469727,22.040000915527344,1042700,22.040000915527344
2019-05-20,22.049999237060547,21.850000381469727,21.93000030517578,21.889999389648438,1025300,21.889999389648438
2019-05-21,22.049999237060547,21.729999542236328,22.0,21.8700008392334,902200,21.8700008392334
2019-05-22,22.06999969482422,21.760000228881836,21.790000915527344,21.989999771118164,1481400,21.989999771118164
2019-05-23,21.979999542236328,21.628999710083008,21.809999465942383,21.709999084472656,873000,21.709999084472656
2019-05-24,21.899999618530273,21.520000457763672,21.780000686645508,21.540000915527344,540700,21.540000915527344
2019-05-28,21.559999465942383,21.270000457763672,21.479999542236328,21.280000686645508,615000,21.280000686645508
2019-05-29,21.239999771118164,20.899999618530273,21.200000762939453,21.010000228881836,834200,21.010000228881836
2019-05-30,21.15999984741211,20.81999969482422,21.0,21.030000686645508,624600,21.030000686645508
2019-05-31,21.270000457763672,20.860000610351562,20.860000610351562,21.219999313354492,897000,21.219999313354492
2019-06-03,21.725000381469727,21.229999542236328,21.260000228881836,21.579999923706055,1037000,21.579999923706055
2019-06-04,21.809999465942383,21.309999465942383,21.709999084472656,21.399999618530273,1183200,21.399999618530273
2019-06-05,21.604999542236328,21.25,21.520000457763672,21.309999465942383,681800,21.309999465942383
2019-06-06,21.399999618530273,21.1200008392334,21.350000381469727,21.290000915527344,655400,21.290000915527344
2019-06-07,21.530000686645508,20.899999618530273,21.350000381469727,20.920000076293945,815900,20.920000076293945
2019-06-10,21.21500015258789,20.81999969482422,20.889999389648438,20.920000076293945,511900,20.920000076293945
2019-06-11,21.1200008392334,20.674999237060547,21.059999465942383,20.709999084472656,673400,20.709999084472656
2019-06-12,20.850000381469727,20.579999923706055,20.799999237060547,20.6299991607666,611300,20.6299991607666
2019-06-13,20.665000915527344,20.100000381469727,20.59000015258789,20.149999618530273,1439600,20.149999618530273
2019-06-14,20.7549991607666,20.100000381469727,20.100000381469727,20.739999771118164,2273300,20.739999771118164
2019-06-17,21.020000457763672,20.700000762939453,20.809999465942383,20.889999389648438,940100,20.889999389648438
2019-06-18,21.030000686645508,20.270000457763672,20.860000610351562,20.309999465942383,696100,20.309999465942383
2019-06-19,20.3700008392334,20.0,20.329999923706055,20.31999969482422,744200,20.31999969482422
2019-06-20,20.760000228881836,20.229999542236328,20.760000228881836,20.670000076293945,1168500,20.670000076293945
2019-06-21,20.594999313354492,20.299999237060547,20.549999237060547,20.479999542236328,1072300,20.479999542236328
2019-06-24,20.75,20.43000030517578,20.489999771118164,20.559999465942383,923400,20.559999465942383
2019-06-25,20.81999969482422,20.559999465942383,20.649999618530273,20.579999923706055,799500,20.579999923706055
2019-06-26,20.6200008392334,20.219999313354492,20.510000228881836,20.34000015258789,1231300,20.34000015258789
2019-06-27,20.809999465942383,20.3700008392334,20.520000457763672,20.75,1450500,20.75
2019-06-28,21.3799991607666,20.729999542236328,20.75,21.360000610351562,1451800,21.360000610351562
2019-07-01,21.780000686645508,21.290000915527344,21.3700008392334,21.68000030517578,952200,21.68000030517578
2019-07-02,21.940000534057617,21.709999084472656,21.770000457763672,21.8700008392334,592600,21.8700008392334
2019-07-03,22.09000015258789,21.719999313354492,21.84000015258789,21.959999084472656,478400,21.959999084472656
2019-07-05,22.239999771118164,21.770000457763672,21.899999618530273,22.1299991607666,449900,22.1299991607666
2019-07-08,22.280000686645508,21.979999542236328,22.15999984741211,22.100000381469727,562300,22.100000381469727
2019-07-09,22.1299991607666,21.899999618530273,22.100000381469727,22.049999237060547,653000,22.049999237060547
2019-07-10,22.260000228881836,21.979999542236328,22.149999618530273,22.149999618530273,688800,22.149999618530273
2019-07-11,22.360000610351562,21.920000076293945,22.15999984741211,22.030000686645508,985300,22.030000686645508
2019-07-12,22.579999923706055,21.969999313354492,22.010000228881836,22.510000228881836,1117800,22.510000228881836
2019-07-15,22.6299991607666,22.260000228881836,22.510000228881836,22.329999923706055,972200,22.329999923706055
2019-07-16,22.350000381469727,22.135000228881836,22.280000686645508,22.149999618530273,300800,22.149999618530273
2019-07-17,22.360000610351562,21.969999313354492,22.25,22.239999771118164,525000,22.239999771118164
2019-07-18,22.81999969482422,22.18000030517578,22.309999465942383,22.75,892600,22.75
2019-07-19,22.969999313354492,22.729999542236328,22.780000686645508,22.729999542236328,861600,22.729999542236328
2019-07-22,22.899999618530273,22.5,22.770000457763672,22.530000686645508,608400,22.530000686645508
2019-07-23,22.655000686645508,22.3700008392334,22.559999465942383,22.6299991607666,803900,22.6299991607666
2019-07-24,22.93000030517578,22.6200008392334,22.6200008392334,22.860000610351562,964600,22.860000610351562
2019-07-25,23.059999465942383,22.579999923706055,22.860000610351562,22.75,1034500,22.75
2019-07-26,22.799999237060547,22.489999771118164,22.799999237060547,22.56999969482422,1064000,22.56999969482422
2019-07-29,22.71500015258789,22.469999313354492,22.540000915527344,22.670000076293945,665400,22.670000076293945
2019-07-30,22.81999969482422,22.3700008392334,22.610000610351562,22.81999969482422,1046400,22.81999969482422
2019-07-31,22.84000015258789,22.110000610351562,22.84000015258789,22.270000457763672,895900,22.270000457763672
2019-08-01,22.6299991607666,22.1299991607666,22.260000228881836,22.18000030517578,1262200,22.18000030517578
2019-08-02,22.334999084472656,22.1200008392334,22.209999084472656,22.260000228881836,805900,22.260000228881836
2019-08-05,22.110000610351562,21.420000076293945,22.040000915527344,21.65999984741211,888900,21.65999984741211
2019-08-06,21.81999969482422,21.450000762939453,21.65999984741211,21.549999237060547,612100,21.549999237060547
2019-08-07,22.239999771118164,21.149999618530273,21.399999618530273,21.940000534057617,1537900,21.940000534057617
2019-08-08,22.690000534057617,21.469999313354492,22.6299991607666,22.049999237060547,1542400,22.049999237060547
2019-08-09,22.049999237060547,21.219999313354492,22.049999237060547,21.290000915527344,835200,21.290000915527344
2019-08-12,21.309999465942383,20.59000015258789,21.229999542236328,20.700000762939453,577300,20.700000762939453
2019-08-13,20.760000228881836,20.110000610351562,20.56999969482422,20.31999969482422,1925200,20.31999969482422
2019-08-14,20.200000762939453,19.8799991607666,20.110000610351562,20.0,831400,20.0
2019-08-15,20.71500015258789,20.03499984741211,20.059999465942383,20.600000381469727,1139100,20.600000381469727
2019-08-16,21.059999465942383,20.600000381469727,20.600000381469727,20.950000762939453,1106900,20.950000762939453
2019-08-19,21.059999465942383,20.68000030517578,21.059999465942383,20.719999313354492,1124400,20.719999313354492
2019-08-20,20.770000457763672,20.329999923706055,20.700000762939453,20.329999923706055,684900,20.329999923706055
2019-08-21,20.520000457763672,20.350000381469727,20.420000076293945,20.40999984741211,705500,20.40999984741211
2019-08-22,20.700000762939453,20.389999389648438,20.450000762939453,20.56999969482422,827800,20.56999969482422
2019-08-23,20.704999923706055,20.389999389648438,20.540000915527344,20.440000534057617,562500,20.440000534057617
2019-08-26,20.6299991607666,20.3799991607666,20.520000457763672,20.459999084472656,462700,20.459999084472656
2019-08-27,20.549999237060547,20.270000457763672,20.459999084472656,20.489999771118164,668100,20.489999771118164
2019-08-28,20.475000381469727,19.989999771118164,20.40999984741211,20.040000915527344,1503400,20.040000915527344
2019-08-29,20.290000915527344,20.110000610351562,20.15999984741211,20.149999618530273,1153800,20.149999618530273
2019-08-30,20.280000686645508,20.0,20.1299991607666,20.149999618530273,513200,20.149999618530273
2019-09-03,20.139999389648438,19.56999969482422,20.100000381469727,19.770000457763672,1117700,19.770000457763672
2019-09-04,20.34000015258789,19.899999618530273,19.989999771118164,20.329999923706055,935100,20.329999923706055
2019-09-05,20.690000534057617,20.219999313354492,20.420000076293945,20.549999237060547,942800,20.549999237060547
2019-09-06,20.93000030517578,20.479999542236328,20.65999984741211,20.719999313354492,980900,20.719999313354492
2019-09-09,20.8799991607666,20.510000228881836,20.670000076293945,20.649999618530273,516000,20.649999618530273
2019-09-10,20.649999618530273,20.360000610351562,20.649999618530273,20.43000030517578,576700,20.43000030517578
2019-09-11,21.149999618530273,20.31999969482422,20.360000610351562,20.950000762939453,1076600,20.950000762939453
2019-09-12,21.0,20.75,20.989999771118164,20.790000915527344,811300,20.790000915527344
2019-09-13,21.239999771118164,20.700000762939453,20.760000228881836,21.110000610351562,905500,21.110000610351562
2019-09-16,21.350000381469727,20.899999618530273,21.040000915527344,21.15999984741211,1040100,21.15999984741211
2019-09-17,21.59000015258789,21.084999084472656,21.1200008392334,21.3700008392334,866700,21.3700008392334
2019-09-18,21.46500015258789,20.469999313354492,21.399999618530273,20.799999237060547,817700,20.799999237060547
2019-09-19,20.889999389648438,20.594999313354492,20.760000228881836,20.6200008392334,701800,20.6200008392334
2019-09-20,20.899999618530273,20.579999923706055,20.579999923706055,20.760000228881836,636400,20.760000228881836
2019-09-23,21.100000381469727,20.709999084472656,20.709999084472656,21.079999923706055,861300,21.079999923706055
2019-09-24,21.170000076293945,20.68000030517578,21.079999923706055,20.760000228881836,795100,20.760000228881836
2019-09-25,20.799999237060547,20.209999084472656,20.700000762939453,20.290000915527344,697600,20.290000915527344
2019-09-26,20.65999984741211,20.309999465942383,20.40999984741211,20.530000686645508,871400,20.530000686645508
2019-09-27,20.649999618530273,19.969999313354492,20.6200008392334,20.110000610351562,1059900,20.110000610351562
2019-09-30,20.610000610351562,20.1200008392334,20.149999618530273,20.5,740500,20.5
2019-10-01,20.59000015258789,20.25,20.510000228881836,20.510000228881836,849500,20.510000228881836
2019-10-02,20.59000015258789,20.09000015258789,20.5,20.5,1190800,20.5
2019-10-03,20.709999084472656,20.170000076293945,20.450000762939453,20.579999923706055,1264900,20.579999923706055
2019-10-04,20.75,20.34000015258789,20.639999389648438,20.420000076293945,1821900,20.420000076293945
2019-10-07,20.34000015258789,19.934999465942383,20.34000015258789,20.06999969482422,1010800,20.06999969482422
2019-10-08,20.145000457763672,19.479999542236328,19.969999313354492,19.799999237060547,1851100,19.799999237060547
2019-10-09,20.145000457763672,19.84000015258789,19.84000015258789,20.049999237060547,1314200,20.049999237060547
2019-10-10,20.100000381469727,19.6200008392334,19.989999771118164,19.6299991607666,1374800,19.6299991607666
2019-10-11,20.389999389648438,19.520000457763672,19.700000762939453,20.280000686645508,1274500,20.280000686645508
2019-10-14,20.40999984741211,19.6299991607666,20.290000915527344,19.670000076293945,592200,19.670000076293945
2019-10-15,19.760000228881836,19.264999389648438,19.6200008392334,19.290000915527344,1255700,19.290000915527344
2019-10-16,19.75,18.950000762939453,19.290000915527344,19.200000762939453,1025600,19.200000762939453
2019-10-17,19.604999542236328,19.200000762939453,19.280000686645508,19.549999237060547,1260000,19.549999237060547
2019-10-18,19.84000015258789,19.5,19.579999923706055,19.600000381469727,828600,19.600000381469727
2019-10-21,19.700000762939453,19.299999237060547,19.639999389648438,19.360000610351562,858200,19.360000610351562
2019-10-22,19.360000610351562,18.719999313354492,19.360000610351562,18.739999771118164,1845000,18.739999771118164
2019-10-23,19.014999389648438,18.59000015258789,18.780000686645508,18.889999389648438,908700,18.889999389648438
2019-10-24,19.200000762939453,18.790000915527344,18.950000762939453,19.190000534057617,1139500,19.190000534057617
2019-10-25,19.225000381469727,18.889999389648438,19.1299991607666,19.110000610351562,887600,19.110000610351562
2019-10-28,19.440000534057617,19.1299991607666,19.170000076293945,19.200000762939453,827800,19.200000762939453
2019-10-29,19.399999618530273,19.100000381469727,19.149999618530273,19.329999923706055,991500,19.329999923706055
2019-10-30,19.489999771118164,19.1200008392334,19.399999618530273,19.170000076293945,790800,19.170000076293945
2019-10-31,19.524999618530273,19.1200008392334,19.190000534057617,19.510000228881836,983900,19.510000228881836
2019-11-01,20.579999923706055,19.56999969482422,19.68000030517578,19.959999084472656,1883500,19.959999084472656
2019-11-04,20.1200008392334,19.899999618530273,19.950000762939453,20.030000686645508,763300,20.030000686645508
2019-11-05,20.145000457763672,19.479999542236328,20.030000686645508,19.540000915527344,878100,19.540000915527344
2019-11-06,19.6200008392334,19.235000610351562,19.469999313354492,19.469999313354492,2039100,19.469999313354492
2019-11-07,20.68000030517578,19.049999237060547,19.399999618530273,19.799999237060547,1539100,19.799999237060547
2019-11-08,20.40999984741211,19.760000228881836,19.780000686645508,20.329999923706055,1531300,20.329999923706055
2019-11-11,20.389999389648438,20.09000015258789,20.309999465942383,20.200000762939453,1175900,20.200000762939453
2019-11-12,20.309999465942383,19.8799991607666,20.219999313354492,19.920000076293945,833500,19.920000076293945
2019-11-13,20.329999923706055,19.834999084472656,19.899999618530273,20.270000457763672,1055700,20.270000457763672
2019-11-14,20.600000381469727,20.165000915527344,20.299999237060547,20.459999084472656,728400,20.459999084472656
2019-11-15,20.540000915527344,20.21500015258789,20.520000457763672,20.530000686645508,669600,20.530000686645508
2019-11-18,20.655000686645508,20.459999084472656,20.489999771118164,20.610000610351562,696000,20.610000610351562
2019-11-19,20.6299991607666,20.229999542236328,20.559999465942383,20.559999465942383,952000,20.559999465942383
2019-11-20,20.920000076293945,20.3700008392334,20.5,20.719999313354492,719900,20.719999313354492
2019-11-21,20.850000381469727,20.399999618530273,20.729999542236328,20.600000381469727,1467400,20.600000381469727
2019-11-22,20.809999465942383,20.559999465942383,20.649999618530273,20.780000686645508,1050600,20.780000686645508
2019-11-25,20.899999618530273,20.6200008392334,20.739999771118164,20.670000076293945,722100,20.670000076293945
2019-11-26,20.940000534057617,20.56999969482422,20.700000762939453,20.809999465942383,1096200,20.809999465942383
2019-11-27,21.059999465942383,20.829999923706055,20.850000381469727,20.959999084472656,264700,20.959999084472656
2019-11-29,21.1200008392334,20.875,20.93000030517578,21.0,605000,21.0
2019-12-02,20.96500015258789,20.6200008392334,20.95800018310547,20.649999618530273,531200,20.649999618530273
2019-12-03,20.93000030517578,20.270000457763672,20.530000686645508,20.790000915527344,936500,20.790000915527344
2019-12-04,20.93000030517578,20.489999771118164,20.790000915527344,20.809999465942383,556800,20.809999465942383
2019-12-05,20.8700008392334,20.65999984741211,20.8700008392334,20.700000762939453,776800,20.700000762939453
2019-12-06,20.809999465942383,20.6200008392334,20.739999771118164,20.709999084472656,421900,20.709999084472656
2019-12-09,20.809999465942383,20.6200008392334,20.739999771118164,20.68000030517578,403500,20.68000030517578
2019-12-10,20.775999069213867,20.59000015258789,20.719999313354492,20.649999618530273,318700,20.649999618530273
2019-12-11,20.719999313354492,20.520000457763672,20.670000076293945,20.530000686645508,412200,20.530000686645508
2019-12-12,20.670000076293945,20.010000228881836,20.549999237060547,20.1200008392334,1112400,20.1200008392334
2019-12-13,20.700000762939453,20.1200008392334,20.18000030517578,20.6299991607666,1169300,20.6299991607666
2019-12-16,21.299999237060547,20.68000030517578,20.790000915527344,21.1200008392334,908400,21.1200008392334
2019-12-17,21.280000686645508,20.920000076293945,21.18000030517578,21.229999542236328,527700,21.229999542236328
2019-12-18,21.520000457763672,21.200000762939453,21.229999542236328,21.489999771118164,938200,21.489999771118164
2019-12-19,21.84000015258789,21.520000457763672,21.56999969482422,21.68000030517578,1157000,21.68000030517578
2019-12-20,21.850000381469727,21.625,21.700000762939453,21.690000534057617,727800,21.690000534057617
2019-12-23,21.799999237060547,21.40999984741211,21.729999542236328,21.59000015258789,597600,21.59000015258789
2019-12-24,21.674999237060547,21.459999084472656,21.600000381469727,21.649999618530273,121000,21.649999618530273
2019-12-26,21.809999465942383,21.559999465942383,21.649999618530273,21.75,514900,21.75
2019-12-27,21.979999542236328,21.709999084472656,21.760000228881836,21.969999313354492,460600,21.969999313354492
2019-12-30,22.149999618530273,21.899999618530273,21.950000762939453,22.079999923706055,522200,22.079999923706055
2019-12-31,22.46500015258789,21.90999984741211,22.030000686645508,22.3700008392334,935200,22.3700008392334
2020-01-02,22.59000015258789,22.079999923706055,22.440000534057617,22.209999084472656,1291100,22.209999084472656
2020-01-03,22.3700008392334,21.90999984741211,22.049999237060547,22.25,616200,22.25
2020-01-06,22.170000076293945,21.829999923706055,22.170000076293945,21.989999771118164,542700,21.989999771118164
2020-01-07,22.059999465942383,21.709999084472656,21.940000534057617,21.809999465942383,396100,21.809999465942383
2020-01-08,22.020000457763672,21.65999984741211,21.899999618530273,21.889999389648438,730100,21.889999389648438
2020-01-09,22.0,21.729999542236328,21.8700008392334,21.75,755900,21.75
2020-01-10,21.8700008392334,21.3700008392334,21.829999923706055,21.399999618530273,2215900,21.399999618530273
2020-01-13,21.610000610351562,21.25,21.530000686645508,21.270000457763672,868100,21.270000457763672
2020-01-14,21.239999771118164,20.790000915527344,21.229999542236328,20.959999084472656,787300,20.959999084472656
2020-01-15,21.260000228881836,20.469999313354492,20.799999237060547,20.829999923706055,1518600,20.829999923706055
2020-01-16,21.110000610351562,20.770000457763672,20.920000076293945,20.780000686645508,1290500,20.780000686645508
2020-01-17,20.940000534057617,20.700000762939453,20.809999465942383,20.770000457763672,1816900,20.770000457763672
2020-01-21,20.700000762939453,20.299999237060547,20.700000762939453,20.559999465942383,920500,20.559999465942383
2020-01-22,20.719999313354492,20.350000381469727,20.56999969482422,20.579999923706055,1028700,20.579999923706055
2020-01-23,21.190000534057617,20.600000381469727,20.899999618530273,21.1299991607666,570400,21.1299991607666
2020-01-24,21.299999237060547,20.639999389648438,21.1299991607666,20.670000076293945,680600,20.670000076293945
2020-01-27,20.579999923706055,20.329999923706055,20.479999542236328,20.34000015258789,631300,20.34000015258789
2020-01-28,20.639999389648438,20.239999771118164,20.34000015258789,20.600000381469727,783400,20.600000381469727
2020-01-29,20.700000762939453,20.510000228881836,20.700000762939453,20.559999465942383,915400,20.559999465942383
2020-01-30,20.700000762939453,20.239999771118164,20.459999084472656,20.389999389648438,522300,20.389999389648438
2020-01-31,20.510000228881836,20.18000030517578,20.389999389648438,20.18000030517578,614600,20.18000030517578
2020-02-03,20.309999465942383,19.84000015258789,20.219999313354492,20.18000030517578,1079200,20.18000030517578
2020-02-04,20.739999771118164,20.31999969482422,20.31999969482422,20.540000915527344,810300,20.540000915527344
2020-02-05,20.690000534057617,20.149999618530273,20.639999389648438,20.200000762939453,484900,20.200000762939453
2020-02-06,20.257999420166016,19.94499969482422,20.190000534057617,19.989999771118164,640000,19.989999771118164
2020-02-07,20.0,19.78499984741211,20.0,19.860000610351562,669700,19.860000610351562
2020-02-10,19.90999984741211,19.6200008392334,19.829999923706055,19.770000457763672,534000,19.770000457763672
2020-02-11,20.209999084472656,19.770000457763672,19.809999465942383,20.040000915527344,980600,20.040000915527344
2020-02-12,20.260000228881836,19.8799991607666,20.100000381469727,20.149999618530273,1215800,20.149999618530273
2020-02-13,20.260000228881836,19.924999237060547,20.09000015258789,20.149999618530273,670900,20.149999618530273
2020-02-14,20.325000762939453,20.020000457763672,20.200000762939453,20.079999923706055,809800,20.079999923706055
2020-02-18,20.2450008392334,19.940000534057617,20.030000686645508,20.1200008392334,912900,20.1200008392334
2020-02-19,20.15999984741211,19.170000076293945,19.5,19.959999084472656,1378900,19.959999084472656
2020-02-20,20.149999618530273,19.75,19.979999542236328,20.030000686645508,2563200,20.030000686645508
2020-02-21,20.03499984741211,19.459999084472656,19.959999084472656,19.459999084472656,918600,19.459999084472656
2020-02-24,19.6299991607666,18.950000762939453,19.1200008392334,19.530000686645508,1510800,19.530000686645508
2020-02-25,19.739999771118164,18.520000457763672,19.579999923706055,18.549999237060547,1650100,18.549999237060547
2020-02-26,18.899999618530273,18.309999465942383,18.3799991607666,18.760000228881836,1806900,18.760000228881836
2020-02-27,18.8799991607666,17.950000762939453,18.59000015258789,18.3700008392334,2125100,18.3700008392334
2020-02-28,18.479999542236328,17.440000534057617,17.920000076293945,18.459999084472656,2015300,18.459999084472656
2020-03-02,19.43000030517578,18.270000457763672,18.40999984741211,19.40999984741211,1720800,19.40999984741211
2020-03-03,19.979999542236328,19.15999984741211,19.40999984741211,19.65999984741211,1696600,19.65999984741211
2020-03-04,20.239999771118164,19.454999923706055,19.950000762939453,20.229999542236328,1077500,20.229999542236328
2020-03-05,20.079999923706055,19.690000534057617,19.889999389648438,19.979999542236328,1058500,19.979999542236328
2020-03-06,19.75,19.110000610351562,19.540000915527344,19.530000686645508,946400,19.530000686645508
2020-03-09,19.049999237060547,18.209999084472656,18.6299991607666,18.510000228881836,1210100,18.510000228881836
2020-03-10,19.020000457763672,18.079999923706055,18.940000534057617,18.65999984741211,747500,18.65999984741211
2020-03-11,18.43000030517578,17.510000228881836,18.25,17.889999389648438,1535300,17.889999389648438
2020-03-12,17.299999237060547,15.520000457763672,16.84000015258789,15.579999923706055,2146400,15.579999923706055
2020-03-13,17.639999389648438,14.619999885559082,16.229999542236328,17.639999389648438,2775100,17.639999389648438
2020-03-16,18.65999984741211,15.979999542236328,15.979999542236328,17.200000762939453,2166900,17.200000762939453
2020-03-17,18.690000534057617,16.34000015258789,17.3700008392334,16.649999618530273,2928600,16.649999618530273
2020-03-18,16.770000457763672,15.109999656677246,15.869999885559082,15.420000076293945,2183600,15.420000076293945
2020-03-19,16.100000381469727,14.079999923706055,15.510000228881836,15.84000015258789,3215900,15.84000015258789
2020-03-20,17.360000610351562,15.75,15.75,16.649999618530273,2366800,16.649999618530273
2020-03-23,17.030000686645508,16.239999771118164,16.729999542236328,16.3799991607666,3635900,16.3799991607666
2020-03-24,17.81999969482422,16.079999923706055,16.889999389648438,16.6200008392334,2270900,16.6200008392334
2020-03-25,16.989999771118164,16.1299991607666,16.600000381469727,16.489999771118164,2486300,16.489999771118164
2020-03-26,17.354999542236328,16.415000915527344,16.469999313354492,16.899999618530273,2726400,16.899999618530273
2020-03-27,18.040000915527344,16.260000228881836,16.5,17.600000381469727,2091900,17.600000381469727
2020-03-30,18.079999923706055,17.329999923706055,17.780000686645508,17.690000534057617,1299400,17.690000534057617
2020-03-31,18.809999465942383,17.75,17.799999237060547,18.559999465942383,1565300,18.559999465942383
2020-04-01,18.6200008392334,17.850000381469727,18.450000762939453,18.3799991607666,1598300,18.3799991607666
2020-04-02,19.09000015258789,18.219999313354492,18.25,19.079999923706055,1096400,19.079999923706055
2020-04-03,19.229999542236328,18.520000457763672,18.950000762939453,18.940000534057617,967100,18.940000534057617
2020-04-06,19.40999984741211,18.65999984741211,19.06999969482422,18.829999923706055,787300,18.829999923706055
2020-04-07,19.290000915527344,18.520000457763672,18.829999923706055,18.780000686645508,1683100,18.780000686645508
2020-04-08,19.280000686645508,18.600000381469727,18.940000534057617,19.0,904300,19.0
2020-04-09,19.270000457763672,18.860000610351562,19.0,18.979999542236328,1092000,18.979999542236328
2020-04-13,19.33300018310547,18.739999771118164,18.90999984741211,19.1299991607666,835500,19.1299991607666
2020-04-14,19.459999084472656,18.950000762939453,19.110000610351562,19.18000030517578,933900,19.18000030517578
2020-04-15,19.329999923706055,18.635000228881836,19.0,19.170000076293945,1236400,19.170000076293945
2020-04-16,19.760000228881836,19.084999084472656,19.219999313354492,19.610000610351562,976600,19.610000610351562
2020-04-17,20.389999389648438,19.549999237060547,19.739999771118164,20.329999923706055,2404000,20.329999923706055
2020-04-20,20.899999618530273,20.149999618530273,20.31999969482422,20.579999923706055,1930500,20.579999923706055
2020-04-21,20.760000228881836,20.190000534057617,20.420000076293945,20.719999313354492,1495500,20.719999313354492
2020-04-22,21.209999084472656,20.7549991607666,20.889999389648438,20.81999969482422,2065300,20.81999969482422
2020-04-23,21.06999969482422,20.450000762939453,20.739999771118164,20.75,1976000,20.75
2020-04-24,21.049999237060547,20.579999923706055,20.950000762939453,20.920000076293945,1032000,20.920000076293945
2020-04-27,21.200000762939453,20.649999618530273,21.149999618530273,20.790000915527344,1872300,20.790000915527344
2020-04-28,21.059999465942383,20.530000686645508,20.799999237060547,20.700000762939453,1537300,20.700000762939453
2020-04-29,21.170000076293945,20.610000610351562,20.610000610351562,20.899999618530273,1173400,20.899999618530273
2020-04-30,20.950000762939453,20.44499969482422,20.950000762939453,20.610000610351562,3192500,20.610000610351562
2020-05-01,21.280000686645508,20.469999313354492,20.469999313354492,21.170000076293945,941000,21.170000076293945
2020-05-04,21.18000030517578,20.469999313354492,21.18000030517578,20.65999984741211,1204900,20.65999984741211
2020-05-05,21.170000076293945,20.219999313354492,20.68000030517578,20.25,1285500,20.25
2020-05-06,21.43000030517578,20.219999313354492,20.3700008392334,20.719999313354492,1951200,20.719999313354492
2020-05-07,21.045000076293945,19.75,20.899999618530273,20.649999618530273,3375100,20.649999618530273
2020-05-08,21.81999969482422,20.690000534057617,20.84000015258789,21.649999618530273,1736700,21.649999618530273
2020-05-11,22.219999313354492,21.610000610351562,21.700000762939453,22.190000534057617,1654500,22.190000534057617
2020-05-12,22.937999725341797,21.899999618530273,22.270000457763672,22.309999465942383,1769200,22.309999465942383
2020-05-13,22.81999969482422,21.979999542236328,22.3700008392334,22.350000381469727,1319200,22.350000381469727
2020-05-14,22.479999542236328,21.8700008392334,22.280000686645508,22.0,1951300,22.0
2020-05-15,22.34000015258789,21.8700008392334,21.979999542236328,22.0,1358400,22.0
2020-05-18,22.23200035095215,21.735000610351562,22.1200008392334,21.829999923706055,1665900,21.829999923706055
2020-05-19,21.959999084472656,21.440000534057617,21.809999465942383,21.440000534057617,781000,21.440000534057617
2020-05-20,21.8799991607666,21.270000457763672,21.739999771118164,21.610000610351562,1993300,21.610000610351562
2020-05-21,21.719999313354492,21.110000610351562,21.610000610351562,21.40999984741211,913600,21.40999984741211
2020-05-22,21.3799991607666,21.139999389648438,21.309999465942383,21.280000686645508,716600,21.280000686645508
2020-05-26,21.597000122070312,20.899999618530273,21.450000762939453,20.899999618530273,1454300,20.899999618530273
2020-05-27,21.299999237060547,20.209999084472656,20.8700008392334,21.290000915527344,1594500,21.290000915527344
2020-05-28,21.479999542236328,20.8700008392334,21.299999237060547,21.1200008392334,1261500,21.1200008392334
2020-05-29,21.260000228881836,20.90999984741211,21.0,21.18000030517578,1034200,21.18000030517578
2020-06-01,21.790000915527344,21.1200008392334,21.18000030517578,21.610000610351562,1040000,21.610000610351562
2020-06-02,21.65999984741211,21.149999618530273,21.549999237060547,21.260000228881836,1067200,21.260000228881836
2020-06-03,21.56999969482422,20.985000610351562,21.350000381469727,21.299999237060547,1599000,21.299999237060547
2020-06-04,21.81999969482422,21.030000686645508,21.219999313354492,21.079999923706055,1344700,21.079999923706055
2020-06-05,21.43000030517578,20.559999465942383,21.15999984741211,20.6200008392334,1949400,20.6200008392334
2020-06-08,21.510000228881836,20.579999923706055,20.600000381469727,21.3700008392334,888400,21.3700008392334
2020-06-09,21.399999618530273,20.829999923706055,21.360000610351562,21.040000915527344,830100,21.040000915527344
2020-06-10,21.540000915527344,20.760000228881836,21.360000610351562,21.290000915527344,1889700,21.290000915527344
2020-06-11,21.530000686645508,20.8700008392334,21.079999923706055,20.889999389648438,1202100,20.889999389648438
2020-06-12,21.299999237060547,20.764999389648438,21.110000610351562,21.079999923706055,1115300,21.079999923706055
2020-06-15,21.530000686645508,20.729999542236328,20.959999084472656,21.520000457763672,773600,21.520000457763672
2020-06-16,21.860000610351562,21.43000030517578,21.780000686645508,21.6200008392334,630500,21.6200008392334
2020-06-17,22.100000381469727,21.530000686645508,21.729999542236328,21.780000686645508,722100,21.780000686645508
2020-06-18,21.93000030517578,21.450000762939453,21.75,21.6299991607666,512200,21.6299991607666
2020-06-19,22.1200008392334,21.760000228881836,22.010000228881836,21.93000030517578,1018800,21.93000030517578
2020-06-22,22.110000610351562,21.600000381469727,22.020000457763672,21.670000076293945,508400,21.670000076293945
2020-06-23,21.90999984741211,21.600000381469727,21.760000228881836,21.610000610351562,872900,21.610000610351562
2020-06-24,21.65999984741211,20.90999984741211,21.469999313354492,21.389999389648438,1102700,21.389999389648438
2020-06-25,21.540000915527344,21.170000076293945,21.399999618530273,21.3700008392334,792400,21.3700008392334
2020-06-26,21.43899917602539,20.875,21.389999389648438,20.959999084472656,733900,20.959999084472656
2020-06-29,21.18000030517578,20.719999313354492,20.950000762939453,21.06999969482422,1493200,21.06999969482422
2020-06-30,21.459999084472656,21.079999923706055,21.170000076293945,21.450000762939453,808500,21.450000762939453
2020-07-01,21.690000534057617,21.219999313354492,21.40999984741211,21.299999237060547,553100,21.299999237060547
2020-07-02,21.420000076293945,21.1299991607666,21.31999969482422,21.260000228881836,555900,21.260000228881836
2020-07-06,21.510000228881836,21.059999465942383,21.479999542236328,21.299999237060547,861900,21.299999237060547
2020-07-07,21.434999465942383,21.06999969482422,21.229999542236328,21.200000762939453,861200,21.200000762939453
2020-07-08,21.280000686645508,20.8700008392334,21.280000686645508,21.010000228881836,963500,21.010000228881836
2020-07-09,21.145000457763672,20.790000915527344,21.030000686645508,20.829999923706055,579000,20.829999923706055
2020-07-10,21.235000610351562,20.65999984741211,20.809999465942383,21.1299991607666,524900,21.1299991607666
2020-07-13,21.479999542236328,21.010000228881836,21.329999923706055,21.040000915527344,605000,21.040000915527344
2020-07-14,21.440000534057617,21.0,21.0,21.399999618530273,659800,21.399999618530273
2020-07-15,21.610000610351562,21.239999771118164,21.559999465942383,21.489999771118164,832600,21.489999771118164
2020-07-16,21.68000030517578,21.3700008392334,21.559999465942383,21.469999313354492,546200,21.469999313354492
2020-07-17,21.719999313354492,21.420000076293945,21.559999465942383,21.559999465942383,559300,21.559999465942383
2020-07-20,21.56999969482422,21.170000076293945,21.520000457763672,21.290000915527344,635900,21.290000915527344
2020-07-21,21.639999389648438,21.264999389648438,21.43000030517578,21.329999923706055,559300,21.329999923706055
2020-07-22,21.5049991607666,21.110000610351562,21.299999237060547,21.43000030517578,1473700,21.43000030517578
2020-07-23,21.93000030517578,21.450000762939453,21.520000457763672,21.729999542236328,695400,21.729999542236328
2020-07-24,21.81999969482422,21.520000457763672,21.729999542236328,21.75,668200,21.75
2020-07-27,22.15999984741211,21.600000381469727,21.65999984741211,22.110000610351562,526200,22.110000610351562
2020-07-28,22.5,21.959999084472656,22.0,22.3700008392334,770500,22.3700008392334
2020-07-29,22.770000457763672,22.149999618530273,22.459999084472656,22.6299991607666,983900,22.6299991607666
2020-07-30,22.885000228881836,22.290000915527344,22.43000030517578,22.780000686645508,1213400,22.780000686645508
2020-07-31,23.1200008392334,22.760000228881836,22.770000457763672,23.059999465942383,949000,23.059999465942383
2020-08-03,23.600000381469727,23.225000381469727,23.31999969482422,23.450000762939453,1136600,23.450000762939453
2020-08-04,23.860000610351562,23.399999618530273,23.780000686645508,23.479999542236328,1039900,23.479999542236328
2020-08-05,23.6299991607666,22.920000076293945,23.40999984741211,23.34000015258789,1550300,23.34000015258789
2020-08-06,25.0,24.0,24.940000534057617,24.559999465942383,2173100,24.559999465942383
2020-08-07,24.739999771118164,24.295000076293945,24.540000915527344,24.5,1732100,24.5
2020-08-10,24.59000015258789,24.139999389648438,24.549999237060547,24.149999618530273,1298800,24.149999618530273
2020-08-11,24.56999969482422,24.1200008392334,24.389999389648438,24.309999465942383,1599000,24.309999465942383
2020-08-12,24.719999313354492,24.34000015258789,24.649999618530273,24.459999084472656,715900,24.459999084472656
2020-08-13,24.645000457763672,24.329999923706055,24.450000762939453,24.450000762939453,976900,24.450000762939453
2020-08-14,24.58300018310547,24.25,24.389999389648438,24.299999237060547,697100,24.299999237060547
2020-08-17,24.559999465942383,24.100000381469727,24.25,24.489999771118164,887200,24.489999771118164
2020-08-18,24.989999771118164,24.459999084472656,24.5,24.90999984741211,1180000,24.90999984741211
2020-08-19,24.959999084472656,24.479999542236328,24.780000686645508,24.729999542236328,970900,24.729999542236328
2020-08-20,25.1299991607666,24.670000076293945,24.670000076293945,24.809999465942383,902700,24.809999465942383
2020-08-21,25.020000457763672,24.610000610351562,24.719999313354492,24.8700008392334,743800,24.8700008392334
2020-08-24,25.0,24.600000381469727,24.969999313354492,25.0,1147800,25.0
2020-08-25,25.139999389648438,24.841999053955078,25.079999923706055,24.959999084472656,614600,24.959999084472656
2020-08-26,25.239999771118164,24.850000381469727,25.010000228881836,24.860000610351562,689600,24.860000610351562
2020-08-27,25.040000915527344,24.610000610351562,24.90999984741211,24.850000381469727,1009000,24.850000381469727
2020-08-28,24.920000076293945,24.440000534057617,24.790000915527344,24.530000686645508,1232900,24.530000686645508
2020-08-31,24.81999969482422,24.260000228881836,24.469999313354492,24.65999984741211,1598400,24.65999984741211
2020-09-01,24.93000030517578,24.424999237060547,24.670000076293945,24.860000610351562,1909500,24.860000610351562
2020-09-02,25.079999923706055,24.6200008392334,24.84000015258789,24.829999923706055,2236800,24.829999923706055
2020-09-03,24.719999313354492,24.299999237060547,24.600000381469727,24.600000381469727,3397200,24.600000381469727
2020-09-04,24.969999313354492,24.56999969482422,24.649999618530273,24.899999618530273,2273600,24.899999618530273
2020-09-08,24.924999237060547,24.530000686645508,24.84000015258789,24.81999969482422,4275500,24.81999969482422
2020-09-09,25.25,24.700000762939453,24.899999618530273,24.899999618530273,4107500,24.899999618530273
2020-09-10,26.399999618530273,25.06999969482422,25.100000381469727,26.360000610351562,3105700,26.360000610351562
2020-09-11,26.389999389648438,25.6200008392334,26.239999771118164,25.6200008392334,1675300,25.6200008392334
2020-09-14,25.8700008392334,25.299999237060547,25.709999084472656,25.299999237060547,1922700,25.299999237060547
2020-09-15,25.84000015258789,25.200000762939453,25.450000762939453,25.450000762939453,1135800,25.450000762939453
2020-09-16,26.020000457763672,25.559999465942383,25.639999389648438,25.829999923706055,1424700,25.829999923706055
2020-09-17,26.1299991607666,25.299999237060547,25.639999389648438,26.1200008392334,1136200,26.1200008392334
2020-09-18,26.239999771118164,25.399999618530273,26.1200008392334,25.6200008392334,783500,25.6200008392334
2020-09-21,25.690000534057617,24.959999084472656,25.440000534057617,25.489999771118164,1566500,25.489999771118164
2020-09-22,25.68000030517578,25.2549991607666,25.459999084472656,25.290000915527344,830200,25.290000915527344
2020-09-23,25.389999389648438,24.700000762939453,25.309999465942383,24.709999084472656,917300,24.709999084472656
2020-09-24,25.145000457763672,24.469999313354492,24.649999618530273,24.850000381469727,1288000,24.850000381469727
2020-09-25,25.239999771118164,24.600000381469727,24.799999237060547,25.010000228881836,1339900,25.010000228881836
2020-09-28,25.239999771118164,24.829999923706055,25.1200008392334,25.100000381469727,1155500,25.100000381469727
2020-09-29,25.6299991607666,25.200000762939453,25.399999618530273,25.299999237060547,1239400,25.299999237060547
2020-09-30,25.530000686645508,25.09000015258789,25.25,25.479999542236328,1021900,25.479999542236328
2020-10-01,25.719999313354492,25.25,25.610000610351562,25.6299991607666,916200,25.6299991607666
2020-10-02,25.90999984741211,25.5049991607666,25.530000686645508,25.829999923706055,1092600,25.829999923706055
2020-10-05,26.1200008392334,25.68000030517578,25.860000610351562,26.049999237060547,1461900,26.049999237060547
2020-10-06,26.309999465942383,25.690000534057617,26.100000381469727,25.739999771118164,1267100,25.739999771118164
2020-10-07,25.809999465942383,25.420000076293945,25.739999771118164,25.719999313354492,1381100,25.719999313354492
2020-10-08,25.969999313354492,25.5,25.780000686645508,25.510000228881836,1159400,25.510000228881836
2020-10-09,25.889999389648438,25.43000030517578,25.68000030517578,25.579999923706055,768900,25.579999923706055
2020-10-12,26.40999984741211,25.579999923706055,25.610000610351562,26.1200008392334,1022500,26.1200008392334
2020-10-13,26.299999237060547,25.985000610351562,26.200000762939453,26.1299991607666,379200,26.1299991607666
2020-10-14,26.209999084472656,25.6299991607666,26.1200008392334,25.68000030517578,575000,25.68000030517578
2020-10-15,25.850000381469727,25.360000610351562,25.540000915527344,25.739999771118164,1035900,25.739999771118164
2020-10-16,25.979999542236328,25.610000610351562,25.760000228881836,25.6299991607666,457900,25.6299991607666
2020-10-19,25.75,25.329999923706055,25.6299991607666,25.3700008392334,568300,25.3700008392334
2020-10-20,25.56999969482422,25.299999237060547,25.420000076293945,25.309999465942383,921600,25.309999465942383
2020-10-21,25.479999542236328,25.149999618530273,25.280000686645508,25.190000534057617,1296400,25.190000534057617
2020-10-22,25.270000457763672,24.889999389648438,25.149999618530273,24.889999389648438,1392500,24.889999389648438
2020-10-23,25.299999237060547,24.8700008392334,24.899999618530273,25.200000762939453,1135500,25.200000762939453
2020-10-26,25.389999389648438,25.110000610351562,25.329999923706055,25.18000030517578,768800,25.18000030517578
2020-10-27,25.549999237060547,25.110000610351562,25.200000762939453,25.299999237060547,1313100,25.299999237060547
2020-10-28,25.25,24.5,25.149999618530273,24.540000915527344,1025600,24.540000915527344
2020-10-29,24.90999984741211,24.4060001373291,24.549999237060547,24.770000457763672,1245300,24.770000457763672
2020-10-30,24.719999313354492,24.020000457763672,24.639999389648438,24.25,1795500,24.25
2020-11-02,25.010000228881836,24.280000686645508,24.280000686645508,24.899999618530273,922300,24.899999618530273
2020-11-03,25.6299991607666,25.05500030517578,25.06999969482422,25.43000030517578,1012300,25.43000030517578
2020-11-04,25.979999542236328,25.360000610351562,25.469999313354492,25.639999389648438,1036800,25.639999389648438
2020-11-05,25.700000762939453,23.93000030517578,25.25,24.739999771118164,2740700,24.739999771118164
2020-11-06,25.25,24.34000015258789,24.940000534057617,24.489999771118164,1400300,24.489999771118164
2020-11-09,24.889999389648438,22.549999237060547,24.790000915527344,22.610000610351562,3190600,22.610000610351562
2020-11-10,23.520000457763672,22.440000534057617,22.489999771118164,23.06999969482422,1822500,23.06999969482422
2020-11-11,23.790000915527344,23.209999084472656,23.260000228881836,23.68000030517578,2538100,23.68000030517578
2020-11-12,23.899999618530273,23.350000381469727,23.700000762939453,23.530000686645508,921300,23.530000686645508
2020-11-13,23.770000457763672,23.364999771118164,23.600000381469727,23.40999984741211,1018500,23.40999984741211
2020-11-16,23.510000228881836,23.1299991607666,23.200000762939453,23.280000686645508,1194300,23.280000686645508
2020-11-17,23.719999313354492,23.18000030517578,23.280000686645508,23.5,1488900,23.5
2020-11-18,23.719999313354492,23.329999923706055,23.579999923706055,23.34000015258789,982500,23.34000015258789
2020-11-19,23.469999313354492,23.219999313354492,23.350000381469727,23.25,627200,23.25
2020-11-20,23.5,23.049999237060547,23.219999313354492,23.350000381469727,962500,23.350000381469727
2020-11-23,23.6200008392334,23.309999465942383,23.40999984741211,23.459999084472656,853700,23.459999084472656
2020-11-24,23.655000686645508,23.079999923706055,23.5,23.479999542236328,1510400,23.479999542236328
2020-11-25,23.700000762939453,23.31999969482422,23.579999923706055,23.399999618530273,692500,23.399999618530273
2020-11-27,23.75,23.389999389648438,23.420000076293945,23.579999923706055,413500,23.579999923706055
2020-11-30,24.18000030517578,23.59000015258789,23.6200008392334,24.149999618530273,1619400,24.149999618530273
2020-12-01,24.43000030517578,24.020000457763672,24.139999389648438,24.280000686645508,901400,24.280000686645508
2020-12-02,24.34000015258789,23.790000915527344,24.229999542236328,23.84000015258789,868600,23.84000015258789
2020-12-03,24.725000381469727,24.030000686645508,24.030000686645508,24.459999084472656,1198000,24.459999084472656
2020-12-04,24.68000030517578,24.15999984741211,24.5,24.309999465942383,714000,24.309999465942383
2020-12-07,24.489999771118164,24.100000381469727,24.31999969482422,24.31999969482422,480100,24.31999969482422
2020-12-08,25.489999771118164,24.440000534057617,24.899999618530273,25.389999389648438,1752700,25.389999389648438
2020-12-09,25.56999969482422,25.09000015258789,25.329999923706055,25.200000762939453,1337000,25.200000762939453
2020-12-10,25.350000381469727,25.024999618530273,25.100000381469727,25.049999237060547,935600,25.049999237060547
2020-12-11,25.299999237060547,25.020000457763672,25.1299991607666,25.020000457763672,1529300,25.020000457763672
2020-12-14,25.2450008392334,24.68000030517578,25.030000686645508,24.75,1569400,24.75
2020-12-15,25.139999389648438,24.610000610351562,24.850000381469727,24.65999984741211,1464400,24.65999984741211
2020-12-16,24.985000610351562,24.65999984741211,24.65999984741211,24.790000915527344,1391600,24.790000915527344
2020-12-17,25.270000457763672,24.940000534057617,25.010000228881836,25.079999923706055,794800,25.079999923706055
2020-12-18,25.399999618530273,25.079999923706055,25.079999923706055,25.209999084472656,909700,25.209999084472656
2020-12-21,25.06999969482422,24.6299991607666,24.889999389648438,25.06999969482422,1573900,25.06999969482422
2020-12-22,25.420000076293945,24.969999313354492,24.969999313354492,25.190000534057617,902500,25.190000534057617
2020-12-23,25.479999542236328,25.209999084472656,25.270000457763672,25.219999313354492,790700,25.219999313354492
2020-12-24,25.329999923706055,25.079999923706055,25.1299991607666,25.170000076293945,434900,25.170000076293945
2020-12-28,25.549999237060547,25.149999618530273,25.280000686645508,25.520000457763672,1371000,25.520000457763672
2020-12-29,25.780000686645508,25.19499969482422,25.59000015258789,25.229999542236328,730300,25.229999542236328
2020-12-30,25.309999465942383,25.049999237060547,25.170000076293945,25.06999969482422,949900,25.06999969482422
2020-12-31,25.510000228881836,25.0,25.110000610351562,25.420000076293945,986500,25.420000076293945
2021-01-04,25.520000457763672,25.1299991607666,25.510000228881836,25.399999618530273,560100,25.399999618530273
2021-01-05,25.850000381469727,25.290000915527344,25.3799991607666,25.579999923706055,691900,25.579999923706055
2021-01-06,25.950000762939453,24.899999618530273,25.510000228881836,25.020000457763672,940600,25.020000457763672
2021-01-07,25.420000076293945,24.979999542236328,25.030000686645508,25.06999969482422,752900,25.06999969482422
2021-01-08,25.489999771118164,24.799999237060547,25.1299991607666,25.479999542236328,1186800,25.479999542236328
2021-01-11,25.700000762939453,25.110000610351562,25.420000076293945,25.450000762939453,1064600,25.450000762939453
2021-01-12,25.649999618530273,25.0,25.450000762939453,25.25,976900,25.25
2021-01-13,25.489999771118164,25.020000457763672,25.219999313354492,25.040000915527344,1008400,25.040000915527344
2021-01-14,25.739999771118164,25.030000686645508,25.1200008392334,25.610000610351562,740500,25.610000610351562
2021-01-15,25.860000610351562,25.290000915527344,25.649999618530273,25.399999618530273,783900,25.399999618530273
2021-01-19,25.790000915527344,25.280000686645508,25.549999237060547,25.6299991607666,724200,25.6299991607666
2021-01-20,25.8799991607666,25.440000534057617,25.600000381469727,25.760000228881836,607400,25.760000228881836
2021-01-21,25.90999984741211,25.459999084472656,25.8799991607666,25.649999618530273,514100,25.649999618530273
2021-01-22,25.979999542236328,25.510000228881836,25.6200008392334,25.899999618530273,436100,25.899999618530273
2021-01-25,26.739999771118164,25.690000534057617,25.940000534057617,26.610000610351562,712800,26.610000610351562
2021-01-26,26.989999771118164,26.329999923706055,26.639999389648438,26.510000228881836,1121000,26.510000228881836
2021-01-27,26.709999084472656,25.639999389648438,26.350000381469727,25.670000076293945,1278800,25.670000076293945
2021-01-28,25.81999969482422,25.34000015258789,25.520000457763672,25.459999084472656,1375200,25.459999084472656
2021-01-29,25.5,24.989999771118164,25.25,25.100000381469727,1053300,25.100000381469727
2021-02-01,25.579999923706055,24.760000228881836,25.25,25.40999984741211,945700,25.40999984741211
2021-02-02,26.049999237060547,25.280000686645508,25.59000015258789,25.799999237060547,628300,25.799999237060547
2021-02-03,25.950000762939453,25.3700008392334,25.850000381469727,25.639999389648438,662200,25.639999389648438
2021-02-04,25.90999984741211,25.481000900268555,25.739999771118164,25.770000457763672,492300,25.770000457763672
2021-02-05,26.280000686645508,25.81999969482422,25.850000381469727,26.09000015258789,518800,26.09000015258789
