Date,High,Low,Open,Close,Volume,Adj Close
2016-02-08,9.229999542236328,8.510000228881836,9.15999984741211,8.59000015258789,38900,8.59000015258789
2016-02-09,8.520000457763672,8.0,8.479999542236328,8.170000076293945,54800,8.170000076293945
2016-02-10,8.359999656677246,7.880000114440918,8.199999809265137,7.960000038146973,65000,7.960000038146973
2016-02-11,8.0,7.460000038146973,7.849999904632568,7.739999771118164,36800,7.739999771118164
2016-02-12,8.8100004196167,7.829999923706055,7.829999923706055,8.680000305175781,103600,8.680000305175781
2016-02-16,9.0600004196167,8.65999984741211,8.779999732971191,9.010000228881836,76700,9.010000228881836
2016-02-17,9.609999656677246,9.050000190734863,9.050000190734863,9.149999618530273,34100,9.149999618530273
2016-02-18,9.819999694824219,8.800000190734863,9.119999885559082,9.039999961853027,150400,9.039999961853027
2016-02-19,9.40999984741211,8.1899995803833,8.979999542236328,9.260000228881836,163200,9.260000228881836
2016-02-22,9.850000381469727,9.079999923706055,9.279999732971191,9.449999809265137,32200,9.449999809265137
2016-02-23,9.579999923706055,9.0600004196167,9.430000305175781,9.350000381469727,40800,9.350000381469727
2016-02-24,10.279999732971191,9.140000343322754,9.140000343322754,9.9399995803833,61800,9.9399995803833
2016-02-25,10.069999694824219,9.539999961853027,9.90999984741211,10.0,45800,10.0
2016-02-26,10.3100004196167,9.989999771118164,10.020000457763672,10.260000228881836,46600,10.260000228881836
2016-02-29,10.510000228881836,10.220000267028809,10.220000267028809,10.300000190734863,28500,10.300000190734863
2016-03-01,10.449999809265137,10.170000076293945,10.449999809265137,10.430000305175781,63900,10.430000305175781
2016-03-02,9.510000228881836,8.449999809265137,9.300000190734863,8.710000038146973,251100,8.710000038146973
2016-03-03,9.010000228881836,8.510000228881836,8.65999984741211,8.989999771118164,126100,8.989999771118164
2016-03-04,9.550000190734863,8.850000381469727,8.989999771118164,9.079999923706055,125300,9.079999923706055
2016-03-07,9.739999771118164,9.020000457763672,9.069999694824219,9.489999771118164,109000,9.489999771118164
2016-03-08,9.5,8.989999771118164,9.359999656677246,9.010000228881836,81100,9.010000228881836
2016-03-09,9.260000228881836,8.850000381469727,9.029999732971191,8.920000076293945,54700,8.920000076293945
2016-03-10,9.010000228881836,8.710000038146973,8.899999618530273,8.859999656677246,45600,8.859999656677246
2016-03-11,9.0,8.649999618530273,8.960000038146973,8.6899995803833,78700,8.6899995803833
2016-03-14,9.100000381469727,8.520000457763672,8.850000381469727,8.989999771118164,112200,8.989999771118164
2016-03-15,8.989999771118164,8.600000381469727,8.989999771118164,8.729999542236328,83700,8.729999542236328
2016-03-16,8.970000267028809,8.600000381469727,8.699999809265137,8.859999656677246,38400,8.859999656677246
2016-03-17,10.119999885559082,8.880000114440918,8.890000343322754,9.9399995803833,95100,9.9399995803833
2016-03-18,10.289999961853027,9.600000381469727,10.039999961853027,9.890000343322754,152000,9.890000343322754
2016-03-21,10.199999809265137,9.739999771118164,9.779999732971191,10.100000381469727,30500,10.100000381469727
2016-03-22,10.149999618530273,9.789999961853027,10.100000381469727,9.880000114440918,56600,9.880000114440918
2016-03-23,10.199999809265137,9.149999618530273,9.779999732971191,9.1899995803833,77000,9.1899995803833
2016-03-24,9.140000343322754,8.890000343322754,9.0600004196167,9.039999961853027,57300,9.039999961853027
2016-03-28,9.149999618530273,8.739999771118164,9.039999961853027,8.859999656677246,50800,8.859999656677246
2016-03-29,9.029999732971191,8.630000114440918,8.770000457763672,8.90999984741211,69600,8.90999984741211
2016-03-30,9.199999809265137,8.819999694824219,8.970000267028809,8.880000114440918,36900,8.880000114440918
2016-03-31,9.380000114440918,8.890000343322754,8.890000343322754,9.220000267028809,54500,9.220000267028809
2016-04-01,9.15999984741211,8.880000114440918,9.149999618530273,8.989999771118164,26000,8.989999771118164
2016-04-04,9.0,8.430000305175781,8.90999984741211,8.5600004196167,59500,8.5600004196167
2016-04-05,8.979999542236328,8.420000076293945,8.479999542236328,8.800000190734863,61700,8.800000190734863
2016-04-06,8.949999809265137,8.369999885559082,8.760000228881836,8.920000076293945,54100,8.920000076293945
2016-04-07,9.029999732971191,8.539999961853027,8.819999694824219,8.930000305175781,70100,8.930000305175781
2016-04-08,9.1899995803833,8.859999656677246,9.0,9.050000190734863,38600,9.050000190734863
2016-04-11,9.289999961853027,8.84000015258789,9.109999656677246,8.869999885559082,46300,8.869999885559082
2016-04-12,9.180000305175781,8.680000305175781,8.789999961853027,8.890000343322754,57100,8.890000343322754
2016-04-13,9.199999809265137,8.699999809265137,8.920000076293945,9.039999961853027,56400,9.039999961853027
2016-04-14,9.09000015258789,8.6899995803833,9.020000457763672,8.800000190734863,40800,8.800000190734863
2016-04-15,9.020000457763672,8.699999809265137,8.75,8.970000267028809,24200,8.970000267028809
2016-04-18,9.279999732971191,8.8100004196167,8.899999618530273,9.180000305175781,24800,9.180000305175781
2016-04-19,9.40999984741211,9.039999961853027,9.289999961853027,9.380000114440918,56600,9.380000114440918
2016-04-20,10.119999885559082,9.270000457763672,9.359999656677246,9.989999771118164,79400,9.989999771118164
2016-04-21,9.979999542236328,9.550000190734863,9.970000267028809,9.65999984741211,50300,9.65999984741211
2016-04-22,10.039999961853027,9.609999656677246,9.609999656677246,9.949999809265137,22900,9.949999809265137
2016-04-25,9.890000343322754,9.359999656677246,9.890000343322754,9.460000038146973,36700,9.460000038146973
2016-04-26,10.40999984741211,9.390000343322754,9.470000267028809,10.210000038146973,50200,10.210000038146973
2016-04-27,10.470000267028809,10.170000076293945,10.239999771118164,10.369999885559082,41700,10.369999885559082
2016-04-28,11.270000457763672,10.3100004196167,10.3100004196167,10.800000190734863,77100,10.800000190734863
2016-04-29,11.109999656677246,10.5600004196167,10.5600004196167,10.789999961853027,54000,10.789999961853027
2016-05-02,10.989999771118164,10.329999923706055,10.8100004196167,10.5,43100,10.5
2016-05-03,11.029999732971191,9.920000076293945,10.40999984741211,9.9399995803833,46400,9.9399995803833
2016-05-04,10.880000114440918,9.84000015258789,9.84000015258789,10.180000305175781,79900,10.180000305175781
2016-05-05,10.100000381469727,9.09000015258789,9.960000038146973,9.34000015258789,129700,9.34000015258789
2016-05-06,9.869999885559082,9.199999809265137,9.279999732971191,9.789999961853027,75400,9.789999961853027
2016-05-09,9.789999961853027,9.380000114440918,9.5600004196167,9.600000381469727,74100,9.600000381469727
2016-05-10,10.050000190734863,9.609999656677246,9.609999656677246,10.020000457763672,27200,10.020000457763672
2016-05-11,9.979999542236328,9.529999732971191,9.979999542236328,9.569999694824219,37500,9.569999694824219
2016-05-12,9.899999618530273,9.220000267028809,9.470000267028809,9.25,45300,9.25
2016-05-13,9.260000228881836,8.930000305175781,9.09000015258789,9.010000228881836,50700,9.010000228881836
2016-05-16,9.149999618530273,8.930000305175781,8.930000305175781,9.039999961853027,35700,9.039999961853027
2016-05-17,9.279999732971191,8.880000114440918,8.930000305175781,8.979999542236328,41500,8.979999542236328
2016-05-18,8.9399995803833,8.739999771118164,8.880000114440918,8.789999961853027,77200,8.789999961853027
2016-05-19,8.859999656677246,8.539999961853027,8.739999771118164,8.760000228881836,45900,8.760000228881836
2016-05-20,9.079999923706055,8.800000190734863,8.800000190734863,8.90999984741211,23300,8.90999984741211
2016-05-23,9.050000190734863,8.819999694824219,9.0,8.84000015258789,20100,8.84000015258789
2016-05-24,8.979999542236328,8.710000038146973,8.84000015258789,8.829999923706055,23300,8.829999923706055
2016-05-25,9.199999809265137,8.899999618530273,8.920000076293945,8.960000038146973,24400,8.960000038146973
2016-05-26,9.199999809265137,8.789999961853027,9.039999961853027,8.819999694824219,32300,8.819999694824219
2016-05-27,9.170000076293945,8.8100004196167,8.850000381469727,9.050000190734863,47400,9.050000190734863
2016-05-31,9.399999618530273,9.029999732971191,9.029999732971191,9.300000190734863,37600,9.300000190734863
2016-06-01,9.680000305175781,9.170000076293945,9.220000267028809,9.65999984741211,27100,9.65999984741211
2016-06-02,9.699999809265137,9.40999984741211,9.59000015258789,9.579999923706055,19200,9.579999923706055
2016-06-03,9.640000343322754,9.420000076293945,9.569999694824219,9.579999923706055,33600,9.579999923706055
2016-06-06,10.0,9.569999694824219,9.569999694824219,9.899999618530273,50200,9.899999618530273
2016-06-07,10.239999771118164,9.869999885559082,9.869999885559082,10.140000343322754,46100,10.140000343322754
2016-06-08,10.640000343322754,9.890000343322754,10.1899995803833,10.420000076293945,68600,10.420000076293945
2016-06-09,10.399999618530273,9.8100004196167,10.369999885559082,9.850000381469727,41900,9.850000381469727
2016-06-10,9.729999542236328,9.390000343322754,9.729999542236328,9.4399995803833,74900,9.4399995803833
2016-06-13,9.380000114440918,9.010000228881836,9.300000190734863,9.329999923706055,103200,9.329999923706055
2016-06-14,9.289999961853027,9.010000228881836,9.199999809265137,9.140000343322754,278600,9.140000343322754
2016-06-15,9.65999984741211,9.09000015258789,9.180000305175781,9.520000457763672,85200,9.520000457763672
2016-06-16,9.649999618530273,9.300000190734863,9.449999809265137,9.4399995803833,83000,9.4399995803833
2016-06-17,9.90999984741211,9.350000381469727,9.40999984741211,9.850000381469727,406000,9.850000381469727
2016-06-20,10.489999771118164,9.850000381469727,9.9399995803833,10.050000190734863,118700,10.050000190734863
2016-06-21,10.100000381469727,9.800000190734863,10.050000190734863,10.0,73900,10.0
2016-06-22,10.020000457763672,9.420000076293945,10.020000457763672,9.880000114440918,76400,9.880000114440918
2016-06-23,10.289999961853027,9.850000381469727,10.069999694824219,10.270000457763672,82100,10.270000457763672
2016-06-24,10.59000015258789,9.649999618530273,9.699999809265137,10.520000457763672,1130000,10.520000457763672
2016-06-27,10.880000114440918,10.25,10.319999694824219,10.479999542236328,142200,10.479999542236328
2016-06-28,10.9399995803833,10.569999694824219,10.729999542236328,10.640000343322754,78500,10.640000343322754
2016-06-29,10.970000267028809,10.329999923706055,10.729999542236328,10.470000267028809,69500,10.470000267028809
2016-06-30,10.789999961853027,10.199999809265137,10.5,10.779999732971191,54800,10.779999732971191
2016-07-01,11.199999809265137,10.8100004196167,10.850000381469727,10.989999771118164,46600,10.989999771118164
2016-07-05,10.979999542236328,10.479999542236328,10.979999542236328,10.84000015258789,36500,10.84000015258789
2016-07-06,10.859999656677246,10.550000190734863,10.84000015258789,10.619999885559082,46700,10.619999885559082
2016-07-07,10.8100004196167,10.399999618530273,10.5600004196167,10.59000015258789,48800,10.59000015258789
2016-07-08,11.029999732971191,10.5600004196167,10.630000114440918,10.869999885559082,52000,10.869999885559082
2016-07-11,11.069999694824219,10.890000343322754,10.899999618530273,10.9399995803833,39500,10.9399995803833
2016-07-12,11.350000381469727,10.989999771118164,11.010000228881836,11.020000457763672,122800,11.020000457763672
2016-07-13,11.399999618530273,10.989999771118164,10.989999771118164,11.210000038146973,67200,11.210000038146973
2016-07-14,11.359999656677246,11.1899995803833,11.300000190734863,11.25,39700,11.25
2016-07-15,11.350000381469727,10.9399995803833,11.229999542236328,11.15999984741211,15700,11.15999984741211
2016-07-18,11.4399995803833,10.949999809265137,11.180000305175781,11.399999618530273,29500,11.399999618530273
2016-07-19,11.430000305175781,11.0600004196167,11.329999923706055,11.100000381469727,29800,11.100000381469727
2016-07-20,11.430000305175781,10.880000114440918,11.079999923706055,11.130000114440918,55500,11.130000114440918
2016-07-21,11.270000457763672,10.960000038146973,11.130000114440918,11.029999732971191,32800,11.029999732971191
2016-07-22,11.109999656677246,10.9399995803833,10.970000267028809,11.029999732971191,36200,11.029999732971191
2016-07-25,11.210000038146973,10.770000457763672,11.0,11.170000076293945,24300,11.170000076293945
2016-07-26,11.65999984741211,11.15999984741211,11.15999984741211,11.579999923706055,59500,11.579999923706055
2016-07-27,11.699999809265137,11.260000228881836,11.670000076293945,11.329999923706055,37900,11.329999923706055
2016-07-28,11.489999771118164,11.0600004196167,11.359999656677246,11.399999618530273,31700,11.399999618530273
2016-07-29,11.369999885559082,11.050000190734863,11.350000381469727,11.300000190734863,33000,11.300000190734863
2016-08-01,11.220000267028809,10.930000305175781,11.220000267028809,11.140000343322754,34200,11.140000343322754
2016-08-02,11.479999542236328,10.350000381469727,11.180000305175781,11.100000381469727,48300,11.100000381469727
2016-08-03,11.920000076293945,11.210000038146973,11.289999961853027,11.920000076293945,135700,11.920000076293945
2016-08-04,12.029999732971191,11.739999771118164,11.920000076293945,11.850000381469727,56400,11.850000381469727
2016-08-05,12.050000190734863,11.4399995803833,11.829999923706055,12.050000190734863,51900,12.050000190734863
2016-08-08,12.34000015258789,11.8100004196167,12.050000190734863,11.829999923706055,26400,11.829999923706055
2016-08-09,11.979999542236328,11.630000114440918,11.8100004196167,11.649999618530273,56900,11.649999618530273
2016-08-10,11.739999771118164,11.449999809265137,11.609999656677246,11.579999923706055,30900,11.579999923706055
2016-08-11,11.739999771118164,11.529999732971191,11.630000114440918,11.5600004196167,35400,11.5600004196167
2016-08-12,11.569999694824219,11.3100004196167,11.5,11.40999984741211,34300,11.40999984741211
2016-08-15,11.59000015258789,11.3100004196167,11.319999694824219,11.579999923706055,47900,11.579999923706055
2016-08-16,11.850000381469727,11.470000267028809,11.670000076293945,11.729999542236328,31000,11.729999542236328
2016-08-17,11.920000076293945,11.579999923706055,11.729999542236328,11.699999809265137,31700,11.699999809265137
2016-08-18,11.739999771118164,11.670000076293945,11.670000076293945,11.699999809265137,16500,11.699999809265137
2016-08-19,11.960000038146973,11.5,11.65999984741211,11.90999984741211,30200,11.90999984741211
2016-08-22,12.020000457763672,11.779999732971191,11.789999961853027,11.869999885559082,19400,11.869999885559082
2016-08-23,11.970000267028809,11.829999923706055,11.880000114440918,11.90999984741211,9500,11.90999984741211
2016-08-24,12.0,11.569999694824219,12.0,11.579999923706055,17000,11.579999923706055
2016-08-25,11.699999809265137,11.399999618530273,11.510000228881836,11.510000228881836,16100,11.510000228881836
2016-08-26,11.609999656677246,11.300000190734863,11.489999771118164,11.40999984741211,43100,11.40999984741211
2016-08-29,11.899999618530273,11.359999656677246,11.359999656677246,11.890000343322754,129000,11.890000343322754
2016-08-30,12.300000190734863,11.829999923706055,11.829999923706055,11.949999809265137,12900,11.949999809265137
2016-08-31,12.029999732971191,11.720000267028809,11.989999771118164,11.75,21400,11.75
2016-09-01,11.739999771118164,11.40999984741211,11.710000038146973,11.579999923706055,12100,11.579999923706055
2016-09-02,11.850000381469727,11.649999618530273,11.850000381469727,11.710000038146973,7000,11.710000038146973
2016-09-06,11.8100004196167,11.729999542236328,11.760000228881836,11.8100004196167,23500,11.8100004196167
2016-09-07,11.84000015258789,11.640000343322754,11.75,11.6899995803833,14900,11.6899995803833
2016-09-08,11.930000305175781,11.619999885559082,11.640000343322754,11.829999923706055,54100,11.829999923706055
2016-09-09,11.850000381469727,11.729999542236328,11.800000190734863,11.800000190734863,11900,11.800000190734863
2016-09-12,11.84000015258789,11.670000076293945,11.800000190734863,11.8100004196167,21600,11.8100004196167
2016-09-13,11.84000015258789,11.720000267028809,11.800000190734863,11.800000190734863,26000,11.800000190734863
2016-09-14,11.850000381469727,11.710000038146973,11.800000190734863,11.829999923706055,26900,11.829999923706055
2016-09-15,11.869999885559082,11.779999732971191,11.84000015258789,11.84000015258789,41900,11.84000015258789
2016-09-16,12.0,11.729999542236328,11.800000190734863,11.970000267028809,38100,11.970000267028809
2016-09-19,12.0,11.699999809265137,11.989999771118164,11.75,27000,11.75
2016-09-20,11.8100004196167,11.5600004196167,11.779999732971191,11.619999885559082,20000,11.619999885559082
2016-09-21,11.720000267028809,11.470000267028809,11.720000267028809,11.550000190734863,32700,11.550000190734863
2016-09-22,11.800000190734863,11.479999542236328,11.729999542236328,11.760000228881836,59100,11.760000228881836
2016-09-23,11.899999618530273,11.720000267028809,11.829999923706055,11.75,26300,11.75
2016-09-26,11.65999984741211,11.5,11.619999885559082,11.520000457763672,17200,11.520000457763672
2016-09-27,11.600000381469727,11.25,11.520000457763672,11.550000190734863,27100,11.550000190734863
2016-09-28,12.369999885559082,11.470000267028809,11.539999961853027,12.329999923706055,48700,12.329999923706055
2016-09-29,12.350000381469727,11.829999923706055,12.289999961853027,11.829999923706055,24600,11.829999923706055
2016-09-30,11.979999542236328,11.789999961853027,11.899999618530273,11.8100004196167,10000,11.8100004196167
2016-10-03,11.960000038146973,11.800000190734863,11.800000190734863,11.9399995803833,38100,11.9399995803833
2016-10-04,12.020000457763672,11.850000381469727,11.970000267028809,11.9399995803833,27300,11.9399995803833
2016-10-05,12.180000305175781,11.90999984741211,12.069999694824219,12.0600004196167,34200,12.0600004196167
2016-10-06,12.25,12.010000228881836,12.079999923706055,12.050000190734863,14500,12.050000190734863
2016-10-07,12.15999984741211,12.050000190734863,12.050000190734863,12.09000015258789,13100,12.09000015258789
2016-10-10,12.300000190734863,12.029999732971191,12.119999885559082,12.180000305175781,5600,12.180000305175781
2016-10-11,12.239999771118164,11.970000267028809,12.180000305175781,12.130000114440918,27900,12.130000114440918
2016-10-12,12.270000457763672,11.949999809265137,12.130000114440918,12.210000038146973,15900,12.210000038146973
2016-10-13,12.289999961853027,12.0600004196167,12.109999656677246,12.130000114440918,13000,12.130000114440918
2016-10-14,12.300000190734863,12.020000457763672,12.180000305175781,12.130000114440918,21700,12.130000114440918
2016-10-17,12.199999809265137,12.020000457763672,12.199999809265137,12.149999618530273,18500,12.149999618530273
2016-10-18,12.25,11.859999656677246,12.229999542236328,12.199999809265137,9400,12.199999809265137
2016-10-19,12.359999656677246,12.210000038146973,12.210000038146973,12.3100004196167,31100,12.3100004196167
2016-10-20,12.550000190734863,12.300000190734863,12.300000190734863,12.460000038146973,21300,12.460000038146973
2016-10-21,13.65999984741211,12.460000038146973,12.460000038146973,13.600000381469727,50200,13.600000381469727
2016-10-24,13.579999923706055,13.039999961853027,13.579999923706055,13.399999618530273,18300,13.399999618530273
2016-10-25,13.579999923706055,12.539999961853027,13.319999694824219,13.5,37300,13.5
2016-10-26,13.630000114440918,12.75,13.430000305175781,13.569999694824219,16300,13.569999694824219
2016-10-27,13.619999885559082,12.949999809265137,13.539999961853027,13.239999771118164,44100,13.239999771118164
2016-10-28,13.770000457763672,13.109999656677246,13.270000457763672,13.119999885559082,13300,13.119999885559082
2016-10-31,13.229999542236328,13.010000228881836,13.149999618530273,13.109999656677246,12100,13.109999656677246
2016-11-01,13.380000114440918,12.880000114440918,13.15999984741211,13.050000190734863,16500,13.050000190734863
2016-11-02,14.140000343322754,13.40999984741211,13.40999984741211,13.949999809265137,56600,13.949999809265137
2016-11-03,14.960000038146973,14.199999809265137,14.199999809265137,14.579999923706055,65500,14.579999923706055
2016-11-04,14.65999984741211,13.699999809265137,14.579999923706055,13.710000038146973,50300,13.710000038146973
2016-11-07,14.5,13.899999618530273,13.920000076293945,14.09000015258789,21900,14.09000015258789
2016-11-08,14.319999694824219,13.760000228881836,14.199999809265137,14.220000267028809,31100,14.220000267028809
2016-11-09,15.649999618530273,14.199999809265137,14.199999809265137,15.5600004196167,86200,15.5600004196167
2016-11-10,16.09000015258789,15.260000228881836,15.609999656677246,16.059999465942383,73100,16.059999465942383
2016-11-11,17.239999771118164,16.06999969482422,16.290000915527344,17.200000762939453,85300,17.200000762939453
2016-11-14,17.510000228881836,16.8799991607666,17.290000915527344,17.15999984741211,156700,17.15999984741211
2016-11-15,17.350000381469727,16.520000457763672,17.329999923706055,16.969999313354492,51900,16.969999313354492
2016-11-16,17.389999389648438,16.059999465942383,16.850000381469727,16.25,57100,16.25
2016-11-17,17.200000762939453,14.680000305175781,16.34000015258789,16.829999923706055,87200,16.829999923706055
2016-11-18,17.020000457763672,16.15999984741211,16.850000381469727,17.0,29500,17.0
2016-11-21,17.0,16.049999237060547,17.0,16.860000610351562,26000,16.860000610351562
2016-11-22,18.229999542236328,16.959999084472656,16.959999084472656,18.200000762939453,113000,18.200000762939453
2016-11-23,18.299999237060547,17.5,18.079999923706055,17.93000030517578,133900,17.93000030517578
2016-11-25,18.799999237060547,17.579999923706055,17.850000381469727,18.770000457763672,28800,18.770000457763672
2016-11-28,18.899999618530273,17.850000381469727,18.5,18.56999969482422,77100,18.56999969482422
2016-11-29,18.920000076293945,18.0,18.31999969482422,18.399999618530273,63200,18.399999618530273
2016-11-30,18.56999969482422,17.229999542236328,18.56999969482422,17.520000457763672,56400,17.520000457763672
2016-12-01,18.420000076293945,17.690000534057617,17.690000534057617,18.139999389648438,69900,18.139999389648438
2016-12-02,18.510000228881836,18.170000076293945,18.170000076293945,18.420000076293945,29500,18.420000076293945
2016-12-05,18.5,18.110000610351562,18.5,18.170000076293945,52900,18.170000076293945
2016-12-06,18.299999237060547,18.149999618530273,18.170000076293945,18.219999313354492,46100,18.219999313354492
2016-12-07,18.5,18.15999984741211,18.15999984741211,18.299999237060547,63900,18.299999237060547
2016-12-08,18.450000762939453,18.049999237060547,18.260000228881836,18.219999313354492,45600,18.219999313354492
2016-12-09,18.290000915527344,17.43000030517578,18.09000015258789,18.110000610351562,103600,18.110000610351562
2016-12-12,18.209999084472656,17.600000381469727,17.90999984741211,18.079999923706055,82200,18.079999923706055
2016-12-13,18.350000381469727,15.34000015258789,17.860000610351562,15.510000228881836,358200,15.510000228881836
2016-12-14,15.770000457763672,14.300000190734863,15.529999732971191,15.0600004196167,391400,15.0600004196167
2016-12-15,15.569999694824219,15.0,15.079999923706055,15.15999984741211,273400,15.15999984741211
2016-12-16,16.440000534057617,15.020000457763672,15.199999809265137,16.440000534057617,665900,16.440000534057617
2016-12-19,16.68000030517578,16.1200008392334,16.280000686645508,16.479999542236328,54100,16.479999542236328
2016-12-20,17.469999313354492,16.610000610351562,16.610000610351562,17.110000610351562,124800,17.110000610351562
2016-12-21,17.239999771118164,16.8799991607666,17.209999084472656,17.040000915527344,50600,17.040000915527344
2016-12-22,17.6299991607666,16.850000381469727,17.100000381469727,17.389999389648438,55700,17.389999389648438
2016-12-23,17.540000915527344,17.290000915527344,17.34000015258789,17.530000686645508,34500,17.530000686645508
2016-12-27,17.8700008392334,17.5,17.860000610351562,17.670000076293945,52300,17.670000076293945
2016-12-28,17.850000381469727,17.559999465942383,17.700000762939453,17.690000534057617,43800,17.690000534057617
2016-12-29,17.75,17.06999969482422,17.700000762939453,17.600000381469727,87400,17.600000381469727
2016-12-30,17.950000762939453,17.190000534057617,17.600000381469727,17.219999313354492,105900,17.219999313354492
2017-01-03,17.799999237060547,17.049999237060547,17.049999237060547,17.530000686645508,83600,17.530000686645508
2017-01-04,17.860000610351562,17.399999618530273,17.739999771118164,17.739999771118164,47800,17.739999771118164
2017-01-05,17.8799991607666,17.190000534057617,17.649999618530273,17.420000076293945,120900,17.420000076293945
2017-01-06,17.760000228881836,16.760000228881836,17.450000762939453,17.1299991607666,174000,17.1299991607666
2017-01-09,17.270000457763672,16.690000534057617,17.1299991607666,17.18000030517578,133000,17.18000030517578
2017-01-10,17.709999084472656,16.809999465942383,17.5,17.110000610351562,86700,17.110000610351562
2017-01-11,17.600000381469727,16.75,17.040000915527344,17.450000762939453,38800,17.450000762939453
2017-01-12,17.709999084472656,16.40999984741211,17.479999542236328,17.059999465942383,132200,17.059999465942383
2017-01-13,17.760000228881836,16.809999465942383,17.079999923706055,17.040000915527344,99600,17.040000915527344
2017-01-17,17.149999618530273,16.56999969482422,16.969999313354492,17.059999465942383,90500,17.059999465942383
2017-01-18,17.649999618530273,16.809999465942383,17.059999465942383,17.260000228881836,39000,17.260000228881836
2017-01-19,17.549999237060547,17.049999237060547,17.200000762939453,17.530000686645508,72600,17.530000686645508
2017-01-20,17.899999618530273,17.290000915527344,17.530000686645508,17.760000228881836,99000,17.760000228881836
2017-01-23,17.920000076293945,17.200000762939453,17.639999389648438,17.700000762939453,48200,17.700000762939453
2017-01-24,19.06999969482422,17.600000381469727,17.719999313354492,18.780000686645508,225000,18.780000686645508
2017-01-25,19.34000015258789,18.809999465942383,19.0,19.290000915527344,111800,19.290000915527344
2017-01-26,19.479999542236328,18.989999771118164,19.440000534057617,19.389999389648438,105200,19.389999389648438
2017-01-27,19.549999237060547,19.010000228881836,19.510000228881836,19.170000076293945,28800,19.170000076293945
2017-01-30,19.3700008392334,18.739999771118164,19.020000457763672,19.100000381469727,51500,19.100000381469727
2017-01-31,19.239999771118164,18.739999771118164,19.0,19.149999618530273,73700,19.149999618530273
2017-02-01,19.229999542236328,18.809999465942383,19.200000762939453,19.049999237060547,71100,19.049999237060547
2017-02-02,19.1200008392334,18.8799991607666,18.899999618530273,18.959999084472656,29800,18.959999084472656
2017-02-03,19.110000610351562,18.760000228881836,19.040000915527344,18.969999313354492,60000,18.969999313354492
2017-02-06,19.139999389648438,18.899999618530273,18.920000076293945,19.049999237060547,40900,19.049999237060547
2017-02-07,19.270000457763672,18.700000762939453,19.049999237060547,18.719999313354492,56700,18.719999313354492
2017-02-08,18.989999771118164,18.649999618530273,18.690000534057617,18.860000610351562,39300,18.860000610351562
2017-02-09,19.010000228881836,18.579999923706055,18.8799991607666,18.829999923706055,74000,18.829999923706055
2017-02-10,19.059999465942383,18.75,18.989999771118164,18.829999923706055,41300,18.829999923706055
2017-02-13,19.299999237060547,18.690000534057617,18.979999542236328,19.049999237060547,81600,19.049999237060547
2017-02-14,19.299999237060547,18.6299991607666,19.030000686645508,19.209999084472656,50300,19.209999084472656
2017-02-15,19.40999984741211,18.829999923706055,19.190000534057617,18.920000076293945,42300,18.920000076293945
2017-02-16,19.229999542236328,18.229999542236328,18.8799991607666,18.540000915527344,81500,18.540000915527344
2017-02-17,18.489999771118164,18.170000076293945,18.3799991607666,18.280000686645508,61500,18.280000686645508
2017-02-21,18.75,18.280000686645508,18.280000686645508,18.329999923706055,67100,18.329999923706055
2017-02-22,18.75,18.229999542236328,18.389999389648438,18.479999542236328,65900,18.479999542236328
2017-02-23,18.6299991607666,17.760000228881836,18.6299991607666,17.809999465942383,39000,17.809999465942383
2017-02-24,17.889999389648438,17.56999969482422,17.739999771118164,17.8700008392334,24700,17.8700008392334
2017-02-27,18.299999237060547,16.8700008392334,17.3700008392334,17.959999084472656,57800,17.959999084472656
2017-02-28,17.989999771118164,17.299999237060547,17.850000381469727,17.489999771118164,42300,17.489999771118164
2017-03-01,18.469999313354492,17.65999984741211,17.65999984741211,18.3799991607666,41000,18.3799991607666
2017-03-02,18.360000610351562,17.219999313354492,18.360000610351562,17.299999237060547,37200,17.299999237060547
2017-03-03,17.81999969482422,17.020000457763672,17.299999237060547,17.059999465942383,48100,17.059999465942383
2017-03-06,17.469999313354492,16.709999084472656,16.940000534057617,16.8799991607666,35400,16.8799991607666
2017-03-07,17.329999923706055,16.75,16.75,16.799999237060547,40700,16.799999237060547
2017-03-08,17.100000381469727,16.530000686645508,16.84000015258789,16.969999313354492,117900,16.969999313354492
2017-03-09,17.90999984741211,16.450000762939453,17.389999389648438,17.549999237060547,142200,17.549999237060547
2017-03-10,18.059999465942383,16.719999313354492,17.549999237060547,16.860000610351562,109300,16.860000610351562
2017-03-13,17.229999542236328,16.309999465942383,16.829999923706055,16.530000686645508,123300,16.530000686645508
2017-03-14,17.059999465942383,16.049999237060547,16.450000762939453,16.649999618530273,88800,16.649999618530273
2017-03-15,16.850000381469727,16.079999923706055,16.56999969482422,16.229999542236328,85400,16.229999542236328
2017-03-16,16.639999389648438,16.079999923706055,16.299999237060547,16.170000076293945,22700,16.170000076293945
2017-03-17,16.600000381469727,15.399999618530273,16.200000762939453,15.529999732971191,182600,15.529999732971191
2017-03-20,15.960000038146973,15.390000343322754,15.539999961853027,15.890000343322754,92900,15.890000343322754
2017-03-21,16.899999618530273,15.449999809265137,16.040000915527344,15.5,66500,15.5
2017-03-22,16.139999389648438,15.300000190734863,15.449999809265137,15.399999618530273,42600,15.399999618530273
2017-03-23,15.670000076293945,15.3100004196167,15.550000190734863,15.40999984741211,36800,15.40999984741211
2017-03-24,15.779999732971191,15.1899995803833,15.430000305175781,15.3100004196167,32500,15.3100004196167
2017-03-27,15.5600004196167,15.010000228881836,15.100000381469727,15.470000267028809,22000,15.470000267028809
2017-03-28,15.9399995803833,15.380000114440918,15.380000114440918,15.420000076293945,40200,15.420000076293945
2017-03-29,16.209999084472656,15.1899995803833,15.390000343322754,15.539999961853027,26900,15.539999961853027
2017-03-30,15.84000015258789,15.479999542236328,15.479999542236328,15.600000381469727,30300,15.600000381469727
2017-03-31,16.079999923706055,15.40999984741211,15.640000343322754,15.710000038146973,40100,15.710000038146973
2017-04-03,15.729999542236328,15.359999656677246,15.720000267028809,15.380000114440918,34500,15.380000114440918
2017-04-04,15.670000076293945,15.020000457763672,15.34000015258789,15.09000015258789,24100,15.09000015258789
2017-04-05,15.25,14.359999656677246,15.119999885559082,14.430000305175781,84200,14.430000305175781
2017-04-06,14.40999984741211,14.109999656677246,14.40999984741211,14.170000076293945,69100,14.170000076293945
2017-04-07,14.539999961853027,13.84000015258789,14.09000015258789,13.850000381469727,61600,13.850000381469727
2017-04-10,13.949999809265137,13.15999984741211,13.800000190734863,13.279999732971191,121900,13.279999732971191
2017-04-11,13.630000114440918,13.15999984741211,13.15999984741211,13.390000343322754,74700,13.390000343322754
2017-04-12,13.4399995803833,12.8100004196167,13.4399995803833,13.319999694824219,92600,13.319999694824219
2017-04-13,13.359999656677246,12.850000381469727,13.199999809265137,13.050000190734863,60100,13.050000190734863
2017-04-17,13.140000343322754,12.670000076293945,13.079999923706055,12.829999923706055,67900,12.829999923706055
2017-04-18,12.930000305175781,12.40999984741211,12.800000190734863,12.710000038146973,59000,12.710000038146973
2017-04-19,12.829999923706055,12.4399995803833,12.609999656677246,12.670000076293945,81300,12.670000076293945
2017-04-20,13.149999618530273,12.619999885559082,12.6899995803833,13.029999732971191,94100,13.029999732971191
2017-04-21,14.319999694824219,13.0,13.029999732971191,14.210000038146973,102000,14.210000038146973
2017-04-24,14.670000076293945,14.020000457763672,14.359999656677246,14.460000038146973,88400,14.460000038146973
2017-04-25,14.800000190734863,14.34000015258789,14.59000015258789,14.5600004196167,46400,14.5600004196167
2017-04-26,14.770000457763672,14.25,14.600000381469727,14.3100004196167,52400,14.3100004196167
2017-04-27,14.380000114440918,13.90999984741211,14.359999656677246,14.289999961853027,51100,14.289999961853027
2017-04-28,14.920000076293945,13.770000457763672,14.170000076293945,14.010000228881836,22800,14.010000228881836
2017-05-01,14.239999771118164,13.619999885559082,13.949999809265137,13.960000038146973,31900,13.960000038146973
2017-05-02,14.670000076293945,13.84000015258789,13.84000015258789,14.079999923706055,59900,14.079999923706055
2017-05-03,14.449999809265137,13.329999923706055,14.100000381469727,14.359999656677246,99000,14.359999656677246
2017-05-04,14.729999542236328,13.949999809265137,14.359999656677246,14.359999656677246,64600,14.359999656677246
2017-05-05,15.109999656677246,14.239999771118164,14.300000190734863,14.829999923706055,54600,14.829999923706055
2017-05-08,15.239999771118164,13.539999961853027,14.8100004196167,15.0600004196167,53000,15.0600004196167
2017-05-09,15.210000038146973,14.470000267028809,15.039999961853027,15.050000190734863,20300,15.050000190734863
2017-05-10,15.079999923706055,14.6899995803833,14.9399995803833,14.920000076293945,36400,14.920000076293945
2017-05-11,15.550000190734863,14.829999923706055,15.229999542236328,15.220000267028809,32000,15.220000267028809
2017-05-12,15.880000114440918,14.5,15.130000114440918,15.470000267028809,91600,15.470000267028809
2017-05-15,15.529999732971191,14.649999618530273,15.510000228881836,14.65999984741211,77300,14.65999984741211
2017-05-16,14.699999809265137,13.949999809265137,14.670000076293945,14.1899995803833,60900,14.1899995803833
2017-05-17,14.220000267028809,13.399999618530273,14.010000228881836,13.8100004196167,65300,13.8100004196167
2017-05-18,13.859999656677246,13.399999618530273,13.720000267028809,13.399999618530273,43000,13.399999618530273
2017-05-19,14.109999656677246,13.359999656677246,13.399999618530273,13.789999961853027,38600,13.789999961853027
2017-05-22,14.079999923706055,13.670000076293945,13.789999961853027,13.729999542236328,17800,13.729999542236328
2017-05-23,14.170000076293945,13.529999732971191,13.630000114440918,13.970000267028809,34800,13.970000267028809
2017-05-24,14.210000038146973,13.6899995803833,13.970000267028809,13.960000038146973,16600,13.960000038146973
2017-05-25,14.329999923706055,13.84000015258789,14.020000457763672,14.239999771118164,54500,14.239999771118164
2017-05-26,14.75,13.890000343322754,14.239999771118164,14.579999923706055,48900,14.579999923706055
2017-05-30,14.819999694824219,14.319999694824219,14.569999694824219,14.670000076293945,33200,14.670000076293945
2017-05-31,14.710000038146973,13.9399995803833,14.699999809265137,14.260000228881836,46500,14.260000228881836
2017-06-01,14.819999694824219,14.1899995803833,14.279999732971191,14.720000267028809,24800,14.720000267028809
2017-06-02,15.119999885559082,14.529999732971191,14.529999732971191,15.119999885559082,67400,15.119999885559082
2017-06-05,15.239999771118164,14.329999923706055,15.0,14.970000267028809,35100,14.970000267028809
2017-06-06,15.229999542236328,14.550000190734863,15.229999542236328,15.140000343322754,45000,15.140000343322754
2017-06-07,15.289999961853027,14.75,15.220000267028809,15.0,32900,15.0
2017-06-08,15.899999618530273,14.819999694824219,14.84000015258789,15.649999618530273,35800,15.649999618530273
2017-06-09,15.979999542236328,15.420000076293945,15.800000190734863,15.460000038146973,23300,15.460000038146973
2017-06-12,15.859999656677246,15.359999656677246,15.59000015258789,15.739999771118164,52600,15.739999771118164
2017-06-13,16.049999237060547,15.579999923706055,15.819999694824219,15.989999771118164,78600,15.989999771118164
2017-06-14,16.09000015258789,15.1899995803833,16.09000015258789,15.399999618530273,66400,15.399999618530273
2017-06-15,15.6899995803833,14.979999542236328,15.170000076293945,15.619999885559082,54300,15.619999885559082
2017-06-16,15.869999885559082,15.34000015258789,15.609999656677246,15.829999923706055,43700,15.829999923706055
2017-06-19,16.06999969482422,15.449999809265137,15.880000114440918,15.800000190734863,49300,15.800000190734863
2017-06-20,16.020000457763672,15.600000381469727,15.8100004196167,15.979999542236328,59800,15.979999542236328
2017-06-21,16.100000381469727,15.369999885559082,16.100000381469727,15.90999984741211,65900,15.90999984741211
2017-06-22,16.100000381469727,15.6899995803833,15.920000076293945,15.84000015258789,70400,15.84000015258789
2017-06-23,16.18000030517578,15.520000457763672,15.819999694824219,16.09000015258789,1050500,16.09000015258789
2017-06-26,16.610000610351562,15.850000381469727,16.079999923706055,16.329999923706055,70100,16.329999923706055
2017-06-27,16.59000015258789,16.030000686645508,16.40999984741211,16.270000457763672,63400,16.270000457763672
2017-06-28,16.770000457763672,16.079999923706055,16.329999923706055,16.6200008392334,49700,16.6200008392334
2017-06-29,17.18000030517578,16.510000228881836,16.6200008392334,17.030000686645508,74900,17.030000686645508
2017-06-30,17.06999969482422,16.1200008392334,17.06999969482422,16.260000228881836,49700,16.260000228881836
2017-07-03,16.989999771118164,16.389999389648438,16.389999389648438,16.81999969482422,35700,16.81999969482422
2017-07-05,16.889999389648438,16.139999389648438,16.889999389648438,16.15999984741211,37300,16.15999984741211
2017-07-06,16.280000686645508,15.789999961853027,16.09000015258789,16.0,32800,16.0
2017-07-07,16.09000015258789,15.869999885559082,16.06999969482422,16.079999923706055,22200,16.079999923706055
2017-07-10,16.040000915527344,15.819999694824219,15.979999542236328,15.970000267028809,53400,15.970000267028809
2017-07-11,16.3799991607666,15.789999961853027,16.0,16.3700008392334,33800,16.3700008392334
2017-07-12,16.670000076293945,16.329999923706055,16.43000030517578,16.469999313354492,29700,16.469999313354492
2017-07-13,16.469999313354492,15.819999694824219,16.469999313354492,16.110000610351562,25300,16.110000610351562
2017-07-14,16.209999084472656,15.930000305175781,16.110000610351562,15.970000267028809,22900,15.970000267028809
2017-07-17,16.239999771118164,15.84000015258789,15.970000267028809,15.979999542236328,42800,15.979999542236328
2017-07-18,16.149999618530273,15.789999961853027,15.949999809265137,16.0,37900,16.0
2017-07-19,16.290000915527344,15.9399995803833,16.020000457763672,15.970000267028809,41200,15.970000267028809
2017-07-20,16.149999618530273,15.640000343322754,15.979999542236328,15.6899995803833,39100,15.6899995803833
2017-07-21,15.789999961853027,15.010000228881836,15.789999961853027,15.520000457763672,37700,15.520000457763672
2017-07-24,15.819999694824219,15.260000228881836,15.430000305175781,15.430000305175781,27000,15.430000305175781
2017-07-25,15.90999984741211,15.140000343322754,15.479999542236328,15.199999809265137,30800,15.199999809265137
2017-07-26,15.210000038146973,14.920000076293945,15.170000076293945,15.180000305175781,25900,15.180000305175781
2017-07-27,15.5,15.050000190734863,15.199999809265137,15.420000076293945,31800,15.420000076293945
2017-07-28,15.680000305175781,15.140000343322754,15.390000343322754,15.359999656677246,39800,15.359999656677246
2017-07-31,15.5,15.109999656677246,15.5,15.109999656677246,26400,15.109999656677246
2017-08-01,15.279999732971191,14.880000114440918,15.279999732971191,15.039999961853027,14600,15.039999961853027
2017-08-02,15.260000228881836,14.5,15.050000190734863,14.569999694824219,28800,14.569999694824219
2017-08-03,15.550000190734863,14.539999961853027,15.550000190734863,15.5,60300,15.5
2017-08-04,16.3799991607666,15.260000228881836,15.510000228881836,16.020000457763672,48000,16.020000457763672
2017-08-07,16.34000015258789,15.979999542236328,16.059999465942383,16.100000381469727,44800,16.100000381469727
2017-08-08,16.700000762939453,16.040000915527344,16.040000915527344,16.239999771118164,41700,16.239999771118164
2017-08-09,17.200000762939453,15.890000343322754,16.139999389648438,17.09000015258789,137700,17.09000015258789
2017-08-10,17.690000534057617,16.610000610351562,16.809999465942383,17.110000610351562,101800,17.110000610351562
2017-08-11,17.440000534057617,16.059999465942383,17.190000534057617,16.059999465942383,55500,16.059999465942383
2017-08-14,16.239999771118164,15.630000114440918,16.239999771118164,15.6899995803833,41000,15.6899995803833
2017-08-15,16.299999237060547,15.600000381469727,15.699999809265137,16.229999542236328,45100,16.229999542236328
2017-08-16,16.65999984741211,16.200000762939453,16.299999237060547,16.530000686645508,35500,16.530000686645508
2017-08-17,16.440000534057617,15.819999694824219,16.399999618530273,15.960000038146973,26300,15.960000038146973
2017-08-18,15.989999771118164,15.390000343322754,15.8100004196167,15.420000076293945,37200,15.420000076293945
2017-08-21,15.550000190734863,15.170000076293945,15.430000305175781,15.449999809265137,39100,15.449999809265137
2017-08-22,15.5,14.859999656677246,15.449999809265137,14.90999984741211,117100,14.90999984741211
2017-08-23,14.890000343322754,14.649999618530273,14.739999771118164,14.75,39300,14.75
2017-08-24,15.0,14.600000381469727,14.75,14.8100004196167,110400,14.8100004196167
2017-08-25,16.299999237060547,15.029999732971191,15.140000343322754,16.25,36800,16.25
2017-08-28,16.469999313354492,15.880000114440918,16.469999313354492,15.979999542236328,43600,15.979999542236328
2017-08-29,17.530000686645508,16.040000915527344,16.040000915527344,17.360000610351562,162100,17.360000610351562
2017-08-30,17.65999984741211,17.299999237060547,17.399999618530273,17.5,53600,17.5
2017-08-31,18.43000030517578,17.200000762939453,17.639999389648438,18.34000015258789,69200,18.34000015258789
2017-09-01,18.510000228881836,17.950000762939453,18.350000381469727,18.280000686645508,35600,18.280000686645508
2017-09-05,18.420000076293945,17.8799991607666,18.280000686645508,18.31999969482422,47700,18.31999969482422
2017-09-06,18.510000228881836,17.950000762939453,18.31999969482422,18.190000534057617,31700,18.190000534057617
2017-09-07,18.420000076293945,17.700000762939453,18.190000534057617,18.280000686645508,69900,18.280000686645508
2017-09-08,18.56999969482422,17.950000762939453,18.25,18.280000686645508,37000,18.280000686645508
2017-09-11,18.59000015258789,18.1299991607666,18.360000610351562,18.420000076293945,60100,18.420000076293945
2017-09-12,18.6200008392334,18.209999084472656,18.6200008392334,18.25,33400,18.25
2017-09-13,18.450000762939453,18.059999465942383,18.059999465942383,18.290000915527344,20700,18.290000915527344
2017-09-14,18.290000915527344,17.510000228881836,18.190000534057617,17.600000381469727,44800,17.600000381469727
2017-09-15,17.799999237060547,17.100000381469727,17.600000381469727,17.3700008392334,60000,17.3700008392334
2017-09-18,17.940000534057617,17.229999542236328,17.229999542236328,17.850000381469727,19700,17.850000381469727
2017-09-19,17.84000015258789,17.43000030517578,17.84000015258789,17.68000030517578,19000,17.68000030517578
2017-09-20,17.940000534057617,17.489999771118164,17.670000076293945,17.700000762939453,13500,17.700000762939453
2017-09-21,18.06999969482422,17.559999465942383,17.850000381469727,17.989999771118164,21100,17.989999771118164
2017-09-22,18.25,17.799999237060547,18.110000610351562,17.959999084472656,25600,17.959999084472656
2017-09-25,18.049999237060547,17.56999969482422,17.860000610351562,17.969999313354492,26900,17.969999313354492
2017-09-26,18.65999984741211,17.969999313354492,18.100000381469727,18.59000015258789,39300,18.59000015258789
2017-09-27,19.510000228881836,18.5,18.6299991607666,19.170000076293945,49900,19.170000076293945
2017-09-28,19.540000915527344,18.959999084472656,19.18000030517578,19.1299991607666,28900,19.1299991607666
2017-09-29,19.489999771118164,18.889999389648438,19.1200008392334,19.020000457763672,35900,19.020000457763672
2017-10-02,19.690000534057617,19.030000686645508,19.100000381469727,19.649999618530273,25100,19.649999618530273
2017-10-03,19.690000534057617,19.329999923706055,19.65999984741211,19.389999389648438,29000,19.389999389648438
2017-10-04,19.479999542236328,19.049999237060547,19.299999237060547,19.1299991607666,22200,19.1299991607666
2017-10-05,20.06999969482422,18.709999084472656,19.100000381469727,19.90999984741211,63700,19.90999984741211
2017-10-06,20.079999923706055,19.600000381469727,19.940000534057617,19.639999389648438,30000,19.639999389648438
2017-10-09,19.770000457763672,19.110000610351562,19.770000457763672,19.399999618530273,43600,19.399999618530273
2017-10-10,20.0,19.459999084472656,19.610000610351562,19.81999969482422,27400,19.81999969482422
2017-10-11,20.31999969482422,19.920000076293945,20.100000381469727,20.139999389648438,37200,20.139999389648438
2017-10-12,20.469999313354492,20.0,20.270000457763672,20.010000228881836,21900,20.010000228881836
2017-10-13,20.170000076293945,19.899999618530273,20.170000076293945,20.049999237060547,34500,20.049999237060547
2017-10-16,21.100000381469727,19.850000381469727,20.059999465942383,21.079999923706055,61200,21.079999923706055
2017-10-17,21.110000610351562,20.6299991607666,21.09000015258789,20.65999984741211,42100,20.65999984741211
2017-10-18,20.700000762939453,20.280000686645508,20.700000762939453,20.389999389648438,32700,20.389999389648438
2017-10-19,20.450000762939453,20.030000686645508,20.3700008392334,20.389999389648438,18100,20.389999389648438
2017-10-20,20.510000228881836,19.649999618530273,20.510000228881836,19.860000610351562,29000,19.860000610351562
2017-10-23,19.75,18.389999389648438,19.690000534057617,18.43000030517578,70100,18.43000030517578
2017-10-24,19.6200008392334,18.610000610351562,18.610000610351562,19.200000762939453,30500,19.200000762939453
2017-10-25,19.209999084472656,18.540000915527344,19.09000015258789,19.15999984741211,25500,19.15999984741211
2017-10-26,19.309999465942383,18.780000686645508,19.270000457763672,18.799999237060547,14900,18.799999237060547
2017-10-27,19.299999237060547,18.59000015258789,19.299999237060547,19.149999618530273,28600,19.149999618530273
2017-10-30,19.059999465942383,17.920000076293945,19.059999465942383,18.149999618530273,36300,18.149999618530273
2017-10-31,18.520000457763672,17.940000534057617,18.260000228881836,18.239999771118164,41300,18.239999771118164
2017-11-01,18.65999984741211,17.489999771118164,18.280000686645508,17.829999923706055,51000,17.829999923706055
2017-11-02,18.09000015258789,17.530000686645508,18.049999237060547,17.579999923706055,34800,17.579999923706055
2017-11-03,17.899999618530273,17.260000228881836,17.469999313354492,17.799999237060547,32800,17.799999237060547
2017-11-06,18.1299991607666,17.6200008392334,17.670000076293945,17.850000381469727,27800,17.850000381469727
2017-11-07,17.84000015258789,17.200000762939453,17.729999542236328,17.65999984741211,37600,17.65999984741211
2017-11-08,17.850000381469727,17.059999465942383,17.489999771118164,17.719999313354492,36600,17.719999313354492
2017-11-09,17.700000762939453,17.1200008392334,17.479999542236328,17.65999984741211,26200,17.65999984741211
2017-11-10,17.93000030517578,17.59000015258789,17.670000076293945,17.739999771118164,17300,17.739999771118164
2017-11-13,17.690000534057617,16.959999084472656,17.690000534057617,17.25,51100,17.25
2017-11-14,17.18000030517578,16.6200008392334,17.09000015258789,17.110000610351562,28600,17.110000610351562
2017-11-15,17.1299991607666,16.6200008392334,17.010000228881836,16.940000534057617,19600,16.940000534057617
2017-11-16,17.950000762939453,16.889999389648438,16.969999313354492,17.729999542236328,37000,17.729999542236328
2017-11-17,17.610000610351562,16.940000534057617,17.579999923706055,17.18000030517578,26200,17.18000030517578
2017-11-20,17.690000534057617,16.790000915527344,17.190000534057617,17.600000381469727,36500,17.600000381469727
2017-11-21,18.209999084472656,17.440000534057617,17.440000534057617,17.950000762939453,30700,17.950000762939453
2017-11-22,18.219999313354492,17.649999618530273,18.0,18.100000381469727,28800,18.100000381469727
2017-11-24,18.229999542236328,17.93000030517578,18.200000762939453,18.09000015258789,13000,18.09000015258789
2017-11-27,18.399999618530273,17.75,18.079999923706055,17.809999465942383,24100,17.809999465942383
2017-11-28,18.059999465942383,17.15999984741211,17.950000762939453,18.010000228881836,28200,18.010000228881836
2017-11-29,18.34000015258789,18.0,18.0,18.049999237060547,16900,18.049999237060547
2017-11-30,18.5,18.059999465942383,18.15999984741211,18.229999542236328,17300,18.229999542236328
2017-12-01,18.360000610351562,17.649999618530273,18.170000076293945,17.920000076293945,9700,17.920000076293945
2017-12-04,18.270000457763672,17.5,18.15999984741211,17.5,13800,17.5
2017-12-05,17.90999984741211,17.5,17.510000228881836,17.549999237060547,15400,17.549999237060547
2017-12-06,17.670000076293945,17.549999237060547,17.559999465942383,17.59000015258789,26000,17.59000015258789
2017-12-07,18.15999984741211,17.440000534057617,17.670000076293945,17.530000686645508,50100,17.530000686645508
2017-12-08,17.899999618530273,17.5,17.520000457763672,17.75,33200,17.75
2017-12-11,18.459999084472656,17.719999313354492,17.719999313354492,18.299999237060547,18900,18.299999237060547
2017-12-12,18.5,17.959999084472656,18.280000686645508,18.170000076293945,20300,18.170000076293945
2017-12-13,18.540000915527344,18.110000610351562,18.110000610351562,18.440000534057617,28400,18.440000534057617
2017-12-14,18.489999771118164,18.040000915527344,18.450000762939453,18.190000534057617,13300,18.190000534057617
2017-12-15,18.700000762939453,18.260000228881836,18.280000686645508,18.489999771118164,70600,18.489999771118164
2017-12-18,18.670000076293945,18.309999465942383,18.670000076293945,18.440000534057617,23200,18.440000534057617
2017-12-19,18.5,18.059999465942383,18.5,18.09000015258789,16700,18.09000015258789
2017-12-20,18.549999237060547,17.979999542236328,18.18000030517578,18.489999771118164,29300,18.489999771118164
2017-12-21,18.649999618530273,18.270000457763672,18.5,18.56999969482422,34000,18.56999969482422
2017-12-22,18.610000610351562,18.040000915527344,18.610000610351562,18.219999313354492,9700,18.219999313354492
2017-12-26,18.25,18.0,18.25,18.049999237060547,32700,18.049999237060547
2017-12-27,18.649999618530273,18.049999237060547,18.1299991607666,18.559999465942383,24100,18.559999465942383
2017-12-28,19.18000030517578,18.399999618530273,18.649999618530273,19.1299991607666,43600,19.1299991607666
2017-12-29,19.600000381469727,19.1200008392334,19.200000762939453,19.139999389648438,68200,19.139999389648438
2018-01-02,19.84000015258789,19.049999237060547,19.049999237060547,19.239999771118164,46400,19.239999771118164
2018-01-03,19.610000610351562,19.09000015258789,19.34000015258789,19.34000015258789,32800,19.34000015258789
2018-01-04,19.510000228881836,19.079999923706055,19.479999542236328,19.510000228881836,43200,19.510000228881836
2018-01-05,19.790000915527344,19.309999465942383,19.600000381469727,19.6299991607666,33500,19.6299991607666
2018-01-08,19.700000762939453,19.18000030517578,19.6299991607666,19.31999969482422,51900,19.31999969482422
2018-01-09,19.639999389648438,18.959999084472656,19.350000381469727,19.200000762939453,59600,19.200000762939453
2018-01-10,19.520000457763672,19.170000076293945,19.190000534057617,19.34000015258789,30900,19.34000015258789
2018-01-11,19.93000030517578,19.18000030517578,19.350000381469727,19.729999542236328,15900,19.729999542236328
2018-01-12,20.280000686645508,19.579999923706055,19.860000610351562,19.969999313354492,17300,19.969999313354492
2018-01-16,20.25,19.719999313354492,19.969999313354492,19.8700008392334,45200,19.8700008392334
2018-01-17,20.649999618530273,19.530000686645508,19.989999771118164,20.489999771118164,31000,20.489999771118164
2018-01-18,20.6200008392334,19.709999084472656,20.559999465942383,19.84000015258789,22000,19.84000015258789
2018-01-19,20.360000610351562,19.25,19.649999618530273,20.18000030517578,54400,20.18000030517578
2018-01-22,20.389999389648438,19.75,20.170000076293945,20.389999389648438,26600,20.389999389648438
2018-01-23,20.209999084472656,19.440000534057617,20.209999084472656,20.010000228881836,23300,20.010000228881836
2018-01-24,20.889999389648438,19.969999313354492,20.0,20.229999542236328,29600,20.229999542236328
2018-01-25,20.510000228881836,19.950000762939453,20.510000228881836,20.06999969482422,18100,20.06999969482422
2018-01-26,20.219999313354492,19.899999618530273,20.219999313354492,20.059999465942383,54200,20.059999465942383
2018-01-29,20.6299991607666,19.75,19.950000762939453,19.850000381469727,13100,19.850000381469727
2018-01-30,20.399999618530273,19.510000228881836,19.610000610351562,19.690000534057617,20100,19.690000534057617
2018-01-31,20.010000228881836,18.969999313354492,19.780000686645508,19.0,73500,19.0
2018-02-01,20.059999465942383,18.809999465942383,18.809999465942383,19.389999389648438,42700,19.389999389648438
2018-02-02,19.8700008392334,18.920000076293945,19.170000076293945,19.18000030517578,43300,19.18000030517578
2018-02-05,19.350000381469727,18.200000762939453,18.989999771118164,18.360000610351562,61300,18.360000610351562
2018-02-06,18.700000762939453,17.770000457763672,18.0,18.190000534057617,48000,18.190000534057617
2018-02-07,18.969999313354492,17.979999542236328,18.18000030517578,18.110000610351562,19600,18.110000610351562
2018-02-08,18.309999465942383,17.3700008392334,17.959999084472656,17.3799991607666,36000,17.3799991607666
2018-02-09,18.239999771118164,17.110000610351562,17.6200008392334,17.920000076293945,51600,17.920000076293945
2018-02-12,18.450000762939453,17.309999465942383,18.010000228881836,18.0,30500,18.0
2018-02-13,19.020000457763672,17.549999237060547,17.850000381469727,17.969999313354492,17000,17.969999313354492
2018-02-14,18.700000762939453,17.579999923706055,17.75,18.059999465942383,62200,18.059999465942383
2018-02-15,18.899999618530273,18.040000915527344,18.139999389648438,18.829999923706055,24700,18.829999923706055
2018-02-16,19.690000534057617,18.510000228881836,18.760000228881836,19.0,41400,19.0
2018-02-20,19.110000610351562,18.559999465942383,18.829999923706055,18.649999618530273,24000,18.649999618530273
2018-02-21,19.540000915527344,18.6299991607666,18.6299991607666,19.059999465942383,12900,19.059999465942383
2018-02-22,19.389999389648438,18.770000457763672,19.25,18.889999389648438,6900,18.889999389648438
2018-02-23,19.200000762939453,18.950000762939453,18.950000762939453,19.200000762939453,5400,19.200000762939453
2018-02-26,19.780000686645508,18.989999771118164,19.209999084472656,19.209999084472656,15000,19.209999084472656
2018-02-27,19.209999084472656,18.100000381469727,19.209999084472656,18.100000381469727,14700,18.100000381469727
2018-02-28,18.549999237060547,17.260000228881836,18.280000686645508,17.530000686645508,41500,17.530000686645508
2018-03-01,19.040000915527344,16.600000381469727,16.600000381469727,18.469999313354492,60800,18.469999313354492
2018-03-02,19.239999771118164,17.8799991607666,18.020000457763672,19.010000228881836,29900,19.010000228881836
2018-03-05,19.229999542236328,18.350000381469727,18.959999084472656,19.149999618530273,46200,19.149999618530273
2018-03-06,19.139999389648438,18.719999313354492,19.139999389648438,19.010000228881836,41900,19.010000228881836
2018-03-07,19.899999618530273,18.510000228881836,18.780000686645508,19.6200008392334,28900,19.6200008392334
2018-03-08,19.989999771118164,19.149999618530273,19.610000610351562,19.780000686645508,27400,19.780000686645508
2018-03-09,20.809999465942383,19.469999313354492,19.850000381469727,20.719999313354492,32900,20.719999313354492
2018-03-12,21.329999923706055,20.280000686645508,20.729999542236328,21.200000762939453,24700,21.200000762939453
2018-03-13,21.360000610351562,19.469999313354492,21.360000610351562,20.049999237060547,42500,20.049999237060547
2018-03-14,20.40999984741211,19.65999984741211,20.280000686645508,19.81999969482422,25400,19.81999969482422
2018-03-15,20.270000457763672,19.360000610351562,19.889999389648438,19.760000228881836,26400,19.760000228881836
2018-03-16,20.299999237060547,19.3799991607666,19.760000228881836,19.780000686645508,101500,19.780000686645508
2018-03-19,20.729999542236328,19.489999771118164,19.8799991607666,20.600000381469727,34500,20.600000381469727
2018-03-20,20.809999465942383,20.329999923706055,20.59000015258789,20.6200008392334,36400,20.6200008392334
2018-03-21,20.850000381469727,20.5,20.6200008392334,20.600000381469727,17900,20.600000381469727
2018-03-22,20.549999237060547,19.299999237060547,20.540000915527344,19.5,28600,19.5
2018-03-23,19.739999771118164,19.010000228881836,19.5,19.059999465942383,25700,19.059999465942383
2018-03-26,20.34000015258789,18.90999984741211,19.239999771118164,19.31999969482422,44900,19.31999969482422
2018-03-27,19.969999313354492,18.1200008392334,19.420000076293945,18.209999084472656,69500,18.209999084472656
2018-03-28,18.8700008392334,17.549999237060547,18.280000686645508,17.709999084472656,33900,17.709999084472656
2018-03-29,18.65999984741211,17.219999313354492,17.8799991607666,17.299999237060547,44000,17.299999237060547
2018-04-02,18.469999313354492,17.229999542236328,17.280000686645508,17.489999771118164,58600,17.489999771118164
2018-04-03,18.260000228881836,17.600000381469727,17.639999389648438,17.829999923706055,65100,17.829999923706055
2018-04-04,19.200000762939453,17.65999984741211,17.65999984741211,18.399999618530273,40700,18.399999618530273
2018-04-05,19.520000457763672,18.479999542236328,18.489999771118164,19.399999618530273,27600,19.399999618530273
2018-04-06,19.770000457763672,18.809999465942383,19.34000015258789,19.1200008392334,37700,19.1200008392334
2018-04-09,19.790000915527344,19.229999542236328,19.260000228881836,19.290000915527344,36800,19.290000915527344
2018-04-10,20.459999084472656,19.270000457763672,19.610000610351562,19.8700008392334,41400,19.8700008392334
2018-04-11,19.899999618530273,19.31999969482422,19.729999542236328,19.600000381469727,48800,19.600000381469727
2018-04-12,20.139999389648438,19.010000228881836,19.979999542236328,19.139999389648438,46700,19.139999389648438
2018-04-13,19.690000534057617,18.770000457763672,19.190000534057617,19.190000534057617,22800,19.190000534057617
2018-04-16,19.729999542236328,19.18000030517578,19.450000762939453,19.520000457763672,31000,19.520000457763672
2018-04-17,20.020000457763672,19.010000228881836,19.670000076293945,19.780000686645508,34100,19.780000686645508
2018-04-18,19.920000076293945,19.139999389648438,19.860000610351562,19.440000534057617,65700,19.440000534057617
2018-04-19,20.110000610351562,19.440000534057617,19.450000762939453,19.75,50400,19.75
2018-04-20,20.1200008392334,19.209999084472656,19.809999465942383,20.010000228881836,19700,20.010000228881836
2018-04-23,20.209999084472656,19.25,20.049999237060547,20.0,43900,20.0
2018-04-24,20.100000381469727,19.450000762939453,20.049999237060547,19.989999771118164,19400,19.989999771118164
2018-04-25,20.110000610351562,19.729999542236328,19.950000762939453,19.959999084472656,17200,19.959999084472656
2018-04-26,20.43000030517578,19.729999542236328,20.020000457763672,20.389999389648438,24200,20.389999389648438
2018-04-27,20.3700008392334,19.559999465942383,20.3700008392334,19.950000762939453,16200,19.950000762939453
2018-04-30,20.270000457763672,19.68000030517578,19.989999771118164,19.729999542236328,20100,19.729999542236328
2018-05-01,19.719999313354492,19.229999542236328,19.719999313354492,19.690000534057617,7300,19.690000534057617
2018-05-02,19.899999618530273,19.059999465942383,19.690000534057617,19.239999771118164,43700,19.239999771118164
2018-05-03,19.389999389648438,18.920000076293945,19.260000228881836,19.040000915527344,21400,19.040000915527344
2018-05-04,19.959999084472656,19.030000686645508,19.030000686645508,19.670000076293945,44200,19.670000076293945
2018-05-07,20.079999923706055,18.81999969482422,19.670000076293945,19.93000030517578,42400,19.93000030517578
2018-05-08,20.139999389648438,19.479999542236328,19.959999084472656,19.979999542236328,42400,19.979999542236328
2018-05-09,20.329999923706055,19.110000610351562,20.1200008392334,20.299999237060547,21300,20.299999237060547
2018-05-10,20.719999313354492,19.950000762939453,20.3700008392334,20.280000686645508,37900,20.280000686645508
2018-05-11,20.8700008392334,19.84000015258789,20.290000915527344,20.1299991607666,48400,20.1299991607666
2018-05-14,20.90999984741211,20.200000762939453,20.239999771118164,20.440000534057617,39300,20.440000534057617
2018-05-15,20.770000457763672,19.899999618530273,20.399999618530273,20.739999771118164,45200,20.739999771118164
2018-05-16,21.209999084472656,19.940000534057617,20.739999771118164,21.170000076293945,27200,21.170000076293945
2018-05-17,21.790000915527344,21.200000762939453,21.25,21.3799991607666,39700,21.3799991607666
2018-05-18,21.889999389648438,21.270000457763672,21.489999771118164,21.649999618530273,36900,21.649999618530273
2018-05-21,21.8700008392334,21.479999542236328,21.8700008392334,21.739999771118164,25400,21.739999771118164
2018-05-22,21.90999984741211,21.200000762939453,21.790000915527344,21.31999969482422,34800,21.31999969482422
2018-05-23,21.579999923706055,21.110000610351562,21.280000686645508,21.520000457763672,14800,21.520000457763672
2018-05-24,21.579999923706055,21.010000228881836,21.3799991607666,21.579999923706055,13100,21.579999923706055
2018-05-25,21.610000610351562,21.34000015258789,21.610000610351562,21.559999465942383,6500,21.559999465942383
2018-05-29,22.0,21.25,21.420000076293945,21.450000762939453,28800,21.450000762939453
2018-05-30,21.889999389648438,21.079999923706055,21.5,21.34000015258789,55300,21.34000015258789
2018-05-31,21.989999771118164,20.860000610351562,21.43000030517578,21.049999237060547,33400,21.049999237060547
2018-06-01,21.579999923706055,21.1299991607666,21.239999771118164,21.420000076293945,31100,21.420000076293945
2018-06-04,21.5,21.229999542236328,21.5,21.389999389648438,22300,21.389999389648438
2018-06-05,21.549999237060547,21.260000228881836,21.389999389648438,21.450000762939453,14400,21.450000762939453
2018-06-06,21.579999923706055,21.219999313354492,21.389999389648438,21.479999542236328,32900,21.479999542236328
2018-06-07,21.56999969482422,21.209999084472656,21.520000457763672,21.280000686645508,26800,21.280000686645508
2018-06-08,21.450000762939453,21.25,21.270000457763672,21.31999969482422,22200,21.31999969482422
2018-06-11,21.440000534057617,21.219999313354492,21.309999465942383,21.360000610351562,12500,21.360000610351562
2018-06-12,21.459999084472656,21.200000762939453,21.420000076293945,21.399999618530273,18500,21.399999618530273
2018-06-13,21.600000381469727,21.299999237060547,21.40999984741211,21.420000076293945,26700,21.420000076293945
2018-06-14,21.8700008392334,20.950000762939453,21.399999618530273,21.149999618530273,37000,21.149999618530273
2018-06-15,21.149999618530273,19.309999465942383,21.010000228881836,20.860000610351562,53300,20.860000610351562
2018-06-18,21.190000534057617,20.579999923706055,20.760000228881836,20.899999618530273,11200,20.899999618530273
2018-06-19,20.81999969482422,20.299999237060547,20.729999542236328,20.479999542236328,39100,20.479999542236328
2018-06-20,21.15999984741211,19.809999465942383,20.559999465942383,20.979999542236328,29200,20.979999542236328
2018-06-21,21.1200008392334,20.350000381469727,20.979999542236328,20.420000076293945,41700,20.420000076293945
2018-06-22,21.989999771118164,20.059999465942383,20.1299991607666,21.43000030517578,100300,21.43000030517578
2018-06-25,21.43000030517578,20.540000915527344,21.25,21.1299991607666,35000,21.1299991607666
2018-06-26,21.549999237060547,20.780000686645508,21.139999389648438,21.239999771118164,58900,21.239999771118164
2018-06-27,21.239999771118164,19.75,21.239999771118164,19.8700008392334,61100,19.8700008392334
2018-06-28,20.65999984741211,19.25,19.90999984741211,19.65999984741211,54400,19.65999984741211
2018-06-29,19.989999771118164,19.270000457763672,19.770000457763672,19.3700008392334,59400,19.3700008392334
2018-07-02,19.760000228881836,19.170000076293945,19.280000686645508,19.729999542236328,38100,19.729999542236328
2018-07-03,20.350000381469727,19.700000762939453,19.729999542236328,19.920000076293945,22200,19.920000076293945
2018-07-05,20.65999984741211,20.040000915527344,20.190000534057617,20.329999923706055,20700,20.329999923706055
2018-07-06,20.709999084472656,20.299999237060547,20.34000015258789,20.610000610351562,15200,20.610000610351562
2018-07-09,21.110000610351562,20.68000030517578,20.700000762939453,21.079999923706055,18100,21.079999923706055
2018-07-10,21.3799991607666,20.65999984741211,21.06999969482422,20.709999084472656,16200,20.709999084472656
2018-07-11,20.600000381469727,19.899999618530273,20.59000015258789,20.18000030517578,13000,20.18000030517578
2018-07-12,20.68000030517578,20.100000381469727,20.520000457763672,20.6200008392334,6300,20.6200008392334
2018-07-13,20.510000228881836,19.950000762939453,20.110000610351562,20.139999389648438,24500,20.139999389648438
2018-07-16,20.149999618530273,19.3799991607666,20.149999618530273,19.520000457763672,36800,19.520000457763672
2018-07-17,20.079999923706055,19.25,19.540000915527344,19.479999542236328,37700,19.479999542236328
2018-07-18,19.520000457763672,18.950000762939453,19.520000457763672,19.34000015258789,53100,19.34000015258789
2018-07-19,19.850000381469727,19.0,19.260000228881836,19.729999542236328,31400,19.729999542236328
2018-07-20,19.84000015258789,19.479999542236328,19.780000686645508,19.690000534057617,27600,19.690000534057617
2018-07-23,19.729999542236328,19.510000228881836,19.670000076293945,19.6299991607666,21700,19.6299991607666
2018-07-24,19.780000686645508,19.229999542236328,19.770000457763672,19.459999084472656,54300,19.459999084472656
2018-07-25,19.469999313354492,19.06999969482422,19.469999313354492,19.170000076293945,9600,19.170000076293945
2018-07-26,19.579999923706055,19.100000381469727,19.18000030517578,19.31999969482422,15100,19.31999969482422
2018-07-27,19.350000381469727,18.799999237060547,19.350000381469727,18.899999618530273,26200,18.899999618530273
2018-07-30,19.56999969482422,19.030000686645508,19.030000686645508,19.399999618530273,26100,19.399999618530273
2018-07-31,19.559999465942383,19.280000686645508,19.469999313354492,19.559999465942383,12500,19.559999465942383
2018-08-01,19.5,19.010000228881836,19.5,19.260000228881836,9700,19.260000228881836
2018-08-02,19.389999389648438,19.010000228881836,19.170000076293945,19.219999313354492,13800,19.219999313354492
2018-08-03,19.809999465942383,19.0,19.0,19.459999084472656,16300,19.459999084472656
2018-08-06,19.81999969482422,19.309999465942383,19.3700008392334,19.68000030517578,23100,19.68000030517578
2018-08-07,19.75,19.079999923706055,19.3700008392334,19.270000457763672,41100,19.270000457763672
2018-08-08,19.25,19.020000457763672,19.25,19.079999923706055,23500,19.079999923706055
2018-08-09,19.469999313354492,18.56999969482422,19.469999313354492,18.979999542236328,57100,18.979999542236328
2018-08-10,19.59000015258789,18.399999618530273,19.469999313354492,18.549999237060547,60900,18.549999237060547
2018-08-13,18.889999389648438,17.899999618530273,18.549999237060547,18.0,47700,18.0
2018-08-14,18.520000457763672,17.780000686645508,18.010000228881836,17.8799991607666,17700,17.8799991607666
2018-08-15,18.200000762939453,17.510000228881836,17.729999542236328,17.65999984741211,8500,17.65999984741211
2018-08-16,17.739999771118164,17.139999389648438,17.690000534057617,17.520000457763672,49000,17.520000457763672
2018-08-17,17.979999542236328,17.290000915527344,17.389999389648438,17.450000762939453,14800,17.450000762939453
2018-08-20,17.440000534057617,16.760000228881836,17.440000534057617,16.90999984741211,39700,16.90999984741211
2018-08-21,17.309999465942383,16.799999237060547,16.920000076293945,16.8799991607666,23900,16.8799991607666
2018-08-22,17.1200008392334,16.790000915527344,16.81999969482422,17.0,44700,17.0
2018-08-23,17.030000686645508,16.649999618530273,17.0,16.75,48000,16.75
2018-08-24,18.0,16.860000610351562,16.860000610351562,17.770000457763672,37300,17.770000457763672
2018-08-27,17.989999771118164,17.450000762939453,17.860000610351562,17.540000915527344,25400,17.540000915527344
2018-08-28,17.920000076293945,17.549999237060547,17.549999237060547,17.850000381469727,4400,17.850000381469727
2018-08-29,18.15999984741211,17.799999237060547,17.84000015258789,18.09000015258789,9500,18.09000015258789
2018-08-30,18.0,17.719999313354492,18.0,17.979999542236328,6100,17.979999542236328
2018-08-31,18.18000030517578,17.65999984741211,17.8799991607666,18.059999465942383,12700,18.059999465942383
2018-09-04,17.989999771118164,17.709999084472656,17.920000076293945,17.940000534057617,37100,17.940000534057617
2018-09-05,17.950000762939453,17.559999465942383,17.950000762939453,17.920000076293945,15800,17.920000076293945
2018-09-06,18.200000762939453,17.09000015258789,17.8700008392334,17.889999389648438,23600,17.889999389648438
2018-09-07,18.110000610351562,17.6200008392334,17.81999969482422,17.959999084472656,13500,17.959999084472656
2018-09-10,18.170000076293945,17.489999771118164,18.170000076293945,17.6200008392334,34200,17.6200008392334
2018-09-11,17.75,17.110000610351562,17.530000686645508,17.65999984741211,15200,17.65999984741211
2018-09-12,18.18000030517578,17.40999984741211,17.600000381469727,17.93000030517578,32700,17.93000030517578
2018-09-13,18.200000762939453,17.850000381469727,17.93000030517578,17.950000762939453,16200,17.950000762939453
2018-09-14,18.8799991607666,17.8799991607666,17.8799991607666,18.790000915527344,20800,18.790000915527344
2018-09-17,19.34000015258789,18.6299991607666,18.799999237060547,19.139999389648438,16300,19.139999389648438
2018-09-18,19.450000762939453,19.09000015258789,19.190000534057617,19.299999237060547,28200,19.299999237060547
2018-09-19,19.729999542236328,18.969999313354492,19.260000228881836,19.559999465942383,17200,19.559999465942383
2018-09-20,20.1299991607666,19.399999618530273,19.639999389648438,20.0,38900,20.0
2018-09-21,20.84000015258789,19.860000610351562,20.030000686645508,20.84000015258789,63900,20.84000015258789
2018-09-24,20.969999313354492,20.25,20.829999923706055,20.350000381469727,50700,20.350000381469727
2018-09-25,20.350000381469727,19.459999084472656,20.350000381469727,19.530000686645508,25900,19.530000686645508
2018-09-26,20.15999984741211,19.15999984741211,19.579999923706055,19.350000381469727,29100,19.350000381469727
2018-09-27,19.850000381469727,19.389999389648438,19.43000030517578,19.559999465942383,31600,19.559999465942383
2018-09-28,19.989999771118164,19.360000610351562,19.399999618530273,19.75,34400,19.75
2018-10-01,20.0,19.540000915527344,19.84000015258789,19.600000381469727,31700,19.600000381469727
2018-10-02,19.8700008392334,19.5,19.610000610351562,19.75,80500,19.75
2018-10-03,19.979999542236328,19.6200008392334,19.81999969482422,19.84000015258789,113100,19.84000015258789
2018-10-04,20.739999771118164,19.520000457763672,19.84000015258789,20.360000610351562,36800,20.360000610351562
2018-10-05,20.59000015258789,19.420000076293945,20.43000030517578,20.239999771118164,27400,20.239999771118164
2018-10-08,20.600000381469727,20.079999923706055,20.100000381469727,20.329999923706055,35000,20.329999923706055
2018-10-09,20.729999542236328,20.299999237060547,20.40999984741211,20.549999237060547,122600,20.549999237060547
2018-10-10,20.739999771118164,20.170000076293945,20.479999542236328,20.530000686645508,54300,20.530000686645508
2018-10-11,20.739999771118164,19.81999969482422,19.81999969482422,20.190000534057617,37500,20.190000534057617
2018-10-12,20.43000030517578,19.579999923706055,20.3700008392334,19.579999923706055,94200,19.579999923706055
2018-10-15,19.84000015258789,18.739999771118164,19.600000381469727,18.8799991607666,30000,18.8799991607666
2018-10-16,19.209999084472656,18.479999542236328,18.979999542236328,18.579999923706055,25900,18.579999923706055
2018-10-17,18.950000762939453,18.389999389648438,18.520000457763672,18.6200008392334,35000,18.6200008392334
2018-10-18,18.780000686645508,18.059999465942383,18.530000686645508,18.3700008392334,99200,18.3700008392334
2018-10-19,18.6200008392334,18.25,18.3799991607666,18.360000610351562,113600,18.360000610351562
2018-10-22,18.559999465942383,17.850000381469727,18.350000381469727,17.989999771118164,14100,17.989999771118164
2018-10-23,17.989999771118164,17.40999984741211,17.690000534057617,17.450000762939453,37700,17.450000762939453
2018-10-24,17.8799991607666,16.790000915527344,17.440000534057617,16.899999618530273,18000,16.899999618530273
2018-10-25,17.40999984741211,16.520000457763672,16.969999313354492,17.100000381469727,29900,17.100000381469727
2018-10-26,17.540000915527344,16.719999313354492,17.079999923706055,17.5,19800,17.5
2018-10-29,18.010000228881836,17.459999084472656,17.649999618530273,17.790000915527344,17100,17.790000915527344
2018-10-30,17.780000686645508,17.549999237060547,17.780000686645508,17.700000762939453,10600,17.700000762939453
2018-10-31,17.920000076293945,17.59000015258789,17.84000015258789,17.809999465942383,24400,17.809999465942383
2018-11-01,18.489999771118164,17.450000762939453,17.8799991607666,18.43000030517578,22900,18.43000030517578
2018-11-02,19.170000076293945,18.34000015258789,18.450000762939453,18.969999313354492,30200,18.969999313354492
2018-11-05,19.360000610351562,18.6200008392334,18.989999771118164,19.350000381469727,22000,19.350000381469727
2018-11-06,19.75,18.899999618530273,19.360000610351562,19.700000762939453,31300,19.700000762939453
2018-11-07,19.860000610351562,19.260000228881836,19.780000686645508,19.56999969482422,65900,19.56999969482422
2018-11-08,22.479999542236328,19.979999542236328,20.0,22.479999542236328,113800,22.479999542236328
2018-11-09,23.81999969482422,22.309999465942383,22.959999084472656,23.31999969482422,133000,23.31999969482422
2018-11-12,24.969999313354492,22.950000762939453,23.420000076293945,24.899999618530273,99800,24.899999618530273
2018-11-13,25.049999237060547,24.020000457763672,24.670000076293945,24.450000762939453,81100,24.450000762939453
2018-11-14,24.989999771118164,23.799999237060547,24.81999969482422,24.110000610351562,65300,24.110000610351562
2018-11-15,24.170000076293945,23.719999313354492,23.969999313354492,23.950000762939453,35400,23.950000762939453
2018-11-16,24.219999313354492,23.760000228881836,23.90999984741211,23.940000534057617,65700,23.940000534057617
2018-11-19,24.450000762939453,23.940000534057617,24.010000228881836,24.100000381469727,38900,24.100000381469727
2018-11-20,23.809999465942383,22.84000015258789,23.809999465942383,23.200000762939453,35900,23.200000762939453
2018-11-21,23.59000015258789,23.1200008392334,23.15999984741211,23.190000534057617,19700,23.190000534057617
2018-11-23,23.600000381469727,22.959999084472656,23.040000915527344,23.40999984741211,7300,23.40999984741211
2018-11-26,23.3700008392334,22.93000030517578,23.3700008392334,23.239999771118164,37100,23.239999771118164
2018-11-27,23.149999618530273,22.719999313354492,22.739999771118164,23.049999237060547,30000,23.049999237060547
2018-11-28,23.399999618530273,22.709999084472656,23.059999465942383,23.399999618530273,41500,23.399999618530273
2018-11-29,23.450000762939453,23.0,23.209999084472656,23.440000534057617,19200,23.440000534057617
2018-11-30,23.600000381469727,22.979999542236328,23.440000534057617,23.59000015258789,40800,23.59000015258789
2018-12-03,23.59000015258789,22.520000457763672,23.59000015258789,23.399999618530273,22100,23.399999618530273
2018-12-04,23.459999084472656,22.6200008392334,23.40999984741211,22.739999771118164,20900,22.739999771118164
2018-12-06,23.209999084472656,22.100000381469727,22.65999984741211,22.350000381469727,26900,22.350000381469727
2018-12-07,22.709999084472656,21.979999542236328,22.34000015258789,22.399999618530273,50600,22.399999618530273
2018-12-10,22.5,21.809999465942383,22.40999984741211,22.40999984741211,37300,22.40999984741211
2018-12-11,23.31999969482422,22.25,22.860000610351562,23.010000228881836,34500,23.010000228881836
2018-12-12,23.889999389648438,22.950000762939453,23.420000076293945,23.8700008392334,73100,23.8700008392334
2018-12-13,23.8700008392334,22.829999923706055,23.8700008392334,23.229999542236328,44200,23.229999542236328
2018-12-14,23.399999618530273,22.8700008392334,23.239999771118164,23.15999984741211,29600,23.15999984741211
2018-12-17,23.459999084472656,22.06999969482422,23.260000228881836,23.049999237060547,33700,23.049999237060547
2018-12-18,23.65999984741211,23.040000915527344,23.06999969482422,23.389999389648438,32700,23.389999389648438
2018-12-19,23.5,22.729999542236328,23.389999389648438,23.399999618530273,95100,23.399999618530273
2018-12-20,23.43000030517578,22.59000015258789,23.43000030517578,22.690000534057617,76700,22.690000534057617
2018-12-21,23.18000030517578,21.0,22.6200008392334,21.299999237060547,162700,21.299999237060547
2018-12-24,21.670000076293945,20.760000228881836,21.209999084472656,21.1200008392334,27600,21.1200008392334
2018-12-26,22.350000381469727,21.190000534057617,21.190000534057617,22.079999923706055,54500,22.079999923706055
2018-12-27,22.600000381469727,21.1200008392334,21.700000762939453,22.530000686645508,81400,22.530000686645508
2018-12-28,23.450000762939453,21.93000030517578,22.3799991607666,23.309999465942383,71300,23.309999465942383
2018-12-31,23.40999984741211,22.93000030517578,23.299999237060547,23.290000915527344,95200,23.290000915527344
2019-01-02,23.770000457763672,22.709999084472656,22.940000534057617,23.399999618530273,55500,23.399999618530273
2019-01-03,23.5,22.760000228881836,23.389999389648438,23.18000030517578,53600,23.18000030517578
2019-01-04,23.639999389648438,22.920000076293945,23.399999618530273,23.209999084472656,109900,23.209999084472656
2019-01-07,23.440000534057617,22.93000030517578,23.200000762939453,23.149999618530273,34100,23.149999618530273
2019-01-08,23.309999465942383,22.899999618530273,23.280000686645508,23.149999618530273,57500,23.149999618530273
2019-01-09,23.350000381469727,23.040000915527344,23.15999984741211,23.200000762939453,29400,23.200000762939453
2019-01-10,23.239999771118164,22.920000076293945,23.190000534057617,23.149999618530273,24100,23.149999618530273
2019-01-11,23.280000686645508,22.649999618530273,23.110000610351562,22.989999771118164,20900,22.989999771118164
2019-01-14,22.969999313354492,22.0,22.969999313354492,22.649999618530273,37800,22.649999618530273
2019-01-15,22.649999618530273,22.059999465942383,22.649999618530273,22.290000915527344,21700,22.290000915527344
2019-01-16,22.700000762939453,22.270000457763672,22.270000457763672,22.520000457763672,34900,22.520000457763672
2019-01-17,22.65999984741211,22.280000686645508,22.5,22.43000030517578,39300,22.43000030517578
2019-01-18,23.06999969482422,22.5,22.510000228881836,23.020000457763672,87900,23.020000457763672
2019-01-22,23.139999389648438,22.18000030517578,23.020000457763672,22.43000030517578,27000,22.43000030517578
2019-01-23,22.5,21.760000228881836,22.5,21.969999313354492,21300,21.969999313354492
2019-01-24,21.969999313354492,21.260000228881836,21.90999984741211,21.559999465942383,24700,21.559999465942383
2019-01-25,22.200000762939453,21.399999618530273,21.860000610351562,21.530000686645508,18100,21.530000686645508
2019-01-28,21.790000915527344,21.020000457763672,21.489999771118164,21.65999984741211,25500,21.65999984741211
2019-01-29,22.049999237060547,21.709999084472656,21.709999084472656,21.979999542236328,25300,21.979999542236328
2019-01-30,22.530000686645508,22.0,22.149999618530273,22.510000228881836,32800,22.510000228881836
2019-01-31,23.049999237060547,22.3799991607666,22.520000457763672,23.040000915527344,31900,23.040000915527344
2019-02-01,23.149999618530273,22.799999237060547,23.09000015258789,23.049999237060547,34000,23.049999237060547
2019-02-04,23.299999237060547,22.940000534057617,23.110000610351562,23.260000228881836,12600,23.260000228881836
2019-02-05,23.40999984741211,23.06999969482422,23.40999984741211,23.149999618530273,55700,23.149999618530273
2019-02-06,23.799999237060547,23.149999618530273,23.18000030517578,23.739999771118164,44000,23.739999771118164
2019-02-07,24.40999984741211,23.43000030517578,23.559999465942383,24.31999969482422,37600,24.31999969482422
2019-02-08,24.65999984741211,24.040000915527344,24.059999465942383,24.440000534057617,21400,24.440000534057617
2019-02-11,24.790000915527344,24.1200008392334,24.450000762939453,24.68000030517578,19000,24.68000030517578
2019-02-12,25.139999389648438,24.559999465942383,24.649999618530273,24.979999542236328,35400,24.979999542236328
2019-02-13,25.559999465942383,23.6200008392334,24.950000762939453,24.899999618530273,46300,24.899999618530273
2019-02-14,24.860000610351562,23.950000762939453,24.770000457763672,23.979999542236328,39800,23.979999542236328
2019-02-15,24.209999084472656,23.690000534057617,24.18000030517578,23.790000915527344,29500,23.790000915527344
2019-02-19,24.299999237060547,23.59000015258789,23.799999237060547,24.049999237060547,24100,24.049999237060547
2019-02-20,24.709999084472656,24.020000457763672,24.479999542236328,24.25,56100,24.25
2019-02-21,24.860000610351562,24.170000076293945,24.239999771118164,24.739999771118164,38400,24.739999771118164
2019-02-22,25.219999313354492,24.56999969482422,24.56999969482422,25.0,29500,25.0
2019-02-25,25.399999618530273,24.610000610351562,25.110000610351562,25.309999465942383,36300,25.309999465942383
2019-02-26,25.979999542236328,25.190000534057617,25.31999969482422,25.979999542236328,67100,25.979999542236328
2019-02-27,25.899999618530273,25.270000457763672,25.899999618530273,25.299999237060547,17600,25.299999237060547
2019-02-28,25.350000381469727,24.65999984741211,25.299999237060547,24.670000076293945,24500,24.670000076293945
2019-03-01,24.719999313354492,23.770000457763672,24.719999313354492,24.040000915527344,45800,24.040000915527344
2019-03-04,24.389999389648438,23.940000534057617,24.079999923706055,23.950000762939453,17900,23.950000762939453
2019-03-05,24.399999618530273,23.09000015258789,23.989999771118164,23.700000762939453,24100,23.700000762939453
2019-03-06,23.690000534057617,22.860000610351562,23.690000534057617,23.350000381469727,35300,23.350000381469727
2019-03-07,23.860000610351562,22.979999542236328,23.360000610351562,23.770000457763672,44500,23.770000457763672
2019-03-08,24.110000610351562,23.3799991607666,23.780000686645508,23.959999084472656,38200,23.959999084472656
2019-03-11,24.43000030517578,23.81999969482422,24.0,24.239999771118164,43500,24.239999771118164
2019-03-12,25.0,24.280000686645508,24.280000686645508,24.399999618530273,17900,24.399999618530273
2019-03-13,24.850000381469727,24.190000534057617,24.43000030517578,24.579999923706055,36100,24.579999923706055
2019-03-14,24.760000228881836,23.889999389648438,24.600000381469727,24.579999923706055,76200,24.579999923706055
2019-03-15,25.43000030517578,24.610000610351562,24.68000030517578,24.729999542236328,142900,24.729999542236328
2019-03-18,25.399999618530273,24.309999465942383,24.739999771118164,24.850000381469727,73200,24.850000381469727
2019-03-19,25.040000915527344,24.459999084472656,24.8700008392334,24.809999465942383,48200,24.809999465942383
2019-03-20,24.850000381469727,24.06999969482422,24.81999969482422,24.520000457763672,29800,24.520000457763672
2019-03-21,24.90999984741211,24.299999237060547,24.479999542236328,24.75,50700,24.75
2019-03-22,24.799999237060547,23.530000686645508,24.799999237060547,23.780000686645508,32800,23.780000686645508
2019-03-25,24.030000686645508,23.260000228881836,24.030000686645508,23.59000015258789,70200,23.59000015258789
2019-03-26,23.729999542236328,22.969999313354492,23.729999542236328,23.559999465942383,72800,23.559999465942383
2019-03-27,24.18000030517578,23.280000686645508,23.639999389648438,24.030000686645508,93000,24.030000686645508
2019-03-28,24.649999618530273,23.889999389648438,24.200000762939453,24.350000381469727,143400,24.350000381469727
2019-03-29,24.530000686645508,23.850000381469727,24.450000762939453,24.0,123300,24.0
2019-04-01,24.989999771118164,23.809999465942383,24.1200008392334,24.709999084472656,101500,24.709999084472656
2019-04-02,24.90999984741211,24.260000228881836,24.690000534057617,24.65999984741211,66700,24.65999984741211
2019-04-03,24.93000030517578,24.420000076293945,24.610000610351562,24.56999969482422,72400,24.56999969482422
2019-04-04,25.68000030517578,24.329999923706055,24.579999923706055,25.010000228881836,63600,25.010000228881836
2019-04-05,25.93000030517578,24.989999771118164,24.989999771118164,25.649999618530273,42100,25.649999618530273
2019-04-08,26.049999237060547,25.610000610351562,25.670000076293945,26.0,59800,26.0
2019-04-09,25.8799991607666,25.329999923706055,25.8799991607666,25.559999465942383,28300,25.559999465942383
2019-04-10,26.31999969482422,25.549999237060547,25.549999237060547,26.200000762939453,58500,26.200000762939453
2019-04-11,26.299999237060547,25.8799991607666,26.18000030517578,26.209999084472656,19100,26.209999084472656
2019-04-12,26.219999313354492,25.610000610351562,26.219999313354492,25.959999084472656,29400,25.959999084472656
2019-04-15,26.0,25.299999237060547,26.0,25.3799991607666,25100,25.3799991607666
2019-04-16,25.969999313354492,25.459999084472656,25.459999084472656,25.829999923706055,50300,25.829999923706055
2019-04-17,25.899999618530273,25.170000076293945,25.81999969482422,25.6299991607666,28500,25.6299991607666
2019-04-18,26.049999237060547,25.329999923706055,25.5,25.709999084472656,62700,25.709999084472656
2019-04-22,25.639999389648438,25.149999618530273,25.6299991607666,25.43000030517578,31300,25.43000030517578
2019-04-23,25.510000228881836,24.40999984741211,25.399999618530273,24.6299991607666,51700,24.6299991607666
2019-04-24,24.989999771118164,24.440000534057617,24.700000762939453,24.56999969482422,28000,24.56999969482422
2019-04-25,24.649999618530273,24.100000381469727,24.579999923706055,24.459999084472656,54900,24.459999084472656
2019-04-26,24.510000228881836,23.770000457763672,24.329999923706055,23.940000534057617,23500,23.940000534057617
2019-04-29,24.149999618530273,23.559999465942383,24.049999237060547,23.959999084472656,25300,23.959999084472656
2019-04-30,24.350000381469727,23.469999313354492,23.950000762939453,23.969999313354492,27200,23.969999313354492
2019-05-01,24.469999313354492,23.5,24.0,23.510000228881836,27700,23.510000228881836
2019-05-02,23.600000381469727,23.299999237060547,23.549999237060547,23.510000228881836,42500,23.510000228881836
2019-05-03,24.450000762939453,23.510000228881836,23.549999237060547,24.309999465942383,33400,24.309999465942383
2019-05-06,24.440000534057617,23.8700008392334,23.8700008392334,24.18000030517578,50600,24.18000030517578
2019-05-07,24.280000686645508,23.639999389648438,24.170000076293945,23.969999313354492,21300,23.969999313354492
2019-05-08,24.270000457763672,23.670000076293945,23.93000030517578,23.81999969482422,28700,23.81999969482422
2019-05-09,25.219999313354492,23.860000610351562,24.690000534057617,24.979999542236328,39800,24.979999542236328
2019-05-10,26.200000762939453,23.989999771118164,24.920000076293945,25.799999237060547,46800,25.799999237060547
2019-05-13,26.479999542236328,25.170000076293945,25.59000015258789,26.290000915527344,48400,26.290000915527344
2019-05-14,26.299999237060547,24.760000228881836,26.299999237060547,25.31999969482422,54100,25.31999969482422
2019-05-15,26.1200008392334,25.170000076293945,25.31999969482422,25.889999389648438,23000,25.889999389648438
2019-05-16,26.229999542236328,25.5,25.889999389648438,25.829999923706055,27100,25.829999923706055
2019-05-17,25.6200008392334,25.100000381469727,25.530000686645508,25.110000610351562,28000,25.110000610351562
2019-05-20,25.540000915527344,24.799999237060547,25.139999389648438,25.530000686645508,27700,25.530000686645508
2019-05-21,26.110000610351562,25.1200008392334,25.459999084472656,25.229999542236328,20800,25.229999542236328
2019-05-22,25.219999313354492,24.549999237060547,25.219999313354492,24.790000915527344,14000,24.790000915527344
2019-05-23,24.959999084472656,24.010000228881836,24.670000076293945,24.25,20500,24.25
2019-05-24,24.639999389648438,24.1200008392334,24.3799991607666,24.399999618530273,12000,24.399999618530273
2019-05-28,24.6299991607666,23.190000534057617,24.420000076293945,23.5,35400,23.5
2019-05-29,23.809999465942383,22.8799991607666,23.459999084472656,23.540000915527344,34400,23.540000915527344
2019-05-30,24.0,23.040000915527344,23.399999618530273,23.219999313354492,44900,23.219999313354492
2019-05-31,24.0,22.899999618530273,23.049999237060547,23.239999771118164,25500,23.239999771118164
2019-06-03,23.790000915527344,22.200000762939453,23.25,23.670000076293945,22600,23.670000076293945
2019-06-04,24.399999618530273,23.790000915527344,23.84000015258789,24.399999618530273,24900,24.399999618530273
2019-06-05,24.450000762939453,24.0,24.399999618530273,24.030000686645508,28000,24.030000686645508
2019-06-06,24.239999771118164,23.8799991607666,24.18000030517578,24.229999542236328,19100,24.229999542236328
2019-06-07,24.610000610351562,24.0,24.34000015258789,24.59000015258789,13200,24.59000015258789
2019-06-10,24.610000610351562,24.1200008392334,24.610000610351562,24.43000030517578,14200,24.43000030517578
2019-06-11,24.670000076293945,24.100000381469727,24.59000015258789,24.420000076293945,32000,24.420000076293945
2019-06-12,24.850000381469727,24.18000030517578,24.3799991607666,24.790000915527344,21800,24.790000915527344
2019-06-13,25.950000762939453,24.93000030517578,25.040000915527344,25.06999969482422,8900,25.06999969482422
2019-06-14,25.139999389648438,24.780000686645508,25.100000381469727,24.989999771118164,14600,24.989999771118164
2019-06-17,25.030000686645508,24.219999313354492,24.959999084472656,24.280000686645508,12400,24.280000686645508
2019-06-18,24.799999237060547,24.15999984741211,24.440000534057617,24.549999237060547,13500,24.549999237060547
2019-06-19,24.639999389648438,24.1299991607666,24.540000915527344,24.290000915527344,16100,24.290000915527344
2019-06-20,24.639999389648438,22.079999923706055,24.559999465942383,24.559999465942383,18600,24.559999465942383
2019-06-21,25.3700008392334,24.209999084472656,24.5,25.309999465942383,87000,25.309999465942383
2019-06-24,25.889999389648438,25.329999923706055,25.329999923706055,25.360000610351562,31500,25.360000610351562
2019-06-25,25.469999313354492,25.059999465942383,25.31999969482422,25.43000030517578,20300,25.43000030517578
2019-06-26,25.510000228881836,24.809999465942383,25.270000457763672,25.06999969482422,25500,25.06999969482422
2019-06-27,25.860000610351562,24.559999465942383,25.110000610351562,25.059999465942383,24700,25.059999465942383
2019-06-28,26.0,25.100000381469727,25.100000381469727,25.780000686645508,60800,25.780000686645508
2019-07-01,26.329999923706055,25.65999984741211,25.75,26.030000686645508,22600,26.030000686645508
2019-07-02,26.049999237060547,25.610000610351562,26.0,25.799999237060547,9500,25.799999237060547
2019-07-03,26.059999465942383,25.15999984741211,25.84000015258789,25.25,15900,25.25
2019-07-05,25.68000030517578,25.149999618530273,25.149999618530273,25.649999618530273,11100,25.649999618530273
2019-07-08,26.049999237060547,25.100000381469727,25.3700008392334,25.549999237060547,19800,25.549999237060547
2019-07-09,25.549999237060547,24.899999618530273,25.299999237060547,25.5,9800,25.5
2019-07-10,26.020000457763672,24.959999084472656,25.5,25.3700008392334,17900,25.3700008392334
2019-07-11,26.309999465942383,25.049999237060547,25.420000076293945,25.639999389648438,44100,25.639999389648438
2019-07-12,25.75,25.34000015258789,25.469999313354492,25.450000762939453,15500,25.450000762939453
2019-07-15,25.68000030517578,24.90999984741211,25.68000030517578,25.56999969482422,14300,25.56999969482422
2019-07-16,25.790000915527344,25.280000686645508,25.770000457763672,25.459999084472656,13700,25.459999084472656
2019-07-17,25.489999771118164,24.25,25.489999771118164,24.34000015258789,22300,24.34000015258789
2019-07-18,24.350000381469727,23.290000915527344,24.350000381469727,23.600000381469727,30500,23.600000381469727
2019-07-19,23.799999237060547,23.260000228881836,23.3799991607666,23.459999084472656,55600,23.459999084472656
2019-07-22,23.790000915527344,22.8700008392334,23.450000762939453,23.600000381469727,19200,23.600000381469727
2019-07-23,24.030000686645508,23.559999465942383,23.559999465942383,23.829999923706055,13300,23.829999923706055
2019-07-24,24.950000762939453,23.799999237060547,23.809999465942383,24.600000381469727,10200,24.600000381469727
2019-07-25,25.34000015258789,24.100000381469727,24.600000381469727,24.260000228881836,7600,24.260000228881836
2019-07-26,24.639999389648438,23.700000762939453,24.260000228881836,24.280000686645508,16700,24.280000686645508
2019-07-29,24.31999969482422,23.540000915527344,24.25,23.540000915527344,19100,23.540000915527344
2019-07-30,24.030000686645508,23.280000686645508,23.5,23.8700008392334,23200,23.8700008392334
2019-07-31,24.18000030517578,23.360000610351562,23.790000915527344,23.360000610351562,23800,23.360000610351562
2019-08-01,23.93000030517578,22.5,23.389999389648438,22.540000915527344,40700,22.540000915527344
2019-08-02,22.760000228881836,21.6200008392334,22.309999465942383,22.459999084472656,22600,22.459999084472656
2019-08-05,22.760000228881836,21.579999923706055,22.15999984741211,22.549999237060547,29600,22.549999237060547
2019-08-06,23.450000762939453,18.040000915527344,18.040000915527344,22.950000762939453,41500,22.950000762939453
2019-08-07,24.559999465942383,22.540000915527344,22.780000686645508,24.360000610351562,25700,24.360000610351562
2019-08-08,26.610000610351562,23.940000534057617,24.31999969482422,26.100000381469727,36200,26.100000381469727
2019-08-09,26.709999084472656,24.59000015258789,26.200000762939453,25.049999237060547,31000,25.049999237060547
2019-08-12,25.489999771118164,24.43000030517578,24.979999542236328,24.989999771118164,39800,24.989999771118164
2019-08-13,26.06999969482422,24.709999084472656,24.979999542236328,26.059999465942383,18200,26.059999465942383
2019-08-14,25.739999771118164,24.940000534057617,25.610000610351562,25.420000076293945,24900,25.420000076293945
2019-08-15,26.3700008392334,25.15999984741211,25.200000762939453,26.110000610351562,36500,26.110000610351562
2019-08-16,26.799999237060547,26.25,26.25,26.700000762939453,37600,26.700000762939453
2019-08-19,26.950000762939453,25.719999313354492,26.860000610351562,25.799999237060547,28200,25.799999237060547
2019-08-20,26.690000534057617,25.059999465942383,26.030000686645508,26.5,34900,26.5
2019-08-21,27.809999465942383,26.260000228881836,26.8700008392334,26.610000610351562,48400,26.610000610351562
2019-08-22,26.309999465942383,25.739999771118164,26.309999465942383,26.09000015258789,15300,26.09000015258789
2019-08-23,25.709999084472656,24.770000457763672,25.65999984741211,24.950000762939453,24000,24.950000762939453
2019-08-26,25.34000015258789,24.760000228881836,25.229999542236328,25.09000015258789,13500,25.09000015258789
2019-08-27,24.829999923706055,23.739999771118164,24.829999923706055,23.829999923706055,26600,23.829999923706055
2019-08-28,24.06999969482422,22.6299991607666,23.799999237060547,23.010000228881836,36600,23.010000228881836
2019-08-29,23.360000610351562,22.520000457763672,23.260000228881836,23.1299991607666,47000,23.1299991607666
2019-08-30,23.34000015258789,22.639999389648438,23.25,23.0,64900,23.0
2019-09-03,25.100000381469727,23.049999237060547,23.049999237060547,24.920000076293945,38700,24.920000076293945
2019-09-04,25.81999969482422,25.0,25.040000915527344,25.479999542236328,23000,25.479999542236328
2019-09-05,25.700000762939453,24.540000915527344,25.700000762939453,24.729999542236328,12500,24.729999542236328
2019-09-06,24.950000762939453,24.170000076293945,24.75,24.5,24400,24.5
2019-09-09,25.15999984741211,24.639999389648438,24.639999389648438,25.149999618530273,10500,25.149999618530273
2019-09-10,26.15999984741211,25.06999969482422,25.06999969482422,26.1299991607666,14500,26.1299991607666
2019-09-11,27.979999542236328,26.030000686645508,26.190000534057617,27.950000762939453,23500,27.950000762939453
2019-09-12,28.100000381469727,27.15999984741211,27.739999771118164,27.889999389648438,29900,27.889999389648438
2019-09-13,28.1200008392334,27.610000610351562,27.899999618530273,28.010000228881836,26700,28.010000228881836
2019-09-16,28.93000030517578,27.40999984741211,27.739999771118164,28.190000534057617,32200,28.190000534057617
2019-09-17,28.200000762939453,27.6200008392334,28.200000762939453,27.969999313354492,20700,27.969999313354492
2019-09-18,27.969999313354492,27.360000610351562,27.969999313354492,27.81999969482422,16900,27.81999969482422
2019-09-19,28.260000228881836,27.829999923706055,27.829999923706055,28.139999389648438,32300,28.139999389648438
2019-09-20,28.780000686645508,28.049999237060547,28.110000610351562,28.43000030517578,66000,28.43000030517578
2019-09-23,28.31999969482422,27.65999984741211,28.149999618530273,27.969999313354492,15200,27.969999313354492
2019-09-24,28.030000686645508,25.969999313354492,28.030000686645508,26.65999984741211,24700,26.65999984741211
2019-09-25,27.950000762939453,26.670000076293945,26.670000076293945,27.809999465942383,17200,27.809999465942383
2019-09-26,27.829999923706055,26.899999618530273,27.829999923706055,27.329999923706055,21800,27.329999923706055
2019-09-27,28.3799991607666,27.18000030517578,27.18000030517578,27.8700008392334,26000,27.8700008392334
2019-09-30,28.239999771118164,27.799999237060547,27.799999237060547,28.149999618530273,26600,28.149999618530273
2019-10-01,28.25,27.239999771118164,28.030000686645508,27.6200008392334,24500,27.6200008392334
2019-10-02,28.190000534057617,26.989999771118164,27.399999618530273,27.600000381469727,45600,27.600000381469727
2019-10-03,27.729999542236328,26.790000915527344,27.510000228881836,27.600000381469727,22600,27.600000381469727
2019-10-04,27.989999771118164,27.3700008392334,27.729999542236328,27.739999771118164,16900,27.739999771118164
2019-10-07,27.81999969482422,27.18000030517578,27.81999969482422,27.299999237060547,23400,27.299999237060547
2019-10-08,27.110000610351562,26.389999389648438,27.110000610351562,26.84000015258789,25900,26.84000015258789
2019-10-09,27.0,25.790000915527344,26.81999969482422,26.719999313354492,33100,26.719999313354492
2019-10-10,27.0,25.020000457763672,26.790000915527344,26.610000610351562,56300,26.610000610351562
2019-10-11,27.809999465942383,26.899999618530273,26.899999618530273,27.239999771118164,52500,27.239999771118164
2019-10-14,27.5,26.93000030517578,27.31999969482422,27.139999389648438,25400,27.139999389648438
2019-10-15,27.489999771118164,26.770000457763672,26.799999237060547,27.100000381469727,22200,27.100000381469727
2019-10-16,27.399999618530273,27.040000915527344,27.040000915527344,27.219999313354492,12900,27.219999313354492
2019-10-17,27.979999542236328,27.190000534057617,27.190000534057617,27.68000030517578,24400,27.68000030517578
2019-10-18,28.09000015258789,27.510000228881836,27.510000228881836,27.899999618530273,53800,27.899999618530273
2019-10-21,28.59000015258789,27.920000076293945,27.920000076293945,28.309999465942383,35000,28.309999465942383
2019-10-22,29.280000686645508,28.229999542236328,28.260000228881836,29.040000915527344,33300,29.040000915527344
2019-10-23,29.270000457763672,28.709999084472656,28.860000610351562,29.149999618530273,17400,29.149999618530273
2019-10-24,29.149999618530273,28.600000381469727,29.1200008392334,28.770000457763672,17500,28.770000457763672
2019-10-25,29.799999237060547,28.829999923706055,28.829999923706055,29.5,31500,29.5
2019-10-28,29.8700008392334,29.3799991607666,29.3799991607666,29.549999237060547,25600,29.549999237060547
2019-10-29,29.850000381469727,29.34000015258789,29.350000381469727,29.600000381469727,21600,29.600000381469727
2019-10-30,29.8799991607666,29.440000534057617,29.600000381469727,29.799999237060547,22000,29.799999237060547
2019-10-31,33.189998626708984,30.450000762939453,32.0,30.5,108300,30.5
2019-11-01,31.15999984741211,30.440000534057617,30.6200008392334,30.920000076293945,70700,30.920000076293945
2019-11-04,33.0,31.010000228881836,31.010000228881836,32.439998626708984,223400,32.439998626708984
2019-11-05,33.22999954223633,32.349998474121094,32.79999923706055,33.040000915527344,139800,33.040000915527344
2019-11-06,33.56999969482422,32.52000045776367,33.04999923706055,33.459999084472656,88700,33.459999084472656
2019-11-07,33.689998626708984,32.939998626708984,33.599998474121094,33.45000076293945,112700,33.45000076293945
2019-11-08,33.380001068115234,32.58000183105469,33.13999938964844,33.220001220703125,44600,33.220001220703125
2019-11-11,33.119998931884766,32.04999923706055,33.119998931884766,32.5,173800,32.5
2019-11-12,32.970001220703125,32.04999923706055,32.36000061035156,32.91999816894531,71600,32.91999816894531
2019-11-13,33.68000030517578,32.66999816894531,32.849998474121094,33.29999923706055,73000,33.29999923706055
2019-11-14,33.689998626708984,33.279998779296875,33.279998779296875,33.43000030517578,41200,33.43000030517578
2019-11-15,33.689998626708984,33.029998779296875,33.689998626708984,33.4900016784668,35800,33.4900016784668
2019-11-18,33.7400016784668,32.97999954223633,33.29999923706055,33.68000030517578,61400,33.68000030517578
2019-11-19,33.900001525878906,33.40999984741211,33.72999954223633,33.47999954223633,153400,33.47999954223633
2019-11-20,33.41999816894531,32.599998474121094,33.290000915527344,32.84000015258789,102900,32.84000015258789
2019-11-21,32.900001525878906,31.899999618530273,32.880001068115234,32.70000076293945,72800,32.70000076293945
2019-11-22,33.47999954223633,32.470001220703125,32.72999954223633,33.33000183105469,51100,33.33000183105469
2019-11-25,34.150001525878906,33.29999923706055,33.29999923706055,33.9900016784668,84000,33.9900016784668
2019-11-26,34.25,33.77000045776367,34.0,33.95000076293945,50800,33.95000076293945
2019-11-27,34.66999816894531,33.72999954223633,34.029998779296875,34.5099983215332,149600,34.5099983215332
2019-11-29,34.5099983215332,33.93000030517578,34.5099983215332,34.33000183105469,22400,34.33000183105469
2019-12-02,34.70000076293945,33.560001373291016,34.43000030517578,33.939998626708984,68700,33.939998626708984
2019-12-03,33.810001373291016,32.97999954223633,33.52000045776367,33.790000915527344,88100,33.790000915527344
2019-12-04,34.45000076293945,33.83000183105469,33.91999816894531,34.040000915527344,56500,34.040000915527344
2019-12-05,34.66999816894531,34.02000045776367,34.220001220703125,34.27000045776367,122300,34.27000045776367
2019-12-06,34.4900016784668,33.650001525878906,34.38999938964844,34.27000045776367,80200,34.27000045776367
2019-12-09,34.66999816894531,34.0099983215332,34.220001220703125,34.56999969482422,52900,34.56999969482422
2019-12-10,34.599998474121094,34.04999923706055,34.470001220703125,34.380001068115234,54000,34.380001068115234
2019-12-11,34.70000076293945,34.02000045776367,34.41999816894531,34.599998474121094,66600,34.599998474121094
2019-12-12,34.79999923706055,34.400001525878906,34.70000076293945,34.4900016784668,69100,34.4900016784668
2019-12-13,34.5,33.540000915527344,34.5,33.9900016784668,50600,33.9900016784668
2019-12-16,34.2400016784668,33.54999923706055,34.08000183105469,33.630001068115234,71200,33.630001068115234
2019-12-17,34.02000045776367,32.970001220703125,33.619998931884766,33.9900016784668,59600,33.9900016784668
2019-12-18,34.0099983215332,33.279998779296875,33.97999954223633,33.66999816894531,60300,33.66999816894531
2019-12-19,33.75,33.290000915527344,33.61000061035156,33.470001220703125,48100,33.470001220703125
2019-12-20,33.4900016784668,32.77000045776367,33.4900016784668,32.869998931884766,61000,32.869998931884766
2019-12-23,32.900001525878906,32.18000030517578,32.900001525878906,32.689998626708984,53900,32.689998626708984
2019-12-24,32.599998474121094,32.36000061035156,32.54999923706055,32.529998779296875,24200,32.529998779296875
2019-12-26,33.369998931884766,32.61000061035156,32.61000061035156,33.20000076293945,56700,33.20000076293945
2019-12-27,33.290000915527344,32.779998779296875,33.290000915527344,33.060001373291016,39900,33.060001373291016
2019-12-30,33.52000045776367,32.75,33.119998931884766,33.25,64400,33.25
2019-12-31,33.41999816894531,32.849998474121094,33.2599983215332,33.310001373291016,129200,33.310001373291016
2020-01-02,33.599998474121094,32.40999984741211,33.47999954223633,33.16999816894531,78400,33.16999816894531
2020-01-03,33.5099983215332,32.470001220703125,32.880001068115234,33.33000183105469,59400,33.33000183105469
2020-01-06,33.400001525878906,32.900001525878906,33.119998931884766,33.040000915527344,37600,33.040000915527344
2020-01-07,33.29999923706055,32.0,32.91999816894531,32.33000183105469,59900,32.33000183105469
2020-01-08,32.689998626708984,31.770000457763672,32.34000015258789,31.889999389648438,75700,31.889999389648438
2020-01-09,32.54999923706055,31.690000534057617,31.829999923706055,32.27000045776367,84700,32.27000045776367
2020-01-10,32.630001068115234,31.770000457763672,32.130001068115234,32.29999923706055,94700,32.29999923706055
2020-01-13,32.70000076293945,31.8700008392334,32.22999954223633,32.65999984741211,81100,32.65999984741211
2020-01-14,33.470001220703125,32.56999969482422,32.56999969482422,33.0,114500,33.0
2020-01-15,33.900001525878906,33.06999969482422,33.06999969482422,33.65999984741211,77300,33.65999984741211
2020-01-16,34.470001220703125,33.56999969482422,33.77000045776367,34.09000015258789,121700,34.09000015258789
2020-01-17,34.2400016784668,33.279998779296875,34.22999954223633,33.58000183105469,75900,33.58000183105469
2020-01-21,33.68000030517578,32.880001068115234,33.52000045776367,33.56999969482422,67500,33.56999969482422
2020-01-22,33.91999816894531,33.400001525878906,33.540000915527344,33.849998474121094,143000,33.849998474121094
2020-01-23,35.43000030517578,33.54999923706055,33.81999969482422,35.34000015258789,110900,35.34000015258789
2020-01-24,35.720001220703125,34.27000045776367,35.45000076293945,34.36000061035156,64300,34.36000061035156
2020-01-27,34.130001068115234,33.65999984741211,33.7599983215332,33.790000915527344,53300,33.790000915527344
2020-01-28,34.279998779296875,33.7400016784668,33.900001525878906,33.83000183105469,33500,33.83000183105469
2020-01-29,33.939998626708984,33.349998474121094,33.93000030517578,33.40999984741211,38600,33.40999984741211
2020-01-30,33.31999969482422,32.2599983215332,33.11000061035156,32.959999084472656,43200,32.959999084472656
2020-01-31,33.0,32.540000915527344,32.72999954223633,32.72999954223633,74000,32.72999954223633
2020-02-03,34.81999969482422,33.0,33.0,34.720001220703125,89600,34.720001220703125
2020-02-04,35.20000076293945,33.5,34.91999816894531,33.689998626708984,80300,33.689998626708984
2020-02-05,34.20000076293945,33.06999969482422,34.029998779296875,33.5099983215332,36100,33.5099983215332
2020-02-06,33.720001220703125,32.529998779296875,33.529998779296875,32.83000183105469,36500,32.83000183105469
2020-02-07,34.25,32.68000030517578,32.72999954223633,33.880001068115234,69200,33.880001068115234
2020-02-10,34.189998626708984,33.380001068115234,33.75,34.0,50600,34.0
2020-02-11,35.20000076293945,33.93000030517578,34.09000015258789,34.91999816894531,37400,34.91999816894531
2020-02-12,35.75,34.88999938964844,35.18000030517578,35.130001068115234,44200,35.130001068115234
2020-02-13,35.349998474121094,34.939998626708984,35.119998931884766,35.349998474121094,61900,35.349998474121094
2020-02-14,36.040000915527344,35.25,35.349998474121094,35.869998931884766,56100,35.869998931884766
2020-02-18,36.16999816894531,35.56999969482422,35.810001373291016,36.130001068115234,27900,36.130001068115234
2020-02-19,36.70000076293945,35.83000183105469,36.16999816894531,35.880001068115234,42100,35.880001068115234
2020-02-20,35.900001525878906,34.08000183105469,35.869998931884766,34.59000015258789,80600,34.59000015258789
2020-02-21,34.599998474121094,33.810001373291016,34.599998474121094,33.869998931884766,36300,33.869998931884766
2020-02-24,33.77000045776367,32.459999084472656,33.220001220703125,33.7400016784668,52300,33.7400016784668
2020-02-25,33.720001220703125,32.04999923706055,33.720001220703125,32.209999084472656,58200,32.209999084472656
2020-02-26,32.970001220703125,32.0,32.36000061035156,32.70000076293945,76200,32.70000076293945
2020-02-27,33.849998474121094,32.040000915527344,32.290000915527344,32.59000015258789,50900,32.59000015258789
2020-02-28,32.08000183105469,30.93000030517578,31.899999618530273,31.549999237060547,93900,31.549999237060547
2020-03-02,33.220001220703125,31.260000228881836,32.0,33.11000061035156,51000,33.11000061035156
2020-03-03,35.52000045776367,31.540000915527344,33.43000030517578,31.600000381469727,87300,31.600000381469727
2020-03-04,32.7400016784668,31.65999984741211,32.380001068115234,32.25,104400,32.25
2020-03-05,31.850000381469727,30.100000381469727,31.56999969482422,30.34000015258789,74500,30.34000015258789
2020-03-06,30.399999618530273,28.6200008392334,29.8799991607666,30.280000686645508,86600,30.280000686645508
2020-03-09,28.549999237060547,26.040000915527344,28.549999237060547,26.350000381469727,107200,26.350000381469727
2020-03-10,27.239999771118164,24.93000030517578,26.850000381469727,25.309999465942383,62300,25.309999465942383
2020-03-11,25.25,24.469999313354492,24.479999542236328,24.809999465942383,99700,24.809999465942383
2020-03-12,24.110000610351562,21.200000762939453,23.239999771118164,21.780000686645508,95500,21.780000686645508
2020-03-13,23.709999084472656,21.8700008392334,22.93000030517578,23.709999084472656,81600,23.709999084472656
2020-03-16,23.6299991607666,19.09000015258789,21.15999984741211,19.329999923706055,85300,19.329999923706055
2020-03-17,23.15999984741211,19.239999771118164,20.06999969482422,22.719999313354492,116500,22.719999313354492
2020-03-18,22.360000610351562,19.049999237060547,21.1299991607666,19.670000076293945,107800,19.670000076293945
2020-03-19,23.530000686645508,19.65999984741211,19.65999984741211,21.950000762939453,103500,21.950000762939453
2020-03-20,23.93000030517578,18.899999618530273,22.700000762939453,22.1200008392334,144500,22.1200008392334
2020-03-23,22.280000686645508,18.520000457763672,22.280000686645508,21.1200008392334,73400,21.1200008392334
2020-03-24,22.799999237060547,21.469999313354492,21.84000015258789,22.43000030517578,63000,22.43000030517578
2020-03-25,23.729999542236328,21.5,22.459999084472656,22.860000610351562,51200,22.860000610351562
2020-03-26,26.899999618530273,23.219999313354492,23.399999618530273,26.649999618530273,99400,26.649999618530273
2020-03-27,25.709999084472656,21.030000686645508,25.709999084472656,21.600000381469727,124100,21.600000381469727
2020-03-30,23.540000915527344,21.25,21.739999771118164,22.170000076293945,66700,22.170000076293945
2020-03-31,23.170000076293945,20.139999389648438,22.139999389648438,22.25,144500,22.25
2020-04-01,21.90999984741211,20.020000457763672,21.90999984741211,20.110000610351562,89900,20.110000610351562
2020-04-02,21.719999313354492,19.40999984741211,20.200000762939453,21.6299991607666,93700,21.6299991607666
2020-04-03,22.6200008392334,21.34000015258789,21.34000015258789,22.25,54200,22.25
2020-04-06,25.139999389648438,23.329999923706055,23.329999923706055,24.770000457763672,98300,24.770000457763672
2020-04-07,26.290000915527344,23.649999618530273,25.239999771118164,23.799999237060547,66100,23.799999237060547
2020-04-08,25.40999984741211,24.149999618530273,24.40999984741211,24.770000457763672,45500,24.770000457763672
2020-04-09,26.440000534057617,25.389999389648438,25.600000381469727,26.290000915527344,51800,26.290000915527344
2020-04-13,26.770000457763672,24.719999313354492,26.209999084472656,24.780000686645508,50200,24.780000686645508
2020-04-14,26.459999084472656,25.1200008392334,25.530000686645508,25.6299991607666,48800,25.6299991607666
2020-04-15,25.489999771118164,24.5,25.489999771118164,24.510000228881836,183300,24.510000228881836
2020-04-16,24.68000030517578,22.790000915527344,24.5,23.1299991607666,142500,23.1299991607666
2020-04-17,24.479999542236328,23.530000686645508,23.979999542236328,23.799999237060547,164200,23.799999237060547
2020-04-20,24.0,23.219999313354492,23.5,23.469999313354492,53100,23.469999313354492
2020-04-21,23.43000030517578,22.479999542236328,22.639999389648438,22.940000534057617,48700,22.940000534057617
2020-04-22,23.56999969482422,22.6299991607666,23.559999465942383,22.799999237060547,59000,22.799999237060547
2020-04-23,23.489999771118164,22.510000228881836,22.950000762939453,22.850000381469727,45600,22.850000381469727
2020-04-24,23.010000228881836,22.18000030517578,22.920000076293945,22.989999771118164,100600,22.989999771118164
2020-04-27,23.770000457763672,23.079999923706055,23.100000381469727,23.389999389648438,93900,23.389999389648438
2020-04-28,24.889999389648438,23.84000015258789,24.440000534057617,24.549999237060547,58600,24.549999237060547
2020-04-29,25.8700008392334,24.690000534057617,24.700000762939453,25.639999389648438,77200,25.639999389648438
2020-04-30,25.170000076293945,24.209999084472656,24.989999771118164,24.31999969482422,72900,24.31999969482422
2020-05-01,24.0,23.020000457763672,23.690000534057617,24.0,67600,24.0
2020-05-04,24.1299991607666,23.15999984741211,23.43000030517578,23.93000030517578,47100,23.93000030517578
2020-05-05,24.559999465942383,22.709999084472656,24.559999465942383,22.809999465942383,99500,22.809999465942383
2020-05-06,23.3799991607666,22.219999313354492,23.100000381469727,22.25,50500,22.25
2020-05-07,23.1299991607666,22.290000915527344,22.450000762939453,22.649999618530273,56500,22.649999618530273
2020-05-08,23.40999984741211,22.139999389648438,22.479999542236328,22.520000457763672,82000,22.520000457763672
2020-05-11,22.469999313354492,20.149999618530273,22.25,21.049999237060547,125900,21.049999237060547
2020-05-12,22.170000076293945,20.790000915527344,21.059999465942383,20.84000015258789,82900,20.84000015258789
2020-05-13,20.649999618530273,19.600000381469727,20.649999618530273,20.290000915527344,78600,20.290000915527344
2020-05-14,20.420000076293945,19.329999923706055,20.0,20.229999542236328,132900,20.229999542236328
2020-05-15,20.770000457763672,20.149999618530273,20.149999618530273,20.280000686645508,66800,20.280000686645508
2020-05-18,22.81999969482422,20.8799991607666,21.299999237060547,22.360000610351562,78300,22.360000610351562
2020-05-19,23.139999389648438,22.170000076293945,22.31999969482422,22.18000030517578,58000,22.18000030517578
2020-05-20,23.40999984741211,22.440000534057617,22.440000534057617,23.18000030517578,49400,23.18000030517578
2020-05-21,23.440000534057617,22.639999389648438,23.219999313354492,22.639999389648438,47300,22.639999389648438
2020-05-22,23.739999771118164,22.6299991607666,22.709999084472656,23.260000228881836,36500,23.260000228881836
2020-05-26,24.75,23.729999542236328,24.219999313354492,24.75,103300,24.75
2020-05-27,25.860000610351562,24.469999313354492,25.3700008392334,25.729999542236328,97700,25.729999542236328
2020-05-28,26.06999969482422,24.729999542236328,25.969999313354492,24.90999984741211,89200,24.90999984741211
2020-05-29,25.309999465942383,23.670000076293945,24.850000381469727,25.09000015258789,85600,25.09000015258789
2020-06-01,25.5,24.5,25.299999237060547,24.5,55500,24.5
2020-06-02,25.079999923706055,23.65999984741211,24.780000686645508,24.209999084472656,71200,24.209999084472656
2020-06-03,25.520000457763672,24.600000381469727,24.670000076293945,24.8700008392334,42000,24.8700008392334
2020-06-04,25.559999465942383,24.770000457763672,24.770000457763672,25.3700008392334,57500,25.3700008392334
2020-06-05,27.3700008392334,26.1299991607666,26.639999389648438,26.84000015258789,85600,26.84000015258789
2020-06-08,27.56999969482422,26.670000076293945,26.950000762939453,26.920000076293945,63300,26.920000076293945
2020-06-09,27.18000030517578,25.440000534057617,26.610000610351562,26.3700008392334,82600,26.3700008392334
2020-06-10,26.260000228881836,25.270000457763672,26.219999313354492,25.459999084472656,58400,25.459999084472656
2020-06-11,24.979999542236328,22.81999969482422,24.329999923706055,22.889999389648438,84400,22.889999389648438
2020-06-12,24.5,22.8799991607666,23.959999084472656,23.719999313354492,73600,23.719999313354492
2020-06-15,25.469999313354492,22.8799991607666,22.8799991607666,25.040000915527344,91500,25.040000915527344
2020-06-16,26.56999969482422,25.3700008392334,26.18000030517578,25.719999313354492,72700,25.719999313354492
2020-06-17,25.829999923706055,25.049999237060547,25.75,25.06999969482422,65400,25.06999969482422
2020-06-18,25.489999771118164,24.350000381469727,24.84000015258789,24.5,100700,24.5
2020-06-19,25.389999389648438,24.540000915527344,24.93000030517578,24.600000381469727,225300,24.600000381469727
2020-06-22,25.43000030517578,24.299999237060547,24.299999237060547,25.1299991607666,84000,25.1299991607666
2020-06-23,25.549999237060547,24.950000762939453,25.489999771118164,25.1299991607666,67900,25.1299991607666
2020-06-24,25.0,23.690000534057617,24.809999465942383,23.780000686645508,74400,23.780000686645508
2020-06-25,23.920000076293945,23.06999969482422,23.610000610351562,23.81999969482422,51700,23.81999969482422
2020-06-26,23.600000381469727,22.479999542236328,23.600000381469727,22.75,112700,22.75
2020-06-29,24.969999313354492,23.229999542236328,23.229999542236328,24.329999923706055,69900,24.329999923706055
2020-06-30,25.399999618530273,24.200000762939453,24.200000762939453,25.06999969482422,89500,25.06999969482422
2020-07-01,25.6299991607666,24.8700008392334,25.1299991607666,25.540000915527344,98600,25.540000915527344
2020-07-02,26.270000457763672,24.270000457763672,26.06999969482422,24.579999923706055,44300,24.579999923706055
2020-07-06,25.219999313354492,24.459999084472656,25.219999313354492,24.709999084472656,36300,24.709999084472656
2020-07-07,25.049999237060547,24.09000015258789,24.270000457763672,24.200000762939453,41400,24.200000762939453
2020-07-08,24.450000762939453,23.5,24.030000686645508,23.790000915527344,44000,23.790000915527344
2020-07-09,23.690000534057617,22.690000534057617,23.670000076293945,22.8799991607666,40300,22.8799991607666
2020-07-10,24.459999084472656,23.200000762939453,24.15999984741211,23.940000534057617,51000,23.940000534057617
2020-07-13,24.719999313354492,24.010000228881836,24.3700008392334,24.110000610351562,50300,24.110000610351562
2020-07-14,24.5,23.989999771118164,24.190000534057617,24.5,66100,24.5
2020-07-15,25.889999389648438,25.15999984741211,25.25,25.43000030517578,72800,25.43000030517578
2020-07-16,25.610000610351562,24.989999771118164,25.389999389648438,25.479999542236328,46200,25.479999542236328
2020-07-17,26.139999389648438,25.360000610351562,25.469999313354492,25.610000610351562,64900,25.610000610351562
2020-07-20,25.5,24.610000610351562,25.43000030517578,24.989999771118164,24900,24.989999771118164
2020-07-21,25.850000381469727,25.219999313354492,25.219999313354492,25.43000030517578,38400,25.43000030517578
2020-07-22,26.1200008392334,25.290000915527344,25.290000915527344,25.34000015258789,39400,25.34000015258789
2020-07-23,25.979999542236328,25.3700008392334,25.3700008392334,25.6200008392334,41900,25.6200008392334
2020-07-24,25.8799991607666,25.149999618530273,25.3700008392334,25.229999542236328,44900,25.229999542236328
2020-07-27,25.989999771118164,24.979999542236328,25.15999984741211,25.90999984741211,46300,25.90999984741211
2020-07-28,26.190000534057617,25.559999465942383,25.81999969482422,25.68000030517578,48700,25.68000030517578
2020-07-29,26.440000534057617,25.459999084472656,25.690000534057617,25.700000762939453,56900,25.700000762939453
2020-07-30,25.780000686645508,25.149999618530273,25.290000915527344,25.440000534057617,63400,25.440000534057617
2020-07-31,25.280000686645508,24.040000915527344,25.280000686645508,24.850000381469727,55200,24.850000381469727
2020-08-03,25.360000610351562,24.739999771118164,25.049999237060547,25.329999923706055,59200,25.329999923706055
2020-08-04,25.770000457763672,25.139999389648438,25.350000381469727,25.510000228881836,39000,25.510000228881836
2020-08-05,27.290000915527344,25.959999084472656,25.959999084472656,26.969999313354492,90300,26.969999313354492
2020-08-06,27.979999542236328,27.1299991607666,27.1299991607666,27.8799991607666,51400,27.8799991607666
2020-08-07,28.360000610351562,27.440000534057617,27.639999389648438,28.09000015258789,44900,28.09000015258789
2020-08-10,29.450000762939453,28.219999313354492,28.219999313354492,28.790000915527344,44600,28.790000915527344
2020-08-11,29.780000686645508,29.139999389648438,29.15999984741211,29.190000534057617,46500,29.190000534057617
2020-08-12,29.809999465942383,28.030000686645508,29.739999771118164,28.25,83200,28.25
2020-08-13,28.43000030517578,27.59000015258789,28.190000534057617,28.399999618530273,41300,28.399999618530273
2020-08-14,28.579999923706055,28.020000457763672,28.18000030517578,28.3700008392334,27000,28.3700008392334
2020-08-17,28.56999969482422,27.59000015258789,28.56999969482422,27.780000686645508,60200,27.780000686645508
2020-08-18,27.809999465942383,27.100000381469727,27.75,27.56999969482422,29700,27.56999969482422
2020-08-19,28.0,27.329999923706055,27.6200008392334,27.40999984741211,26000,27.40999984741211
2020-08-20,27.739999771118164,24.780000686645508,26.8799991607666,27.639999389648438,63100,27.639999389648438
2020-08-21,27.899999618530273,27.190000534057617,27.559999465942383,27.719999313354492,68800,27.719999313354492
2020-08-24,28.200000762939453,27.5,28.200000762939453,27.690000534057617,34300,27.690000534057617
2020-08-25,27.8799991607666,27.479999542236328,27.8700008392334,27.84000015258789,25600,27.84000015258789
2020-08-26,28.079999923706055,27.459999084472656,27.690000534057617,28.020000457763672,33000,28.020000457763672
2020-08-27,28.290000915527344,27.709999084472656,28.020000457763672,28.010000228881836,31200,28.010000228881836
2020-08-28,28.530000686645508,27.969999313354492,28.239999771118164,28.450000762939453,31600,28.450000762939453
2020-08-31,28.579999923706055,28.1299991607666,28.450000762939453,28.329999923706055,39700,28.329999923706055
2020-09-01,28.559999465942383,27.959999084472656,28.25,28.540000915527344,19000,28.540000915527344
2020-09-02,28.709999084472656,28.0,28.399999618530273,28.6299991607666,22500,28.6299991607666
2020-09-03,29.43000030517578,27.40999984741211,28.549999237060547,27.40999984741211,26400,27.40999984741211
2020-09-04,27.989999771118164,26.780000686645508,27.989999771118164,27.290000915527344,40500,27.290000915527344
2020-09-08,27.3799991607666,26.670000076293945,27.170000076293945,26.850000381469727,20700,26.850000381469727
2020-09-09,27.510000228881836,26.649999618530273,27.219999313354492,27.18000030517578,33000,27.18000030517578
2020-09-10,27.399999618530273,26.59000015258789,27.399999618530273,27.020000457763672,22600,27.020000457763672
2020-09-11,27.8700008392334,26.790000915527344,27.59000015258789,27.049999237060547,25900,27.049999237060547
2020-09-14,27.200000762939453,25.510000228881836,26.959999084472656,26.579999923706055,43000,26.579999923706055
2020-09-15,27.09000015258789,26.579999923706055,26.68000030517578,26.65999984741211,19300,26.65999984741211
2020-09-16,27.09000015258789,26.290000915527344,26.899999618530273,26.520000457763672,40200,26.520000457763672
2020-09-17,26.899999618530273,26.3700008392334,26.3700008392334,26.760000228881836,30600,26.760000228881836
2020-09-18,27.40999984741211,26.020000457763672,26.940000534057617,26.56999969482422,104100,26.56999969482422
2020-09-21,26.100000381469727,25.079999923706055,26.100000381469727,25.389999389648438,38500,25.389999389648438
2020-09-22,25.6200008392334,24.530000686645508,25.6200008392334,25.219999313354492,33600,25.219999313354492
2020-09-23,25.469999313354492,24.459999084472656,25.139999389648438,24.59000015258789,31100,24.59000015258789
2020-09-24,25.3799991607666,24.309999465942383,24.600000381469727,25.239999771118164,32600,25.239999771118164
2020-09-25,25.739999771118164,25.030000686645508,25.030000686645508,25.399999618530273,32900,25.399999618530273
2020-09-28,29.290000915527344,25.75,25.75,29.010000228881836,134500,29.010000228881836
2020-09-29,28.93000030517578,26.8700008392334,28.93000030517578,27.639999389648438,39000,27.639999389648438
2020-09-30,28.09000015258789,26.100000381469727,27.93000030517578,26.459999084472656,24500,26.459999084472656
2020-10-01,27.520000457763672,26.850000381469727,26.850000381469727,27.030000686645508,41300,27.030000686645508
2020-10-02,27.860000610351562,26.75,26.75,27.549999237060547,15800,27.549999237060547
2020-10-05,28.3700008392334,26.5,26.5,27.450000762939453,42800,27.450000762939453
2020-10-06,28.1299991607666,26.940000534057617,27.84000015258789,26.940000534057617,30800,26.940000534057617
2020-10-07,28.3700008392334,27.549999237060547,27.549999237060547,28.239999771118164,25500,28.239999771118164
2020-10-08,28.940000534057617,27.90999984741211,28.239999771118164,28.549999237060547,22000,28.549999237060547
2020-10-09,28.979999542236328,27.899999618530273,28.90999984741211,28.3700008392334,14400,28.3700008392334
2020-10-12,31.350000381469727,28.489999771118164,28.56999969482422,30.770000457763672,103700,30.770000457763672
2020-10-13,31.31999969482422,30.149999618530273,31.06999969482422,30.350000381469727,48700,30.350000381469727
2020-10-14,30.350000381469727,29.309999465942383,30.350000381469727,29.309999465942383,36900,29.309999465942383
2020-10-15,30.6299991607666,28.639999389648438,29.139999389648438,30.0,48000,30.0
2020-10-16,31.5,29.350000381469727,29.719999313354492,30.6200008392334,223800,30.6200008392334
2020-10-19,31.290000915527344,29.799999237060547,30.520000457763672,29.969999313354492,33200,29.969999313354492
2020-10-20,30.299999237060547,29.649999618530273,30.299999237060547,29.90999984741211,24500,29.90999984741211
2020-10-21,30.809999465942383,29.6200008392334,29.6200008392334,29.8700008392334,26400,29.8700008392334
2020-10-22,30.329999923706055,29.200000762939453,29.940000534057617,29.299999237060547,28800,29.299999237060547
2020-10-23,31.450000762939453,29.649999618530273,29.649999618530273,30.5,48400,30.5
2020-10-26,30.5,29.8799991607666,30.079999923706055,30.219999313354492,23000,30.219999313354492
2020-10-27,30.40999984741211,29.15999984741211,30.049999237060547,29.280000686645508,31900,29.280000686645508
2020-10-28,29.520000457763672,26.770000457763672,28.6299991607666,26.8700008392334,98400,26.8700008392334
2020-10-29,27.860000610351562,26.360000610351562,26.799999237060547,27.56999969482422,35000,27.56999969482422
2020-10-30,27.729999542236328,26.6299991607666,27.579999923706055,26.799999237060547,44000,26.799999237060547
2020-11-02,27.559999465942383,26.950000762939453,27.270000457763672,27.059999465942383,67800,27.059999465942383
2020-11-03,28.239999771118164,27.5,27.649999618530273,28.1299991607666,28600,28.1299991607666
2020-11-04,28.190000534057617,25.739999771118164,27.450000762939453,26.860000610351562,42700,26.860000610351562
2020-11-05,28.700000762939453,26.59000015258789,27.239999771118164,27.280000686645508,41500,27.280000686645508
2020-11-06,27.219999313354492,26.139999389648438,27.1299991607666,26.520000457763672,31500,26.520000457763672
2020-11-09,29.18000030517578,26.600000381469727,28.8799991607666,26.790000915527344,45600,26.790000915527344
2020-11-10,29.0,27.260000228881836,27.260000228881836,28.639999389648438,35700,28.639999389648438
2020-11-11,28.68000030517578,27.889999389648438,28.610000610351562,28.149999618530273,41500,28.149999618530273
2020-11-12,29.100000381469727,27.020000457763672,27.84000015258789,27.15999984741211,41500,27.15999984741211
2020-11-13,28.299999237060547,26.8799991607666,27.34000015258789,27.81999969482422,24500,27.81999969482422
2020-11-16,28.959999084472656,27.610000610351562,27.989999771118164,28.540000915527344,32000,28.540000915527344
2020-11-17,28.8799991607666,28.149999618530273,28.209999084472656,28.270000457763672,22000,28.270000457763672
2020-11-18,28.729999542236328,27.670000076293945,28.299999237060547,27.90999984741211,42200,27.90999984741211
2020-11-19,28.489999771118164,27.3700008392334,27.700000762939453,28.489999771118164,30700,28.489999771118164
2020-11-20,29.440000534057617,27.360000610351562,28.190000534057617,29.010000228881836,36500,29.010000228881836
2020-11-23,29.700000762939453,28.700000762939453,29.5,29.0,30300,29.0
2020-11-24,30.479999542236328,29.309999465942383,29.31999969482422,30.25,34100,30.25
2020-11-25,30.010000228881836,28.510000228881836,29.899999618530273,29.219999313354492,33200,29.219999313354492
2020-11-27,29.360000610351562,28.600000381469727,29.290000915527344,29.010000228881836,9000,29.010000228881836
2020-11-30,30.260000228881836,28.3700008392334,29.0,28.780000686645508,31700,28.780000686645508
2020-12-01,30.040000915527344,29.0,29.170000076293945,29.18000030517578,31900,29.18000030517578
2020-12-02,30.149999618530273,28.81999969482422,28.81999969482422,29.170000076293945,29000,29.170000076293945
2020-12-03,29.56999969482422,28.260000228881836,29.299999237060547,28.530000686645508,14800,28.530000686645508
2020-12-04,29.719999313354492,28.670000076293945,28.889999389648438,29.270000457763672,40500,29.270000457763672
2020-12-07,29.479999542236328,28.75,29.479999542236328,28.75,28200,28.75
2020-12-08,28.670000076293945,27.510000228881836,28.600000381469727,27.739999771118164,62700,27.739999771118164
2020-12-09,28.229999542236328,27.299999237060547,27.889999389648438,27.549999237060547,63600,27.549999237060547
2020-12-10,29.18000030517578,27.540000915527344,27.579999923706055,28.09000015258789,42700,28.09000015258789
2020-12-11,28.75,27.649999618530273,28.059999465942383,27.81999969482422,75700,27.81999969482422
2020-12-14,28.3700008392334,26.799999237060547,27.8799991607666,26.93000030517578,38500,26.93000030517578
2020-12-15,28.559999465942383,27.31999969482422,27.399999618530273,28.43000030517578,129500,28.43000030517578
2020-12-16,28.780000686645508,27.600000381469727,28.549999237060547,28.260000228881836,59700,28.260000228881836
2020-12-17,28.600000381469727,27.860000610351562,28.600000381469727,28.3799991607666,55700,28.3799991607666
2020-12-18,28.579999923706055,27.06999969482422,28.579999923706055,27.31999969482422,127500,27.31999969482422
2020-12-21,27.790000915527344,26.559999465942383,27.010000228881836,26.950000762939453,91000,26.950000762939453
2020-12-22,27.100000381469727,25.8799991607666,27.100000381469727,26.110000610351562,51300,26.110000610351562
2020-12-23,27.649999618530273,26.329999923706055,26.399999618530273,27.040000915527344,41500,27.040000915527344
2020-12-24,28.020000457763672,27.110000610351562,27.40999984741211,27.889999389648438,28600,27.889999389648438
2020-12-28,28.84000015258789,27.68000030517578,28.110000610351562,28.239999771118164,27100,28.239999771118164
2020-12-29,28.3700008392334,27.049999237060547,28.3700008392334,27.3700008392334,15500,27.3700008392334
2020-12-30,27.770000457763672,26.729999542236328,26.81999969482422,27.489999771118164,20300,27.489999771118164
2020-12-31,28.719999313354492,27.690000534057617,27.75,28.299999237060547,29400,28.299999237060547
2021-01-04,28.600000381469727,27.440000534057617,28.440000534057617,27.510000228881836,30200,27.510000228881836
2021-01-05,27.799999237060547,27.010000228881836,27.510000228881836,27.200000762939453,32700,27.200000762939453
2021-01-06,30.670000076293945,27.860000610351562,27.860000610351562,30.360000610351562,80400,30.360000610351562
2021-01-07,30.639999389648438,29.420000076293945,30.5,30.219999313354492,50300,30.219999313354492
2021-01-08,30.299999237060547,29.3700008392334,30.209999084472656,30.18000030517578,28900,30.18000030517578
2021-01-11,30.18000030517578,29.239999771118164,29.459999084472656,30.079999923706055,32600,30.079999923706055
2021-01-12,32.0,30.209999084472656,30.209999084472656,31.59000015258789,41000,31.59000015258789
2021-01-13,31.549999237060547,30.239999771118164,31.440000534057617,30.729999542236328,67700,30.729999542236328
2021-01-14,31.90999984741211,30.829999923706055,30.829999923706055,31.600000381469727,47100,31.600000381469727
2021-01-15,31.8700008392334,30.780000686645508,31.420000076293945,31.530000686645508,65200,31.530000686645508
2021-01-19,31.690000534057617,30.760000228881836,31.690000534057617,31.1200008392334,26100,31.1200008392334
2021-01-20,32.56999969482422,31.1200008392334,31.1200008392334,32.22999954223633,37900,32.22999954223633
2021-01-21,32.310001373291016,31.8799991607666,32.18000030517578,32.20000076293945,35400,32.20000076293945
2021-01-22,32.2599983215332,31.40999984741211,31.75,32.0,48100,32.0
2021-01-25,31.75,30.469999313354492,31.719999313354492,30.799999237060547,40300,30.799999237060547
2021-01-26,31.06999969482422,30.1200008392334,31.06999969482422,30.81999969482422,41900,30.81999969482422
2021-01-27,30.6299991607666,29.3799991607666,29.969999313354492,30.149999618530273,40500,30.149999618530273
2021-01-28,30.75,29.729999542236328,30.600000381469727,30.170000076293945,33800,30.170000076293945
2021-01-29,30.860000610351562,29.700000762939453,30.190000534057617,30.25,49300,30.25
2021-02-01,31.270000457763672,30.079999923706055,30.479999542236328,31.239999771118164,35500,31.239999771118164
2021-02-02,32.09000015258789,30.950000762939453,32.09000015258789,31.469999313354492,33200,31.469999313354492
2021-02-03,31.760000228881836,30.34000015258789,30.34000015258789,31.469999313354492,24600,31.469999313354492
2021-02-04,31.899999618530273,31.110000610351562,31.459999084472656,31.899999618530273,26800,31.899999618530273
2021-02-05,32.0,31.459999084472656,31.889999389648438,31.799999237060547,30800,31.799999237060547
