Date,High,Low,Open,Close,Volume,Adj Close
2016-02-08,16.149999618530273,15.800000190734863,16.139999389648438,15.84000015258789,532900.0,12.482876777648926
2016-02-09,15.899999618530273,15.579999923706055,15.609999656677246,15.600000381469727,580700.0,12.293745040893555
2016-02-10,16.149999618530273,15.649999618530273,15.720000267028809,15.920000076293945,605100.0,12.545921325683594
2016-02-11,15.899999618530273,15.619999885559082,15.720000267028809,15.65999984741211,456600.0,12.34102725982666
2016-02-12,16.309999465942383,15.710000038146973,15.829999923706055,16.290000915527344,867900.0,12.837504386901855
2016-02-16,16.690000534057617,16.219999313354492,16.450000762939453,16.459999084472656,428500.0,12.971473693847656
2016-02-17,16.780000686645508,16.459999084472656,16.56999969482422,16.670000076293945,366800.0,13.136969566345215
2016-02-18,16.719999313354492,16.520000457763672,16.68000030517578,16.65999984741211,300100.0,13.129087448120117
2016-02-19,16.90999984741211,16.3700008392334,16.56999969482422,16.81999969482422,338200.0,13.255179405212402
2016-02-22,17.149999618530273,16.799999237060547,16.940000534057617,16.8700008392334,311100.0,13.29457950592041
2016-02-23,17.110000610351562,16.649999618530273,16.799999237060547,16.670000076293945,181600.0,13.136969566345215
2016-02-24,16.90999984741211,16.450000762939453,16.5,16.850000381469727,300800.0,13.278820037841797
2016-02-25,17.020000457763672,16.799999237060547,16.889999389648438,16.940000534057617,274500.0,13.34974479675293
2016-02-26,17.1299991607666,16.969999313354492,17.030000686645508,17.110000610351562,292300.0,13.483715057373047
2016-02-29,17.149999618530273,16.8799991607666,17.110000610351562,16.899999618530273,245000.0,13.318222999572754
2016-03-01,17.299999237060547,16.950000762939453,16.979999542236328,17.219999313354492,290100.0,13.57040023803711
2016-03-02,17.260000228881836,17.049999237060547,17.229999542236328,17.06999969482422,285100.0,13.452192306518555
2016-03-03,17.15999984741211,16.889999389648438,16.979999542236328,17.040000915527344,322300.0,13.507681846618652
2016-03-04,17.190000534057617,17.020000457763672,17.059999465942383,17.049999237060547,390700.0,13.515606880187988
2016-03-07,17.110000610351562,16.899999618530273,16.979999542236328,16.950000762939453,314100.0,13.436339378356934
2016-03-08,17.049999237060547,16.68000030517578,16.81999969482422,16.899999618530273,238700.0,13.396705627441406
2016-03-09,17.079999923706055,16.670000076293945,16.93000030517578,16.68000030517578,275900.0,13.222310066223145
2016-03-10,17.06999969482422,16.75,16.75,16.969999313354492,263900.0,13.452192306518555
2016-03-11,17.190000534057617,16.969999313354492,17.079999923706055,17.170000076293945,235500.0,13.610736846923828
2016-03-14,17.200000762939453,17.0,17.06999969482422,17.100000381469727,252700.0,13.555244445800781
2016-03-15,17.389999389648438,16.959999084472656,16.959999084472656,17.25,269000.0,13.674147605895996
2016-03-16,17.389999389648438,17.100000381469727,17.139999389648438,17.110000610351562,261200.0,13.56317138671875
2016-03-17,17.469999313354492,17.020000457763672,17.139999389648438,17.420000076293945,291400.0,13.808908462524414
2016-03-18,17.6299991607666,17.329999923706055,17.3700008392334,17.360000610351562,423400.0,13.761347770690918
2016-03-21,17.579999923706055,17.299999237060547,17.40999984741211,17.5,276000.0,13.87232494354248
2016-03-22,17.670000076293945,17.350000381469727,17.40999984741211,17.420000076293945,197400.0,13.808908462524414
2016-03-23,17.469999313354492,17.280000686645508,17.399999618530273,17.290000915527344,174400.0,13.705857276916504
2016-03-24,17.43000030517578,17.18000030517578,17.420000076293945,17.31999969482422,188000.0,13.72963809967041
2016-03-28,17.489999771118164,17.299999237060547,17.299999237060547,17.43000030517578,138700.0,13.816837310791016
2016-03-29,17.420000076293945,17.15999984741211,17.420000076293945,17.25,304700.0,13.674147605895996
2016-03-30,17.68000030517578,17.309999465942383,17.309999465942383,17.520000457763672,202700.0,13.888179779052734
2016-03-31,17.670000076293945,17.350000381469727,17.40999984741211,17.3700008392334,199100.0,13.76927661895752
2016-04-01,17.549999237060547,17.270000457763672,17.3700008392334,17.43000030517578,163000.0,13.816837310791016
2016-04-04,17.549999237060547,17.34000015258789,17.469999313354492,17.450000762939453,119100.0,13.832690238952637
2016-04-05,17.450000762939453,17.09000015258789,17.280000686645508,17.1200008392334,133900.0,13.571097373962402
2016-04-06,17.25,17.040000915527344,17.1200008392334,17.239999771118164,118300.0,13.666221618652344
2016-04-07,17.170000076293945,16.940000534057617,17.100000381469727,17.110000610351562,213100.0,13.56317138671875
2016-04-08,17.420000076293945,17.09000015258789,17.110000610351562,17.260000228881836,212700.0,13.682075500488281
2016-04-11,17.459999084472656,17.06999969482422,17.260000228881836,17.25,178900.0,13.674147605895996
2016-04-12,17.399999618530273,17.229999542236328,17.25,17.34000015258789,190500.0,13.74549388885498
2016-04-13,17.829999923706055,17.25,17.360000610351562,17.739999771118164,283500.0,14.062573432922363
2016-04-14,17.920000076293945,17.65999984741211,17.670000076293945,17.729999542236328,346800.0,14.054644584655762
2016-04-15,17.90999984741211,17.770000457763672,17.770000457763672,17.8700008392334,197500.0,14.165627479553223
2016-04-18,18.1200008392334,17.729999542236328,17.790000915527344,18.079999923706055,185900.0,14.3320951461792
2016-04-19,18.25,18.030000686645508,18.06999969482422,18.190000534057617,174800.0,14.419293403625488
2016-04-20,18.18000030517578,18.0,18.149999618530273,18.030000686645508,153700.0,14.292458534240723
2016-04-21,18.149999618530273,17.899999618530273,18.149999618530273,17.950000762939453,162600.0,14.229043006896973
2016-04-22,18.079999923706055,17.8799991607666,17.8799991607666,18.020000457763672,120900.0,14.284530639648438
2016-04-25,18.110000610351562,17.889999389648438,18.079999923706055,18.049999237060547,71900.0,14.308308601379395
2016-04-26,18.260000228881836,18.010000228881836,18.010000228881836,18.190000534057617,119800.0,14.419293403625488
2016-04-27,18.280000686645508,18.020000457763672,18.139999389648438,18.1200008392334,119300.0,14.363801002502441
2016-04-28,18.190000534057617,17.989999771118164,18.0,18.030000686645508,107000.0,14.292458534240723
2016-04-29,18.170000076293945,17.709999084472656,17.889999389648438,17.899999618530273,243500.0,14.189407348632812
2016-05-02,18.290000915527344,17.950000762939453,18.0,18.270000457763672,176800.0,14.482707023620605
2016-05-03,18.329999923706055,18.100000381469727,18.209999084472656,18.170000076293945,183900.0,14.403438568115234
2016-05-04,18.15999984741211,17.950000762939453,18.020000457763672,18.100000381469727,122200.0,14.347949028015137
2016-05-05,18.459999084472656,18.0,18.049999237060547,18.09000015258789,183100.0,14.340018272399902
2016-05-06,18.06999969482422,17.920000076293945,18.0,18.030000686645508,144800.0,14.292458534240723
2016-05-09,18.260000228881836,17.989999771118164,17.989999771118164,18.1200008392334,150000.0,14.363801002502441
2016-05-10,18.40999984741211,18.149999618530273,18.209999084472656,18.3700008392334,191800.0,14.561978340148926
2016-05-11,18.440000534057617,18.170000076293945,18.329999923706055,18.170000076293945,180700.0,14.403438568115234
2016-05-12,18.31999969482422,17.989999771118164,18.18000030517578,18.190000534057617,124000.0,14.419293403625488
2016-05-13,18.309999465942383,17.940000534057617,18.15999984741211,18.010000228881836,147900.0,14.276605606079102
2016-05-16,18.309999465942383,17.969999313354492,17.969999313354492,18.200000762939453,156300.0,14.427217483520508
2016-05-17,18.1299991607666,17.719999313354492,18.1299991607666,17.760000228881836,229600.0,14.0784273147583
2016-05-18,18.399999618530273,17.719999313354492,17.719999313354492,18.209999084472656,234000.0,14.435147285461426
2016-05-19,18.270000457763672,17.829999923706055,18.1200008392334,17.959999084472656,156100.0,14.236967086791992
2016-05-20,18.18000030517578,17.989999771118164,18.049999237060547,18.049999237060547,191300.0,14.308308601379395
2016-05-23,18.219999313354492,17.950000762939453,18.010000228881836,18.170000076293945,168600.0,14.403438568115234
2016-05-24,18.469999313354492,18.06999969482422,18.200000762939453,18.40999984741211,188800.0,14.593687057495117
2016-05-25,18.520000457763672,18.309999465942383,18.389999389648438,18.399999618530273,156800.0,14.585758209228516
2016-05-26,18.440000534057617,18.020000457763672,18.440000534057617,18.260000228881836,101100.0,14.474780082702637
2016-05-27,18.459999084472656,18.270000457763672,18.270000457763672,18.40999984741211,88700.0,14.593687057495117
2016-05-31,18.489999771118164,18.329999923706055,18.440000534057617,18.450000762939453,183300.0,14.625397682189941
2016-06-01,18.540000915527344,18.290000915527344,18.360000610351562,18.5,154500.0,14.66502857208252
2016-06-02,18.5,18.329999923706055,18.459999084472656,18.479999542236328,171100.0,14.649177551269531
2016-06-03,18.3799991607666,17.979999542236328,18.3799991607666,18.18000030517578,186300.0,14.41136360168457
2016-06-06,18.399999618530273,18.200000762939453,18.200000762939453,18.329999923706055,146800.0,14.530268669128418
2016-06-07,18.309999465942383,18.15999984741211,18.270000457763672,18.15999984741211,137800.0,14.395512580871582
2016-06-08,18.239999771118164,18.06999969482422,18.110000610351562,18.200000762939453,151400.0,14.507102966308594
2016-06-09,18.25,17.889999389648438,18.1299991607666,18.100000381469727,103300.0,14.427396774291992
2016-06-10,18.229999542236328,17.920000076293945,17.940000534057617,17.969999313354492,120400.0,14.323772430419922
2016-06-13,18.010000228881836,17.540000915527344,17.940000534057617,17.59000015258789,210700.0,14.020874977111816
2016-06-14,17.600000381469727,17.3799991607666,17.520000457763672,17.3799991607666,186200.0,13.853487014770508
2016-06-15,17.59000015258789,17.309999465942383,17.309999465942383,17.34000015258789,191800.0,13.82160472869873
2016-06-16,17.389999389648438,17.200000762939453,17.25,17.34000015258789,164200.0,13.82160472869873
2016-06-17,17.520000457763672,17.25,17.3799991607666,17.280000686645508,398300.0,13.77377986907959
2016-06-20,17.68000030517578,17.469999313354492,17.510000228881836,17.5,155800.0,13.949137687683105
2016-06-21,17.610000610351562,17.43000030517578,17.59000015258789,17.510000228881836,227100.0,13.957112312316895
2016-06-22,17.600000381469727,17.440000534057617,17.520000457763672,17.450000762939453,229900.0,13.909287452697754
2016-06-23,17.75,17.469999313354492,17.540000915527344,17.530000686645508,538500.0,13.973053932189941
2016-06-24,17.31999969482422,16.56999969482422,16.979999542236328,16.899999618530273,1088100.0,13.470880508422852
2016-06-27,16.809999465942383,16.360000610351562,16.670000076293945,16.43000030517578,360100.0,13.096247673034668
2016-06-28,16.610000610351562,16.350000381469727,16.459999084472656,16.520000457763672,473700.0,13.167986869812012
2016-06-29,16.959999084472656,16.610000610351562,16.690000534057617,16.940000534057617,174400.0,13.502768516540527
2016-06-30,17.219999313354492,16.950000762939453,17.030000686645508,17.219999313354492,203400.0,13.725951194763184
2016-07-01,17.31999969482422,17.139999389648438,17.18000030517578,17.229999542236328,170400.0,13.73392105102539
2016-07-05,17.09000015258789,16.860000610351562,17.09000015258789,16.920000076293945,235400.0,13.486822128295898
2016-07-06,17.06999969482422,16.799999237060547,16.81999969482422,17.040000915527344,188200.0,13.582477569580078
2016-07-07,17.25,17.040000915527344,17.040000915527344,17.190000534057617,224100.0,13.70203971862793
2016-07-08,17.5,17.149999618530273,17.25,17.43000030517578,305900.0,13.893341064453125
2016-07-11,17.729999542236328,17.34000015258789,17.540000915527344,17.690000534057617,185000.0,14.1005859375
2016-07-12,17.979999542236328,17.790000915527344,17.809999465942383,17.850000381469727,289200.0,14.228124618530273
2016-07-13,17.860000610351562,17.739999771118164,17.809999465942383,17.809999465942383,155700.0,14.196236610412598
2016-07-14,18.059999465942383,17.700000762939453,17.979999542236328,17.899999618530273,209800.0,14.267973899841309
2016-07-15,17.989999771118164,17.8799991607666,17.989999771118164,17.93000030517578,111000.0,14.291889190673828
2016-07-18,17.969999313354492,17.809999465942383,17.920000076293945,17.829999923706055,104000.0,14.212180137634277
2016-07-19,17.969999313354492,17.770000457763672,17.809999465942383,17.780000686645508,180000.0,14.172327041625977
2016-07-20,17.8799991607666,17.739999771118164,17.84000015258789,17.760000228881836,94200.0,14.15638542175293
2016-07-21,17.8799991607666,17.65999984741211,17.719999313354492,17.860000610351562,187800.0,14.236093521118164
2016-07-22,18.09000015258789,17.719999313354492,17.90999984741211,18.049999237060547,159500.0,14.387537002563477
2016-07-25,18.059999465942383,17.93000030517578,18.0,18.040000915527344,169300.0,14.379570007324219
2016-07-26,18.09000015258789,17.84000015258789,17.969999313354492,18.09000015258789,204300.0,14.419424057006836
2016-07-27,18.1299991607666,17.979999542236328,18.100000381469727,18.110000610351562,182100.0,14.4353666305542
2016-07-28,18.270000457763672,18.059999465942383,18.100000381469727,18.139999389648438,231900.0,14.459278106689453
2016-07-29,18.260000228881836,17.979999542236328,18.049999237060547,18.200000762939453,210800.0,14.507102966308594
2016-08-01,18.260000228881836,18.139999389648438,18.239999771118164,18.15999984741211,160500.0,14.4752197265625
2016-08-02,18.229999542236328,18.0,18.1299991607666,18.0,164000.0,14.347681999206543
2016-08-03,18.18000030517578,17.889999389648438,18.020000457763672,18.149999618530273,113500.0,14.467248916625977
2016-08-04,18.149999618530273,17.979999542236328,18.110000610351562,18.09000015258789,187700.0,14.419424057006836
2016-08-05,18.479999542236328,18.1299991607666,18.15999984741211,18.399999618530273,119600.0,14.666522026062012
2016-08-08,18.530000686645508,18.329999923706055,18.329999923706055,18.450000762939453,206100.0,14.706379890441895
2016-08-09,18.549999237060547,18.43000030517578,18.450000762939453,18.549999237060547,168100.0,14.786086082458496
2016-08-10,18.540000915527344,18.420000076293945,18.520000457763672,18.440000534057617,152200.0,14.698409080505371
2016-08-11,18.549999237060547,18.450000762939453,18.489999771118164,18.489999771118164,219100.0,14.738261222839355
2016-08-12,18.549999237060547,18.31999969482422,18.389999389648438,18.489999771118164,95100.0,14.738261222839355
2016-08-15,18.549999237060547,18.459999084472656,18.549999237060547,18.5,212100.0,14.74622917175293
2016-08-16,18.579999923706055,18.450000762939453,18.489999771118164,18.459999084472656,109000.0,14.714348793029785
2016-08-17,18.56999969482422,18.43000030517578,18.450000762939453,18.5,220500.0,14.74622917175293
2016-08-18,18.68000030517578,18.459999084472656,18.459999084472656,18.670000076293945,114800.0,14.88173770904541
2016-08-19,18.479999542236328,18.020000457763672,18.290000915527344,18.420000076293945,170200.0,14.682463645935059
2016-08-22,18.520000457763672,18.280000686645508,18.329999923706055,18.450000762939453,170900.0,14.706379890441895
2016-08-23,18.670000076293945,18.40999984741211,18.520000457763672,18.440000534057617,156600.0,14.698409080505371
2016-08-24,18.510000228881836,18.360000610351562,18.389999389648438,18.389999389648438,126000.0,14.658552169799805
2016-08-25,18.479999542236328,18.3700008392334,18.3700008392334,18.389999389648438,153100.0,14.658552169799805
2016-08-26,18.5,18.34000015258789,18.479999542236328,18.34000015258789,314200.0,14.618698120117188
2016-08-29,18.3799991607666,18.260000228881836,18.3700008392334,18.34000015258789,338800.0,14.618698120117188
2016-08-30,18.469999313354492,18.329999923706055,18.350000381469727,18.350000381469727,262200.0,14.626667022705078
2016-08-31,18.360000610351562,18.110000610351562,18.329999923706055,18.139999389648438,324300.0,14.459278106689453
2016-09-01,18.190000534057617,17.979999542236328,18.100000381469727,18.020000457763672,329800.0,14.46329116821289
2016-09-02,18.15999984741211,18.010000228881836,18.09000015258789,18.110000610351562,212100.0,14.535529136657715
2016-09-06,18.18000030517578,17.90999984741211,18.18000030517578,17.93000030517578,251000.0,14.391056060791016
2016-09-07,17.959999084472656,17.850000381469727,17.920000076293945,17.90999984741211,213200.0,14.375001907348633
2016-09-08,17.889999389648438,17.530000686645508,17.889999389648438,17.6299991607666,312600.0,14.150266647338867
2016-09-09,17.6299991607666,17.40999984741211,17.5,17.40999984741211,395600.0,13.973689079284668
2016-09-12,17.729999542236328,17.3700008392334,17.420000076293945,17.670000076293945,263000.0,14.182372093200684
2016-09-13,17.6299991607666,17.459999084472656,17.59000015258789,17.579999923706055,224500.0,14.110137939453125
2016-09-14,17.649999618530273,17.3700008392334,17.540000915527344,17.469999313354492,257900.0,14.021844863891602
2016-09-15,17.520000457763672,17.360000610351562,17.489999771118164,17.399999618530273,282200.0,13.965664863586426
2016-09-16,17.440000534057617,17.219999313354492,17.3799991607666,17.34000015258789,630900.0,13.917508125305176
2016-09-19,17.610000610351562,17.43000030517578,17.59000015258789,17.440000534057617,271500.0,13.99776840209961
2016-09-20,17.75,17.549999237060547,17.549999237060547,17.65999984741211,188800.0,14.174347877502441
2016-09-21,17.81999969482422,17.700000762939453,17.700000762939453,17.790000915527344,208800.0,14.278688430786133
2016-09-22,18.079999923706055,17.81999969482422,17.81999969482422,18.059999465942383,271200.0,14.495396614074707
2016-09-23,18.079999923706055,17.93000030517578,18.0,18.0,172800.0,14.447237014770508
2016-09-26,17.940000534057617,17.770000457763672,17.940000534057617,17.780000686645508,159800.0,14.270662307739258
2016-09-27,17.90999984741211,17.719999313354492,17.729999542236328,17.90999984741211,202700.0,14.375001907348633
2016-09-28,17.950000762939453,17.809999465942383,17.93000030517578,17.940000534057617,151500.0,14.39908218383789
2016-09-29,17.989999771118164,17.729999542236328,17.989999771118164,17.729999542236328,167300.0,14.230531692504883
2016-09-30,17.8799991607666,17.700000762939453,17.739999771118164,17.809999465942383,256700.0,14.294744491577148
2016-10-03,17.809999465942383,17.610000610351562,17.700000762939453,17.799999237060547,267200.0,14.286712646484375
2016-10-04,17.899999618530273,17.760000228881836,17.760000228881836,17.84000015258789,171200.0,14.318817138671875
2016-10-05,18.0,17.84000015258789,17.90999984741211,17.950000762939453,172200.0,14.407108306884766
2016-10-06,17.93000030517578,17.799999237060547,17.90999984741211,17.860000610351562,146700.0,14.334874153137207
2016-10-07,17.920000076293945,17.75,17.889999389648438,17.899999618530273,127300.0,14.366978645324707
2016-10-10,18.040000915527344,17.90999984741211,17.90999984741211,18.0,157900.0,14.447237014770508
2016-10-11,18.020000457763672,17.780000686645508,17.90999984741211,17.829999923706055,171200.0,14.310792922973633
2016-10-12,18.030000686645508,17.760000228881836,17.760000228881836,17.850000381469727,279600.0,14.326847076416016
2016-10-13,17.899999618530273,17.540000915527344,17.75,17.75,181100.0,14.246580123901367
2016-10-14,17.940000534057617,17.790000915527344,17.850000381469727,17.8700008392334,234200.0,14.342896461486816
2016-10-17,17.93000030517578,17.850000381469727,17.93000030517578,17.860000610351562,163600.0,14.334874153137207
2016-10-18,18.0,17.829999923706055,17.860000610351562,17.950000762939453,141800.0,14.407108306884766
2016-10-19,18.030000686645508,17.920000076293945,17.940000534057617,17.93000030517578,163100.0,14.391056060791016
2016-10-20,18.040000915527344,17.90999984741211,17.950000762939453,17.979999542236328,94000.0,14.431188583374023
2016-10-21,17.8700008392334,17.719999313354492,17.790000915527344,17.719999313354492,196200.0,14.222503662109375
2016-10-24,17.989999771118164,17.709999084472656,17.829999923706055,17.850000381469727,133600.0,14.326847076416016
2016-10-25,17.899999618530273,17.770000457763672,17.899999618530273,17.809999465942383,205700.0,14.294744491577148
2016-10-26,17.84000015258789,17.639999389648438,17.799999237060547,17.639999389648438,159400.0,14.158291816711426
2016-10-27,17.81999969482422,17.559999465942383,17.729999542236328,17.600000381469727,149200.0,14.126184463500977
2016-10-28,17.920000076293945,17.600000381469727,17.899999618530273,17.700000762939453,181500.0,14.206452369689941
2016-10-31,17.8700008392334,17.649999618530273,17.670000076293945,17.81999969482422,167200.0,14.302766799926758
2016-11-01,17.860000610351562,17.559999465942383,17.829999923706055,17.559999465942383,144200.0,14.094083786010742
2016-11-02,17.549999237060547,17.299999237060547,17.549999237060547,17.3799991607666,167400.0,13.949609756469727
2016-11-03,17.510000228881836,17.350000381469727,17.40999984741211,17.399999618530273,134700.0,13.965664863586426
2016-11-04,17.540000915527344,17.290000915527344,17.40999984741211,17.360000610351562,116300.0,13.93355941772461
2016-11-07,17.649999618530273,17.5,17.6200008392334,17.639999389648438,134900.0,14.158291816711426
2016-11-08,17.739999771118164,17.360000610351562,17.600000381469727,17.6299991607666,134900.0,14.150266647338867
2016-11-09,17.989999771118164,17.520000457763672,17.6299991607666,17.920000076293945,311200.0,14.383026123046875
2016-11-10,18.25,17.440000534057617,17.920000076293945,18.0,427600.0,14.447237014770508
2016-11-11,18.549999237060547,17.969999313354492,17.969999313354492,18.3799991607666,438800.0,14.752233505249023
2016-11-14,18.729999542236328,18.43000030517578,18.450000762939453,18.489999771118164,239600.0,14.840523719787598
2016-11-15,18.739999771118164,18.260000228881836,18.479999542236328,18.719999313354492,323200.0,15.025131225585938
2016-11-16,18.729999542236328,18.530000686645508,18.600000381469727,18.6200008392334,163100.0,14.944867134094238
2016-11-17,18.81999969482422,18.649999618530273,18.649999618530273,18.65999984741211,164600.0,14.976970672607422
2016-11-18,18.8799991607666,18.6299991607666,18.68000030517578,18.75,207900.0,15.04920482635498
2016-11-21,18.760000228881836,18.610000610351562,18.729999542236328,18.68000030517578,155800.0,14.993022918701172
2016-11-22,18.860000610351562,18.670000076293945,18.719999313354492,18.799999237060547,154100.0,15.089335441589355
2016-11-23,18.860000610351562,18.75,18.799999237060547,18.860000610351562,120300.0,15.137495994567871
2016-11-25,18.81999969482422,18.700000762939453,18.799999237060547,18.81999969482422,74500.0,15.20617389678955
2016-11-28,18.889999389648438,18.56999969482422,18.889999389648438,18.579999923706055,106000.0,15.01225757598877
2016-11-29,18.770000457763672,18.59000015258789,18.6200008392334,18.68000030517578,238300.0,15.093056678771973
2016-11-30,18.75,18.56999969482422,18.75,18.6299991607666,184800.0,15.052655220031738
2016-12-01,18.790000915527344,18.639999389648438,18.700000762939453,18.690000534057617,286100.0,15.101139068603516
2016-12-02,18.700000762939453,18.489999771118164,18.68000030517578,18.610000610351562,143400.0,15.03650188446045
2016-12-05,18.829999923706055,18.709999084472656,18.709999084472656,18.75,221600.0,15.149612426757812
2016-12-06,18.969999313354492,18.709999084472656,18.760000228881836,18.920000076293945,266600.0,15.286972999572754
2016-12-07,19.700000762939453,18.959999084472656,18.969999313354492,19.520000457763672,417200.0,15.771763801574707
2016-12-08,19.799999237060547,19.290000915527344,19.459999084472656,19.760000228881836,256300.0,15.965676307678223
2016-12-09,19.889999389648438,19.520000457763672,19.75,19.829999923706055,232500.0,16.02223014831543
2016-12-12,19.860000610351562,19.6299991607666,19.850000381469727,19.68000030517578,190700.0,15.901036262512207
2016-12-13,19.780000686645508,19.420000076293945,19.780000686645508,19.469999313354492,442200.0,15.73136043548584
2016-12-14,19.690000534057617,19.149999618530273,19.520000457763672,19.329999923706055,256100.0,15.618247032165527
2016-12-15,19.469999313354492,19.290000915527344,19.3799991607666,19.309999465942383,110900.0,15.602083206176758
2016-12-16,19.329999923706055,18.959999084472656,19.290000915527344,19.0,520700.0,15.351609230041504
2016-12-19,19.170000076293945,18.90999984741211,19.010000228881836,19.100000381469727,150000.0,15.43240737915039
2016-12-20,19.260000228881836,18.65999984741211,19.1299991607666,19.18000030517578,132600.0,15.497044563293457
2016-12-21,19.139999389648438,18.950000762939453,19.09000015258789,19.059999465942383,167700.0,15.400087356567383
2016-12-22,19.170000076293945,18.8799991607666,19.059999465942383,19.15999984741211,149400.0,15.480888366699219
2016-12-23,19.1299991607666,18.760000228881836,19.110000610351562,19.09000015258789,87500.0,15.424328804016113
2016-12-27,19.15999984741211,19.049999237060547,19.09000015258789,19.139999389648438,86100.0,15.464726448059082
2016-12-28,19.15999984741211,19.020000457763672,19.149999618530273,19.149999618530273,96100.0,15.472806930541992
2016-12-29,19.229999542236328,18.959999084472656,19.1200008392334,19.09000015258789,73700.0,15.424328804016113
2016-12-30,19.139999389648438,18.950000762939453,19.139999389648438,19.040000915527344,110200.0,15.38393497467041
2017-01-03,19.209999084472656,18.93000030517578,19.139999389648438,19.030000686645508,225700.0,15.37585163116455
2017-01-04,19.3700008392334,18.979999542236328,19.030000686645508,19.360000610351562,194800.0,15.642483711242676
2017-01-05,19.3799991607666,19.100000381469727,19.229999542236328,19.15999984741211,162500.0,15.480888366699219
2017-01-06,19.299999237060547,19.030000686645508,19.209999084472656,19.170000076293945,187400.0,15.48896598815918
2017-01-09,19.059999465942383,18.81999969482422,19.059999465942383,18.90999984741211,193100.0,15.278890609741211
2017-01-10,19.110000610351562,18.850000381469727,18.969999313354492,19.059999465942383,181100.0,15.400087356567383
2017-01-11,19.15999984741211,18.90999984741211,19.059999465942383,19.1299991607666,209500.0,15.456648826599121
2017-01-12,19.1299991607666,18.690000534057617,19.059999465942383,18.739999771118164,101300.0,15.141535758972168
2017-01-13,19.219999313354492,18.799999237060547,18.799999237060547,18.8799991607666,98400.0,15.25465202331543
2017-01-17,18.899999618530273,18.3700008392334,18.81999969482422,18.43000030517578,178700.0,14.891063690185547
2017-01-18,19.239999771118164,18.360000610351562,18.489999771118164,18.440000534057617,160700.0,14.899145126342773
2017-01-19,18.420000076293945,18.149999618530273,18.350000381469727,18.239999771118164,116500.0,14.73754596710205
2017-01-20,18.3700008392334,18.170000076293945,18.219999313354492,18.25,65900.0,14.745627403259277
2017-01-23,18.309999465942383,18.1200008392334,18.170000076293945,18.25,71000.0,14.745627403259277
2017-01-24,18.399999618530273,18.219999313354492,18.299999237060547,18.299999237060547,189900.0,14.786025047302246
2017-01-25,18.459999084472656,18.229999542236328,18.350000381469727,18.360000610351562,181900.0,14.834505081176758
2017-01-26,18.5,18.209999084472656,18.299999237060547,18.399999618530273,101900.0,14.866823196411133
2017-01-27,18.5,18.270000457763672,18.5,18.350000381469727,61600.0,14.82642650604248
2017-01-30,18.229999542236328,17.979999542236328,18.229999542236328,18.020000457763672,91300.0,14.559789657592773
2017-01-31,17.889999389648438,17.149999618530273,17.809999465942383,17.489999771118164,388500.0,14.131562232971191
2017-02-01,17.690000534057617,17.030000686645508,17.510000228881836,17.09000015258789,326800.0,13.808368682861328
2017-02-02,17.139999389648438,16.8700008392334,17.100000381469727,17.020000457763672,220200.0,13.751810073852539
2017-02-03,17.360000610351562,17.1299991607666,17.149999618530273,17.190000534057617,197900.0,13.889168739318848
2017-02-06,17.270000457763672,17.030000686645508,17.18000030517578,17.06999969482422,121800.0,13.792211532592773
2017-02-07,17.09000015258789,16.979999542236328,17.040000915527344,16.989999771118164,167700.0,13.727574348449707
2017-02-08,17.06999969482422,16.770000457763672,16.889999389648438,17.020000457763672,195800.0,13.751810073852539
2017-02-09,17.219999313354492,17.049999237060547,17.09000015258789,17.170000076293945,175500.0,13.873010635375977
2017-02-10,17.399999618530273,17.1299991607666,17.200000762939453,17.200000762939453,138700.0,13.897247314453125
2017-02-13,17.5,17.290000915527344,17.329999923706055,17.31999969482422,238000.0,13.994202613830566
2017-02-14,17.540000915527344,17.239999771118164,17.239999771118164,17.459999084472656,176700.0,14.107319831848145
2017-02-15,17.5,17.309999465942383,17.40999984741211,17.34000015258789,238500.0,14.01036548614502
2017-02-16,17.489999771118164,17.270000457763672,17.350000381469727,17.459999084472656,145000.0,14.107319831848145
2017-02-17,17.489999771118164,17.149999618530273,17.309999465942383,17.389999389648438,110700.0,14.050763130187988
2017-02-21,17.489999771118164,17.350000381469727,17.399999618530273,17.3799991607666,141100.0,14.042681694030762
2017-02-22,17.420000076293945,17.110000610351562,17.389999389648438,17.299999237060547,179700.0,13.978045463562012
2017-02-23,17.3700008392334,17.1200008392334,17.239999771118164,17.25,229000.0,13.937647819519043
2017-02-24,17.260000228881836,16.950000762939453,17.219999313354492,17.170000076293945,209100.0,13.873010635375977
2017-02-27,17.229999542236328,17.09000015258789,17.1299991607666,17.200000762939453,187200.0,13.897247314453125
2017-02-28,17.190000534057617,16.979999542236328,17.18000030517578,16.989999771118164,185600.0,13.727574348449707
2017-03-01,17.329999923706055,17.049999237060547,17.170000076293945,17.209999084472656,262700.0,13.905327796936035
2017-03-02,17.1299991607666,16.8700008392334,17.1299991607666,16.8799991607666,226200.0,13.738479614257812
2017-03-03,17.110000610351562,16.8799991607666,16.940000534057617,17.059999465942383,163200.0,13.884979248046875
2017-03-06,17.149999618530273,16.670000076293945,17.040000915527344,16.979999542236328,140500.0,13.819869041442871
2017-03-07,17.049999237060547,16.899999618530273,16.969999313354492,16.93000030517578,120200.0,13.7791748046875
2017-03-08,17.049999237060547,16.809999465942383,17.010000228881836,16.81999969482422,133100.0,13.689648628234863
2017-03-09,16.989999771118164,16.770000457763672,16.809999465942383,16.799999237060547,140300.0,13.673367500305176
2017-03-10,17.040000915527344,16.709999084472656,16.829999923706055,16.790000915527344,151400.0,13.665229797363281
2017-03-13,16.920000076293945,16.760000228881836,16.760000228881836,16.809999465942383,100000.0,13.681506156921387
2017-03-14,16.8799991607666,16.700000762939453,16.75,16.799999237060547,138100.0,13.673367500305176
2017-03-15,16.969999313354492,16.729999542236328,16.829999923706055,16.780000686645508,152900.0,13.65709114074707
2017-03-16,17.059999465942383,16.8700008392334,16.8700008392334,16.90999984741211,183300.0,13.762895584106445
2017-03-17,17.81999969482422,16.770000457763672,16.920000076293945,17.3799991607666,807900.0,14.14542293548584
2017-03-20,17.450000762939453,17.110000610351562,17.270000457763672,17.34000015258789,280100.0,14.112869262695312
2017-03-21,17.469999313354492,16.540000915527344,17.3799991607666,16.549999237060547,212200.0,13.469897270202637
2017-03-22,16.559999465942383,16.209999084472656,16.420000076293945,16.40999984741211,193200.0,13.355948448181152
2017-03-23,16.56999969482422,16.309999465942383,16.309999465942383,16.399999618530273,249100.0,13.347811698913574
2017-03-24,16.6200008392334,16.420000076293945,16.489999771118164,16.479999542236328,109100.0,13.412923812866211
2017-03-27,16.459999084472656,15.930000305175781,16.290000915527344,16.399999618530273,133600.0,13.347811698913574
2017-03-28,16.639999389648438,16.18000030517578,16.399999618530273,16.549999237060547,181300.0,13.469897270202637
2017-03-29,16.579999923706055,16.329999923706055,16.56999969482422,16.489999771118164,117600.0,13.421060562133789
2017-03-30,16.770000457763672,16.530000686645508,16.530000686645508,16.709999084472656,168700.0,13.600119590759277
2017-03-31,16.799999237060547,16.600000381469727,16.700000762939453,16.6200008392334,213000.0,13.52686882019043
2017-04-03,16.68000030517578,16.389999389648438,16.68000030517578,16.6200008392334,300000.0,13.52686882019043
2017-04-04,16.739999771118164,16.389999389648438,16.600000381469727,16.690000534057617,300100.0,13.583842277526855
2017-04-05,16.84000015258789,16.309999465942383,16.790000915527344,16.350000381469727,277400.0,13.307119369506836
2017-04-06,16.5,16.270000457763672,16.440000534057617,16.389999389648438,154400.0,13.339672088623047
2017-04-07,16.459999084472656,16.270000457763672,16.350000381469727,16.43000030517578,186900.0,13.37222957611084
2017-04-10,16.489999771118164,16.280000686645508,16.440000534057617,16.360000610351562,152000.0,13.31525707244873
2017-04-11,16.459999084472656,16.280000686645508,16.280000686645508,16.420000076293945,170400.0,13.364089012145996
2017-04-12,16.469999313354492,16.270000457763672,16.43000030517578,16.270000457763672,136900.0,13.2420072555542
2017-04-13,16.270000457763672,15.949999809265137,16.25,15.960000038146973,159700.0,12.989701271057129
2017-04-17,16.309999465942383,16.010000228881836,16.030000686645508,16.270000457763672,212900.0,13.2420072555542
2017-04-18,16.350000381469727,16.1299991607666,16.200000762939453,16.31999969482422,119500.0,13.282698631286621
2017-04-19,16.489999771118164,16.350000381469727,16.350000381469727,16.40999984741211,163700.0,13.355948448181152
2017-04-20,16.530000686645508,16.3799991607666,16.459999084472656,16.5,186800.0,13.42920207977295
2017-04-21,16.690000534057617,16.459999084472656,16.530000686645508,16.600000381469727,152100.0,13.510589599609375
2017-04-24,16.90999984741211,16.719999313354492,16.829999923706055,16.719999313354492,134600.0,13.608257293701172
2017-04-25,16.93000030517578,16.65999984741211,16.809999465942383,16.68000030517578,136700.0,13.575702667236328
2017-04-26,16.940000534057617,16.649999618530273,16.709999084472656,16.770000457763672,151600.0,13.64895248413086
2017-04-27,16.84000015258789,16.600000381469727,16.799999237060547,16.729999542236328,154700.0,13.616394996643066
2017-04-28,16.829999923706055,16.440000534057617,16.790000915527344,16.540000915527344,165900.0,13.461759567260742
2017-05-01,17.030000686645508,16.610000610351562,16.6299991607666,16.950000762939453,223300.0,13.795454025268555
2017-05-02,17.270000457763672,16.649999618530273,17.110000610351562,16.700000762939453,154300.0,13.591979026794434
2017-05-03,16.809999465942383,16.639999389648438,16.709999084472656,16.75,148300.0,13.632675170898438
2017-05-04,16.90999984741211,16.65999984741211,16.75,16.799999237060547,97700.0,13.673367500305176
2017-05-05,16.860000610351562,16.549999237060547,16.809999465942383,16.790000915527344,132200.0,13.665229797363281
2017-05-08,16.899999618530273,16.770000457763672,16.780000686645508,16.899999618530273,89400.0,13.75475788116455
2017-05-09,16.969999313354492,16.68000030517578,16.950000762939453,16.770000457763672,79100.0,13.64895248413086
2017-05-10,16.8799991607666,16.690000534057617,16.75,16.809999465942383,132200.0,13.681506156921387
2017-05-11,16.75,16.559999465942383,16.739999771118164,16.579999923706055,87100.0,13.494312286376953
2017-05-12,16.610000610351562,16.31999969482422,16.520000457763672,16.459999084472656,115200.0,13.396646499633789
2017-05-15,16.649999618530273,16.450000762939453,16.450000762939453,16.6299991607666,94500.0,13.535008430480957
2017-05-16,16.65999984741211,16.389999389648438,16.649999618530273,16.610000610351562,160300.0,13.518730163574219
2017-05-17,16.459999084472656,16.040000915527344,16.360000610351562,16.059999465942383,115500.0,13.071086883544922
2017-05-18,16.280000686645508,16.030000686645508,16.030000686645508,16.139999389648438,180500.0,13.136199951171875
2017-05-19,16.290000915527344,15.960000038146973,16.190000534057617,16.010000228881836,155000.0,13.0303955078125
2017-05-22,16.15999984741211,15.949999809265137,16.020000457763672,16.100000381469727,157000.0,13.103646278381348
2017-05-23,16.270000457763672,15.970000267028809,16.149999618530273,16.239999771118164,76000.0,13.217589378356934
2017-05-24,16.25,16.030000686645508,16.209999084472656,16.049999237060547,86700.0,13.062949180603027
2017-05-25,16.100000381469727,15.949999809265137,16.049999237060547,16.010000228881836,105700.0,13.0303955078125
2017-05-26,15.979999542236328,15.8100004196167,15.949999809265137,15.90999984741211,219500.0,12.949005126953125
2017-05-30,15.930000305175781,15.630000114440918,15.850000381469727,15.739999771118164,180700.0,12.81064224243164
2017-05-31,15.75,15.59000015258789,15.729999542236328,15.619999885559082,385700.0,12.712976455688477
2017-06-01,16.040000915527344,15.600000381469727,15.649999618530273,16.010000228881836,155300.0,13.0303955078125
2017-06-02,16.020000457763672,15.789999961853027,15.949999809265137,15.8100004196167,280900.0,12.86761474609375
2017-06-05,15.770000457763672,14.859999656677246,15.770000457763672,15.520000457763672,186500.0,12.631589889526367
2017-06-06,15.569999694824219,15.329999923706055,15.470000267028809,15.489999771118164,189600.0,12.607171058654785
2017-06-07,15.520000457763672,15.329999923706055,15.449999809265137,15.4399995803833,284600.0,12.668710708618164
2017-06-08,15.789999961853027,15.359999656677246,15.4399995803833,15.609999656677246,170400.0,12.808197021484375
2017-06-09,16.059999465942383,15.65999984741211,15.670000076293945,15.949999809265137,214900.0,13.087170600891113
2017-06-12,16.139999389648438,15.739999771118164,15.9399995803833,15.84000015258789,213600.0,12.996914863586426
2017-06-13,16.09000015258789,15.829999923706055,15.880000114440918,15.960000038146973,139800.0,13.095376968383789
2017-06-14,16.079999923706055,15.770000457763672,15.899999618530273,16.06999969482422,153300.0,13.185632705688477
2017-06-15,16.1200008392334,15.869999885559082,15.9399995803833,15.9399995803833,146000.0,13.078965187072754
2017-06-16,15.949999809265137,15.739999771118164,15.920000076293945,15.739999771118164,425500.0,12.914862632751465
2017-06-19,16.0,15.770000457763672,15.84000015258789,15.819999694824219,121900.0,12.980504035949707
2017-06-20,15.770000457763672,15.5600004196167,15.760000228881836,15.59000015258789,135300.0,12.791786193847656
2017-06-21,15.600000381469727,15.279999732971191,15.600000381469727,15.329999923706055,161800.0,12.57845401763916
2017-06-22,15.5,15.270000457763672,15.329999923706055,15.300000190734863,164400.0,12.553839683532715
2017-06-23,15.5,15.300000190734863,15.380000114440918,15.430000305175781,667500.0,12.660504341125488
2017-06-26,15.649999618530273,15.399999618530273,15.489999771118164,15.520000457763672,170500.0,12.734352111816406
2017-06-27,15.640000343322754,15.430000305175781,15.5600004196167,15.479999542236328,157100.0,12.701530456542969
2017-06-28,15.630000114440918,15.460000038146973,15.5,15.479999542236328,249300.0,12.701530456542969
2017-06-29,15.600000381469727,15.319999694824219,15.550000190734863,15.489999771118164,219100.0,12.709733963012695
2017-06-30,15.550000190734863,15.40999984741211,15.5,15.470000267028809,225300.0,12.693323135375977
2017-07-03,16.1200008392334,15.510000228881836,15.5600004196167,16.040000915527344,141600.0,13.161015510559082
2017-07-05,16.079999923706055,15.710000038146973,16.079999923706055,15.819999694824219,147600.0,12.980504035949707
2017-07-06,15.899999618530273,15.579999923706055,15.760000228881836,15.609999656677246,197300.0,12.808197021484375
2017-07-07,15.800000190734863,15.600000381469727,15.619999885559082,15.770000457763672,104600.0,12.939477920532227
2017-07-10,15.8100004196167,15.640000343322754,15.75,15.65999984741211,133000.0,12.849222183227539
2017-07-11,15.75,15.5600004196167,15.6899995803833,15.680000305175781,157900.0,12.865633964538574
2017-07-12,15.829999923706055,15.670000076293945,15.680000305175781,15.8100004196167,104900.0,12.972299575805664
2017-07-13,15.850000381469727,15.65999984741211,15.789999961853027,15.699999809265137,133300.0,12.88204288482666
2017-07-14,15.710000038146973,15.59000015258789,15.649999618530273,15.649999618530273,118600.0,12.841014862060547
2017-07-17,15.770000457763672,15.520000457763672,15.65999984741211,15.680000305175781,175900.0,12.865633964538574
2017-07-18,15.729999542236328,15.539999961853027,15.640000343322754,15.680000305175781,132700.0,12.865633964538574
2017-07-19,15.8100004196167,15.649999618530273,15.680000305175781,15.75,92800.0,12.923067092895508
2017-07-20,15.770000457763672,15.460000038146973,15.75,15.600000381469727,101000.0,12.799991607666016
2017-07-21,15.6899995803833,15.529999732971191,15.609999656677246,15.65999984741211,97400.0,12.849222183227539
2017-07-24,15.760000228881836,15.569999694824219,15.65999984741211,15.699999809265137,120500.0,12.88204288482666
2017-07-25,16.020000457763672,15.84000015258789,15.850000381469727,15.930000305175781,149100.0,13.070758819580078
2017-07-26,16.010000228881836,15.630000114440918,15.979999542236328,15.649999618530273,109700.0,12.841014862060547
2017-07-27,15.960000038146973,15.600000381469727,15.699999809265137,15.869999885559082,88200.0,13.021530151367188
2017-07-28,16.06999969482422,15.699999809265137,16.059999465942383,15.829999923706055,104300.0,12.98870849609375
2017-07-31,16.040000915527344,15.760000228881836,15.800000190734863,15.979999542236328,117300.0,13.111786842346191
2017-08-01,16.049999237060547,15.850000381469727,16.049999237060547,16.030000686645508,124800.0,13.152812004089355
2017-08-02,16.040000915527344,15.779999732971191,16.040000915527344,15.800000190734863,126000.0,12.964095115661621
2017-08-03,15.84000015258789,15.670000076293945,15.75,15.699999809265137,83000.0,12.88204288482666
2017-08-04,15.770000457763672,15.59000015258789,15.75,15.680000305175781,51700.0,12.865633964538574
2017-08-07,15.699999809265137,15.449999809265137,15.670000076293945,15.59000015258789,705600.0,12.791786193847656
2017-08-08,15.760000228881836,15.479999542236328,15.579999923706055,15.510000228881836,140500.0,12.726147651672363
2017-08-09,15.5,15.3100004196167,15.430000305175781,15.399999618530273,118000.0,12.635889053344727
2017-08-10,15.380000114440918,15.210000038146973,15.319999694824219,15.220000267028809,144300.0,12.488197326660156
2017-08-11,15.289999961853027,14.9399995803833,15.279999732971191,14.989999771118164,123900.0,12.299480438232422
2017-08-14,15.520000457763672,15.100000381469727,15.140000343322754,15.399999618530273,145000.0,12.635889053344727
2017-08-15,15.470000267028809,15.3100004196167,15.4399995803833,15.34000015258789,102100.0,12.586657524108887
2017-08-16,15.550000190734863,15.319999694824219,15.399999618530273,15.4399995803833,119200.0,12.668710708618164
2017-08-17,15.510000228881836,15.109999656677246,15.4399995803833,15.119999885559082,177400.0,12.406145095825195
2017-08-18,15.210000038146973,15.050000190734863,15.130000114440918,15.130000114440918,74400.0,12.414350509643555
2017-08-21,15.170000076293945,15.0,15.149999618530273,15.109999656677246,93900.0,12.397940635681152
2017-08-22,15.260000228881836,15.020000457763672,15.220000267028809,15.050000190734863,91000.0,12.348709106445312
2017-08-23,15.229999542236328,14.960000038146973,14.989999771118164,15.130000114440918,94900.0,12.414350509643555
2017-08-24,15.229999542236328,15.039999961853027,15.15999984741211,15.100000381469727,65800.0,12.389735221862793
2017-08-25,15.34000015258789,15.170000076293945,15.180000305175781,15.329999923706055,81200.0,12.57845401763916
2017-08-28,15.430000305175781,15.140000343322754,15.319999694824219,15.1899995803833,90000.0,12.463581085205078
2017-08-29,15.1899995803833,15.020000457763672,15.079999923706055,15.15999984741211,65700.0,12.438965797424316
2017-08-30,15.380000114440918,15.170000076293945,15.229999542236328,15.350000381469727,132700.0,12.594862937927246
2017-08-31,15.479999542236328,15.289999961853027,15.449999809265137,15.380000114440918,192400.0,12.619478225708008
2017-09-01,15.5,15.380000114440918,15.40999984741211,15.460000038146973,137600.0,12.68511962890625
2017-09-05,15.4399995803833,15.029999732971191,15.4399995803833,15.079999923706055,128500.0,12.373326301574707
2017-09-06,15.170000076293945,14.970000267028809,15.109999656677246,15.050000190734863,169700.0,12.348709106445312
2017-09-07,15.069999694824219,14.760000228881836,15.0600004196167,14.84000015258789,155800.0,12.17640209197998
2017-09-08,14.989999771118164,14.680000305175781,14.710000038146973,14.859999656677246,159600.0,12.3341064453125
2017-09-11,15.069999694824219,14.9399995803833,14.960000038146973,15.0,125100.0,12.450308799743652
2017-09-12,15.0600004196167,14.960000038146973,14.970000267028809,15.0,229900.0,12.450308799743652
2017-09-13,15.039999961853027,14.920000076293945,14.970000267028809,15.0,225400.0,12.450308799743652
2017-09-14,15.029999732971191,14.9399995803833,14.989999771118164,14.960000038146973,302800.0,12.417109489440918
2017-09-15,15.0,14.800000190734863,14.960000038146973,14.920000076293945,855700.0,12.383907318115234
2017-09-18,15.329999923706055,14.930000305175781,15.0,15.270000457763672,292000.0,12.67441463470459
2017-09-19,15.539999961853027,15.149999618530273,15.289999961853027,15.420000076293945,167700.0,12.798918724060059
2017-09-20,15.770000457763672,15.430000305175781,15.430000305175781,15.670000076293945,144300.0,13.006423950195312
2017-09-21,15.760000228881836,15.520000457763672,15.680000305175781,15.619999885559082,92800.0,12.964920997619629
2017-09-22,15.609999656677246,15.470000267028809,15.5600004196167,15.59000015258789,101500.0,12.940020561218262
2017-09-25,15.779999732971191,15.569999694824219,15.600000381469727,15.729999542236328,134600.0,13.05622386932373
2017-09-26,15.819999694824219,15.649999618530273,15.779999732971191,15.739999771118164,186700.0,13.064523696899414
2017-09-27,16.059999465942383,15.65999984741211,15.829999923706055,16.040000915527344,152700.0,13.313528060913086
2017-09-28,16.1200008392334,15.899999618530273,16.059999465942383,16.100000381469727,156800.0,13.363333702087402
2017-09-29,16.170000076293945,16.040000915527344,16.09000015258789,16.1299991607666,106800.0,13.38823127746582
2017-10-02,16.149999618530273,15.949999809265137,16.110000610351562,16.0,312800.0,13.280330657958984
2017-10-03,16.059999465942383,15.869999885559082,16.040000915527344,15.949999809265137,231000.0,13.238828659057617
2017-10-04,15.979999542236328,15.710000038146973,15.979999542236328,15.729999542236328,136800.0,13.05622386932373
2017-10-05,15.90999984741211,15.770000457763672,15.779999732971191,15.859999656677246,158100.0,13.164128303527832
2017-10-06,15.890000343322754,15.770000457763672,15.829999923706055,15.850000381469727,104900.0,13.1558256149292
2017-10-09,15.859999656677246,15.680000305175781,15.859999656677246,15.710000038146973,217400.0,13.03962516784668
2017-10-10,15.920000076293945,15.710000038146973,15.779999732971191,15.829999923706055,231800.0,13.139225006103516
2017-10-11,15.859999656677246,15.729999542236328,15.829999923706055,15.779999732971191,178400.0,13.097724914550781
2017-10-12,15.970000267028809,15.739999771118164,15.829999923706055,15.930000305175781,167900.0,13.222227096557617
2017-10-13,16.030000686645508,15.8100004196167,15.9399995803833,15.90999984741211,229400.0,13.205628395080566
2017-10-16,16.049999237060547,15.90999984741211,16.0,16.040000915527344,157200.0,13.313528060913086
2017-10-17,16.010000228881836,15.859999656677246,16.010000228881836,15.890000343322754,104900.0,13.189026832580566
2017-10-18,15.970000267028809,15.720000267028809,15.899999618530273,15.899999618530273,121200.0,13.197328567504883
2017-10-19,15.960000038146973,15.680000305175781,15.770000457763672,15.880000114440918,108700.0,13.1807279586792
2017-10-20,16.09000015258789,15.84000015258789,15.979999542236328,15.869999885559082,127400.0,13.1724271774292
2017-10-23,15.890000343322754,15.670000076293945,15.880000114440918,15.6899995803833,135100.0,13.023024559020996
2017-10-24,15.829999923706055,15.65999984741211,15.739999771118164,15.680000305175781,138700.0,13.014723777770996
2017-10-25,15.819999694824219,15.640000343322754,15.680000305175781,15.800000190734863,132300.0,13.114326477050781
2017-10-26,16.06999969482422,15.84000015258789,15.899999618530273,16.020000457763672,76700.0,13.296929359436035
2017-10-27,16.020000457763672,15.850000381469727,16.020000457763672,15.9399995803833,70700.0,13.230527877807617
2017-10-30,15.890000343322754,15.600000381469727,15.890000343322754,15.649999618530273,87600.0,12.989821434020996
2017-10-31,15.670000076293945,15.34000015258789,15.529999732971191,15.420000076293945,132800.0,12.798918724060059
2017-11-01,15.579999923706055,15.210000038146973,15.460000038146973,15.279999732971191,95000.0,12.682714462280273
2017-11-02,15.460000038146973,15.140000343322754,15.260000228881836,15.329999923706055,171800.0,12.72421646118164
2017-11-03,15.5600004196167,15.210000038146973,15.329999923706055,15.550000190734863,246400.0,12.906821250915527
2017-11-06,15.539999961853027,15.390000343322754,15.520000457763672,15.460000038146973,72800.0,12.83211898803711
2017-11-07,15.510000228881836,15.220000267028809,15.5,15.220000267028809,145200.0,12.632913589477539
2017-11-08,15.199999809265137,14.9399995803833,15.199999809265137,15.0,216800.0,12.450308799743652
2017-11-09,15.119999885559082,14.770000457763672,14.920000076293945,14.8100004196167,202000.0,12.29260540008545
2017-11-10,14.899999618530273,14.710000038146973,14.800000190734863,14.789999961853027,101700.0,12.276004791259766
2017-11-13,15.0,14.720000267028809,14.789999961853027,14.960000038146973,120100.0,12.417109489440918
2017-11-14,15.119999885559082,14.890000343322754,14.890000343322754,15.079999923706055,116500.0,12.516711235046387
2017-11-15,15.1899995803833,14.979999542236328,15.050000190734863,15.020000457763672,107500.0,12.46690845489502
2017-11-16,15.220000267028809,15.039999961853027,15.109999656677246,15.109999656677246,117800.0,12.54161262512207
2017-11-17,15.5,15.050000190734863,15.079999923706055,15.1899995803833,104700.0,12.608012199401855
2017-11-20,15.260000228881836,15.039999961853027,15.260000228881836,15.180000305175781,138200.0,12.599713325500488
2017-11-21,15.289999961853027,15.100000381469727,15.229999542236328,15.260000228881836,104300.0,12.666115760803223
2017-11-22,15.430000305175781,15.199999809265137,15.270000457763672,15.199999809265137,104000.0,12.616312980651855
2017-11-24,15.279999732971191,15.100000381469727,15.279999732971191,15.140000343322754,73000.0,12.566512107849121
2017-11-27,15.100000381469727,14.960000038146973,14.989999771118164,14.970000267028809,92400.0,12.566513061523438
2017-11-28,15.3100004196167,14.989999771118164,15.010000228881836,15.3100004196167,93900.0,12.851923942565918
2017-11-29,15.65999984741211,15.34000015258789,15.359999656677246,15.449999809265137,224200.0,12.969446182250977
2017-11-30,15.59000015258789,15.220000267028809,15.569999694824219,15.229999542236328,289800.0,12.784767150878906
2017-12-01,15.279999732971191,14.729999542236328,15.239999771118164,15.279999732971191,233000.0,12.826740264892578
2017-12-04,15.859999656677246,15.329999923706055,15.460000038146973,15.420000076293945,159800.0,12.94426441192627
2017-12-05,15.569999694824219,15.350000381469727,15.430000305175781,15.390000343322754,150200.0,12.91908073425293
2017-12-06,15.5,15.289999961853027,15.380000114440918,15.369999885559082,99400.0,12.902291297912598
2017-12-07,15.449999809265137,15.25,15.350000381469727,15.369999885559082,163000.0,12.902291297912598
2017-12-08,15.4399995803833,15.220000267028809,15.4399995803833,15.25,87900.0,12.801556587219238
2017-12-11,15.34000015258789,15.09000015258789,15.25,15.09000015258789,122500.0,12.667247772216797
2017-12-12,15.3100004196167,15.100000381469727,15.119999885559082,15.149999618530273,276300.0,12.717612266540527
2017-12-13,15.279999732971191,15.050000190734863,15.140000343322754,15.050000190734863,219300.0,12.633667945861816
2017-12-14,15.15999984741211,14.880000114440918,15.100000381469727,14.920000076293945,479400.0,12.524539947509766
2017-12-15,15.319999694824219,14.90999984741211,14.9399995803833,15.140000343322754,738200.0,12.709218978881836
2017-12-18,15.420000076293945,15.229999542236328,15.260000228881836,15.239999771118164,254100.0,12.79316234588623
2017-12-19,15.390000343322754,15.170000076293945,15.239999771118164,15.170000076293945,193100.0,12.734402656555176
2017-12-20,15.260000228881836,15.119999885559082,15.260000228881836,15.130000114440918,153100.0,12.700823783874512
2017-12-21,15.210000038146973,15.100000381469727,15.180000305175781,15.109999656677246,103200.0,12.684036254882812
2017-12-22,15.119999885559082,14.970000267028809,15.100000381469727,15.010000228881836,109600.0,12.600090026855469
2017-12-26,15.100000381469727,14.9399995803833,14.970000267028809,14.979999542236328,125500.0,12.574906349182129
2017-12-27,15.050000190734863,14.90999984741211,14.989999771118164,14.90999984741211,154100.0,12.516144752502441
2017-12-28,15.0,14.859999656677246,14.920000076293945,14.880000114440918,126600.0,12.490962028503418
2017-12-29,15.010000228881836,14.84000015258789,14.890000343322754,14.9399995803833,201600.0,12.541330337524414
2018-01-02,14.960000038146973,14.609999656677246,14.960000038146973,14.779999732971191,238300.0,12.40701675415039
2018-01-03,14.8100004196167,14.579999923706055,14.8100004196167,14.609999656677246,234000.0,12.264311790466309
2018-01-04,14.770000457763672,14.609999656677246,14.619999885559082,14.670000076293945,372000.0,12.314679145812988
2018-01-05,14.789999961853027,14.609999656677246,14.729999542236328,14.739999771118164,171700.0,12.37343978881836
2018-01-08,14.920000076293945,14.699999809265137,14.75,14.859999656677246,203300.0,12.474173545837402
2018-01-09,14.960000038146973,14.649999618530273,14.90999984741211,14.649999618530273,178200.0,12.297890663146973
2018-01-10,14.890000343322754,14.65999984741211,14.65999984741211,14.739999771118164,124700.0,12.37343978881836
2018-01-11,14.970000267028809,14.699999809265137,14.779999732971191,14.960000038146973,103600.0,12.55811882019043
2018-01-12,15.140000343322754,14.930000305175781,15.0,15.069999694824219,115900.0,12.650456428527832
2018-01-16,15.210000038146973,14.869999885559082,15.180000305175781,14.880000114440918,158300.0,12.490962028503418
2018-01-17,14.970000267028809,14.720000267028809,14.90999984741211,14.850000381469727,183000.0,12.465778350830078
2018-01-18,14.90999984741211,14.739999771118164,14.859999656677246,14.899999618530273,213700.0,12.507750511169434
2018-01-19,15.0600004196167,14.869999885559082,14.970000267028809,15.0600004196167,195300.0,12.642061233520508
2018-01-22,15.069999694824219,14.800000190734863,15.0,14.960000038146973,168400.0,12.55811882019043
2018-01-23,15.020000457763672,14.800000190734863,14.920000076293945,14.949999809265137,141400.0,12.549723625183105
2018-01-24,15.029999732971191,14.800000190734863,14.989999771118164,14.819999694824219,204300.0,12.440595626831055
2018-01-25,14.930000305175781,14.760000228881836,14.899999618530273,14.8100004196167,174400.0,12.43220043182373
2018-01-26,14.84000015258789,14.75,14.819999694824219,14.829999923706055,126500.0,12.448989868164062
2018-01-29,14.930000305175781,14.699999809265137,14.800000190734863,14.710000038146973,150400.0,12.348257064819336
2018-01-30,14.760000228881836,14.529999732971191,14.680000305175781,14.569999694824219,227600.0,12.230732917785645
2018-01-31,14.989999771118164,14.520000457763672,14.529999732971191,14.619999885559082,296900.0,12.272706985473633
2018-02-01,15.15999984741211,14.510000228881836,14.529999732971191,15.100000381469727,458000.0,12.675641059875488
2018-02-02,15.319999694824219,15.069999694824219,15.109999656677246,15.130000114440918,270100.0,12.700823783874512
2018-02-05,15.109999656677246,14.569999694824219,14.979999542236328,14.609999656677246,193100.0,12.264311790466309
2018-02-06,14.800000190734863,14.319999694824219,14.510000228881836,14.640000343322754,395100.0,12.289495468139648
2018-02-07,15.010000228881836,14.600000381469727,14.600000381469727,14.989999771118164,363400.0,12.58330249786377
2018-02-08,14.949999809265137,14.40999984741211,14.949999809265137,14.40999984741211,296600.0,12.09642219543457
2018-02-09,14.739999771118164,14.350000381469727,14.569999694824219,14.680000305175781,227100.0,12.32307243347168
2018-02-12,14.850000381469727,14.630000114440918,14.739999771118164,14.720000267028809,203500.0,12.356650352478027
2018-02-13,15.0600004196167,14.65999984741211,14.720000267028809,15.029999732971191,231600.0,12.616878509521484
2018-02-14,15.260000228881836,14.859999656677246,14.979999542236328,15.260000228881836,208100.0,12.809952735900879
2018-02-15,15.329999923706055,15.149999618530273,15.329999923706055,15.300000190734863,181400.0,12.843530654907227
2018-02-16,15.449999809265137,14.819999694824219,15.279999732971191,15.34000015258789,296200.0,12.877107620239258
2018-02-20,15.369999885559082,15.050000190734863,15.329999923706055,15.079999923706055,177100.0,12.658851623535156
2018-02-21,15.210000038146973,14.970000267028809,15.079999923706055,15.029999732971191,158400.0,12.616878509521484
2018-02-22,15.25,15.0,15.0600004196167,15.010000228881836,158800.0,12.600090026855469
2018-02-23,15.140000343322754,14.970000267028809,15.029999732971191,15.140000343322754,108200.0,12.709218978881836
2018-02-26,15.1899995803833,15.029999732971191,15.149999618530273,15.170000076293945,117300.0,12.734402656555176
2018-02-27,15.210000038146973,14.930000305175781,15.180000305175781,14.9399995803833,113100.0,12.541330337524414
2018-02-28,14.979999542236328,14.649999618530273,14.949999809265137,14.65999984741211,176700.0,12.306283950805664
2018-03-01,14.829999923706055,14.5600004196167,14.649999618530273,14.720000267028809,214700.0,12.356650352478027
2018-03-02,14.850000381469727,14.5,14.510000228881836,14.8100004196167,193800.0,12.5774564743042
2018-03-05,15.270000457763672,14.720000267028809,14.770000457763672,15.220000267028809,315800.0,12.925650596618652
2018-03-06,15.380000114440918,14.600000381469727,15.270000457763672,15.34000015258789,196500.0,13.027563095092773
2018-03-07,15.4399995803833,15.210000038146973,15.210000038146973,15.40999984741211,182800.0,13.08700942993164
2018-03-08,15.5,15.239999771118164,15.5,15.399999618530273,163100.0,13.078516960144043
2018-03-09,15.5600004196167,15.329999923706055,15.449999809265137,15.529999732971191,183600.0,13.188920021057129
2018-03-12,15.539999961853027,15.149999618530273,15.539999961853027,15.380000114440918,101900.0,13.061532020568848
2018-03-13,15.59000015258789,15.149999618530273,15.539999961853027,15.449999809265137,137900.0,13.120981216430664
2018-03-14,15.489999771118164,15.350000381469727,15.489999771118164,15.4399995803833,119700.0,13.11248779296875
2018-03-15,15.479999542236328,15.300000190734863,15.479999542236328,15.369999885559082,188000.0,13.05303955078125
2018-03-16,15.539999961853027,15.260000228881836,15.369999885559082,15.449999809265137,291000.0,13.120981216430664
2018-03-19,15.5600004196167,15.34000015258789,15.470000267028809,15.460000038146973,254000.0,13.129472732543945
2018-03-20,15.550000190734863,15.279999732971191,15.5,15.40999984741211,160100.0,13.08700942993164
2018-03-21,15.510000228881836,15.369999885559082,15.399999618530273,15.430000305175781,146700.0,13.103995323181152
2018-03-22,15.399999618530273,14.970000267028809,15.319999694824219,14.970000267028809,236500.0,12.713338851928711
2018-03-23,15.069999694824219,14.5,15.010000228881836,14.5,275000.0,12.314187049865723
2018-03-26,14.869999885559082,14.600000381469727,14.710000038146973,14.829999923706055,177800.0,12.594441413879395
2018-03-27,15.0,14.65999984741211,14.859999656677246,14.710000038146973,178000.0,12.492532730102539
2018-03-28,14.850000381469727,14.630000114440918,14.699999809265137,14.770000457763672,173700.0,12.543487548828125
2018-03-29,15.0,14.6899995803833,14.800000190734863,14.6899995803833,162200.0,12.475545883178711
2018-04-02,14.819999694824219,14.5,14.6899995803833,14.619999885559082,149500.0,12.416099548339844
2018-04-03,14.869999885559082,14.59000015258789,14.630000114440918,14.819999694824219,142800.0,12.585948944091797
2018-04-04,14.9399995803833,14.630000114440918,14.630000114440918,14.930000305175781,105000.0,12.679366111755371
2018-04-05,15.050000190734863,14.829999923706055,14.9399995803833,15.020000457763672,85400.0,12.7558012008667
2018-04-06,15.100000381469727,14.819999694824219,14.960000038146973,14.90999984741211,194100.0,12.662382125854492
2018-04-09,14.970000267028809,14.729999542236328,14.920000076293945,14.729999542236328,238900.0,12.509517669677734
2018-04-10,15.069999694824219,14.770000457763672,14.8100004196167,15.0,181000.0,12.738816261291504
2018-04-11,15.09000015258789,14.979999542236328,14.979999542236328,15.020000457763672,270500.0,12.7558012008667
2018-04-12,15.1899995803833,15.010000228881836,15.010000228881836,15.130000114440918,140400.0,12.849218368530273
2018-04-13,15.220000267028809,15.0,15.220000267028809,15.0,123900.0,12.738816261291504
2018-04-16,15.1899995803833,15.0,15.09000015258789,15.140000343322754,68600.0,12.857711791992188
2018-04-17,15.25,15.0,15.180000305175781,15.050000190734863,115100.0,12.781278610229492
2018-04-18,15.199999809265137,14.989999771118164,15.199999809265137,15.0,158300.0,12.738816261291504
2018-04-19,15.15999984741211,14.960000038146973,14.960000038146973,15.069999694824219,162800.0,12.798263549804688
2018-04-20,15.350000381469727,15.029999732971191,15.050000190734863,15.100000381469727,174400.0,12.823741912841797
2018-04-23,15.09000015258789,14.90999984741211,15.069999694824219,15.0600004196167,199500.0,12.78977108001709
2018-04-24,15.220000267028809,15.069999694824219,15.140000343322754,15.130000114440918,188500.0,12.849218368530273
2018-04-25,15.140000343322754,14.949999809265137,15.140000343322754,15.010000228881836,171300.0,12.747309684753418
2018-04-26,15.050000190734863,14.800000190734863,15.029999732971191,15.0,153900.0,12.738816261291504
2018-04-27,15.140000343322754,15.0,15.0,15.010000228881836,76700.0,12.747309684753418
2018-04-30,15.069999694824219,14.880000114440918,15.0600004196167,14.90999984741211,136200.0,12.662382125854492
2018-05-01,14.979999542236328,14.449999809265137,14.8100004196167,14.90999984741211,222000.0,12.662382125854492
2018-05-02,15.029999732971191,14.630000114440918,14.899999618530273,14.649999618530273,321400.0,12.441576957702637
2018-05-03,15.039999961853027,14.59000015258789,14.59000015258789,14.890000343322754,187200.0,12.64539623260498
2018-05-04,15.1899995803833,14.8100004196167,14.8100004196167,15.170000076293945,176400.0,12.88318920135498
2018-05-07,15.210000038146973,15.039999961853027,15.210000038146973,15.09000015258789,142300.0,12.8152494430542
2018-05-08,15.25,14.850000381469727,15.020000457763672,15.149999618530273,239300.0,12.866203308105469
2018-05-09,15.359999656677246,15.079999923706055,15.149999618530273,15.329999923706055,221200.0,13.019070625305176
2018-05-10,15.420000076293945,15.170000076293945,15.319999694824219,15.319999694824219,250200.0,13.010576248168945
2018-05-11,15.380000114440918,15.119999885559082,15.380000114440918,15.170000076293945,107300.0,12.88318920135498
2018-05-14,15.1899995803833,14.970000267028809,15.130000114440918,15.010000228881836,67000.0,12.747309684753418
2018-05-15,15.170000076293945,14.970000267028809,14.970000267028809,15.079999923706055,127900.0,12.806756973266602
2018-05-16,15.260000228881836,15.029999732971191,15.079999923706055,15.109999656677246,161700.0,12.832233428955078
2018-05-17,15.180000305175781,15.079999923706055,15.119999885559082,15.15999984741211,60300.0,12.874695777893066
2018-05-18,15.300000190734863,15.100000381469727,15.149999618530273,15.239999771118164,111200.0,12.942635536193848
2018-05-21,15.34000015258789,15.229999542236328,15.25,15.329999923706055,87900.0,13.019070625305176
2018-05-22,15.5,15.359999656677246,15.369999885559082,15.390000343322754,75100.0,13.070025444030762
2018-05-23,15.430000305175781,15.260000228881836,15.300000190734863,15.369999885559082,102700.0,13.05303955078125
2018-05-24,15.399999618530273,15.180000305175781,15.319999694824219,15.350000381469727,80600.0,13.036054611206055
2018-05-25,15.4399995803833,15.260000228881836,15.289999961853027,15.279999732971191,139700.0,12.976606369018555
2018-05-29,15.40999984741211,15.050000190734863,15.1899995803833,15.380000114440918,358600.0,13.061532020568848
2018-05-30,15.84000015258789,15.4399995803833,15.4399995803833,15.829999923706055,284300.0,13.443696022033691
2018-05-31,16.09000015258789,15.789999961853027,15.800000190734863,16.0,556600.0,13.588069915771484
2018-06-01,16.139999389648438,15.9399995803833,15.989999771118164,16.049999237060547,222900.0,13.630532264709473
2018-06-04,16.25,16.100000381469727,16.100000381469727,16.190000534057617,143700.0,13.749430656433105
2018-06-05,16.309999465942383,16.170000076293945,16.200000762939453,16.290000915527344,149300.0,13.834354400634766
2018-06-06,16.5,16.299999237060547,16.299999237060547,16.479999542236328,163700.0,13.995710372924805
2018-06-07,16.6200008392334,16.450000762939453,16.469999313354492,16.479999542236328,147800.0,13.995710372924805
2018-06-08,16.3700008392334,16.200000762939453,16.31999969482422,16.290000915527344,107000.0,13.978551864624023
2018-06-11,16.350000381469727,16.149999618530273,16.280000686645508,16.209999084472656,103800.0,13.909899711608887
2018-06-12,16.209999084472656,15.979999542236328,16.209999084472656,16.020000457763672,77300.0,13.746861457824707
2018-06-13,16.06999969482422,15.850000381469727,16.010000228881836,15.9399995803833,202500.0,13.67821216583252
2018-06-14,15.949999809265137,15.739999771118164,15.949999809265137,15.850000381469727,225300.0,13.600983619689941
2018-06-15,16.479999542236328,15.819999694824219,15.869999885559082,16.059999465942383,428100.0,13.781185150146484
2018-06-18,16.059999465942383,15.779999732971191,15.949999809265137,16.020000457763672,160300.0,13.746861457824707
2018-06-19,16.31999969482422,15.949999809265137,15.979999542236328,16.290000915527344,150200.0,13.978551864624023
2018-06-20,16.5,16.239999771118164,16.31999969482422,16.260000228881836,193300.0,13.95280647277832
2018-06-21,16.40999984741211,16.170000076293945,16.270000457763672,16.3700008392334,118800.0,14.047197341918945
2018-06-22,16.489999771118164,16.229999542236328,16.440000534057617,16.299999237060547,407500.0,13.987131118774414
2018-06-25,16.389999389648438,16.149999618530273,16.260000228881836,16.290000915527344,176300.0,13.978551864624023
2018-06-26,16.299999237060547,16.15999984741211,16.290000915527344,16.190000534057617,182800.0,13.892738342285156
2018-06-27,16.25,15.819999694824219,16.229999542236328,15.84000015258789,148400.0,13.592402458190918
2018-06-28,15.930000305175781,15.779999732971191,15.829999923706055,15.779999732971191,112800.0,13.540916442871094
2018-06-29,15.960000038146973,15.699999809265137,15.859999656677246,15.770000457763672,199500.0,13.53233528137207
2018-07-02,15.84000015258789,15.640000343322754,15.720000267028809,15.720000267028809,201300.0,13.48943042755127
2018-07-03,16.079999923706055,15.770000457763672,15.84000015258789,15.819999694824219,102800.0,13.575240135192871
2018-07-05,16.020000457763672,15.75,15.960000038146973,16.010000228881836,131500.0,13.738282203674316
2018-07-06,16.110000610351562,15.9399995803833,15.9399995803833,16.030000686645508,109000.0,13.755443572998047
2018-07-09,16.209999084472656,16.06999969482422,16.110000610351562,16.149999618530273,146200.0,13.858414649963379
2018-07-10,16.149999618530273,15.930000305175781,16.1200008392334,16.079999923706055,153500.0,13.798346519470215
2018-07-11,16.18000030517578,15.930000305175781,15.979999542236328,16.06999969482422,94700.0,13.789765357971191
2018-07-12,16.100000381469727,15.890000343322754,16.040000915527344,16.030000686645508,95200.0,13.755443572998047
2018-07-13,16.110000610351562,15.859999656677246,15.979999542236328,15.90999984741211,125300.0,13.65246868133545
2018-07-16,16.09000015258789,15.899999618530273,15.899999618530273,16.040000915527344,84600.0,13.764023780822754
2018-07-17,16.110000610351562,16.010000228881836,16.030000686645508,16.040000915527344,77400.0,13.764023780822754
2018-07-18,16.209999084472656,16.030000686645508,16.06999969482422,16.200000762939453,104700.0,13.901322364807129
2018-07-19,16.200000762939453,16.010000228881836,16.190000534057617,16.059999465942383,140400.0,13.781185150146484
2018-07-20,16.350000381469727,16.040000915527344,16.06999969482422,16.309999465942383,123400.0,13.995712280273438
2018-07-23,16.450000762939453,16.260000228881836,16.260000228881836,16.3700008392334,110300.0,14.047197341918945
2018-07-24,16.420000076293945,16.1299991607666,16.360000610351562,16.270000457763672,75600.0,13.961390495300293
2018-07-25,16.350000381469727,16.170000076293945,16.290000915527344,16.280000686645508,114800.0,13.969968795776367
2018-07-26,16.450000762939453,16.1200008392334,16.270000457763672,16.329999923706055,89800.0,14.012873649597168
2018-07-27,16.420000076293945,16.100000381469727,16.31999969482422,16.100000381469727,83800.0,13.815509796142578
2018-07-30,16.219999313354492,16.059999465942383,16.149999618530273,16.079999923706055,95100.0,13.798346519470215
2018-07-31,15.949999809265137,15.15999984741211,15.949999809265137,15.220000267028809,490300.0,13.060376167297363
2018-08-01,15.520000457763672,15.170000076293945,15.25,15.4399995803833,197200.0,13.249159812927246
2018-08-02,15.619999885559082,15.289999961853027,15.390000343322754,15.579999923706055,98700.0,13.369295120239258
2018-08-03,15.65999984741211,15.399999618530273,15.550000190734863,15.4399995803833,133400.0,13.249159812927246
2018-08-06,15.65999984741211,15.399999618530273,15.40999984741211,15.630000114440918,118300.0,13.412198066711426
2018-08-07,15.600000381469727,15.4399995803833,15.569999694824219,15.479999542236328,131800.0,13.28348445892334
2018-08-08,15.550000190734863,15.40999984741211,15.470000267028809,15.510000228881836,61400.0,13.30922794342041
2018-08-09,15.569999694824219,15.329999923706055,15.489999771118164,15.369999885559082,135500.0,13.189091682434082
2018-08-10,15.390000343322754,15.260000228881836,15.300000190734863,15.3100004196167,76900.0,13.137604713439941
2018-08-13,15.350000381469727,15.149999618530273,15.279999732971191,15.270000457763672,69600.0,13.10328197479248
2018-08-14,15.5,15.25,15.260000228881836,15.399999618530273,101800.0,13.214834213256836
2018-08-15,15.470000267028809,15.25,15.40999984741211,15.270000457763672,64500.0,13.10328197479248
2018-08-16,15.430000305175781,15.279999732971191,15.300000190734863,15.399999618530273,121300.0,13.214834213256836
2018-08-17,15.470000267028809,15.319999694824219,15.350000381469727,15.369999885559082,75400.0,13.189091682434082
2018-08-20,15.510000228881836,15.300000190734863,15.369999885559082,15.350000381469727,101100.0,13.171932220458984
2018-08-21,15.520000457763672,15.319999694824219,15.350000381469727,15.399999618530273,166300.0,13.214834213256836
2018-08-22,15.460000038146973,15.329999923706055,15.390000343322754,15.430000305175781,78000.0,13.240578651428223
2018-08-23,15.430000305175781,15.229999542236328,15.420000076293945,15.270000457763672,125300.0,13.10328197479248
2018-08-24,15.390000343322754,15.210000038146973,15.3100004196167,15.359999656677246,108600.0,13.180511474609375
2018-08-27,15.5,15.270000457763672,15.359999656677246,15.279999732971191,89700.0,13.111861228942871
2018-08-28,15.359999656677246,15.270000457763672,15.289999961853027,15.279999732971191,103100.0,13.111861228942871
2018-08-29,15.40999984741211,15.220000267028809,15.3100004196167,15.260000228881836,104100.0,13.094700813293457
2018-08-30,15.34000015258789,15.229999542236328,15.260000228881836,15.289999961853027,109800.0,13.120443344116211
2018-08-31,15.569999694824219,15.260000228881836,15.260000228881836,15.4399995803833,211100.0,13.249159812927246
2018-09-04,15.65999984741211,15.420000076293945,15.5,15.65999984741211,152700.0,13.437943458557129
2018-09-05,16.030000686645508,15.6899995803833,15.6899995803833,15.930000305175781,304000.0,13.669631004333496
2018-09-06,15.989999771118164,15.729999542236328,15.960000038146973,15.75,219300.0,13.515172958374023
2018-09-07,15.609999656677246,15.5,15.5,15.579999923706055,130500.0,13.584927558898926
2018-09-10,15.609999656677246,15.489999771118164,15.600000381469727,15.539999961853027,90300.0,13.550050735473633
2018-09-11,15.680000305175781,15.449999809265137,15.529999732971191,15.59000015258789,122600.0,13.593648910522461
2018-09-12,15.600000381469727,15.329999923706055,15.600000381469727,15.380000114440918,85400.0,13.410539627075195
2018-09-13,15.430000305175781,15.149999618530273,15.430000305175781,15.220000267028809,169900.0,13.271027565002441
2018-09-14,15.489999771118164,15.220000267028809,15.220000267028809,15.40999984741211,108300.0,13.436697006225586
2018-09-17,15.449999809265137,15.350000381469727,15.430000305175781,15.399999618530273,169100.0,13.427978515625
2018-09-18,15.4399995803833,15.279999732971191,15.359999656677246,15.300000190734863,185200.0,13.340785026550293
2018-09-19,15.510000228881836,15.220000267028809,15.3100004196167,15.239999771118164,178200.0,13.288466453552246
2018-09-20,15.59000015258789,15.319999694824219,15.319999694824219,15.520000457763672,231900.0,13.532611846923828
2018-09-21,15.789999961853027,15.510000228881836,15.649999618530273,15.579999923706055,569200.0,13.584927558898926
2018-09-24,15.800000190734863,15.420000076293945,15.630000114440918,15.4399995803833,221100.0,13.462854385375977
2018-09-25,15.520000457763672,15.369999885559082,15.449999809265137,15.40999984741211,219000.0,13.436697006225586
2018-09-26,15.489999771118164,15.029999732971191,15.40999984741211,15.050000190734863,219600.0,13.122797012329102
2018-09-27,15.130000114440918,14.890000343322754,15.079999923706055,14.899999618530273,158900.0,12.99200439453125
2018-09-28,15.0600004196167,14.880000114440918,14.880000114440918,15.010000228881836,140800.0,13.087919235229492
2018-10-01,15.15999984741211,14.75,15.039999961853027,14.779999732971191,246300.0,12.887370109558105
2018-10-02,14.869999885559082,14.640000343322754,14.8100004196167,14.710000038146973,163100.0,12.826333999633789
2018-10-03,15.069999694824219,14.6899995803833,14.75,14.920000076293945,350700.0,13.009443283081055
2018-10-04,15.119999885559082,14.800000190734863,14.930000305175781,14.84000015258789,162400.0,12.93968677520752
2018-10-05,14.989999771118164,14.720000267028809,14.880000114440918,14.760000228881836,244000.0,12.869932174682617
2018-10-08,14.960000038146973,14.720000267028809,14.770000457763672,14.819999694824219,234800.0,12.922248840332031
2018-10-09,14.989999771118164,14.800000190734863,14.800000190734863,14.930000305175781,141900.0,13.018163681030273
2018-10-10,15.149999618530273,14.779999732971191,14.9399995803833,14.789999961853027,195900.0,12.89609146118164
2018-10-11,14.930000305175781,14.630000114440918,14.779999732971191,14.630000114440918,245900.0,12.756580352783203
2018-10-12,14.829999923706055,14.1899995803833,14.829999923706055,14.5,272300.0,12.643226623535156
2018-10-15,14.6899995803833,14.4399995803833,14.460000038146973,14.59000015258789,162100.0,12.721701622009277
2018-10-16,14.779999732971191,14.510000228881836,14.680000305175781,14.760000228881836,137400.0,12.869932174682617
2018-10-17,14.989999771118164,14.720000267028809,14.760000228881836,14.90999984741211,166900.0,13.000723838806152
2018-10-18,15.010000228881836,14.739999771118164,14.890000343322754,14.739999771118164,109500.0,12.852494239807129
2018-10-19,14.869999885559082,14.579999923706055,14.739999771118164,14.609999656677246,171800.0,12.739140510559082
2018-10-22,14.75,14.430000305175781,14.649999618530273,14.470000267028809,141000.0,12.617069244384766
2018-10-23,14.680000305175781,14.369999885559082,14.380000114440918,14.569999694824219,245600.0,12.704261779785156
2018-10-24,14.550000190734863,14.279999732971191,14.539999961853027,14.300000190734863,167100.0,12.468836784362793
2018-10-25,14.84000015258789,14.3100004196167,14.3100004196167,14.789999961853027,289300.0,12.89609146118164
2018-10-26,14.760000228881836,14.449999809265137,14.75,14.609999656677246,158800.0,12.739140510559082
2018-10-29,14.970000267028809,14.569999694824219,14.710000038146973,14.84000015258789,201100.0,12.93968677520752
2018-10-30,14.979999542236328,14.640000343322754,14.899999618530273,14.850000381469727,217800.0,12.948407173156738
2018-10-31,14.930000305175781,14.670000076293945,14.84000015258789,14.710000038146973,293000.0,12.826333999633789
2018-11-01,15.029999732971191,14.75,14.75,14.930000305175781,288500.0,13.018163681030273
2018-11-02,15.109999656677246,14.920000076293945,14.960000038146973,15.079999923706055,153500.0,13.148954391479492
2018-11-05,15.199999809265137,15.010000228881836,15.079999923706055,15.050000190734863,169100.0,13.122797012329102
2018-11-06,15.289999961853027,14.9399995803833,15.029999732971191,15.210000038146973,192200.0,13.262308120727539
2018-11-07,15.289999961853027,15.079999923706055,15.220000267028809,15.279999732971191,131100.0,13.323344230651855
2018-11-08,15.40999984741211,15.180000305175781,15.180000305175781,15.399999618530273,295500.0,13.427978515625
2018-11-09,15.510000228881836,15.260000228881836,15.390000343322754,15.390000343322754,143200.0,13.419258117675781
2018-11-12,15.579999923706055,15.369999885559082,15.369999885559082,15.470000267028809,162300.0,13.489013671875
2018-11-13,15.729999542236328,15.479999542236328,15.489999771118164,15.550000190734863,231500.0,13.558770179748535
2018-11-14,15.670000076293945,15.319999694824219,15.609999656677246,15.380000114440918,245200.0,13.410539627075195
2018-11-15,15.789999961853027,15.329999923706055,15.329999923706055,15.729999542236328,299400.0,13.715720176696777
2018-11-16,15.949999809265137,15.640000343322754,15.670000076293945,15.930000305175781,153000.0,13.89011001586914
2018-11-19,15.970000267028809,15.699999809265137,15.920000076293945,15.819999694824219,143100.0,13.794196128845215
2018-11-20,15.869999885559082,15.600000381469727,15.779999732971191,15.75,174200.0,13.733159065246582
2018-11-21,15.979999542236328,15.670000076293945,15.75,15.739999771118164,208400.0,13.72443962097168
2018-11-23,16.030000686645508,15.640000343322754,15.640000343322754,15.890000343322754,130900.0,13.855232238769531
2018-11-26,16.06999969482422,15.84000015258789,15.989999771118164,15.960000038146973,276900.0,13.916267395019531
2018-11-27,15.720000267028809,15.170000076293945,15.479999542236328,15.600000381469727,152800.0,13.818828582763672
2018-11-28,15.720000267028809,15.359999656677246,15.609999656677246,15.640000343322754,279400.0,13.854259490966797
2018-11-29,15.75,15.550000190734863,15.609999656677246,15.680000305175781,289000.0,13.889693260192871
2018-11-30,16.040000915527344,15.680000305175781,15.680000305175781,16.020000457763672,264400.0,14.190874099731445
2018-12-03,16.229999542236328,15.899999618530273,16.149999618530273,16.170000076293945,271500.0,14.323745727539062
2018-12-04,16.200000762939453,15.84000015258789,16.170000076293945,15.920000076293945,429500.0,14.10229206085205
2018-12-06,16.229999542236328,15.510000228881836,15.789999961853027,16.219999313354492,391300.0,14.368038177490234
2018-12-07,16.40999984741211,16.020000457763672,16.200000762939453,16.229999542236328,293300.0,14.376895904541016
2018-12-10,16.3799991607666,16.049999237060547,16.229999542236328,16.329999923706055,226400.0,14.465476036071777
2018-12-11,16.479999542236328,15.869999885559082,16.43000030517578,16.020000457763672,359800.0,14.190874099731445
2018-12-12,16.5,16.010000228881836,16.25,16.260000228881836,172400.0,14.403471946716309
2018-12-13,16.309999465942383,15.819999694824219,16.219999313354492,15.970000267028809,273300.0,14.14658260345459
2018-12-14,16.020000457763672,15.800000190734863,15.920000076293945,15.880000114440918,156000.0,14.066858291625977
2018-12-17,15.989999771118164,15.829999923706055,15.859999656677246,15.899999618530273,314200.0,14.084574699401855
2018-12-18,15.979999542236328,15.640000343322754,15.960000038146973,15.6899995803833,326100.0,13.898551940917969
2018-12-19,15.859999656677246,15.239999771118164,15.680000305175781,15.399999618530273,318400.0,13.64166259765625
2018-12-20,15.609999656677246,15.329999923706055,15.329999923706055,15.539999961853027,589600.0,13.765676498413086
2018-12-21,15.819999694824219,15.210000038146973,15.600000381469727,15.229999542236328,542700.0,13.491071701049805
2018-12-24,15.270000457763672,15.010000228881836,15.1899995803833,15.069999694824219,147800.0,13.349340438842773
2018-12-26,15.40999984741211,15.020000457763672,15.149999618530273,15.40999984741211,252300.0,13.650520324707031
2018-12-27,15.569999694824219,15.1899995803833,15.350000381469727,15.550000190734863,497700.0,13.7745361328125
2018-12-28,15.989999771118164,15.5600004196167,15.5600004196167,15.989999771118164,246400.0,14.164297103881836
2018-12-31,16.149999618530273,15.880000114440918,16.040000915527344,16.1299991607666,247700.0,14.288312911987305
2019-01-02,16.260000228881836,15.880000114440918,16.040000915527344,16.260000228881836,216300.0,14.403471946716309
2019-01-03,16.3799991607666,16.170000076293945,16.170000076293945,16.270000457763672,216300.0,14.41232967376709
2019-01-04,16.739999771118164,16.170000076293945,16.420000076293945,16.719999313354492,279600.0,14.81094741821289
2019-01-07,16.850000381469727,16.6200008392334,16.729999542236328,16.809999465942383,219200.0,14.890670776367188
2019-01-08,16.969999313354492,16.690000534057617,16.93000030517578,16.8700008392334,492100.0,14.943822860717773
2019-01-09,17.0,16.790000915527344,16.889999389648438,16.979999542236328,268400.0,15.041261672973633
2019-01-10,16.969999313354492,16.84000015258789,16.959999084472656,16.93000030517578,124700.0,14.99697208404541
2019-01-11,16.93000030517578,16.68000030517578,16.93000030517578,16.709999084472656,171300.0,14.802088737487793
2019-01-14,16.850000381469727,16.579999923706055,16.670000076293945,16.700000762939453,198800.0,14.793231964111328
2019-01-15,16.709999084472656,16.479999542236328,16.709999084472656,16.56999969482422,184100.0,14.678075790405273
2019-01-16,16.709999084472656,16.540000915527344,16.559999465942383,16.690000534057617,177200.0,14.784374237060547
2019-01-17,16.729999542236328,16.59000015258789,16.6299991607666,16.690000534057617,259700.0,14.784374237060547
2019-01-18,16.760000228881836,16.649999618530273,16.739999771118164,16.729999542236328,207700.0,14.819804191589355
2019-01-22,16.799999237060547,16.65999984741211,16.690000534057617,16.790000915527344,167100.0,14.872957229614258
2019-01-23,16.8700008392334,16.65999984741211,16.790000915527344,16.799999237060547,180900.0,14.88181209564209
2019-01-24,16.850000381469727,16.610000610351562,16.799999237060547,16.670000076293945,114200.0,14.766657829284668
2019-01-25,16.780000686645508,16.639999389648438,16.739999771118164,16.709999084472656,108000.0,14.802088737487793
2019-01-28,16.799999237060547,16.6200008392334,16.690000534057617,16.739999771118164,97900.0,14.828665733337402
2019-01-29,16.829999923706055,16.610000610351562,16.610000610351562,16.770000457763672,90700.0,14.855239868164062
2019-01-30,16.799999237060547,16.65999984741211,16.780000686645508,16.719999313354492,114000.0,14.81094741821289
2019-01-31,16.700000762939453,15.979999542236328,16.700000762939453,16.309999465942383,341000.0,14.447762489318848
2019-02-01,16.6200008392334,16.200000762939453,16.25,16.549999237060547,228200.0,14.660359382629395
2019-02-04,16.81999969482422,16.420000076293945,16.540000915527344,16.770000457763672,242200.0,14.855239868164062
2019-02-05,16.760000228881836,16.559999465942383,16.760000228881836,16.65999984741211,203900.0,14.75779914855957
2019-02-06,16.799999237060547,16.559999465942383,16.649999618530273,16.709999084472656,170500.0,14.802088737487793
2019-02-07,16.899999618530273,16.700000762939453,16.700000762939453,16.899999618530273,188900.0,14.970396995544434
2019-02-08,16.969999313354492,16.780000686645508,16.850000381469727,16.920000076293945,142900.0,14.988114356994629
2019-02-11,16.959999084472656,16.809999465942383,16.950000762939453,16.93000030517578,136400.0,14.99697208404541
2019-02-12,17.0,16.809999465942383,16.989999771118164,16.84000015258789,122600.0,14.917248725891113
2019-02-13,16.8799991607666,16.65999984741211,16.850000381469727,16.739999771118164,155600.0,14.828665733337402
2019-02-14,16.81999969482422,16.530000686645508,16.65999984741211,16.719999313354492,197000.0,14.81094741821289
2019-02-15,16.989999771118164,16.770000457763672,16.780000686645508,16.93000030517578,167600.0,14.99697208404541
2019-02-19,17.040000915527344,16.809999465942383,16.850000381469727,17.020000457763672,139500.0,15.076696395874023
2019-02-20,17.280000686645508,16.979999542236328,17.059999465942383,17.270000457763672,270900.0,15.298150062561035
2019-02-21,17.239999771118164,16.979999542236328,17.239999771118164,17.100000381469727,139900.0,15.147560119628906
2019-02-22,17.43000030517578,16.950000762939453,17.149999618530273,17.360000610351562,327400.0,15.377876281738281
2019-02-25,17.440000534057617,17.200000762939453,17.389999389648438,17.229999542236328,104900.0,15.262716293334961
2019-02-26,17.270000457763672,16.969999313354492,17.219999313354492,17.0,180300.0,15.058977127075195
2019-02-27,17.1200008392334,16.950000762939453,16.989999771118164,17.100000381469727,131700.0,15.147560119628906
2019-02-28,17.190000534057617,17.040000915527344,17.09000015258789,17.1299991607666,113200.0,15.174137115478516
2019-03-01,17.229999542236328,16.979999542236328,17.200000762939453,17.049999237060547,185700.0,15.10326862335205
2019-03-04,16.940000534057617,16.799999237060547,16.860000610351562,16.889999389648438,121700.0,15.18418025970459
2019-03-05,17.079999923706055,16.790000915527344,16.899999618530273,17.0,125600.0,15.283069610595703
2019-03-06,17.09000015258789,16.850000381469727,16.989999771118164,16.899999618530273,220100.0,15.193170547485352
2019-03-07,16.899999618530273,16.559999465942383,16.899999618530273,16.639999389648438,141700.0,14.959427833557129
2019-03-08,16.690000534057617,16.559999465942383,16.559999465942383,16.670000076293945,115700.0,14.986398696899414
2019-03-11,16.719999313354492,16.59000015258789,16.690000534057617,16.670000076293945,149700.0,14.986398696899414
2019-03-12,16.719999313354492,16.579999923706055,16.719999313354492,16.610000610351562,206000.0,14.932459831237793
2019-03-13,16.729999542236328,16.549999237060547,16.6200008392334,16.600000381469727,116100.0,14.923469543457031
2019-03-14,16.709999084472656,16.530000686645508,16.709999084472656,16.649999618530273,121300.0,14.968416213989258
2019-03-15,16.75,16.520000457763672,16.65999984741211,16.540000915527344,536000.0,14.869529724121094
2019-03-18,16.75,16.549999237060547,16.549999237060547,16.59000015258789,154200.0,14.91447925567627
2019-03-19,16.950000762939453,16.450000762939453,16.6299991607666,16.489999771118164,334300.0,14.824576377868652
2019-03-20,16.549999237060547,16.239999771118164,16.459999084472656,16.239999771118164,206300.0,14.599827766418457
2019-03-21,16.43000030517578,16.09000015258789,16.219999313354492,16.329999923706055,191200.0,14.680736541748047
2019-03-22,16.299999237060547,15.890000343322754,16.270000457763672,15.960000038146973,211600.0,14.348105430603027
2019-03-25,16.139999389648438,15.90999984741211,15.90999984741211,16.0,173400.0,14.384065628051758
2019-03-26,16.350000381469727,16.040000915527344,16.040000915527344,16.34000015258789,127200.0,14.689726829528809
2019-03-27,16.510000228881836,16.200000762939453,16.309999465942383,16.3799991607666,103400.0,14.725687026977539
2019-03-28,16.5,16.31999969482422,16.360000610351562,16.489999771118164,210300.0,14.824576377868652
2019-03-29,16.56999969482422,16.360000610351562,16.559999465942383,16.469999313354492,128900.0,14.806598663330078
2019-04-01,16.989999771118164,16.40999984741211,16.520000457763672,16.489999771118164,115100.0,14.824576377868652
2019-04-02,16.459999084472656,16.209999084472656,16.459999084472656,16.309999465942383,129400.0,14.662757873535156
2019-04-03,16.43000030517578,16.239999771118164,16.3799991607666,16.329999923706055,103400.0,14.680736541748047
2019-04-04,16.40999984741211,16.290000915527344,16.34000015258789,16.350000381469727,80000.0,14.69871711730957
2019-04-05,16.399999618530273,16.270000457763672,16.360000610351562,16.350000381469727,104500.0,14.69871711730957
2019-04-08,16.489999771118164,16.299999237060547,16.350000381469727,16.389999389648438,127800.0,14.734676361083984
2019-04-09,16.459999084472656,16.299999237060547,16.3799991607666,16.31999969482422,116000.0,14.671746253967285
2019-04-10,16.440000534057617,16.290000915527344,16.329999923706055,16.43000030517578,218400.0,14.770638465881348
2019-04-11,16.600000381469727,16.399999618530273,16.489999771118164,16.420000076293945,62700.0,14.761648178100586
2019-04-12,16.559999465942383,16.329999923706055,16.530000686645508,16.479999542236328,112100.0,14.815587997436523
2019-04-15,16.649999618530273,16.329999923706055,16.489999771118164,16.3799991607666,75100.0,14.725687026977539
2019-04-16,16.469999313354492,16.329999923706055,16.389999389648438,16.450000762939453,188600.0,14.788618087768555
2019-04-17,16.5,16.329999923706055,16.489999771118164,16.440000534057617,292900.0,14.77962875366211
2019-04-18,16.520000457763672,16.350000381469727,16.43000030517578,16.479999542236328,172200.0,14.815587997436523
2019-04-22,16.459999084472656,16.170000076293945,16.459999084472656,16.209999084472656,177000.0,14.572856903076172
2019-04-23,16.43000030517578,16.09000015258789,16.209999084472656,16.40999984741211,93800.0,14.752657890319824
2019-04-24,16.43000030517578,16.309999465942383,16.389999389648438,16.34000015258789,154500.0,14.689726829528809
2019-04-25,16.31999969482422,16.149999618530273,16.31999969482422,16.25,143000.0,14.608819007873535
2019-04-26,16.350000381469727,16.219999313354492,16.260000228881836,16.329999923706055,104600.0,14.680736541748047
2019-04-29,16.530000686645508,16.270000457763672,16.270000457763672,16.40999984741211,149500.0,14.752657890319824
2019-04-30,16.670000076293945,16.3799991607666,16.399999618530273,16.639999389648438,128800.0,14.959427833557129
2019-05-01,16.760000228881836,16.270000457763672,16.6200008392334,16.270000457763672,151400.0,14.626798629760742
2019-05-02,16.68000030517578,16.290000915527344,16.290000915527344,16.6200008392334,117900.0,14.941448211669922
2019-05-03,17.3700008392334,16.790000915527344,16.829999923706055,17.280000686645508,382600.0,15.534790992736816
2019-05-06,17.290000915527344,17.09000015258789,17.200000762939453,17.149999618530273,257600.0,15.417922019958496
2019-05-07,17.170000076293945,17.059999465942383,17.110000610351562,17.1299991607666,169100.0,15.399942398071289
2019-05-08,17.200000762939453,17.079999923706055,17.110000610351562,17.1299991607666,132300.0,15.399942398071289
2019-05-09,17.219999313354492,17.06999969482422,17.190000534057617,17.190000534057617,243900.0,15.45388126373291
2019-05-10,17.40999984741211,17.110000610351562,17.110000610351562,17.3700008392334,150400.0,15.615702629089355
2019-05-13,17.280000686645508,17.049999237060547,17.260000228881836,17.049999237060547,185200.0,15.328020095825195
2019-05-14,17.270000457763672,17.020000457763672,17.06999969482422,17.200000762939453,323500.0,15.462871551513672
2019-05-15,17.190000534057617,17.030000686645508,17.15999984741211,17.15999984741211,115700.0,15.426910400390625
2019-05-16,17.329999923706055,17.170000076293945,17.18000030517578,17.31999969482422,143900.0,15.570751190185547
2019-05-17,17.3799991607666,17.18000030517578,17.229999542236328,17.299999237060547,170100.0,15.55277156829834
2019-05-20,17.399999618530273,17.190000534057617,17.290000915527344,17.200000762939453,161200.0,15.462871551513672
2019-05-21,17.31999969482422,17.110000610351562,17.270000457763672,17.139999389648438,114600.0,15.408930778503418
2019-05-22,17.219999313354492,17.020000457763672,17.059999465942383,17.09000015258789,117100.0,15.36397933959961
2019-05-23,17.139999389648438,17.010000228881836,17.010000228881836,17.06999969482422,115200.0,15.346001625061035
2019-05-24,17.290000915527344,17.149999618530273,17.15999984741211,17.25,112900.0,15.507820129394531
2019-05-28,17.290000915527344,17.149999618530273,17.239999771118164,17.149999618530273,225900.0,15.417922019958496
2019-05-29,17.239999771118164,17.040000915527344,17.15999984741211,17.170000076293945,209600.0,15.43590259552002
2019-05-30,17.209999084472656,17.0,17.200000762939453,17.049999237060547,170400.0,15.328020095825195
2019-05-31,17.18000030517578,17.020000457763672,17.049999237060547,17.170000076293945,182200.0,15.43590259552002
2019-06-03,17.25,17.030000686645508,17.200000762939453,17.190000534057617,151900.0,15.45388126373291
2019-06-04,17.6299991607666,17.200000762939453,17.299999237060547,17.579999923706055,312000.0,15.80449104309082
2019-06-05,17.690000534057617,17.459999084472656,17.579999923706055,17.610000610351562,157100.0,15.831462860107422
2019-06-06,17.989999771118164,17.579999923706055,17.6200008392334,17.739999771118164,140100.0,15.948332786560059
2019-06-07,17.920000076293945,17.68000030517578,17.770000457763672,17.829999923706055,188100.0,16.02924346923828
2019-06-10,17.75,17.59000015258789,17.719999313354492,17.6200008392334,215800.0,16.065717697143555
2019-06-11,17.780000686645508,17.610000610351562,17.649999618530273,17.760000228881836,139700.0,16.19336700439453
2019-06-12,17.950000762939453,17.68000030517578,17.739999771118164,17.709999084472656,140500.0,16.147775650024414
2019-06-13,17.889999389648438,17.690000534057617,17.760000228881836,17.75,113900.0,16.184247970581055
2019-06-14,18.030000686645508,17.75,17.790000915527344,17.979999542236328,107600.0,16.393959045410156
2019-06-17,18.079999923706055,17.700000762939453,17.979999542236328,17.719999313354492,77500.0,16.156896591186523
2019-06-18,17.889999389648438,17.639999389648438,17.729999542236328,17.790000915527344,107200.0,16.220720291137695
2019-06-19,17.93000030517578,17.790000915527344,17.790000915527344,17.81999969482422,68500.0,16.24807357788086
2019-06-20,17.860000610351562,17.639999389648438,17.860000610351562,17.809999465942383,83400.0,16.238956451416016
2019-06-21,17.93000030517578,17.459999084472656,17.809999465942383,17.649999618530273,365800.0,16.093067169189453
2019-06-24,18.010000228881836,17.530000686645508,17.760000228881836,17.549999237060547,94400.0,16.001890182495117
2019-06-25,17.760000228881836,17.450000762939453,17.6299991607666,17.649999618530273,201100.0,16.093067169189453
2019-06-26,17.850000381469727,17.5,17.6200008392334,17.540000915527344,121000.0,15.992774963378906
2019-06-27,17.809999465942383,17.5,17.5,17.790000915527344,144600.0,16.220720291137695
2019-06-28,18.079999923706055,17.81999969482422,17.81999969482422,18.06999969482422,296600.0,16.47602081298828
2019-07-01,18.43000030517578,17.889999389648438,18.149999618530273,17.899999618530273,215400.0,16.321016311645508
2019-07-02,18.059999465942383,17.739999771118164,17.899999618530273,17.790000915527344,180900.0,16.220720291137695
2019-07-03,17.899999618530273,17.760000228881836,17.770000457763672,17.8700008392334,80800.0,16.293663024902344
2019-07-05,18.06999969482422,17.8700008392334,17.969999313354492,18.049999237060547,138700.0,16.457782745361328
2019-07-08,18.100000381469727,17.90999984741211,18.040000915527344,18.0,216600.0,16.412195205688477
2019-07-09,18.200000762939453,17.989999771118164,17.989999771118164,18.190000534057617,216300.0,16.58543586730957
2019-07-10,18.290000915527344,18.06999969482422,18.18000030517578,18.09000015258789,136400.0,16.4942569732666
2019-07-11,18.270000457763672,18.030000686645508,18.1299991607666,18.170000076293945,121900.0,16.56719970703125
2019-07-12,18.260000228881836,18.110000610351562,18.209999084472656,18.149999618530273,127600.0,16.548961639404297
2019-07-15,18.219999313354492,18.0,18.200000762939453,18.100000381469727,221300.0,16.503374099731445
2019-07-16,18.1299991607666,17.969999313354492,18.040000915527344,18.020000457763672,153800.0,16.430431365966797
2019-07-17,18.31999969482422,18.040000915527344,18.049999237060547,18.260000228881836,342700.0,16.649261474609375
2019-07-18,18.450000762939453,18.209999084472656,18.309999465942383,18.3799991607666,195300.0,16.75867462158203
2019-07-19,18.420000076293945,18.229999542236328,18.3799991607666,18.25,174700.0,16.640140533447266
2019-07-22,18.309999465942383,18.0,18.170000076293945,18.229999542236328,147900.0,16.621906280517578
2019-07-23,18.350000381469727,18.1299991607666,18.239999771118164,18.149999618530273,177000.0,16.548961639404297
2019-07-24,18.350000381469727,18.100000381469727,18.139999389648438,18.309999465942383,174400.0,16.694849014282227
2019-07-25,18.399999618530273,18.0,18.25,18.020000457763672,329100.0,16.430431365966797
2019-07-26,18.450000762939453,18.079999923706055,18.079999923706055,18.43000030517578,306400.0,16.804264068603516
2019-07-29,18.610000610351562,18.3700008392334,18.469999313354492,18.3799991607666,235700.0,16.75867462158203
2019-07-30,18.40999984741211,18.260000228881836,18.3700008392334,18.309999465942383,143300.0,16.694849014282227
2019-07-31,18.34000015258789,17.84000015258789,18.270000457763672,17.959999084472656,343700.0,16.375722885131836
2019-08-01,18.059999465942383,17.5,17.889999389648438,17.510000228881836,262000.0,15.965418815612793
2019-08-02,17.68000030517578,17.389999389648438,17.510000228881836,17.610000610351562,284800.0,16.056596755981445
2019-08-05,17.8799991607666,17.280000686645508,17.469999313354492,17.56999969482422,281100.0,16.020126342773438
2019-08-06,17.6299991607666,17.3799991607666,17.559999465942383,17.510000228881836,248900.0,15.965418815612793
2019-08-07,17.68000030517578,17.260000228881836,17.459999084472656,17.600000381469727,144700.0,16.0474796295166
2019-08-08,17.889999389648438,17.639999389648438,17.639999389648438,17.690000534057617,241400.0,16.129541397094727
2019-08-09,17.90999984741211,17.68000030517578,17.690000534057617,17.81999969482422,219100.0,16.24807357788086
2019-08-12,17.8799991607666,17.719999313354492,17.770000457763672,17.829999923706055,122200.0,16.25718879699707
2019-08-13,18.0,17.739999771118164,17.81999969482422,17.90999984741211,172600.0,16.33013343811035
2019-08-14,17.850000381469727,17.59000015258789,17.809999465942383,17.709999084472656,149700.0,16.147775650024414
2019-08-15,17.850000381469727,17.579999923706055,17.700000762939453,17.600000381469727,153800.0,16.0474796295166
2019-08-16,17.920000076293945,17.649999618530273,17.649999618530273,17.8700008392334,109400.0,16.293663024902344
2019-08-19,18.049999237060547,17.93000030517578,18.0,17.979999542236328,154400.0,16.393959045410156
2019-08-20,18.0,17.690000534057617,17.950000762939453,17.75,154400.0,16.184247970581055
2019-08-21,17.8799991607666,17.639999389648438,17.809999465942383,17.75,111600.0,16.184247970581055
2019-08-22,17.950000762939453,17.709999084472656,17.829999923706055,17.84000015258789,90600.0,16.266311645507812
2019-08-23,18.139999389648438,17.530000686645508,17.889999389648438,17.559999465942383,192600.0,16.01100730895996
2019-08-26,17.729999542236328,17.559999465942383,17.559999465942383,17.6299991607666,129000.0,16.074831008911133
2019-08-27,17.799999237060547,17.459999084472656,17.709999084472656,17.479999542236328,121000.0,15.938063621520996
2019-08-28,17.65999984741211,17.459999084472656,17.459999084472656,17.489999771118164,185400.0,15.947185516357422
2019-08-29,17.81999969482422,17.600000381469727,17.600000381469727,17.760000228881836,213800.0,16.19336700439453
2019-08-30,17.6299991607666,17.469999313354492,17.6200008392334,17.510000228881836,168700.0,16.211885452270508
2019-09-03,17.649999618530273,17.239999771118164,17.290000915527344,17.610000610351562,220700.0,16.30447006225586
2019-09-04,17.760000228881836,17.549999237060547,17.68000030517578,17.600000381469727,105300.0,16.295211791992188
2019-09-05,17.8700008392334,17.610000610351562,17.75,17.649999618530273,149600.0,16.341503143310547
2019-09-06,17.799999237060547,17.600000381469727,17.600000381469727,17.739999771118164,157900.0,16.42483139038086
2019-09-09,17.989999771118164,17.6299991607666,17.75,17.950000762939453,202200.0,16.619264602661133
2019-09-10,17.959999084472656,17.649999618530273,17.959999084472656,17.690000534057617,142500.0,16.3785400390625
2019-09-11,17.989999771118164,17.649999618530273,17.700000762939453,17.989999771118164,115700.0,16.65629768371582
2019-09-12,18.15999984741211,17.850000381469727,17.969999313354492,18.139999389648438,123800.0,16.795177459716797
2019-09-13,18.280000686645508,18.079999923706055,18.15999984741211,18.149999618530273,117300.0,16.8044376373291
2019-09-16,18.200000762939453,18.030000686645508,18.06999969482422,18.1299991607666,81000.0,16.785919189453125
2019-09-17,18.270000457763672,17.940000534057617,18.190000534057617,18.25,136500.0,16.897024154663086
2019-09-18,18.34000015258789,18.09000015258789,18.239999771118164,18.1299991607666,111000.0,16.785919189453125
2019-09-19,18.280000686645508,18.09000015258789,18.15999984741211,18.09000015258789,104000.0,16.748886108398438
2019-09-20,18.200000762939453,17.959999084472656,18.15999984741211,18.049999237060547,352000.0,16.711849212646484
2019-09-23,18.200000762939453,17.969999313354492,18.059999465942383,18.15999984741211,96700.0,16.813697814941406
2019-09-24,18.25,17.920000076293945,18.18000030517578,17.920000076293945,136400.0,16.591489791870117
2019-09-25,18.06999969482422,17.920000076293945,17.979999542236328,18.020000457763672,88800.0,16.68407440185547
2019-09-26,18.049999237060547,17.889999389648438,18.030000686645508,17.950000762939453,65700.0,16.619264602661133
2019-09-27,18.100000381469727,17.860000610351562,18.040000915527344,17.950000762939453,62400.0,16.619264602661133
2019-09-30,18.09000015258789,17.889999389648438,18.010000228881836,18.020000457763672,137300.0,16.68407440185547
2019-10-01,18.149999618530273,17.84000015258789,18.1200008392334,17.8799991607666,183100.0,16.55445098876953
2019-10-02,17.899999618530273,17.56999969482422,17.84000015258789,17.68000030517578,173600.0,16.369281768798828
2019-10-03,17.829999923706055,17.56999969482422,17.68000030517578,17.729999542236328,84800.0,16.415573120117188
2019-10-04,17.889999389648438,17.670000076293945,17.760000228881836,17.850000381469727,99400.0,16.52667999267578
2019-10-07,18.020000457763672,17.780000686645508,17.889999389648438,17.889999389648438,106900.0,16.563709259033203
2019-10-08,17.979999542236328,17.700000762939453,17.90999984741211,17.969999313354492,211700.0,16.637779235839844
2019-10-09,18.09000015258789,17.920000076293945,18.06999969482422,18.020000457763672,177500.0,16.68407440185547
2019-10-10,18.260000228881836,18.0,18.0,18.15999984741211,127600.0,16.813697814941406
2019-10-11,18.479999542236328,18.229999542236328,18.270000457763672,18.270000457763672,170300.0,16.91554069519043
2019-10-14,18.329999923706055,18.229999542236328,18.290000915527344,18.290000915527344,81300.0,16.934059143066406
2019-10-15,18.420000076293945,18.200000762939453,18.280000686645508,18.3799991607666,96200.0,17.017385482788086
2019-10-16,18.450000762939453,18.260000228881836,18.420000076293945,18.43000030517578,104600.0,17.063678741455078
2019-10-17,18.600000381469727,18.360000610351562,18.459999084472656,18.559999465942383,112000.0,17.184040069580078
2019-10-18,18.829999923706055,18.479999542236328,18.559999465942383,18.790000915527344,153000.0,17.396991729736328
2019-10-21,18.860000610351562,18.579999923706055,18.670000076293945,18.860000610351562,138500.0,17.46179962158203
2019-10-22,18.989999771118164,18.790000915527344,18.790000915527344,18.920000076293945,156500.0,17.517351150512695
2019-10-23,18.989999771118164,18.75,18.8700008392334,18.959999084472656,466500.0,17.554386138916016
2019-10-24,19.040000915527344,18.8799991607666,19.010000228881836,18.93000030517578,97200.0,17.526611328125
2019-10-25,19.049999237060547,18.90999984741211,18.959999084472656,19.020000457763672,148200.0,17.609939575195312
2019-10-28,19.190000534057617,18.899999618530273,18.989999771118164,19.079999923706055,106800.0,17.665489196777344
2019-10-29,19.350000381469727,19.100000381469727,19.170000076293945,19.270000457763672,146700.0,17.841405868530273
2019-10-30,19.309999465942383,19.100000381469727,19.290000915527344,19.309999465942383,164200.0,17.87843894958496
2019-10-31,19.489999771118164,18.940000534057617,19.489999771118164,19.260000228881836,218900.0,17.83214569091797
2019-11-01,19.639999389648438,18.969999313354492,19.34000015258789,19.549999237060547,239000.0,18.100645065307617
2019-11-04,19.6299991607666,19.43000030517578,19.540000915527344,19.610000610351562,162900.0,18.156200408935547
2019-11-05,19.639999389648438,19.489999771118164,19.56999969482422,19.510000228881836,120300.0,18.063613891601562
2019-11-06,19.59000015258789,19.459999084472656,19.479999542236328,19.530000686645508,110600.0,18.082128524780273
2019-11-07,19.719999313354492,19.510000228881836,19.56999969482422,19.649999618530273,125800.0,18.1932315826416
2019-11-08,19.770000457763672,19.59000015258789,19.6299991607666,19.700000762939453,90700.0,18.23952865600586
2019-11-11,19.889999389648438,19.639999389648438,19.700000762939453,19.850000381469727,94800.0,18.378406524658203
2019-11-12,19.979999542236328,19.68000030517578,19.8799991607666,19.799999237060547,96700.0,18.332111358642578
2019-11-13,19.84000015258789,19.600000381469727,19.770000457763672,19.809999465942383,155400.0,18.34136962890625
2019-11-14,19.790000915527344,19.6299991607666,19.790000915527344,19.729999542236328,197100.0,18.26729965209961
2019-11-15,19.8700008392334,19.649999618530273,19.829999923706055,19.700000762939453,121100.0,18.23952865600586
2019-11-18,19.729999542236328,19.6299991607666,19.729999542236328,19.709999084472656,90100.0,18.2487850189209
2019-11-19,19.93000030517578,19.719999313354492,19.719999313354492,19.8700008392334,146700.0,18.396923065185547
2019-11-20,20.149999618530273,19.84000015258789,19.920000076293945,19.93000030517578,207800.0,18.452476501464844
2019-11-21,19.920000076293945,19.739999771118164,19.84000015258789,19.90999984741211,132700.0,18.4339599609375
2019-11-22,19.940000534057617,19.780000686645508,19.899999618530273,19.780000686645508,120200.0,18.313596725463867
2019-11-25,19.979999542236328,19.790000915527344,19.84000015258789,19.93000030517578,98000.0,18.452476501464844
2019-11-26,20.030000686645508,19.510000228881836,19.510000228881836,20.020000457763672,244900.0,18.535802841186523
2019-11-27,20.420000076293945,20.049999237060547,20.049999237060547,20.420000076293945,207400.0,18.906147003173828
2019-11-29,20.450000762939453,20.219999313354492,20.40999984741211,20.290000915527344,92000.0,18.78578758239746
2019-12-02,20.18000030517578,19.75,20.15999984741211,19.780000686645508,192900.0,18.560583114624023
2019-12-03,19.799999237060547,19.489999771118164,19.770000457763672,19.610000610351562,110100.0,18.40106201171875
2019-12-04,19.690000534057617,19.459999084472656,19.540000915527344,19.469999313354492,137200.0,18.269689559936523
2019-12-05,19.649999618530273,19.489999771118164,19.549999237060547,19.579999923706055,97100.0,18.37291145324707
2019-12-06,19.75,19.540000915527344,19.690000534057617,19.540000915527344,159200.0,18.335378646850586
2019-12-09,19.68000030517578,19.540000915527344,19.56999969482422,19.6299991607666,126200.0,18.419828414916992
2019-12-10,19.700000762939453,19.540000915527344,19.6200008392334,19.549999237060547,179300.0,18.344758987426758
2019-12-11,19.700000762939453,19.5,19.59000015258789,19.520000457763672,152600.0,18.31661033630371
2019-12-12,19.799999237060547,19.5,19.520000457763672,19.700000762939453,260100.0,18.485517501831055
2019-12-13,20.100000381469727,19.479999542236328,19.68000030517578,20.059999465942383,289300.0,18.823318481445312
2019-12-16,20.170000076293945,20.0,20.049999237060547,20.049999237060547,168900.0,18.813934326171875
2019-12-17,20.1299991607666,19.899999618530273,20.030000686645508,19.950000762939453,243900.0,18.720102310180664
2019-12-18,20.100000381469727,19.719999313354492,20.020000457763672,19.790000915527344,242400.0,18.569965362548828
2019-12-19,19.860000610351562,19.709999084472656,19.809999465942383,19.760000228881836,154700.0,18.54181480407715
2019-12-20,20.170000076293945,19.75,19.889999389648438,20.020000457763672,1068700.0,18.78578758239746
2019-12-23,20.06999969482422,19.600000381469727,19.969999313354492,19.6299991607666,115300.0,18.419828414916992
2019-12-24,19.780000686645508,19.420000076293945,19.610000610351562,19.56999969482422,67600.0,18.363527297973633
2019-12-26,19.6200008392334,19.479999542236328,19.559999465942383,19.56999969482422,121200.0,18.363527297973633
2019-12-27,19.670000076293945,19.469999313354492,19.549999237060547,19.56999969482422,87900.0,18.363527297973633
2019-12-30,19.639999389648438,19.489999771118164,19.530000686645508,19.59000015258789,98000.0,18.382293701171875
2019-12-31,19.770000457763672,19.479999542236328,19.530000686645508,19.68000030517578,174100.0,18.466747283935547
2020-01-02,19.739999771118164,19.40999984741211,19.700000762939453,19.719999313354492,170800.0,18.504281997680664
2020-01-03,19.709999084472656,19.450000762939453,19.610000610351562,19.709999084472656,193100.0,18.494897842407227
2020-01-06,19.719999313354492,19.360000610351562,19.579999923706055,19.520000457763672,210700.0,18.31661033630371
2020-01-07,19.520000457763672,19.25,19.520000457763672,19.329999923706055,170100.0,18.138324737548828
2020-01-08,19.540000915527344,19.389999389648438,19.389999389648438,19.459999084472656,81900.0,18.26030731201172
2020-01-09,19.540000915527344,19.40999984741211,19.450000762939453,19.510000228881836,96800.0,18.307226181030273
2020-01-10,19.540000915527344,19.399999618530273,19.459999084472656,19.520000457763672,136200.0,18.31661033630371
2020-01-13,19.520000457763672,19.40999984741211,19.520000457763672,19.489999771118164,101300.0,18.28845977783203
2020-01-14,19.690000534057617,19.469999313354492,19.530000686645508,19.68000030517578,178500.0,18.466747283935547
2020-01-15,19.770000457763672,19.530000686645508,19.639999389648438,19.610000610351562,117600.0,18.40106201171875
2020-01-16,19.809999465942383,19.579999923706055,19.639999389648438,19.729999542236328,108000.0,18.51366424560547
2020-01-17,19.899999618530273,19.739999771118164,19.739999771118164,19.8700008392334,110400.0,18.64503288269043
2020-01-21,19.950000762939453,19.709999084472656,19.84000015258789,19.75,143200.0,18.53243064880371
2020-01-22,19.770000457763672,19.610000610351562,19.770000457763672,19.639999389648438,199800.0,18.42921257019043
2020-01-23,19.920000076293945,19.56999969482422,19.610000610351562,19.8700008392334,163400.0,18.64503288269043
2020-01-24,19.979999542236328,19.690000534057617,19.8799991607666,19.81999969482422,137300.0,18.598115921020508
2020-01-27,19.959999084472656,19.719999313354492,19.719999313354492,19.8700008392334,152100.0,18.64503288269043
2020-01-28,19.969999313354492,19.75,19.920000076293945,19.8799991607666,157600.0,18.654415130615234
2020-01-29,19.989999771118164,19.719999313354492,19.850000381469727,19.81999969482422,86400.0,18.598115921020508
2020-01-30,20.06999969482422,19.790000915527344,19.81999969482422,20.049999237060547,141500.0,18.813934326171875
2020-01-31,20.81999969482422,20.06999969482422,20.149999618530273,20.43000030517578,267600.0,19.170509338378906
2020-02-03,20.68000030517578,20.350000381469727,20.489999771118164,20.68000030517578,164000.0,19.40509605407715
2020-02-04,21.200000762939453,20.799999237060547,20.799999237060547,21.1200008392334,205400.0,19.817974090576172
2020-02-05,21.420000076293945,21.139999389648438,21.200000762939453,21.399999618530273,195500.0,20.08070945739746
2020-02-06,21.579999923706055,21.31999969482422,21.459999084472656,21.420000076293945,146700.0,20.099475860595703
2020-02-07,22.219999313354492,21.739999771118164,21.989999771118164,21.760000228881836,602700.0,20.41851806640625
2020-02-10,22.079999923706055,21.780000686645508,21.84000015258789,21.979999542236328,231300.0,20.62495231628418
2020-02-11,22.049999237060547,21.549999237060547,22.0,21.559999465942383,308700.0,20.230846405029297
2020-02-12,21.889999389648438,21.530000686645508,21.549999237060547,21.790000915527344,243200.0,20.44666862487793
2020-02-13,22.079999923706055,21.829999923706055,21.829999923706055,22.010000228881836,168500.0,20.653104782104492
2020-02-14,22.110000610351562,21.940000534057617,21.989999771118164,22.0,149600.0,20.643720626831055
2020-02-18,22.079999923706055,21.790000915527344,22.0,22.0,154900.0,20.643720626831055
2020-02-19,22.139999389648438,21.920000076293945,22.040000915527344,22.06999969482422,117200.0,20.70940399169922
2020-02-20,22.239999771118164,22.010000228881836,22.1200008392334,22.18000030517578,182300.0,20.812623977661133
2020-02-21,22.239999771118164,22.030000686645508,22.1200008392334,22.239999771118164,136700.0,20.86892318725586
2020-02-24,22.200000762939453,22.0,22.0,22.1200008392334,230500.0,20.756324768066406
2020-02-25,22.149999618530273,21.56999969482422,22.149999618530273,21.59000015258789,288200.0,20.258996963500977
2020-02-26,21.860000610351562,21.510000228881836,21.56999969482422,21.780000686645508,317200.0,20.437284469604492
2020-02-27,21.760000228881836,21.059999465942383,21.610000610351562,21.06999969482422,260300.0,19.771053314208984
2020-02-28,20.84000015258789,20.040000915527344,20.639999389648438,20.440000534057617,479800.0,19.179893493652344
2020-03-02,21.760000228881836,20.469999313354492,20.469999313354492,21.649999618530273,416100.0,20.315296173095703
2020-03-03,21.860000610351562,21.309999465942383,21.709999084472656,21.760000228881836,427400.0,20.41851806640625
2020-03-04,22.469999313354492,21.780000686645508,21.969999313354492,22.459999084472656,205300.0,21.075361251831055
2020-03-05,22.280000686645508,21.860000610351562,22.079999923706055,22.049999237060547,317300.0,20.690637588500977
2020-03-06,22.0,21.350000381469727,21.510000228881836,21.899999618530273,525200.0,20.54988670349121
2020-03-09,20.940000534057617,19.959999084472656,20.790000915527344,19.959999084472656,372300.0,18.972049713134766
2020-03-10,20.600000381469727,18.809999465942383,20.389999389648438,19.860000610351562,735000.0,18.876998901367188
2020-03-11,19.549999237060547,18.65999984741211,19.469999313354492,18.790000915527344,367300.0,17.859960556030273
2020-03-12,18.290000915527344,17.0,17.84000015258789,17.290000915527344,413500.0,16.4342041015625
2020-03-13,18.549999237060547,17.100000381469727,18.06999969482422,17.469999313354492,691100.0,16.605295181274414
2020-03-16,17.1299991607666,13.619999885559082,16.170000076293945,16.280000686645508,371800.0,15.474198341369629
2020-03-17,17.809999465942383,16.5,16.5,17.780000686645508,401500.0,16.899953842163086
2020-03-18,17.059999465942383,15.619999885559082,16.8700008392334,15.960000038146973,591300.0,15.170035362243652
2020-03-19,15.930000305175781,14.329999923706055,15.479999542236328,15.630000114440918,502200.0,14.856369972229004
2020-03-20,17.25,14.449999809265137,15.720000267028809,14.90999984741211,846300.0,14.172006607055664
2020-03-23,15.15999984741211,14.0,14.630000114440918,14.039999961853027,875300.0,13.345067977905273
2020-03-24,15.449999809265137,14.5600004196167,14.8100004196167,14.949999809265137,461100.0,14.210026741027832
2020-03-25,15.420000076293945,14.350000381469727,14.869999885559082,14.510000228881836,365800.0,13.791807174682617
2020-03-26,16.149999618530273,14.510000228881836,14.539999961853027,16.0,352100.0,15.20805549621582
2020-03-27,16.09000015258789,15.0,15.489999771118164,15.09000015258789,179600.0,14.343097686767578
2020-03-30,15.529999732971191,14.779999732971191,15.09000015258789,15.479999542236328,246700.0,14.713793754577637
2020-03-31,15.470000267028809,14.949999809265137,15.329999923706055,15.270000457763672,239800.0,14.514188766479492
2020-04-01,15.09000015258789,13.920000076293945,14.699999809265137,13.960000038146973,395000.0,13.269028663635254
2020-04-02,14.229999542236328,13.539999961853027,13.890000343322754,13.779999732971191,489300.0,13.09793758392334
2020-04-03,13.850000381469727,12.649999618530273,13.579999923706055,12.760000228881836,474500.0,12.128425598144531
2020-04-06,13.489999771118164,12.84000015258789,13.0600004196167,13.119999885559082,373300.0,12.470605850219727
2020-04-07,13.9399995803833,12.979999542236328,13.5,13.010000228881836,478500.0,12.366050720214844
2020-04-08,13.329999923706055,12.8100004196167,13.09000015258789,13.199999809265137,422300.0,12.546646118164062
2020-04-09,13.770000457763672,13.15999984741211,13.300000190734863,13.5,559200.0,12.831796646118164
2020-04-13,13.670000076293945,12.960000038146973,13.529999732971191,13.199999809265137,270100.0,12.546646118164062
2020-04-14,13.859999656677246,12.899999618530273,13.350000381469727,13.720000267028809,493000.0,13.040908813476562
2020-04-15,13.489999771118164,13.029999732971191,13.460000038146973,13.239999771118164,487500.0,12.58466625213623
2020-04-16,13.640000343322754,13.199999809265137,13.3100004196167,13.5,341400.0,12.831796646118164
2020-04-17,14.149999618530273,13.75,13.899999618530273,13.90999984741211,337300.0,13.221503257751465
2020-04-20,14.210000038146973,13.699999809265137,13.829999923706055,13.789999961853027,232400.0,13.107442855834961
2020-04-21,13.989999771118164,13.4399995803833,13.550000190734863,13.539999961853027,427900.0,12.869816780090332
2020-04-22,13.819999694824219,13.399999618530273,13.6899995803833,13.630000114440918,196100.0,12.955363273620605
2020-04-23,13.850000381469727,13.420000076293945,13.699999809265137,13.4399995803833,167400.0,12.774765968322754
2020-04-24,13.569999694824219,13.260000228881836,13.569999694824219,13.40999984741211,248800.0,12.746251106262207
2020-04-27,14.010000228881836,13.430000305175781,13.430000305175781,13.859999656677246,363300.0,13.173978805541992
2020-04-28,14.239999771118164,13.819999694824219,14.210000038146973,13.84000015258789,303400.0,13.154969215393066
2020-04-29,14.079999923706055,13.680000305175781,13.979999542236328,13.819999694824219,474500.0,13.135957717895508
2020-04-30,13.859999656677246,13.210000038146973,13.75,13.649999618530273,441000.0,12.974371910095215
2020-05-01,14.34000015258789,13.449999809265137,13.449999809265137,14.260000228881836,382300.0,13.554180145263672
2020-05-04,14.819999694824219,14.0,14.25,14.779999732971191,354100.0,14.048440933227539
2020-05-05,14.9399995803833,14.210000038146973,14.890000343322754,14.25,392100.0,13.54467487335205
2020-05-06,14.430000305175781,14.020000457763672,14.239999771118164,14.220000267028809,329400.0,13.516160011291504
2020-05-07,14.59000015258789,14.210000038146973,14.359999656677246,14.289999961853027,454300.0,13.582695007324219
2020-05-08,15.34000015258789,14.449999809265137,14.449999809265137,15.210000038146973,335600.0,14.457157135009766
2020-05-11,15.15999984741211,14.609999656677246,15.15999984741211,14.710000038146973,323500.0,13.981905937194824
2020-05-12,15.220000267028809,14.260000228881836,14.829999923706055,14.289999961853027,212600.0,13.582695007324219
2020-05-13,14.729999542236328,13.569999694824219,14.210000038146973,13.880000114440918,326800.0,13.192989349365234
2020-05-14,13.829999923706055,13.270000457763672,13.630000114440918,13.739999771118164,249300.0,13.059917449951172
2020-05-15,14.300000190734863,13.539999961853027,13.579999923706055,14.079999923706055,303900.0,13.383088111877441
2020-05-18,15.0,14.40999984741211,14.470000267028809,14.90999984741211,210100.0,14.172006607055664
2020-05-19,14.84000015258789,14.1899995803833,14.84000015258789,14.260000228881836,170000.0,13.554180145263672
2020-05-20,14.84000015258789,14.329999923706055,14.4399995803833,14.789999961853027,174800.0,14.05794620513916
2020-05-21,14.84000015258789,14.489999771118164,14.75,14.630000114440918,153400.0,13.905865669250488
2020-05-22,14.789999961853027,14.239999771118164,14.720000267028809,14.319999694824219,157000.0,13.611209869384766
2020-05-26,15.279999732971191,14.609999656677246,14.609999656677246,15.15999984741211,205700.0,14.40963363647461
2020-05-27,16.040000915527344,15.399999618530273,15.399999618530273,15.989999771118164,355000.0,15.198551177978516
2020-05-28,16.190000534057617,15.460000038146973,16.15999984741211,15.5,267800.0,14.732804298400879
2020-05-29,15.430000305175781,15.210000038146973,15.40999984741211,15.40999984741211,199200.0,14.647258758544922
2020-06-01,15.489999771118164,15.199999809265137,15.449999809265137,15.25,206100.0,14.49517822265625
2020-06-02,15.65999984741211,14.880000114440918,15.25,14.989999771118164,226600.0,14.248047828674316
2020-06-03,15.760000228881836,15.210000038146973,15.220000267028809,15.5600004196167,188800.0,14.789834976196289
2020-06-04,15.989999771118164,15.270000457763672,15.539999961853027,15.989999771118164,205200.0,15.198551177978516
2020-06-05,16.739999771118164,16.280000686645508,16.389999389648438,16.610000610351562,356100.0,15.787862777709961
2020-06-08,16.600000381469727,16.229999542236328,16.270000457763672,16.459999084472656,303600.0,15.913545608520508
2020-06-09,16.399999618530273,15.90999984741211,16.25,16.299999237060547,266300.0,15.758857727050781
2020-06-10,16.270000457763672,15.539999961853027,16.270000457763672,15.649999618530273,650300.0,15.130437850952148
2020-06-11,15.34000015258789,14.5600004196167,15.25,14.579999923706055,297000.0,14.09596061706543
2020-06-12,15.0600004196167,14.609999656677246,15.039999961853027,14.90999984741211,623400.0,14.415005683898926
2020-06-15,15.039999961853027,14.319999694824219,14.390000343322754,14.899999618530273,158800.0,14.4053373336792
2020-06-16,15.489999771118164,14.90999984741211,15.479999542236328,15.180000305175781,546900.0,14.676042556762695
2020-06-17,15.239999771118164,14.739999771118164,15.229999542236328,14.739999771118164,111200.0,14.250649452209473
2020-06-18,14.920000076293945,14.539999961853027,14.609999656677246,14.720000267028809,553700.0,14.231313705444336
2020-06-19,15.149999618530273,14.489999771118164,14.869999885559082,14.649999618530273,723700.0,14.163637161254883
2020-06-22,14.920000076293945,14.40999984741211,14.529999732971191,14.75,167200.0,14.260316848754883
2020-06-23,15.130000114440918,14.649999618530273,15.079999923706055,14.829999923706055,259900.0,14.337660789489746
2020-06-24,14.699999809265137,14.0600004196167,14.630000114440918,14.100000381469727,971200.0,13.63189697265625
2020-06-25,14.489999771118164,13.920000076293945,14.010000228881836,14.449999809265137,168100.0,13.970276832580566
2020-06-26,14.399999618530273,13.829999923706055,14.359999656677246,13.890000343322754,381300.0,13.428869247436523
2020-06-29,14.350000381469727,13.960000038146973,13.960000038146973,14.199999809265137,202800.0,13.72857666015625
2020-06-30,14.420000076293945,14.079999923706055,14.079999923706055,14.3100004196167,226300.0,13.834925651550293
2020-07-01,14.4399995803833,14.229999542236328,14.289999961853027,14.3100004196167,275100.0,13.834925651550293
2020-07-02,14.640000343322754,14.0,14.5,14.039999961853027,166400.0,13.573887825012207
2020-07-06,14.369999885559082,13.710000038146973,14.09000015258789,13.850000381469727,376300.0,13.390196800231934
2020-07-07,13.729999542236328,13.510000228881836,13.619999885559082,13.600000381469727,343500.0,13.148496627807617
2020-07-08,13.859999656677246,13.489999771118164,13.65999984741211,13.640000343322754,305300.0,13.187169075012207
2020-07-09,13.850000381469727,13.380000114440918,13.539999961853027,13.420000076293945,269000.0,12.974471092224121
2020-07-10,13.710000038146973,13.319999694824219,13.319999694824219,13.630000114440918,506200.0,13.177499771118164
2020-07-13,13.979999542236328,13.539999961853027,13.729999542236328,13.699999809265137,174000.0,13.245176315307617
2020-07-14,13.859999656677246,13.449999809265137,13.609999656677246,13.619999885559082,215400.0,13.167831420898438
2020-07-15,14.109999656677246,13.609999656677246,13.609999656677246,13.970000267028809,212900.0,13.506213188171387
2020-07-16,14.140000343322754,13.760000228881836,13.899999618530273,13.899999618530273,154200.0,13.438535690307617
2020-07-17,13.930000305175781,13.699999809265137,13.869999885559082,13.75,184300.0,13.293516159057617
2020-07-20,13.789999961853027,13.65999984741211,13.720000267028809,13.770000457763672,261100.0,13.31285285949707
2020-07-21,14.260000228881836,13.899999618530273,13.899999618530273,14.199999809265137,237100.0,13.72857666015625
2020-07-22,14.1899995803833,13.850000381469727,14.15999984741211,13.930000305175781,139500.0,13.467540740966797
2020-07-23,14.140000343322754,13.899999618530273,13.979999542236328,14.069999694824219,166000.0,13.60289192199707
2020-07-24,14.229999542236328,13.989999771118164,14.130000114440918,13.989999771118164,134200.0,13.525547981262207
2020-07-27,13.949999809265137,13.739999771118164,13.899999618530273,13.8100004196167,177200.0,13.35152530670166
2020-07-28,14.010000228881836,13.779999732971191,13.850000381469727,13.859999656677246,124800.0,13.399864196777344
2020-07-29,14.050000190734863,13.729999542236328,13.9399995803833,13.989999771118164,141300.0,13.525547981262207
2020-07-30,14.369999885559082,13.859999656677246,13.859999656677246,14.029999732971191,151100.0,13.564220428466797
2020-07-31,14.829999923706055,14.1899995803833,14.5,14.479999542236328,336800.0,13.99928092956543
2020-08-03,14.40999984741211,14.020000457763672,14.399999618530273,14.020000457763672,238200.0,13.554553031921387
2020-08-04,14.09000015258789,13.6899995803833,14.010000228881836,13.800000190734863,285900.0,13.341856002807617
2020-08-05,14.319999694824219,13.800000190734863,13.800000190734863,14.15999984741211,292400.0,13.68990421295166
2020-08-06,14.4399995803833,14.050000190734863,14.130000114440918,14.319999694824219,206700.0,13.844593048095703
2020-08-07,14.899999618530273,14.180000305175781,14.180000305175781,14.859999656677246,286600.0,14.36666488647461
2020-08-10,15.449999809265137,14.869999885559082,14.869999885559082,15.100000381469727,259100.0,14.598698616027832
2020-08-11,15.5600004196167,15.1899995803833,15.1899995803833,15.390000343322754,232100.0,14.879071235656738
2020-08-12,15.6899995803833,15.449999809265137,15.520000457763672,15.649999618530273,280200.0,15.130437850952148
2020-08-13,15.550000190734863,15.199999809265137,15.550000190734863,15.34000015258789,227500.0,14.830729484558105
2020-08-14,15.449999809265137,15.170000076293945,15.25,15.40999984741211,209800.0,14.898406028747559
2020-08-17,15.539999961853027,15.260000228881836,15.40999984741211,15.460000038146973,186100.0,14.946745872497559
2020-08-18,15.5,15.319999694824219,15.5,15.399999618530273,285700.0,14.888737678527832
2020-08-19,15.489999771118164,15.029999732971191,15.369999885559082,15.100000381469727,201100.0,14.598698616027832
2020-08-20,15.109999656677246,14.890000343322754,15.010000228881836,14.920000076293945,204100.0,14.424673080444336
2020-08-21,15.039999961853027,14.829999923706055,14.90999984741211,14.949999809265137,133100.0,14.4536771774292
2020-08-24,15.279999732971191,14.920000076293945,15.0600004196167,15.25,121800.0,14.743718147277832
2020-08-25,15.5600004196167,15.25,15.380000114440918,15.510000228881836,164200.0,14.995085716247559
2020-08-26,15.640000343322754,15.210000038146973,15.569999694824219,15.239999771118164,198100.0,14.734049797058105
2020-08-27,15.430000305175781,15.119999885559082,15.180000305175781,15.34000015258789,210100.0,14.830729484558105
2020-08-28,15.619999885559082,15.270000457763672,15.34000015258789,15.579999923706055,226100.0,15.062762260437012
2020-08-31,15.600000381469727,15.34000015258789,15.539999961853027,15.449999809265137,147300.0,14.937077522277832
2020-09-01,15.569999694824219,15.359999656677246,15.449999809265137,15.470000267028809,136200.0,14.956414222717285
2020-09-02,15.699999809265137,15.369999885559082,15.470000267028809,15.59000015258789,115100.0,15.072430610656738
2020-09-03,15.989999771118164,15.539999961853027,15.5600004196167,15.630000114440918,174100.0,15.111102104187012
2020-09-04,16.0,15.670000076293945,15.819999694824219,15.84000015258789,256200.0,15.314130783081055
2020-09-08,15.489999771118164,14.84000015258789,15.449999809265137,14.84000015258789,344500.0,14.605507850646973
2020-09-09,15.260000228881836,14.699999809265137,14.850000381469727,14.729999542236328,236000.0,14.497245788574219
2020-09-10,14.819999694824219,14.470000267028809,14.699999809265137,14.5,228800.0,14.270879745483398
2020-09-11,14.630000114440918,14.40999984741211,14.460000038146973,14.529999732971191,149700.0,14.300405502319336
2020-09-14,14.890000343322754,14.609999656677246,14.710000038146973,14.850000381469727,187500.0,14.615349769592285
2020-09-15,14.989999771118164,14.5,14.930000305175781,14.630000114440918,133500.0,14.398825645446777
2020-09-16,14.850000381469727,14.569999694824219,14.619999885559082,14.729999542236328,217800.0,14.497245788574219
2020-09-17,14.760000228881836,14.569999694824219,14.649999618530273,14.680000305175781,193000.0,14.448036193847656
2020-09-18,14.680000305175781,14.510000228881836,14.670000076293945,14.579999923706055,484900.0,14.349616050720215
2020-09-21,14.649999618530273,14.15999984741211,14.4399995803833,14.3100004196167,353900.0,14.083882331848145
2020-09-22,14.550000190734863,14.229999542236328,14.260000228881836,14.319999694824219,245700.0,14.093724250793457
2020-09-23,14.829999923706055,14.119999885559082,14.470000267028809,14.119999885559082,287100.0,13.89688491821289
2020-09-24,14.539999961853027,14.119999885559082,14.119999885559082,14.3100004196167,218200.0,14.083882331848145
2020-09-25,14.510000228881836,14.170000076293945,14.170000076293945,14.390000343322754,125600.0,14.162618637084961
2020-09-28,14.970000267028809,14.550000190734863,14.5600004196167,14.90999984741211,219900.0,14.67440128326416
2020-09-29,14.979999542236328,14.510000228881836,14.979999542236328,14.739999771118164,157800.0,14.507087707519531
2020-09-30,14.859999656677246,14.59000015258789,14.630000114440918,14.6899995803833,210100.0,14.457877159118652
2020-10-01,14.899999618530273,14.569999694824219,14.6899995803833,14.880000114440918,191600.0,14.644875526428223
2020-10-02,15.640000343322754,14.760000228881836,14.770000457763672,15.59000015258789,286700.0,15.343656539916992
2020-10-05,15.770000457763672,15.470000267028809,15.770000457763672,15.619999885559082,191700.0,15.37318229675293
2020-10-06,15.8100004196167,15.4399995803833,15.600000381469727,15.5600004196167,241600.0,15.314130783081055
2020-10-07,16.049999237060547,15.630000114440918,15.8100004196167,15.949999809265137,275500.0,15.697967529296875
2020-10-08,16.350000381469727,15.970000267028809,16.049999237060547,16.329999923706055,156500.0,16.071964263916016
2020-10-09,16.440000534057617,16.149999618530273,16.399999618530273,16.360000610351562,229500.0,16.101490020751953
2020-10-12,16.350000381469727,15.829999923706055,16.229999542236328,15.869999885559082,282700.0,15.619232177734375
2020-10-13,15.819999694824219,15.390000343322754,15.819999694824219,15.460000038146973,240800.0,15.215710639953613
2020-10-14,15.5,15.300000190734863,15.34000015258789,15.380000114440918,261700.0,15.136975288391113
2020-10-15,15.930000305175781,15.210000038146973,15.289999961853027,15.899999618530273,188900.0,15.648757934570312
2020-10-16,15.9399995803833,15.609999656677246,15.899999618530273,15.65999984741211,207900.0,15.41254997253418
2020-10-19,16.0,15.729999542236328,15.8100004196167,15.789999961853027,323600.0,15.540495872497559
2020-10-20,16.059999465942383,15.789999961853027,15.789999961853027,15.850000381469727,145600.0,15.59954833984375
2020-10-21,16.09000015258789,15.8100004196167,15.8100004196167,15.960000038146973,182300.0,15.707810401916504
2020-10-22,16.420000076293945,15.899999618530273,15.970000267028809,16.3700008392334,168900.0,16.111331939697266
2020-10-23,16.65999984741211,16.200000762939453,16.65999984741211,16.3700008392334,146800.0,16.111331939697266
2020-10-26,16.43000030517578,16.059999465942383,16.209999084472656,16.360000610351562,267700.0,16.101490020751953
2020-10-27,16.399999618530273,15.84000015258789,16.389999389648438,15.869999885559082,153400.0,15.619232177734375
2020-10-28,16.0,15.520000457763672,15.649999618530273,15.729999542236328,193600.0,15.481444358825684
2020-10-29,16.020000457763672,15.550000190734863,15.699999809265137,16.0,213300.0,15.747178077697754
2020-10-30,16.1200008392334,15.65999984741211,15.859999656677246,15.710000038146973,221300.0,15.461760520935059
2020-11-02,15.920000076293945,15.640000343322754,15.760000228881836,15.75,212100.0,15.501128196716309
2020-11-03,16.049999237060547,15.800000190734863,15.989999771118164,15.869999885559082,238600.0,15.619232177734375
2020-11-04,15.609999656677246,14.960000038146973,15.300000190734863,15.010000228881836,278600.0,14.772821426391602
2020-11-05,15.569999694824219,14.989999771118164,14.989999771118164,15.430000305175781,220100.0,15.186184883117676
2020-11-06,15.539999961853027,15.119999885559082,15.449999809265137,15.180000305175781,211900.0,14.940135955810547
2020-11-09,16.84000015258789,15.789999961853027,15.789999961853027,16.280000686645508,342000.0,16.022754669189453
2020-11-10,16.690000534057617,16.350000381469727,16.450000762939453,16.440000534057617,179300.0,16.180225372314453
2020-11-11,16.670000076293945,16.059999465942383,16.670000076293945,16.139999389648438,157100.0,15.884964942932129
2020-11-12,15.949999809265137,15.640000343322754,15.899999618530273,15.850000381469727,127900.0,15.59954833984375
2020-11-13,16.040000915527344,15.899999618530273,15.899999618530273,15.960000038146973,201300.0,15.707810401916504
2020-11-16,16.600000381469727,16.170000076293945,16.559999465942383,16.5,255500.0,16.239276885986328
2020-11-17,16.43000030517578,16.139999389648438,16.360000610351562,16.389999389648438,198300.0,16.13101577758789
2020-11-18,16.639999389648438,16.399999618530273,16.43000030517578,16.420000076293945,165800.0,16.160541534423828
2020-11-19,16.760000228881836,16.209999084472656,16.3799991607666,16.75,157100.0,16.485326766967773
2020-11-20,16.950000762939453,16.579999923706055,16.739999771118164,16.940000534057617,185200.0,16.672325134277344
2020-11-23,17.469999313354492,16.950000762939453,17.100000381469727,17.440000534057617,204800.0,17.164424896240234
2020-11-24,17.940000534057617,17.68000030517578,17.780000686645508,17.90999984741211,140600.0,17.626996994018555
2020-11-25,18.110000610351562,17.559999465942383,17.899999618530273,18.110000610351562,197100.0,17.823837280273438
2020-11-27,18.190000534057617,17.649999618530273,18.190000534057617,17.719999313354492,100100.0,17.439998626708984
2020-11-30,17.450000762939453,17.1299991607666,17.239999771118164,17.200000762939453,235600.0,17.200000762939453
2020-12-01,17.6200008392334,17.290000915527344,17.3799991607666,17.579999923706055,176200.0,17.579999923706055
2020-12-02,17.760000228881836,17.399999618530273,17.6200008392334,17.530000686645508,192600.0,17.530000686645508
2020-12-03,17.700000762939453,17.299999237060547,17.600000381469727,17.459999084472656,165100.0,17.459999084472656
2020-12-04,17.790000915527344,17.440000534057617,17.59000015258789,17.6200008392334,109600.0,17.6200008392334
2020-12-07,17.690000534057617,17.280000686645508,17.520000457763672,17.5,126800.0,17.5
2020-12-08,17.5,17.299999237060547,17.3799991607666,17.40999984741211,90500.0,17.40999984741211
2020-12-09,17.729999542236328,17.3799991607666,17.40999984741211,17.540000915527344,155300.0,17.540000915527344
2020-12-10,17.65999984741211,17.3799991607666,17.540000915527344,17.649999618530273,144400.0,17.649999618530273
2020-12-11,17.8799991607666,17.5,17.5,17.68000030517578,174300.0,17.68000030517578
2020-12-14,18.049999237060547,17.670000076293945,17.8799991607666,17.670000076293945,233300.0,17.670000076293945
2020-12-15,17.860000610351562,17.56999969482422,17.780000686645508,17.729999542236328,231900.0,17.729999542236328
2020-12-16,17.719999313354492,17.5,17.719999313354492,17.579999923706055,237400.0,17.579999923706055
2020-12-17,17.799999237060547,17.3799991607666,17.56999969482422,17.770000457763672,196000.0,17.770000457763672
2020-12-18,18.049999237060547,17.729999542236328,17.850000381469727,17.809999465942383,1134500.0,17.809999465942383
2020-12-21,17.739999771118164,17.309999465942383,17.68000030517578,17.469999313354492,191100.0,17.469999313354492
2020-12-22,17.5,17.209999084472656,17.450000762939453,17.270000457763672,103800.0,17.270000457763672
2020-12-23,17.829999923706055,17.299999237060547,17.299999237060547,17.81999969482422,227600.0,17.81999969482422
2020-12-24,17.84000015258789,17.440000534057617,17.84000015258789,17.649999618530273,69200.0,17.649999618530273
2020-12-28,17.850000381469727,17.59000015258789,17.75,17.6200008392334,102200.0,17.6200008392334
2020-12-29,17.639999389648438,17.31999969482422,17.639999389648438,17.3799991607666,135300.0,17.3799991607666
2020-12-30,17.670000076293945,17.350000381469727,17.350000381469727,17.489999771118164,99700.0,17.489999771118164
2020-12-31,17.65999984741211,17.3799991607666,17.3799991607666,17.6299991607666,73200.0,17.6299991607666
2021-01-04,17.84000015258789,17.510000228881836,17.739999771118164,17.690000534057617,287300.0,17.690000534057617
2021-01-05,17.889999389648438,17.56999969482422,17.579999923706055,17.790000915527344,257400.0,17.790000915527344
2021-01-06,19.040000915527344,17.90999984741211,18.0,19.010000228881836,222000.0,19.010000228881836
2021-01-07,19.31999969482422,18.65999984741211,19.18000030517578,18.790000915527344,206000.0,18.790000915527344
2021-01-08,19.020000457763672,18.25,18.950000762939453,18.549999237060547,144800.0,18.549999237060547
2021-01-11,18.790000915527344,18.469999313354492,18.549999237060547,18.610000610351562,137600.0,18.610000610351562
2021-01-12,19.18000030517578,18.59000015258789,18.6299991607666,19.170000076293945,221500.0,19.170000076293945
2021-01-13,19.139999389648438,18.6299991607666,19.139999389648438,19.079999923706055,160100.0,19.079999923706055
2021-01-14,19.579999923706055,18.860000610351562,19.149999618530273,19.479999542236328,189500.0,19.479999542236328
2021-01-15,19.489999771118164,19.0,19.280000686645508,19.200000762939453,314200.0,19.200000762939453
2021-01-19,19.350000381469727,18.829999923706055,19.229999542236328,19.0,384200.0,19.0
2021-01-20,19.049999237060547,18.719999313354492,19.0,19.0,238600.0,19.0
2021-01-21,19.0,18.719999313354492,18.93000030517578,18.8799991607666,240000.0,18.8799991607666
2021-01-22,19.059999465942383,18.6299991607666,18.690000534057617,19.049999237060547,183200.0,19.049999237060547
2021-01-25,19.350000381469727,18.690000534057617,19.0,19.200000762939453,232100.0,19.200000762939453
2021-01-26,19.190000534057617,18.899999618530273,19.190000534057617,18.950000762939453,157500.0,18.950000762939453
2021-01-27,18.760000228881836,18.18000030517578,18.639999389648438,18.190000534057617,194200.0,18.190000534057617
2021-01-28,18.709999084472656,18.010000228881836,18.1200008392334,18.510000228881836,169700.0,18.510000228881836
2021-01-29,18.43000030517578,17.6200008392334,18.110000610351562,17.670000076293945,338100.0,17.670000076293945
2021-02-01,18.0,17.59000015258789,17.920000076293945,17.600000381469727,224100.0,17.600000381469727
2021-02-02,18.010000228881836,17.600000381469727,17.739999771118164,17.639999389648438,185400.0,17.639999389648438
2021-02-03,17.829999923706055,17.34000015258789,17.739999771118164,17.450000762939453,231200.0,17.450000762939453
2021-02-04,17.799999237060547,17.510000228881836,17.510000228881836,17.729999542236328,196100.0,17.729999542236328
2021-02-05,17.93000030517578,17.489999771118164,17.760000228881836,17.530000686645508,289500.0,17.530000686645508
