"","date","CXW"
"1","2007-01-03",22.809999
"2","2007-01-04",22.6
"3","2007-01-05",21.799999
"4","2007-01-08",22.18
"5","2007-01-09",22.235001
"6","2007-01-10",22.375
"7","2007-01-11",22.530001
"8","2007-01-12",22.905001
"9","2007-01-16",22.950001
"10","2007-01-17",23.450001
"11","2007-01-18",23.35
"12","2007-01-19",24.57
"13","2007-01-22",24.610001
"14","2007-01-23",24.915001
"15","2007-01-24",24.950001
"16","2007-01-25",24.549999
"17","2007-01-26",24.440001
"18","2007-01-29",24.73
"19","2007-01-30",24.25
"20","2007-01-31",24.360001
"21","2007-02-01",24.450001
"22","2007-02-02",24.535
"23","2007-02-05",24.360001
"24","2007-02-06",24.764999
"25","2007-02-07",24.605
"26","2007-02-08",26.375
"27","2007-02-09",26.370001
"28","2007-02-12",26.26
"29","2007-02-13",26.389999
"30","2007-02-14",26.52
"31","2007-02-15",26.530001
"32","2007-02-16",26.559999
"33","2007-02-20",26.77
"34","2007-02-21",26.5
"35","2007-02-22",26.635
"36","2007-02-23",26.764999
"37","2007-02-26",26.700001
"38","2007-02-27",26.215
"39","2007-02-28",26.165001
"40","2007-03-01",25.82
"41","2007-03-02",25.504999
"42","2007-03-05",24.85
"43","2007-03-06",25.885
"44","2007-03-07",25.860001
"45","2007-03-08",25.915001
"46","2007-03-09",25.785
"47","2007-03-12",26.065001
"48","2007-03-13",25.73
"49","2007-03-14",25.65
"50","2007-03-15",25.195
"51","2007-03-16",25.1
"52","2007-03-19",25.09
"53","2007-03-20",25.51
"54","2007-03-21",25.924999
"55","2007-03-22",25.775
"56","2007-03-23",25.65
"57","2007-03-26",26.32
"58","2007-03-27",25.959999
"59","2007-03-28",25.575001
"60","2007-03-29",26.014999
"61","2007-03-30",26.405001
"62","2007-04-02",26.77
"63","2007-04-03",26.549999
"64","2007-04-04",26.719999
"65","2007-04-05",26.280001
"66","2007-04-09",26.549999
"67","2007-04-10",26.440001
"68","2007-04-11",26.43
"69","2007-04-12",26.450001
"70","2007-04-13",26.815001
"71","2007-04-16",26.98
"72","2007-04-17",27.225
"73","2007-04-18",27.26
"74","2007-04-19",27.014999
"75","2007-04-20",27.34
"76","2007-04-23",27.625
"77","2007-04-24",27.77
"78","2007-04-25",27.725
"79","2007-04-26",28.49
"80","2007-04-27",28.754999
"81","2007-04-30",28.4
"82","2007-05-01",28.514999
"83","2007-05-02",28.625
"84","2007-05-03",29.629999
"85","2007-05-04",29.895
"86","2007-05-07",30.09
"87","2007-05-08",30.25
"88","2007-05-09",30.370001
"89","2007-05-10",29.934999
"90","2007-05-11",29.940001
"91","2007-05-14",29.66
"92","2007-05-15",29.629999
"93","2007-05-16",29.700001
"94","2007-05-17",29.655001
"95","2007-05-18",30.07
"96","2007-05-21",30.535
"97","2007-05-22",30.865
"98","2007-05-23",31.205
"99","2007-05-24",31.115
"100","2007-05-25",31.605
"101","2007-05-29",31.495001
"102","2007-05-30",32.314999
"103","2007-05-31",32.400002
"104","2007-06-01",32.064999
"105","2007-06-04",32.485001
"106","2007-06-05",32.130001
"107","2007-06-06",31.395
"108","2007-06-07",31.76
"109","2007-06-08",32.174999
"110","2007-06-11",32.115002
"111","2007-06-12",31.799999
"112","2007-06-13",32
"113","2007-06-14",32.255001
"114","2007-06-15",32.450001
"115","2007-06-18",32.560001
"116","2007-06-19",32.825001
"117","2007-06-20",32.575001
"118","2007-06-21",32.580002
"119","2007-06-22",32.169998
"120","2007-06-25",31.540001
"121","2007-06-26",31.4
"122","2007-06-27",31.385
"123","2007-06-28",31.605
"124","2007-06-29",31.555
"125","2007-07-02",31.855
"126","2007-07-03",32.150002
"127","2007-07-05",33.005001
"128","2007-07-06",32.990002
"129","2007-07-09",32.540001
"130","2007-07-10",31.83
"131","2007-07-11",31.870001
"132","2007-07-12",31.74
"133","2007-07-13",31.68
"134","2007-07-16",31.290001
"135","2007-07-17",31.299999
"136","2007-07-18",31.110001
"137","2007-07-19",31.450001
"138","2007-07-20",31
"139","2007-07-23",30.48
"140","2007-07-24",29.82
"141","2007-07-25",29.389999
"142","2007-07-26",28.67
"143","2007-07-27",28.25
"144","2007-07-30",28.49
"145","2007-07-31",28.85
"146","2007-08-01",29.18
"147","2007-08-02",29.549999
"148","2007-08-03",29.9
"149","2007-08-06",29.780001
"150","2007-08-07",26.059999
"151","2007-08-08",26.66
"152","2007-08-09",27.809999
"153","2007-08-10",27.540001
"154","2007-08-13",27.700001
"155","2007-08-14",26.35
"156","2007-08-15",25.540001
"157","2007-08-16",25.059999
"158","2007-08-17",25.41
"159","2007-08-20",26.709999
"160","2007-08-21",25.889999
"161","2007-08-22",26.559999
"162","2007-08-23",26.09
"163","2007-08-24",25.950001
"164","2007-08-27",25.35
"165","2007-08-28",24.5
"166","2007-08-29",24.700001
"167","2007-08-30",24.629999
"168","2007-08-31",25.66
"169","2007-09-04",25.540001
"170","2007-09-05",25.9
"171","2007-09-06",25.99
"172","2007-09-07",25.77
"173","2007-09-10",26.07
"174","2007-09-11",26.59
"175","2007-09-12",26.16
"176","2007-09-13",26.700001
"177","2007-09-14",26.85
"178","2007-09-17",26.549999
"179","2007-09-18",27.26
"180","2007-09-19",27.6
"181","2007-09-20",27.040001
"182","2007-09-21",27.48
"183","2007-09-24",26.75
"184","2007-09-25",25.98
"185","2007-09-26",25.450001
"186","2007-09-27",26.16
"187","2007-09-28",26.17
"188","2007-10-01",25.629999
"189","2007-10-02",25.48
"190","2007-10-03",25.129999
"191","2007-10-04",25.309999
"192","2007-10-05",26.92
"193","2007-10-08",27.5
"194","2007-10-09",26.889999
"195","2007-10-10",26.940001
"196","2007-10-11",27.379999
"197","2007-10-12",27.83
"198","2007-10-15",27.120001
"199","2007-10-16",26.98
"200","2007-10-17",27.110001
"201","2007-10-18",27.059999
"202","2007-10-19",26.610001
"203","2007-10-22",26.950001
"204","2007-10-23",26.940001
"205","2007-10-24",26.58
"206","2007-10-25",27.25
"207","2007-10-26",27.41
"208","2007-10-29",28.950001
"209","2007-10-30",28.59
"210","2007-10-31",28.290001
"211","2007-11-01",28.25
"212","2007-11-02",27.950001
"213","2007-11-05",26.940001
"214","2007-11-06",27.26
"215","2007-11-07",26.65
"216","2007-11-08",28.9
"217","2007-11-09",28.76
"218","2007-11-12",28.43
"219","2007-11-13",29.360001
"220","2007-11-14",28.99
"221","2007-11-15",29.02
"222","2007-11-16",28.6
"223","2007-11-19",28.190001
"224","2007-11-20",28.790001
"225","2007-11-21",28.030001
"226","2007-11-23",28.42
"227","2007-11-26",28.34
"228","2007-11-27",28.77
"229","2007-11-28",29.42
"230","2007-11-29",30.01
"231","2007-11-30",30.51
"232","2007-12-03",30.18
"233","2007-12-04",30.870001
"234","2007-12-05",30.85
"235","2007-12-06",30.99
"236","2007-12-07",30.91
"237","2007-12-10",31.049999
"238","2007-12-11",29.950001
"239","2007-12-12",29.780001
"240","2007-12-13",29.74
"241","2007-12-14",29.790001
"242","2007-12-17",29.52
"243","2007-12-18",29.440001
"244","2007-12-19",30.02
"245","2007-12-20",30.299999
"246","2007-12-21",29.200001
"247","2007-12-24",29.450001
"248","2007-12-26",29.48
"249","2007-12-27",28.969999
"250","2007-12-28",29.129999
"251","2007-12-31",29.51
"252","2008-01-02",28.959999
"253","2008-01-03",29.639999
"254","2008-01-04",28.549999
"255","2008-01-07",27.41
"256","2008-01-08",27.49
"257","2008-01-09",28.219999
"258","2008-01-10",27.799999
"259","2008-01-11",27.48
"260","2008-01-14",26.969999
"261","2008-01-15",26.540001
"262","2008-01-16",25.93
"263","2008-01-17",25.85
"264","2008-01-18",25.93
"265","2008-01-22",25
"266","2008-01-23",25.5
"267","2008-01-24",25.17
"268","2008-01-25",25
"269","2008-01-28",26.18
"270","2008-01-29",26.620001
"271","2008-01-30",26.040001
"272","2008-01-31",26.469999
"273","2008-02-01",24.85
"274","2008-02-04",25.120001
"275","2008-02-05",23.76
"276","2008-02-06",23.02
"277","2008-02-07",25.209999
"278","2008-02-08",25.809999
"279","2008-02-11",25.450001
"280","2008-02-12",25.700001
"281","2008-02-13",26.42
"282","2008-02-14",25.860001
"283","2008-02-15",26.18
"284","2008-02-19",26.809999
"285","2008-02-20",26.709999
"286","2008-02-21",26.620001
"287","2008-02-22",26.65
"288","2008-02-25",26.700001
"289","2008-02-26",27.309999
"290","2008-02-27",27.42
"291","2008-02-28",27.129999
"292","2008-02-29",26.860001
"293","2008-03-03",26.84
"294","2008-03-04",27.440001
"295","2008-03-05",27.870001
"296","2008-03-06",27.25
"297","2008-03-07",27.07
"298","2008-03-10",26.4
"299","2008-03-11",26.66
"300","2008-03-12",26.58
"301","2008-03-13",26.700001
"302","2008-03-14",26.08
"303","2008-03-17",25.629999
"304","2008-03-18",27
"305","2008-03-19",26.809999
"306","2008-03-20",27.25
"307","2008-03-24",27.42
"308","2008-03-25",27.709999
"309","2008-03-26",27.719999
"310","2008-03-27",27.52
"311","2008-03-28",27.209999
"312","2008-03-31",27.52
"313","2008-04-01",28.129999
"314","2008-04-02",27.77
"315","2008-04-03",27.860001
"316","2008-04-04",28.35
"317","2008-04-07",28.27
"318","2008-04-08",27.76
"319","2008-04-09",26.98
"320","2008-04-10",26.799999
"321","2008-04-11",26.33
"322","2008-04-14",26.17
"323","2008-04-15",26.27
"324","2008-04-16",26.780001
"325","2008-04-17",26.67
"326","2008-04-18",26.950001
"327","2008-04-21",26.73
"328","2008-04-22",26.18
"329","2008-04-23",26.440001
"330","2008-04-24",26.389999
"331","2008-04-25",26.43
"332","2008-04-28",26.190001
"333","2008-04-29",25.6
"334","2008-04-30",25.5
"335","2008-05-01",26.530001
"336","2008-05-02",26.17
"337","2008-05-05",25.77
"338","2008-05-06",26.799999
"339","2008-05-07",26.01
"340","2008-05-08",25.23
"341","2008-05-09",24.59
"342","2008-05-12",25.34
"343","2008-05-13",26.190001
"344","2008-05-14",25.74
"345","2008-05-15",26
"346","2008-05-16",25.790001
"347","2008-05-19",25.610001
"348","2008-05-20",25.700001
"349","2008-05-21",25.5
"350","2008-05-22",25.440001
"351","2008-05-23",25.389999
"352","2008-05-27",25.6
"353","2008-05-28",25.59
"354","2008-05-29",25.5
"355","2008-05-30",25.780001
"356","2008-06-02",26.01
"357","2008-06-03",26.24
"358","2008-06-04",26.26
"359","2008-06-05",26.49
"360","2008-06-06",26.059999
"361","2008-06-09",25.74
"362","2008-06-10",25.92
"363","2008-06-11",25.92
"364","2008-06-12",26.01
"365","2008-06-13",26.57
"366","2008-06-16",26.32
"367","2008-06-17",26.59
"368","2008-06-18",26.65
"369","2008-06-19",27.25
"370","2008-06-20",26.530001
"371","2008-06-23",26.5
"372","2008-06-24",26.219999
"373","2008-06-25",26.83
"374","2008-06-26",26.57
"375","2008-06-27",27.129999
"376","2008-06-30",27.469999
"377","2008-07-01",27.48
"378","2008-07-02",27.129999
"379","2008-07-03",26.57
"380","2008-07-07",26.41
"381","2008-07-08",26.959999
"382","2008-07-09",26.52
"383","2008-07-10",26.85
"384","2008-07-11",27
"385","2008-07-14",26.540001
"386","2008-07-15",26.219999
"387","2008-07-16",26.780001
"388","2008-07-17",27.040001
"389","2008-07-18",27.049999
"390","2008-07-21",27.280001
"391","2008-07-22",28.27
"392","2008-07-23",27.84
"393","2008-07-24",27.610001
"394","2008-07-25",27.93
"395","2008-07-28",27.84
"396","2008-07-29",28.290001
"397","2008-07-30",27.99
"398","2008-07-31",28.030001
"399","2008-08-01",28.42
"400","2008-08-04",28.74
"401","2008-08-05",28.24
"402","2008-08-06",28.26
"403","2008-08-07",25.98
"404","2008-08-08",26.75
"405","2008-08-11",27.1
"406","2008-08-12",27.27
"407","2008-08-13",27.58
"408","2008-08-14",28.209999
"409","2008-08-15",27.799999
"410","2008-08-18",27.67
"411","2008-08-19",27.23
"412","2008-08-20",27.25
"413","2008-08-21",26.690001
"414","2008-08-22",26.84
"415","2008-08-25",26.219999
"416","2008-08-26",26.559999
"417","2008-08-27",26.51
"418","2008-08-28",26.860001
"419","2008-08-29",26.6
"420","2008-09-02",27
"421","2008-09-03",27.040001
"422","2008-09-04",27.02
"423","2008-09-05",26.74
"424","2008-09-08",26.5
"425","2008-09-09",26.299999
"426","2008-09-10",26.379999
"427","2008-09-11",26.389999
"428","2008-09-12",26.85
"429","2008-09-15",26.58
"430","2008-09-16",26.450001
"431","2008-09-17",25.66
"432","2008-09-18",25.459999
"433","2008-09-19",25.540001
"434","2008-09-22",24.34
"435","2008-09-23",24.280001
"436","2008-09-24",23.360001
"437","2008-09-25",24.629999
"438","2008-09-26",25.26
"439","2008-09-29",24.969999
"440","2008-09-30",24.85
"441","2008-10-01",24.58
"442","2008-10-02",23.780001
"443","2008-10-03",23.24
"444","2008-10-06",22.17
"445","2008-10-07",21.16
"446","2008-10-08",21.129999
"447","2008-10-09",19
"448","2008-10-10",18.58
"449","2008-10-13",19.290001
"450","2008-10-14",18.4
"451","2008-10-15",16.469999
"452","2008-10-16",16.549999
"453","2008-10-17",17.67
"454","2008-10-20",18.639999
"455","2008-10-21",18.219999
"456","2008-10-22",17.610001
"457","2008-10-23",17.030001
"458","2008-10-24",16.66
"459","2008-10-27",16.24
"460","2008-10-28",17.610001
"461","2008-10-29",17.639999
"462","2008-10-30",18.530001
"463","2008-10-31",19.110001
"464","2008-11-03",19.200001
"465","2008-11-04",19.549999
"466","2008-11-05",18.85
"467","2008-11-06",16.110001
"468","2008-11-07",15.24
"469","2008-11-10",13.76
"470","2008-11-11",12.43
"471","2008-11-12",12.23
"472","2008-11-13",13.74
"473","2008-11-14",12.84
"474","2008-11-17",13.64
"475","2008-11-18",13.92
"476","2008-11-19",13.98
"477","2008-11-20",14.31
"478","2008-11-21",16.040001
"479","2008-11-24",16.26
"480","2008-11-25",16.209999
"481","2008-11-26",17.799999
"482","2008-11-28",18.09
"483","2008-12-01",16.73
"484","2008-12-02",16.82
"485","2008-12-03",16.74
"486","2008-12-04",16.66
"487","2008-12-05",17.02
"488","2008-12-08",16.719999
"489","2008-12-09",16.290001
"490","2008-12-10",16.77
"491","2008-12-11",15.81
"492","2008-12-12",15.4
"493","2008-12-15",15.16
"494","2008-12-16",16.190001
"495","2008-12-17",16.25
"496","2008-12-18",16.32
"497","2008-12-19",16.35
"498","2008-12-22",15.79
"499","2008-12-23",15.52
"500","2008-12-24",15.94
"501","2008-12-26",16.049999
"502","2008-12-29",15.5
"503","2008-12-30",15.79
"504","2008-12-31",16.360001
"505","2009-01-02",16.77
"506","2009-01-05",16.870001
"507","2009-01-06",17.360001
"508","2009-01-07",16.82
"509","2009-01-08",16.9
"510","2009-01-09",16.450001
"511","2009-01-12",15.75
"512","2009-01-13",15.2
"513","2009-01-14",14.77
"514","2009-01-15",14.85
"515","2009-01-16",15.04
"516","2009-01-20",14.18
"517","2009-01-21",14.8
"518","2009-01-22",14.76
"519","2009-01-23",14.15
"520","2009-01-26",14.22
"521","2009-01-27",14.34
"522","2009-01-28",14.68
"523","2009-01-29",14.3
"524","2009-01-30",13.78
"525","2009-02-02",13.99
"526","2009-02-03",14.15
"527","2009-02-04",14.4
"528","2009-02-05",14.6
"529","2009-02-06",15.57
"530","2009-02-09",15.02
"531","2009-02-10",11
"532","2009-02-11",11.63
"533","2009-02-12",11.16
"534","2009-02-13",10.8
"535","2009-02-17",10.44
"536","2009-02-18",10.73
"537","2009-02-19",10.67
"538","2009-02-20",11.17
"539","2009-02-23",10.07
"540","2009-02-24",10.68
"541","2009-02-25",10.41
"542","2009-02-26",10.38
"543","2009-02-27",10.62
"544","2009-03-02",10.52
"545","2009-03-03",10.1
"546","2009-03-04",10.46
"547","2009-03-05",10.03
"548","2009-03-06",9.82
"549","2009-03-09",9.96
"550","2009-03-10",10.95
"551","2009-03-11",11.38
"552","2009-03-12",12.22
"553","2009-03-13",13.09
"554","2009-03-16",12.86
"555","2009-03-17",12.88
"556","2009-03-18",13.15
"557","2009-03-19",12.94
"558","2009-03-20",12.75
"559","2009-03-23",13.94
"560","2009-03-24",13.45
"561","2009-03-25",13.59
"562","2009-03-26",13.9
"563","2009-03-27",13.24
"564","2009-03-30",12.68
"565","2009-03-31",12.81
"566","2009-04-01",13.4
"567","2009-04-02",14.49
"568","2009-04-03",14.2
"569","2009-04-06",14.45
"570","2009-04-07",14.5
"571","2009-04-08",14.26
"572","2009-04-09",14.9
"573","2009-04-13",14.9
"574","2009-04-14",14.65
"575","2009-04-15",14.91
"576","2009-04-16",15.24
"577","2009-04-17",15.28
"578","2009-04-20",14.26
"579","2009-04-21",14.29
"580","2009-04-22",13.33
"581","2009-04-23",13.1
"582","2009-04-24",13.9
"583","2009-04-27",13.39
"584","2009-04-28",13.59
"585","2009-04-29",13.91
"586","2009-04-30",14.13
"587","2009-05-01",13.38
"588","2009-05-04",13.8
"589","2009-05-05",14.04
"590","2009-05-06",14.14
"591","2009-05-07",16.860001
"592","2009-05-08",17.049999
"593","2009-05-11",16.34
"594","2009-05-12",15.89
"595","2009-05-13",15.14
"596","2009-05-14",15.46
"597","2009-05-15",15.19
"598","2009-05-18",15.7
"599","2009-05-19",15.72
"600","2009-05-20",15.53
"601","2009-05-21",15.28
"602","2009-05-22",15.16
"603","2009-05-26",15.52
"604","2009-05-27",15.17
"605","2009-05-28",15.11
"606","2009-05-29",15.35
"607","2009-06-01",16.209999
"608","2009-06-02",16.26
"609","2009-06-03",16.440001
"610","2009-06-04",16.299999
"611","2009-06-05",16.42
"612","2009-06-08",16.25
"613","2009-06-09",16.559999
"614","2009-06-10",16.549999
"615","2009-06-11",16.709999
"616","2009-06-12",16.66
"617","2009-06-15",16.200001
"618","2009-06-16",16.08
"619","2009-06-17",16.030001
"620","2009-06-18",16.219999
"621","2009-06-19",16.389999
"622","2009-06-22",16.1
"623","2009-06-23",16.26
"624","2009-06-24",16.639999
"625","2009-06-25",16.74
"626","2009-06-26",16.879999
"627","2009-06-29",17.08
"628","2009-06-30",16.99
"629","2009-07-01",16.969999
"630","2009-07-02",16.559999
"631","2009-07-06",16.620001
"632","2009-07-07",16.48
"633","2009-07-08",16.17
"634","2009-07-09",16.17
"635","2009-07-10",16
"636","2009-07-13",16.290001
"637","2009-07-14",16.540001
"638","2009-07-15",17.209999
"639","2009-07-16",17.379999
"640","2009-07-17",17.42
"641","2009-07-20",17.41
"642","2009-07-21",17.51
"643","2009-07-22",17.370001
"644","2009-07-23",17.48
"645","2009-07-24",17.389999
"646","2009-07-27",17.52
"647","2009-07-28",17.299999
"648","2009-07-29",17.1
"649","2009-07-30",17.280001
"650","2009-07-31",17.26
"651","2009-08-03",17.870001
"652","2009-08-04",18.120001
"653","2009-08-05",17.75
"654","2009-08-06",19.4
"655","2009-08-07",19.969999
"656","2009-08-10",20.549999
"657","2009-08-11",20.26
"658","2009-08-12",20.59
"659","2009-08-13",20.43
"660","2009-08-14",20.629999
"661","2009-08-17",19.68
"662","2009-08-18",20.200001
"663","2009-08-19",20.35
"664","2009-08-20",20.709999
"665","2009-08-21",20.780001
"666","2009-08-24",20.610001
"667","2009-08-25",20.6
"668","2009-08-26",20.299999
"669","2009-08-27",20.309999
"670","2009-08-28",20.219999
"671","2009-08-31",19.84
"672","2009-09-01",19.59
"673","2009-09-02",20.09
"674","2009-09-03",20.440001
"675","2009-09-04",21.01
"676","2009-09-08",21
"677","2009-09-09",21.23
"678","2009-09-10",21.5
"679","2009-09-11",21.98
"680","2009-09-14",22.549999
"681","2009-09-15",22.6
"682","2009-09-16",23.110001
"683","2009-09-17",22.780001
"684","2009-09-18",22.620001
"685","2009-09-21",22.49
"686","2009-09-22",22.23
"687","2009-09-23",21.860001
"688","2009-09-24",21.52
"689","2009-09-25",21.139999
"690","2009-09-28",21.969999
"691","2009-09-29",22.23
"692","2009-09-30",22.65
"693","2009-10-01",22.66
"694","2009-10-02",22.709999
"695","2009-10-05",22.84
"696","2009-10-06",23.34
"697","2009-10-07",23.42
"698","2009-10-08",23.809999
"699","2009-10-09",24.059999
"700","2009-10-12",23.59
"701","2009-10-13",23.68
"702","2009-10-14",24.200001
"703","2009-10-15",24.280001
"704","2009-10-16",24.690001
"705","2009-10-19",24.440001
"706","2009-10-20",25.67
"707","2009-10-21",25.25
"708","2009-10-22",25.5
"709","2009-10-23",25.110001
"710","2009-10-26",25.6
"711","2009-10-27",25.280001
"712","2009-10-28",24.52
"713","2009-10-29",24.77
"714","2009-10-30",23.940001
"715","2009-11-02",24.690001
"716","2009-11-03",25.16
"717","2009-11-04",25.49
"718","2009-11-05",25.26
"719","2009-11-06",25.809999
"720","2009-11-09",26.200001
"721","2009-11-10",25.75
"722","2009-11-11",25.809999
"723","2009-11-12",25.120001
"724","2009-11-13",24.92
"725","2009-11-16",25.190001
"726","2009-11-17",25.17
"727","2009-11-18",24.629999
"728","2009-11-19",24.190001
"729","2009-11-20",24.15
"730","2009-11-23",24.74
"731","2009-11-24",25.18
"732","2009-11-25",25.33
"733","2009-11-27",25.02
"734","2009-11-30",24.99
"735","2009-12-01",25.25
"736","2009-12-02",25.450001
"737","2009-12-03",25.219999
"738","2009-12-04",25.040001
"739","2009-12-07",24.75
"740","2009-12-08",24.42
"741","2009-12-09",24.51
"742","2009-12-10",24.799999
"743","2009-12-11",24.84
"744","2009-12-14",25.41
"745","2009-12-15",25.48
"746","2009-12-16",25.360001
"747","2009-12-17",24.780001
"748","2009-12-18",24.65
"749","2009-12-21",24.93
"750","2009-12-22",24.52
"751","2009-12-23",24.57
"752","2009-12-24",24.75
"753","2009-12-28",25.030001
"754","2009-12-29",25
"755","2009-12-30",24.940001
"756","2009-12-31",24.549999
"757","2010-01-04",24.98
"758","2010-01-05",24.889999
"759","2010-01-06",24.690001
"760","2010-01-07",24.969999
"761","2010-01-08",24.940001
"762","2010-01-11",24.540001
"763","2010-01-12",23.879999
"764","2010-01-13",23.24
"765","2010-01-14",23.58
"766","2010-01-15",23.280001
"767","2010-01-19",23.129999
"768","2010-01-20",22.65
"769","2010-01-21",20.450001
"770","2010-01-22",20.32
"771","2010-01-25",20.219999
"772","2010-01-26",19.629999
"773","2010-01-27",19.389999
"774","2010-01-28",19.02
"775","2010-01-29",18.709999
"776","2010-02-01",19
"777","2010-02-02",18.74
"778","2010-02-03",18.68
"779","2010-02-04",18
"780","2010-02-05",17.950001
"781","2010-02-08",17.860001
"782","2010-02-09",17.83
"783","2010-02-10",18.450001
"784","2010-02-11",19.23
"785","2010-02-12",19.57
"786","2010-02-16",20
"787","2010-02-17",20.040001
"788","2010-02-18",20.65
"789","2010-02-19",20.610001
"790","2010-02-22",20.889999
"791","2010-02-23",20.73
"792","2010-02-24",20.85
"793","2010-02-25",21.209999
"794","2010-02-26",21.4
"795","2010-03-01",21.370001
"796","2010-03-02",20.52
"797","2010-03-03",20.620001
"798","2010-03-04",20.73
"799","2010-03-05",21.190001
"800","2010-03-08",21.059999
"801","2010-03-09",21.049999
"802","2010-03-10",21.07
"803","2010-03-11",20.99
"804","2010-03-12",20.709999
"805","2010-03-15",20.75
"806","2010-03-16",21
"807","2010-03-17",20.67
"808","2010-03-18",20.379999
"809","2010-03-19",19.83
"810","2010-03-22",19.65
"811","2010-03-23",19.4
"812","2010-03-24",19.5
"813","2010-03-25",19.639999
"814","2010-03-26",19.610001
"815","2010-03-29",19.82
"816","2010-03-30",19.870001
"817","2010-03-31",19.860001
"818","2010-04-01",19.799999
"819","2010-04-05",19.82
"820","2010-04-06",19.67
"821","2010-04-07",19.549999
"822","2010-04-08",19.6
"823","2010-04-09",19.66
"824","2010-04-12",19.709999
"825","2010-04-13",20.52
"826","2010-04-14",20.639999
"827","2010-04-15",20.799999
"828","2010-04-16",20.92
"829","2010-04-19",21.23
"830","2010-04-20",21.309999
"831","2010-04-21",21.33
"832","2010-04-22",21.290001
"833","2010-04-23",21.450001
"834","2010-04-26",21.549999
"835","2010-04-27",20.43
"836","2010-04-28",20.959999
"837","2010-04-29",21.08
"838","2010-04-30",20.719999
"839","2010-05-03",21.15
"840","2010-05-04",20.75
"841","2010-05-05",20.6
"842","2010-05-06",20.24
"843","2010-05-07",19.360001
"844","2010-05-10",20.040001
"845","2010-05-11",20.360001
"846","2010-05-12",20.610001
"847","2010-05-13",20.76
"848","2010-05-14",20.389999
"849","2010-05-17",20.4
"850","2010-05-18",20.379999
"851","2010-05-19",20.290001
"852","2010-05-20",19.799999
"853","2010-05-21",19.91
"854","2010-05-24",19.65
"855","2010-05-25",19.6
"856","2010-05-26",19.73
"857","2010-05-27",20.110001
"858","2010-05-28",19.9
"859","2010-06-01",19.77
"860","2010-06-02",20.379999
"861","2010-06-03",20.75
"862","2010-06-04",19.92
"863","2010-06-07",19.51
"864","2010-06-08",19.58
"865","2010-06-09",19.700001
"866","2010-06-10",20.120001
"867","2010-06-11",20.34
"868","2010-06-14",20.469999
"869","2010-06-15",21.200001
"870","2010-06-16",21.1
"871","2010-06-17",21.25
"872","2010-06-18",21.129999
"873","2010-06-21",21.139999
"874","2010-06-22",20.82
"875","2010-06-23",20.940001
"876","2010-06-24",20.389999
"877","2010-06-25",20.01
"878","2010-06-28",19.73
"879","2010-06-29",19.23
"880","2010-06-30",19.08
"881","2010-07-01",18.93
"882","2010-07-02",18.709999
"883","2010-07-06",18.32
"884","2010-07-07",18.639999
"885","2010-07-08",18.639999
"886","2010-07-09",18.85
"887","2010-07-12",18.83
"888","2010-07-13",19.33
"889","2010-07-14",19.23
"890","2010-07-15",19.219999
"891","2010-07-16",18.6
"892","2010-07-19",18.83
"893","2010-07-20",19.200001
"894","2010-07-21",19.299999
"895","2010-07-22",19.52
"896","2010-07-23",19.629999
"897","2010-07-26",19.530001
"898","2010-07-27",19.690001
"899","2010-07-28",19.440001
"900","2010-07-29",19.48
"901","2010-07-30",19.57
"902","2010-08-02",20.219999
"903","2010-08-03",19.84
"904","2010-08-04",20.360001
"905","2010-08-05",21.16
"906","2010-08-06",20.879999
"907","2010-08-09",21.42
"908","2010-08-10",21.32
"909","2010-08-11",21
"910","2010-08-12",21.379999
"911","2010-08-13",21.01
"912","2010-08-16",21.110001
"913","2010-08-17",21.32
"914","2010-08-18",21.309999
"915","2010-08-19",21.01
"916","2010-08-20",21.07
"917","2010-08-23",21.01
"918","2010-08-24",20.690001
"919","2010-08-25",20.75
"920","2010-08-26",20.940001
"921","2010-08-27",21.709999
"922","2010-08-30",21.82
"923","2010-08-31",22.309999
"924","2010-09-01",22.700001
"925","2010-09-02",22.799999
"926","2010-09-03",22.99
"927","2010-09-07",22.66
"928","2010-09-08",22.950001
"929","2010-09-09",23.139999
"930","2010-09-10",23.18
"931","2010-09-13",23.120001
"932","2010-09-14",23.209999
"933","2010-09-15",22.5
"934","2010-09-16",22.549999
"935","2010-09-17",22.76
"936","2010-09-20",22.93
"937","2010-09-21",22.709999
"938","2010-09-22",22.68
"939","2010-09-23",22.309999
"940","2010-09-24",23.01
"941","2010-09-27",22.57
"942","2010-09-28",24.24
"943","2010-09-29",24.16
"944","2010-09-30",24.68
"945","2010-10-01",24.870001
"946","2010-10-04",24.67
"947","2010-10-05",24.950001
"948","2010-10-06",25.09
"949","2010-10-07",25.299999
"950","2010-10-08",25.83
"951","2010-10-11",25.530001
"952","2010-10-12",25.35
"953","2010-10-13",25.59
"954","2010-10-14",25.309999
"955","2010-10-15",25.540001
"956","2010-10-18",25.91
"957","2010-10-19",25.610001
"958","2010-10-20",26.01
"959","2010-10-21",25.98
"960","2010-10-22",26.18
"961","2010-10-25",26.26
"962","2010-10-26",26.190001
"963","2010-10-27",25.809999
"964","2010-10-28",25.799999
"965","2010-10-29",25.67
"966","2010-11-01",26.030001
"967","2010-11-02",26.709999
"968","2010-11-03",26.389999
"969","2010-11-04",26.280001
"970","2010-11-05",26.25
"971","2010-11-08",25.98
"972","2010-11-09",25.059999
"973","2010-11-10",25.34
"974","2010-11-11",25.25
"975","2010-11-12",24.84
"976","2010-11-15",24.9
"977","2010-11-16",24.200001
"978","2010-11-17",24.200001
"979","2010-11-18",24.309999
"980","2010-11-19",24.129999
"981","2010-11-22",24.530001
"982","2010-11-23",24.120001
"983","2010-11-24",24.719999
"984","2010-11-26",24.700001
"985","2010-11-29",24.32
"986","2010-11-30",24.15
"987","2010-12-01",24.559999
"988","2010-12-02",25.139999
"989","2010-12-03",25.559999
"990","2010-12-06",25.77
"991","2010-12-07",25.16
"992","2010-12-08",24.889999
"993","2010-12-09",24.870001
"994","2010-12-10",24.99
"995","2010-12-13",24.65
"996","2010-12-14",25.08
"997","2010-12-15",25.02
"998","2010-12-16",25.25
"999","2010-12-17",25.299999
"1000","2010-12-20",25.219999
"1001","2010-12-21",25.040001
"1002","2010-12-22",24.99
"1003","2010-12-23",24.950001
"1004","2010-12-27",25
"1005","2010-12-28",24.93
"1006","2010-12-29",25.129999
"1007","2010-12-30",25.15
"1008","2010-12-31",25.059999
"1009","2011-01-03",25.07
"1010","2011-01-04",24.629999
"1011","2011-01-05",24.48
"1012","2011-01-06",24.190001
"1013","2011-01-07",24.17
"1014","2011-01-10",24.57
"1015","2011-01-11",24.700001
"1016","2011-01-12",25
"1017","2011-01-13",24.959999
"1018","2011-01-14",24.780001
"1019","2011-01-18",25.1
"1020","2011-01-19",24.629999
"1021","2011-01-20",24.91
"1022","2011-01-21",24.950001
"1023","2011-01-24",24.9
"1024","2011-01-25",25.049999
"1025","2011-01-26",25.07
"1026","2011-01-27",25
"1027","2011-01-28",24.379999
"1028","2011-01-31",24.809999
"1029","2011-02-01",24.950001
"1030","2011-02-02",24.92
"1031","2011-02-03",25.059999
"1032","2011-02-04",25
"1033","2011-02-07",25.42
"1034","2011-02-08",25.370001
"1035","2011-02-09",25.049999
"1036","2011-02-10",25.57
"1037","2011-02-11",25.68
"1038","2011-02-14",25.389999
"1039","2011-02-15",25.01
"1040","2011-02-16",24.879999
"1041","2011-02-17",24.809999
"1042","2011-02-18",24.950001
"1043","2011-02-22",24.66
"1044","2011-02-23",24.42
"1045","2011-02-24",24.09
"1046","2011-02-25",24.530001
"1047","2011-02-28",24.84
"1048","2011-03-01",24.57
"1049","2011-03-02",24.51
"1050","2011-03-03",24.75
"1051","2011-03-04",24.620001
"1052","2011-03-07",24.25
"1053","2011-03-08",24.66
"1054","2011-03-09",24.75
"1055","2011-03-10",24.059999
"1056","2011-03-11",23.98
"1057","2011-03-14",23.6
"1058","2011-03-15",23.33
"1059","2011-03-16",23.040001
"1060","2011-03-17",22.969999
"1061","2011-03-18",22.75
"1062","2011-03-21",23.42
"1063","2011-03-22",23.379999
"1064","2011-03-23",23.190001
"1065","2011-03-24",23.299999
"1066","2011-03-25",23.790001
"1067","2011-03-28",23.52
"1068","2011-03-29",24.07
"1069","2011-03-30",24.389999
"1070","2011-03-31",24.4
"1071","2011-04-01",24.33
"1072","2011-04-04",24.15
"1073","2011-04-05",23.950001
"1074","2011-04-06",23.950001
"1075","2011-04-07",23.889999
"1076","2011-04-08",23.940001
"1077","2011-04-11",24.01
"1078","2011-04-12",23.940001
"1079","2011-04-13",23.790001
"1080","2011-04-14",23.860001
"1081","2011-04-15",24.33
"1082","2011-04-18",24.209999
"1083","2011-04-19",24.49
"1084","2011-04-20",24.780001
"1085","2011-04-21",24.75
"1086","2011-04-25",24.68
"1087","2011-04-26",24.66
"1088","2011-04-27",24.84
"1089","2011-04-28",24.799999
"1090","2011-04-29",24.889999
"1091","2011-05-02",24.790001
"1092","2011-05-03",24.93
"1093","2011-05-04",24.950001
"1094","2011-05-05",24.92
"1095","2011-05-06",24.67
"1096","2011-05-09",24.950001
"1097","2011-05-10",25.82
"1098","2011-05-11",26.02
"1099","2011-05-12",26.35
"1100","2011-05-13",25.99
"1101","2011-05-16",23.370001
"1102","2011-05-17",23.9
"1103","2011-05-18",23.780001
"1104","2011-05-19",23.27
"1105","2011-05-20",22.969999
"1106","2011-05-23",22.790001
"1107","2011-05-24",23.049999
"1108","2011-05-25",22.889999
"1109","2011-05-26",22.969999
"1110","2011-05-27",22.99
"1111","2011-05-31",23
"1112","2011-06-01",22.15
"1113","2011-06-02",22.08
"1114","2011-06-03",21.91
"1115","2011-06-06",21.73
"1116","2011-06-07",21.49
"1117","2011-06-08",21.48
"1118","2011-06-09",21.469999
"1119","2011-06-10",21.290001
"1120","2011-06-13",21.35
"1121","2011-06-14",21.58
"1122","2011-06-15",21.870001
"1123","2011-06-16",21.559999
"1124","2011-06-17",21.370001
"1125","2011-06-20",21.389999
"1126","2011-06-21",21.379999
"1127","2011-06-22",21.290001
"1128","2011-06-23",20.99
"1129","2011-06-24",20.82
"1130","2011-06-27",20.99
"1131","2011-06-28",21.18
"1132","2011-06-29",21.139999
"1133","2011-06-30",21.65
"1134","2011-07-01",22.620001
"1135","2011-07-05",22.51
"1136","2011-07-06",22.77
"1137","2011-07-07",22.85
"1138","2011-07-08",22.75
"1139","2011-07-11",22.26
"1140","2011-07-12",22.41
"1141","2011-07-13",22.4
"1142","2011-07-14",22.110001
"1143","2011-07-15",21.959999
"1144","2011-07-18",21.459999
"1145","2011-07-19",21.719999
"1146","2011-07-20",21.549999
"1147","2011-07-21",21.940001
"1148","2011-07-22",21.91
"1149","2011-07-25",21.940001
"1150","2011-07-26",21.780001
"1151","2011-07-27",21.459999
"1152","2011-07-28",21.49
"1153","2011-07-29",21.459999
"1154","2011-08-01",21.450001
"1155","2011-08-02",21
"1156","2011-08-03",20.610001
"1157","2011-08-04",19.969999
"1158","2011-08-05",19.530001
"1159","2011-08-08",18.639999
"1160","2011-08-09",19.35
"1161","2011-08-10",18.940001
"1162","2011-08-11",19.99
"1163","2011-08-12",20.219999
"1164","2011-08-15",20.74
"1165","2011-08-16",21.35
"1166","2011-08-17",21.1
"1167","2011-08-18",20.280001
"1168","2011-08-19",20.139999
"1169","2011-08-22",20.42
"1170","2011-08-23",21.190001
"1171","2011-08-24",21.459999
"1172","2011-08-25",21.209999
"1173","2011-08-26",21.84
"1174","2011-08-29",22.59
"1175","2011-08-30",22.540001
"1176","2011-08-31",22.690001
"1177","2011-09-01",22.51
"1178","2011-09-02",22.42
"1179","2011-09-06",22.51
"1180","2011-09-07",23.049999
"1181","2011-09-08",22.799999
"1182","2011-09-09",22.700001
"1183","2011-09-12",22.99
"1184","2011-09-13",23.209999
"1185","2011-09-14",23.49
"1186","2011-09-15",23.5
"1187","2011-09-16",23.860001
"1188","2011-09-19",23.34
"1189","2011-09-20",23.09
"1190","2011-09-21",22.83
"1191","2011-09-22",22.139999
"1192","2011-09-23",22.77
"1193","2011-09-26",23.379999
"1194","2011-09-27",23.34
"1195","2011-09-28",22.709999
"1196","2011-09-29",23.360001
"1197","2011-09-30",22.690001
"1198","2011-10-03",21.870001
"1199","2011-10-04",22.43
"1200","2011-10-05",22.620001
"1201","2011-10-06",22.639999
"1202","2011-10-07",22.1
"1203","2011-10-10",22.190001
"1204","2011-10-11",22.450001
"1205","2011-10-12",22.58
"1206","2011-10-13",22.51
"1207","2011-10-14",22.52
"1208","2011-10-17",22.01
"1209","2011-10-18",22.120001
"1210","2011-10-19",21.98
"1211","2011-10-20",22.16
"1212","2011-10-21",22.549999
"1213","2011-10-24",22.57
"1214","2011-10-25",22.1
"1215","2011-10-26",22.27
"1216","2011-10-27",22.73
"1217","2011-10-28",22.75
"1218","2011-10-31",22.23
"1219","2011-11-01",21.09
"1220","2011-11-02",21.6
"1221","2011-11-03",22.02
"1222","2011-11-04",21.98
"1223","2011-11-07",21.860001
"1224","2011-11-08",22.309999
"1225","2011-11-09",21.610001
"1226","2011-11-10",21.76
"1227","2011-11-11",21.950001
"1228","2011-11-14",21.4
"1229","2011-11-15",21.43
"1230","2011-11-16",21.33
"1231","2011-11-17",21.43
"1232","2011-11-18",21.43
"1233","2011-11-21",20.719999
"1234","2011-11-22",20.75
"1235","2011-11-23",20.18
"1236","2011-11-25",20.379999
"1237","2011-11-28",20.610001
"1238","2011-11-29",20.889999
"1239","2011-11-30",21
"1240","2011-12-01",20.719999
"1241","2011-12-02",20.879999
"1242","2011-12-05",21.27
"1243","2011-12-06",21.190001
"1244","2011-12-07",21.209999
"1245","2011-12-08",21.120001
"1246","2011-12-09",21.83
"1247","2011-12-12",21.75
"1248","2011-12-13",21.83
"1249","2011-12-14",21.67
"1250","2011-12-15",21.65
"1251","2011-12-16",21.469999
"1252","2011-12-19",20.85
"1253","2011-12-20",21.6
"1254","2011-12-21",21.92
"1255","2011-12-22",21.799999
"1256","2011-12-23",20.860001
"1257","2011-12-27",20.66
"1258","2011-12-28",20.66
"1259","2011-12-29",20.57
"1260","2011-12-30",20.370001
"1261","2012-01-03",21.02
"1262","2012-01-04",21.01
"1263","2012-01-05",20.959999
"1264","2012-01-06",21.719999
"1265","2012-01-09",21.780001
"1266","2012-01-10",22.26
"1267","2012-01-11",22.379999
"1268","2012-01-12",22.35
"1269","2012-01-13",22.440001
"1270","2012-01-17",22.639999
"1271","2012-01-18",23.120001
"1272","2012-01-19",23.059999
"1273","2012-01-20",23.299999
"1274","2012-01-23",23.139999
"1275","2012-01-24",23.379999
"1276","2012-01-25",23.700001
"1277","2012-01-26",23.610001
"1278","2012-01-27",23.549999
"1279","2012-01-30",23.389999
"1280","2012-01-31",23.530001
"1281","2012-02-01",23.700001
"1282","2012-02-02",23.4
"1283","2012-02-03",23.68
"1284","2012-02-06",23.74
"1285","2012-02-07",23.950001
"1286","2012-02-08",23.969999
"1287","2012-02-09",24.15
"1288","2012-02-10",23.440001
"1289","2012-02-13",23.75
"1290","2012-02-14",23.780001
"1291","2012-02-15",23.879999
"1292","2012-02-16",24
"1293","2012-02-17",24.219999
"1294","2012-02-21",23.58
"1295","2012-02-22",23.559999
"1296","2012-02-23",23.690001
"1297","2012-02-24",23.700001
"1298","2012-02-27",24.77
"1299","2012-02-28",24.709999
"1300","2012-02-29",25.059999
"1301","2012-03-01",25.51
"1302","2012-03-02",25.360001
"1303","2012-03-05",25.530001
"1304","2012-03-06",25.16
"1305","2012-03-07",25.23
"1306","2012-03-08",25.110001
"1307","2012-03-09",25.77
"1308","2012-03-12",25.76
"1309","2012-03-13",25.83
"1310","2012-03-14",25.889999
"1311","2012-03-15",26.23
"1312","2012-03-16",26.26
"1313","2012-03-19",26.309999
"1314","2012-03-20",25.98
"1315","2012-03-21",25.889999
"1316","2012-03-22",26.07
"1317","2012-03-23",25.870001
"1318","2012-03-26",26.35
"1319","2012-03-27",26.5
"1320","2012-03-28",27.02
"1321","2012-03-29",27.360001
"1322","2012-03-30",27.309999
"1323","2012-04-02",26.879999
"1324","2012-04-03",26.950001
"1325","2012-04-04",27.209999
"1326","2012-04-05",28.99
"1327","2012-04-09",28.73
"1328","2012-04-10",28.41
"1329","2012-04-11",28.700001
"1330","2012-04-12",29.120001
"1331","2012-04-13",29
"1332","2012-04-16",29.290001
"1333","2012-04-17",30.219999
"1334","2012-04-18",30.4
"1335","2012-04-19",30.5
"1336","2012-04-20",31.5
"1337","2012-04-23",30.309999
"1338","2012-04-24",27.6
"1339","2012-04-25",28.25
"1340","2012-04-26",28.950001
"1341","2012-04-27",29.049999
"1342","2012-04-30",28.889999
"1343","2012-05-01",28.940001
"1344","2012-05-02",29.01
"1345","2012-05-03",28.07
"1346","2012-05-04",28.25
"1347","2012-05-07",28.139999
"1348","2012-05-08",27.440001
"1349","2012-05-09",27.309999
"1350","2012-05-10",27.629999
"1351","2012-05-11",27.77
"1352","2012-05-14",26.940001
"1353","2012-05-15",26.93
"1354","2012-05-16",26.4
"1355","2012-05-17",25.84
"1356","2012-05-18",26.01
"1357","2012-05-21",26.280001
"1358","2012-05-22",26.139999
"1359","2012-05-23",26.34
"1360","2012-05-24",26.26
"1361","2012-05-25",26.08
"1362","2012-05-29",26.290001
"1363","2012-05-30",26.200001
"1364","2012-05-31",26.07
"1365","2012-06-01",25.219999
"1366","2012-06-04",25.030001
"1367","2012-06-05",25.290001
"1368","2012-06-06",26.18
"1369","2012-06-07",26.110001
"1370","2012-06-08",26.309999
"1371","2012-06-11",26.07
"1372","2012-06-12",26.4
"1373","2012-06-13",26.59
"1374","2012-06-14",26.68
"1375","2012-06-15",26.799999
"1376","2012-06-18",27.24
"1377","2012-06-19",26.940001
"1378","2012-06-20",26.82
"1379","2012-06-21",26.6
"1380","2012-06-22",26.58
"1381","2012-06-25",26.82
"1382","2012-06-26",27.870001
"1383","2012-06-27",28.799999
"1384","2012-06-28",28.92
"1385","2012-06-29",29.450001
"1386","2012-07-02",29.67
"1387","2012-07-03",29.780001
"1388","2012-07-05",30.030001
"1389","2012-07-06",29.74
"1390","2012-07-09",29.959999
"1391","2012-07-10",29.690001
"1392","2012-07-11",29.68
"1393","2012-07-12",29.549999
"1394","2012-07-13",29.879999
"1395","2012-07-16",30.02
"1396","2012-07-17",30.23
"1397","2012-07-18",30.32
"1398","2012-07-19",30.34
"1399","2012-07-20",29.91
"1400","2012-07-23",29.82
"1401","2012-07-24",29.700001
"1402","2012-07-25",29.83
"1403","2012-07-26",29.809999
"1404","2012-07-27",30.280001
"1405","2012-07-30",30.620001
"1406","2012-07-31",31.08
"1407","2012-08-01",30.370001
"1408","2012-08-02",30.200001
"1409","2012-08-03",31.129999
"1410","2012-08-06",31.34
"1411","2012-08-07",30.959999
"1412","2012-08-08",30.950001
"1413","2012-08-09",32.380001
"1414","2012-08-10",32.669998
"1415","2012-08-13",32.279999
"1416","2012-08-14",32.540001
"1417","2012-08-15",33.049999
"1418","2012-08-16",33.240002
"1419","2012-08-17",33.380001
"1420","2012-08-20",33.200001
"1421","2012-08-21",32.98
"1422","2012-08-22",32.740002
"1423","2012-08-23",32.689999
"1424","2012-08-24",32.669998
"1425","2012-08-27",32.740002
"1426","2012-08-28",32.549999
"1427","2012-08-29",33.349998
"1428","2012-08-30",33.23
"1429","2012-08-31",33.310001
"1430","2012-09-04",34.23
"1431","2012-09-05",34.060001
"1432","2012-09-06",34.5
"1433","2012-09-07",34.619999
"1434","2012-09-10",34.580002
"1435","2012-09-11",34.509998
"1436","2012-09-12",34.279999
"1437","2012-09-13",34.91
"1438","2012-09-14",34.709999
"1439","2012-09-17",34.77
"1440","2012-09-18",34.599998
"1441","2012-09-19",34.16
"1442","2012-09-20",33.73
"1443","2012-09-21",32.950001
"1444","2012-09-24",33.240002
"1445","2012-09-25",32.889999
"1446","2012-09-26",32.799999
"1447","2012-09-27",33.52
"1448","2012-09-28",33.450001
"1449","2012-10-01",33.389999
"1450","2012-10-02",33.439999
"1451","2012-10-03",33.52
"1452","2012-10-04",33.759998
"1453","2012-10-05",33.860001
"1454","2012-10-08",33.740002
"1455","2012-10-09",33.669998
"1456","2012-10-10",33.68
"1457","2012-10-11",33.869999
"1458","2012-10-12",33.470001
"1459","2012-10-15",33.32
"1460","2012-10-16",33.299999
"1461","2012-10-17",33.599998
"1462","2012-10-18",33.639999
"1463","2012-10-19",33.09
"1464","2012-10-22",32.84
"1465","2012-10-23",33.009998
"1466","2012-10-24",33
"1467","2012-10-25",33.34
"1468","2012-10-26",33.259998
"1469","2012-10-31",33.650002
"1470","2012-11-01",35.169998
"1471","2012-11-02",34.549999
"1472","2012-11-05",35.380001
"1473","2012-11-06",35.5
"1474","2012-11-07",34.200001
"1475","2012-11-08",34.130001
"1476","2012-11-09",33.669998
"1477","2012-11-12",33.490002
"1478","2012-11-13",33.110001
"1479","2012-11-14",32.77
"1480","2012-11-15",32.32
"1481","2012-11-16",32.599998
"1482","2012-11-19",33.169998
"1483","2012-11-20",33.25
"1484","2012-11-21",33.470001
"1485","2012-11-23",34.099998
"1486","2012-11-26",33.950001
"1487","2012-11-27",34.110001
"1488","2012-11-28",33.68
"1489","2012-11-29",34
"1490","2012-11-30",33.900002
"1491","2012-12-03",34.970001
"1492","2012-12-04",34.360001
"1493","2012-12-05",34.07
"1494","2012-12-06",34.110001
"1495","2012-12-07",35.48
"1496","2012-12-10",35.869999
"1497","2012-12-11",35.790001
"1498","2012-12-12",35.470001
"1499","2012-12-13",35.060001
"1500","2012-12-14",34.799999
"1501","2012-12-17",35.240002
"1502","2012-12-18",35.27
"1503","2012-12-19",35.419998
"1504","2012-12-20",35.849998
"1505","2012-12-21",35.82
"1506","2012-12-24",35.279999
"1507","2012-12-26",34.68
"1508","2012-12-27",34.740002
"1509","2012-12-28",34.799999
"1510","2012-12-31",35.470001
"1511","2013-01-02",36.669998
"1512","2013-01-03",36.400002
"1513","2013-01-04",36.970001
"1514","2013-01-07",37.220001
"1515","2013-01-08",37.09
"1516","2013-01-09",37.200001
"1517","2013-01-10",37.209999
"1518","2013-01-11",36.98
"1519","2013-01-14",37.119999
"1520","2013-01-15",36.91
"1521","2013-01-16",36.529999
"1522","2013-01-17",36.740002
"1523","2013-01-18",38.09
"1524","2013-01-22",38.450001
"1525","2013-01-23",38.389999
"1526","2013-01-24",38.16
"1527","2013-01-25",38.150002
"1528","2013-01-28",38.150002
"1529","2013-01-29",38
"1530","2013-01-30",37.700001
"1531","2013-01-31",37.889999
"1532","2013-02-01",38.150002
"1533","2013-02-04",37.599998
"1534","2013-02-05",37.82
"1535","2013-02-06",38.150002
"1536","2013-02-07",39.029999
"1537","2013-02-08",36.52
"1538","2013-02-11",37.060001
"1539","2013-02-12",37.689999
"1540","2013-02-13",37.540001
"1541","2013-02-14",37.630001
"1542","2013-02-15",38.169998
"1543","2013-02-19",38.290001
"1544","2013-02-20",37.52
"1545","2013-02-21",36.950001
"1546","2013-02-22",37.450001
"1547","2013-02-25",37.509998
"1548","2013-02-26",37.959999
"1549","2013-02-27",38.110001
"1550","2013-02-28",38.349998
"1551","2013-03-01",37.220001
"1552","2013-03-04",37.630001
"1553","2013-03-05",37.939999
"1554","2013-03-06",37.93
"1555","2013-03-07",37.759998
"1556","2013-03-08",37.700001
"1557","2013-03-11",37.759998
"1558","2013-03-12",37.900002
"1559","2013-03-13",38.16
"1560","2013-03-14",38.259998
"1561","2013-03-15",38.299999
"1562","2013-03-18",38.130001
"1563","2013-03-19",38
"1564","2013-03-20",38.68
"1565","2013-03-21",38.299999
"1566","2013-03-22",38.310001
"1567","2013-03-25",38
"1568","2013-03-26",38.34
"1569","2013-03-27",38.43
"1570","2013-03-28",39.07
"1571","2013-04-01",38.41
"1572","2013-04-02",38.18
"1573","2013-04-03",37.52
"1574","2013-04-04",37.560001
"1575","2013-04-05",37.82
"1576","2013-04-08",37.970001
"1577","2013-04-09",39.029999
"1578","2013-04-10",40.389999
"1579","2013-04-11",40.529999
"1580","2013-04-12",40.779999
"1581","2013-04-15",40.630001
"1582","2013-04-16",40.75
"1583","2013-04-17",33.439999
"1584","2013-04-18",34.23
"1585","2013-04-19",34.849998
"1586","2013-04-22",35.779999
"1587","2013-04-23",36.130001
"1588","2013-04-24",36.009998
"1589","2013-04-25",35.869999
"1590","2013-04-26",35.75
"1591","2013-04-29",35.970001
"1592","2013-04-30",36.200001
"1593","2013-05-01",36.189999
"1594","2013-05-02",36.459999
"1595","2013-05-03",37.07
"1596","2013-05-06",37.060001
"1597","2013-05-07",37.549999
"1598","2013-05-08",38.02
"1599","2013-05-09",38.169998
"1600","2013-05-10",38.900002
"1601","2013-05-13",38.560001
"1602","2013-05-14",39.240002
"1603","2013-05-15",39.43
"1604","2013-05-16",38.799999
"1605","2013-05-17",39.48
"1606","2013-05-20",39.130001
"1607","2013-05-21",38.91
"1608","2013-05-22",37.580002
"1609","2013-05-23",36.950001
"1610","2013-05-24",37.040001
"1611","2013-05-28",36.919998
"1612","2013-05-29",35.75
"1613","2013-05-30",35.98
"1614","2013-05-31",35.150002
"1615","2013-06-03",34.880001
"1616","2013-06-04",34.830002
"1617","2013-06-05",34.619999
"1618","2013-06-06",35.93
"1619","2013-06-07",35.849998
"1620","2013-06-10",35.419998
"1621","2013-06-11",34.919998
"1622","2013-06-12",33.759998
"1623","2013-06-13",34.07
"1624","2013-06-14",34.150002
"1625","2013-06-17",34.419998
"1626","2013-06-18",34.419998
"1627","2013-06-19",33.740002
"1628","2013-06-20",33.07
"1629","2013-06-21",33.040001
"1630","2013-06-24",32.77
"1631","2013-06-25",33.650002
"1632","2013-06-26",33.889999
"1633","2013-06-27",34.189999
"1634","2013-06-28",33.869999
"1635","2013-07-01",32.66
"1636","2013-07-02",31.709999
"1637","2013-07-03",32.490002
"1638","2013-07-05",32.060001
"1639","2013-07-08",31.6
"1640","2013-07-09",32.209999
"1641","2013-07-10",32.720001
"1642","2013-07-11",33.470001
"1643","2013-07-12",33.68
"1644","2013-07-15",33.209999
"1645","2013-07-16",32.889999
"1646","2013-07-17",33
"1647","2013-07-18",32.919998
"1648","2013-07-19",33.18
"1649","2013-07-22",33.139999
"1650","2013-07-23",33.509998
"1651","2013-07-24",33.09
"1652","2013-07-25",33.470001
"1653","2013-07-26",33.43
"1654","2013-07-29",33.27
"1655","2013-07-30",33.459999
"1656","2013-07-31",33.049999
"1657","2013-08-01",33.099998
"1658","2013-08-02",33.189999
"1659","2013-08-05",33.16
"1660","2013-08-06",32.66
"1661","2013-08-07",32.91
"1662","2013-08-08",34.009998
"1663","2013-08-09",34.66
"1664","2013-08-12",34.830002
"1665","2013-08-13",34.220001
"1666","2013-08-14",33.900002
"1667","2013-08-15",33.439999
"1668","2013-08-16",33.369999
"1669","2013-08-19",33.25
"1670","2013-08-20",34.450001
"1671","2013-08-21",34.700001
"1672","2013-08-22",33.439999
"1673","2013-08-23",34.080002
"1674","2013-08-26",34.029999
"1675","2013-08-27",33.32
"1676","2013-08-28",33.310001
"1677","2013-08-29",33.639999
"1678","2013-08-30",32.939999
"1679","2013-09-03",32.459999
"1680","2013-09-04",32.360001
"1681","2013-09-05",32.290001
"1682","2013-09-06",32.32
"1683","2013-09-09",32.650002
"1684","2013-09-10",33.07
"1685","2013-09-11",33.720001
"1686","2013-09-12",34.150002
"1687","2013-09-13",34.040001
"1688","2013-09-16",33.849998
"1689","2013-09-17",34
"1690","2013-09-18",35.040001
"1691","2013-09-19",35.009998
"1692","2013-09-20",34.52
"1693","2013-09-23",34.98
"1694","2013-09-24",35
"1695","2013-09-25",35.389999
"1696","2013-09-26",35.459999
"1697","2013-09-27",35.23
"1698","2013-09-30",34.549999
"1699","2013-10-01",35.380001
"1700","2013-10-02",35.34
"1701","2013-10-03",34.970001
"1702","2013-10-04",35.02
"1703","2013-10-07",34.400002
"1704","2013-10-08",33.990002
"1705","2013-10-09",33.82
"1706","2013-10-10",34.810001
"1707","2013-10-11",35.049999
"1708","2013-10-14",35.279999
"1709","2013-10-15",35.68
"1710","2013-10-16",36.959999
"1711","2013-10-17",37.419998
"1712","2013-10-18",37.5
"1713","2013-10-21",37.459999
"1714","2013-10-22",37.080002
"1715","2013-10-23",37.400002
"1716","2013-10-24",37.650002
"1717","2013-10-25",37.849998
"1718","2013-10-28",37.889999
"1719","2013-10-29",37.540001
"1720","2013-10-30",36.990002
"1721","2013-10-31",37
"1722","2013-11-01",36.93
"1723","2013-11-04",36.880001
"1724","2013-11-05",36.049999
"1725","2013-11-06",36.040001
"1726","2013-11-07",35.310001
"1727","2013-11-08",35.330002
"1728","2013-11-11",35.380001
"1729","2013-11-12",35.490002
"1730","2013-11-13",35.279999
"1731","2013-11-14",35.799999
"1732","2013-11-15",36.150002
"1733","2013-11-18",35.93
"1734","2013-11-19",35.470001
"1735","2013-11-20",35.099998
"1736","2013-11-21",34.5
"1737","2013-11-22",33.689999
"1738","2013-11-25",33.57
"1739","2013-11-26",33.459999
"1740","2013-11-27",33.599998
"1741","2013-11-29",33.349998
"1742","2013-12-02",33.419998
"1743","2013-12-03",33.490002
"1744","2013-12-04",33.360001
"1745","2013-12-05",33.759998
"1746","2013-12-06",34.189999
"1747","2013-12-09",34.450001
"1748","2013-12-10",34.34
"1749","2013-12-11",33.119999
"1750","2013-12-12",33.110001
"1751","2013-12-13",32.959999
"1752","2013-12-16",32.189999
"1753","2013-12-17",32.389999
"1754","2013-12-18",32.880001
"1755","2013-12-19",32.290001
"1756","2013-12-20",32.400002
"1757","2013-12-23",32.5
"1758","2013-12-24",32.369999
"1759","2013-12-26",32.759998
"1760","2013-12-27",32.790001
"1761","2013-12-30",32.380001
"1762","2013-12-31",32.07
"1763","2014-01-02",32.259998
"1764","2014-01-03",32.189999
"1765","2014-01-06",32.360001
"1766","2014-01-07",32.860001
"1767","2014-01-08",33.220001
"1768","2014-01-09",32.93
"1769","2014-01-10",33.380001
"1770","2014-01-13",33.470001
"1771","2014-01-14",34.150002
"1772","2014-01-15",34.02
"1773","2014-01-16",34.060001
"1774","2014-01-17",34.119999
"1775","2014-01-21",34.189999
"1776","2014-01-22",34.380001
"1777","2014-01-23",34.619999
"1778","2014-01-24",33.73
"1779","2014-01-27",33.299999
"1780","2014-01-28",33.139999
"1781","2014-01-29",33.07
"1782","2014-01-30",33.82
"1783","2014-01-31",33.57
"1784","2014-02-03",32.639999
"1785","2014-02-04",33.16
"1786","2014-02-05",32.689999
"1787","2014-02-06",32.84
"1788","2014-02-07",32.889999
"1789","2014-02-10",31.67
"1790","2014-02-11",31.639999
"1791","2014-02-12",31.85
"1792","2014-02-13",31.5
"1793","2014-02-14",32.549999
"1794","2014-02-18",32.669998
"1795","2014-02-19",32.389999
"1796","2014-02-20",32.580002
"1797","2014-02-21",32.889999
"1798","2014-02-24",32.889999
"1799","2014-02-25",33.310001
"1800","2014-02-26",33.27
"1801","2014-02-27",33.23
"1802","2014-02-28",33.349998
"1803","2014-03-03",33.48
"1804","2014-03-04",33.77
"1805","2014-03-05",33.880001
"1806","2014-03-06",33.459999
"1807","2014-03-07",33.32
"1808","2014-03-10",33.32
"1809","2014-03-11",33.419998
"1810","2014-03-12",33.759998
"1811","2014-03-13",33.220001
"1812","2014-03-14",32.779999
"1813","2014-03-17",32.759998
"1814","2014-03-18",33.009998
"1815","2014-03-19",32.369999
"1816","2014-03-20",32.27
"1817","2014-03-21",32.380001
"1818","2014-03-24",32.200001
"1819","2014-03-25",32.09
"1820","2014-03-26",31.860001
"1821","2014-03-27",31.58
"1822","2014-03-28",31.610001
"1823","2014-03-31",31.32
"1824","2014-04-01",31.129999
"1825","2014-04-02",31.83
"1826","2014-04-03",31.559999
"1827","2014-04-04",31.530001
"1828","2014-04-07",31.65
"1829","2014-04-08",31.879999
"1830","2014-04-09",32.27
"1831","2014-04-10",31.91
"1832","2014-04-11",31.51
"1833","2014-04-14",31.73
"1834","2014-04-15",32.080002
"1835","2014-04-16",32.290001
"1836","2014-04-17",32.549999
"1837","2014-04-21",32.68
"1838","2014-04-22",32.950001
"1839","2014-04-23",32.880001
"1840","2014-04-24",32.619999
"1841","2014-04-25",32.400002
"1842","2014-04-28",32.200001
"1843","2014-04-29",32.689999
"1844","2014-04-30",32.799999
"1845","2014-05-01",32.950001
"1846","2014-05-02",32.91
"1847","2014-05-05",33.040001
"1848","2014-05-06",32.990002
"1849","2014-05-07",33.5
"1850","2014-05-08",33.18
"1851","2014-05-09",33.259998
"1852","2014-05-12",33.029999
"1853","2014-05-13",32.630001
"1854","2014-05-14",32.450001
"1855","2014-05-15",32.150002
"1856","2014-05-16",32.299999
"1857","2014-05-19",32.189999
"1858","2014-05-20",31.549999
"1859","2014-05-21",31.68
"1860","2014-05-22",31.809999
"1861","2014-05-23",32.380001
"1862","2014-05-27",32.5
"1863","2014-05-28",32.619999
"1864","2014-05-29",32.709999
"1865","2014-05-30",32.529999
"1866","2014-06-02",32.779999
"1867","2014-06-03",32.540001
"1868","2014-06-04",33
"1869","2014-06-05",33.610001
"1870","2014-06-06",33.360001
"1871","2014-06-09",33.02
"1872","2014-06-10",33.009998
"1873","2014-06-11",33.009998
"1874","2014-06-12",33.169998
"1875","2014-06-13",33.450001
"1876","2014-06-16",33.27
"1877","2014-06-17",32.700001
"1878","2014-06-18",32.959999
"1879","2014-06-19",33.07
"1880","2014-06-20",33.549999
"1881","2014-06-23",33.259998
"1882","2014-06-24",33.439999
"1883","2014-06-25",33.450001
"1884","2014-06-26",33.540001
"1885","2014-06-27",33.669998
"1886","2014-06-30",32.849998
"1887","2014-07-01",33.330002
"1888","2014-07-02",33.119999
"1889","2014-07-03",33.060001
"1890","2014-07-07",32.98
"1891","2014-07-08",33.27
"1892","2014-07-09",33.470001
"1893","2014-07-10",33.439999
"1894","2014-07-11",33.380001
"1895","2014-07-14",33.389999
"1896","2014-07-15",33.16
"1897","2014-07-16",33.16
"1898","2014-07-17",33.110001
"1899","2014-07-18",33.259998
"1900","2014-07-21",32.939999
"1901","2014-07-22",33.09
"1902","2014-07-23",33.380001
"1903","2014-07-24",33.18
"1904","2014-07-25",32.98
"1905","2014-07-28",33.009998
"1906","2014-07-29",33.040001
"1907","2014-07-30",32.830002
"1908","2014-07-31",32.220001
"1909","2014-08-01",32.189999
"1910","2014-08-04",32.48
"1911","2014-08-05",32.599998
"1912","2014-08-06",33.09
"1913","2014-08-07",34.310001
"1914","2014-08-08",35.099998
"1915","2014-08-11",35.330002
"1916","2014-08-12",35.110001
"1917","2014-08-13",35.389999
"1918","2014-08-14",35.369999
"1919","2014-08-15",35.48
"1920","2014-08-18",35.639999
"1921","2014-08-19",35.599998
"1922","2014-08-20",35.810001
"1923","2014-08-21",35.66
"1924","2014-08-22",35.709999
"1925","2014-08-25",35.790001
"1926","2014-08-26",35.759998
"1927","2014-08-27",35.720001
"1928","2014-08-28",35.59
"1929","2014-08-29",35.639999
"1930","2014-09-02",35.66
"1931","2014-09-03",35.799999
"1932","2014-09-04",35.73
"1933","2014-09-05",35.82
"1934","2014-09-08",35.619999
"1935","2014-09-09",35.619999
"1936","2014-09-10",35.560001
"1937","2014-09-11",35.630001
"1938","2014-09-12",35.049999
"1939","2014-09-15",34.970001
"1940","2014-09-16",35.740002
"1941","2014-09-17",35.77
"1942","2014-09-18",35
"1943","2014-09-19",35.110001
"1944","2014-09-22",34.509998
"1945","2014-09-23",34.470001
"1946","2014-09-24",34.619999
"1947","2014-09-25",34.610001
"1948","2014-09-26",35.040001
"1949","2014-09-29",35.150002
"1950","2014-09-30",34.360001
"1951","2014-10-01",34.119999
"1952","2014-10-02",34.009998
"1953","2014-10-03",34.080002
"1954","2014-10-06",34.029999
"1955","2014-10-07",33.880001
"1956","2014-10-08",34.540001
"1957","2014-10-09",34
"1958","2014-10-10",33.93
"1959","2014-10-13",33.689999
"1960","2014-10-14",33.84
"1961","2014-10-15",33.34
"1962","2014-10-16",33.59
"1963","2014-10-17",34.259998
"1964","2014-10-20",34.970001
"1965","2014-10-21",35.09
"1966","2014-10-22",35.150002
"1967","2014-10-23",35.540001
"1968","2014-10-24",35.599998
"1969","2014-10-27",35.810001
"1970","2014-10-28",36.240002
"1971","2014-10-29",36.240002
"1972","2014-10-30",36.490002
"1973","2014-10-31",36.779999
"1974","2014-11-03",36.900002
"1975","2014-11-04",37.23
"1976","2014-11-05",36.599998
"1977","2014-11-06",36.349998
"1978","2014-11-07",36.299999
"1979","2014-11-10",36.740002
"1980","2014-11-11",36.450001
"1981","2014-11-12",36.09
"1982","2014-11-13",36.150002
"1983","2014-11-14",36
"1984","2014-11-17",35.740002
"1985","2014-11-18",35.52
"1986","2014-11-19",35.41
"1987","2014-11-20",35.720001
"1988","2014-11-21",36.02
"1989","2014-11-24",36.27
"1990","2014-11-25",36.09
"1991","2014-11-26",36.299999
"1992","2014-11-28",36.25
"1993","2014-12-01",36.560001
"1994","2014-12-02",36.790001
"1995","2014-12-03",36.889999
"1996","2014-12-04",37.169998
"1997","2014-12-05",37.09
"1998","2014-12-08",36.950001
"1999","2014-12-09",37.029999
"2000","2014-12-10",36.439999
"2001","2014-12-11",36.970001
"2002","2014-12-12",36.689999
"2003","2014-12-15",35.830002
"2004","2014-12-16",36.139999
"2005","2014-12-17",36.720001
"2006","2014-12-18",37.290001
"2007","2014-12-19",37.169998
"2008","2014-12-22",38.060001
"2009","2014-12-23",37.889999
"2010","2014-12-24",37.939999
"2011","2014-12-26",37.900002
"2012","2014-12-29",38.330002
"2013","2014-12-30",36.700001
"2014","2014-12-31",36.34
"2015","2015-01-02",36.77
"2016","2015-01-05",37.130001
"2017","2015-01-06",36.919998
"2018","2015-01-07",37.459999
"2019","2015-01-08",37.720001
"2020","2015-01-09",37.310001
"2021","2015-01-12",37.77
"2022","2015-01-13",37.669998
"2023","2015-01-14",37.52
"2024","2015-01-15",37.740002
"2025","2015-01-16",38.119999
"2026","2015-01-20",38.060001
"2027","2015-01-21",38.279999
"2028","2015-01-22",39.34
"2029","2015-01-23",38.900002
"2030","2015-01-26",39.450001
"2031","2015-01-27",39.41
"2032","2015-01-28",39.259998
"2033","2015-01-29",39.77
"2034","2015-01-30",39.32
"2035","2015-02-02",39.25
"2036","2015-02-03",39.75
"2037","2015-02-04",39.400002
"2038","2015-02-05",39.650002
"2039","2015-02-06",39.23
"2040","2015-02-09",38.189999
"2041","2015-02-10",38.59
"2042","2015-02-11",38.52
"2043","2015-02-12",39.200001
"2044","2015-02-13",39.919998
"2045","2015-02-17",40.110001
"2046","2015-02-18",40.849998
"2047","2015-02-19",40.240002
"2048","2015-02-20",40.549999
"2049","2015-02-23",40.77
"2050","2015-02-24",40.450001
"2051","2015-02-25",40.07
"2052","2015-02-26",39.709999
"2053","2015-02-27",39.889999
"2054","2015-03-02",40.540001
"2055","2015-03-03",40.279999
"2056","2015-03-04",39.959999
"2057","2015-03-05",40.139999
"2058","2015-03-06",38.59
"2059","2015-03-09",38.849998
"2060","2015-03-10",38.450001
"2061","2015-03-11",38.82
"2062","2015-03-12",39.610001
"2063","2015-03-13",39.23
"2064","2015-03-16",39.68
"2065","2015-03-17",40.060001
"2066","2015-03-18",40.540001
"2067","2015-03-19",40.919998
"2068","2015-03-20",42.099998
"2069","2015-03-23",41.720001
"2070","2015-03-24",41.209999
"2071","2015-03-25",40.529999
"2072","2015-03-26",40.610001
"2073","2015-03-27",41.09
"2074","2015-03-30",41.549999
"2075","2015-03-31",40.259998
"2076","2015-04-01",40.349998
"2077","2015-04-02",40.360001
"2078","2015-04-06",40.610001
"2079","2015-04-07",40.5
"2080","2015-04-08",40.34
"2081","2015-04-09",39.68
"2082","2015-04-10",40.080002
"2083","2015-04-13",39.959999
"2084","2015-04-14",40.080002
"2085","2015-04-15",39.619999
"2086","2015-04-16",39.259998
"2087","2015-04-17",39.110001
"2088","2015-04-20",39.09
"2089","2015-04-21",39.34
"2090","2015-04-22",39.360001
"2091","2015-04-23",39.630001
"2092","2015-04-24",39.419998
"2093","2015-04-27",39.16
"2094","2015-04-28",39.110001
"2095","2015-04-29",38.169998
"2096","2015-04-30",36.790001
"2097","2015-05-01",36.639999
"2098","2015-05-04",36.610001
"2099","2015-05-05",35.610001
"2100","2015-05-06",35.93
"2101","2015-05-07",34.77
"2102","2015-05-08",34.759998
"2103","2015-05-11",34.400002
"2104","2015-05-12",34.400002
"2105","2015-05-13",34.279999
"2106","2015-05-14",35.040001
"2107","2015-05-15",35.240002
"2108","2015-05-18",35.369999
"2109","2015-05-19",35.48
"2110","2015-05-20",35.59
"2111","2015-05-21",35.009998
"2112","2015-05-22",35.240002
"2113","2015-05-26",34.91
"2114","2015-05-27",35.43
"2115","2015-05-28",35.459999
"2116","2015-05-29",35.16
"2117","2015-06-01",35.52
"2118","2015-06-02",35.439999
"2119","2015-06-03",35.189999
"2120","2015-06-04",34.98
"2121","2015-06-05",34.57
"2122","2015-06-08",34.360001
"2123","2015-06-09",34.119999
"2124","2015-06-10",34.189999
"2125","2015-06-11",34.279999
"2126","2015-06-12",34.099998
"2127","2015-06-15",34.049999
"2128","2015-06-16",34.27
"2129","2015-06-17",34.419998
"2130","2015-06-18",34.799999
"2131","2015-06-19",34.25
"2132","2015-06-22",33.779999
"2133","2015-06-23",33.639999
"2134","2015-06-24",33.66
"2135","2015-06-25",33.73
"2136","2015-06-26",34
"2137","2015-06-29",33.59
"2138","2015-06-30",33.080002
"2139","2015-07-01",33.189999
"2140","2015-07-02",33.290001
"2141","2015-07-06",33.580002
"2142","2015-07-07",33.84
"2143","2015-07-08",33.75
"2144","2015-07-09",33.490002
"2145","2015-07-10",34
"2146","2015-07-13",34.080002
"2147","2015-07-14",34.48
"2148","2015-07-15",34.439999
"2149","2015-07-16",34.75
"2150","2015-07-17",34.59
"2151","2015-07-20",35.080002
"2152","2015-07-21",34.59
"2153","2015-07-22",34.810001
"2154","2015-07-23",34.610001
"2155","2015-07-24",34.48
"2156","2015-07-27",34.529999
"2157","2015-07-28",34.450001
"2158","2015-07-29",35.110001
"2159","2015-07-30",34.84
"2160","2015-07-31",35.169998
"2161","2015-08-03",35.389999
"2162","2015-08-04",34.740002
"2163","2015-08-05",34.310001
"2164","2015-08-06",33.75
"2165","2015-08-07",33.330002
"2166","2015-08-10",32.84
"2167","2015-08-11",32.799999
"2168","2015-08-12",32.549999
"2169","2015-08-13",32.09
"2170","2015-08-14",31.73
"2171","2015-08-17",31.799999
"2172","2015-08-18",31.68
"2173","2015-08-19",31.379999
"2174","2015-08-20",31
"2175","2015-08-21",30.07
"2176","2015-08-24",28.58
"2177","2015-08-25",28.129999
"2178","2015-08-26",29.110001
"2179","2015-08-27",30.059999
"2180","2015-08-28",30.17
"2181","2015-08-31",29.379999
"2182","2015-09-01",28.77
"2183","2015-09-02",29.33
"2184","2015-09-03",29.26
"2185","2015-09-04",29
"2186","2015-09-08",29.360001
"2187","2015-09-09",29.5
"2188","2015-09-10",29.549999
"2189","2015-09-11",29.76
"2190","2015-09-14",30.08
"2191","2015-09-15",30.450001
"2192","2015-09-16",30.85
"2193","2015-09-17",31.23
"2194","2015-09-18",31.77
"2195","2015-09-21",31.469999
"2196","2015-09-22",31.09
"2197","2015-09-23",31.030001
"2198","2015-09-24",30.379999
"2199","2015-09-25",30.700001
"2200","2015-09-28",29.940001
"2201","2015-09-29",29.879999
"2202","2015-09-30",29.540001
"2203","2015-10-01",28.889999
"2204","2015-10-02",29.25
"2205","2015-10-05",29.99
"2206","2015-10-06",29.809999
"2207","2015-10-07",30.290001
"2208","2015-10-08",30.440001
"2209","2015-10-09",30.24
"2210","2015-10-12",30.18
"2211","2015-10-13",29.77
"2212","2015-10-14",29.700001
"2213","2015-10-15",29.77
"2214","2015-10-16",29.969999
"2215","2015-10-19",29.889999
"2216","2015-10-20",30
"2217","2015-10-21",29.809999
"2218","2015-10-22",29.709999
"2219","2015-10-23",29.889999
"2220","2015-10-26",29.639999
"2221","2015-10-27",28.99
"2222","2015-10-28",29.57
"2223","2015-10-29",29.27
"2224","2015-10-30",28.5
"2225","2015-11-02",29.700001
"2226","2015-11-03",29.940001
"2227","2015-11-04",29.139999
"2228","2015-11-05",28.66
"2229","2015-11-06",27.860001
"2230","2015-11-09",26.969999
"2231","2015-11-10",27.26
"2232","2015-11-11",26.33
"2233","2015-11-12",25.1
"2234","2015-11-13",24.67
"2235","2015-11-16",24.91
"2236","2015-11-17",24.75
"2237","2015-11-18",25.18
"2238","2015-11-19",25.120001
"2239","2015-11-20",26.049999
"2240","2015-11-23",26.139999
"2241","2015-11-24",25.959999
"2242","2015-11-25",25.91
"2243","2015-11-27",26.040001
"2244","2015-11-30",25.780001
"2245","2015-12-01",25.77
"2246","2015-12-02",25.49
"2247","2015-12-03",25.49
"2248","2015-12-04",25.08
"2249","2015-12-07",25.450001
"2250","2015-12-08",24.809999
"2251","2015-12-09",24.620001
"2252","2015-12-10",24.690001
"2253","2015-12-11",25.110001
"2254","2015-12-14",24.82
"2255","2015-12-15",24.889999
"2256","2015-12-16",25.59
"2257","2015-12-17",25.469999
"2258","2015-12-18",26.110001
"2259","2015-12-21",26.08
"2260","2015-12-22",26.190001
"2261","2015-12-23",26.91
"2262","2015-12-24",27.02
"2263","2015-12-28",27.26
"2264","2015-12-29",27.459999
"2265","2015-12-30",26.549999
"2266","2015-12-31",26.49
"2267","2016-01-04",27.17
"2268","2016-01-05",27.68
"2269","2016-01-06",27.59
"2270","2016-01-07",26.93
"2271","2016-01-08",26.620001
"2272","2016-01-11",26.99
"2273","2016-01-12",26.74
"2274","2016-01-13",25.959999
"2275","2016-01-14",26.77
"2276","2016-01-15",26.700001
"2277","2016-01-19",27.389999
"2278","2016-01-20",26.790001
"2279","2016-01-21",26.99
"2280","2016-01-22",27.68
"2281","2016-01-25",27.120001
"2282","2016-01-26",28.16
"2283","2016-01-27",27.6
"2284","2016-01-28",27.68
"2285","2016-01-29",28.809999
"2286","2016-02-01",28.959999
"2287","2016-02-02",28.58
"2288","2016-02-03",29.26
"2289","2016-02-04",29.84
"2290","2016-02-05",29.27
"2291","2016-02-08",29.17
"2292","2016-02-09",28.559999
"2293","2016-02-10",28.5
"2294","2016-02-11",27.57
"2295","2016-02-12",27.290001
"2296","2016-02-16",29.42
"2297","2016-02-17",29.51
"2298","2016-02-18",29.58
"2299","2016-02-19",28.860001
"2300","2016-02-22",28.85
"2301","2016-02-23",28.700001
"2302","2016-02-24",28.75
"2303","2016-02-25",29.379999
"2304","2016-02-26",29.01
"2305","2016-02-29",28.93
"2306","2016-03-01",29.629999
"2307","2016-03-02",29.73
"2308","2016-03-03",30.540001
"2309","2016-03-04",30.18
"2310","2016-03-07",30.940001
"2311","2016-03-08",30.24
"2312","2016-03-09",30.549999
"2313","2016-03-10",30.1
"2314","2016-03-11",30.58
"2315","2016-03-14",31.219999
"2316","2016-03-15",31
"2317","2016-03-16",31.58
"2318","2016-03-17",31.959999
"2319","2016-03-18",31.780001
"2320","2016-03-21",31.389999
"2321","2016-03-22",31.73
"2322","2016-03-23",31.4
"2323","2016-03-24",31.42
"2324","2016-03-28",32.139999
"2325","2016-03-29",32.900002
"2326","2016-03-30",32.040001
"2327","2016-03-31",32.049999
"2328","2016-04-01",32.119999
"2329","2016-04-04",31.530001
"2330","2016-04-05",30.99
"2331","2016-04-06",31.540001
"2332","2016-04-07",30.98
"2333","2016-04-08",31.059999
"2334","2016-04-11",31.459999
"2335","2016-04-12",31.67
"2336","2016-04-13",31.889999
"2337","2016-04-14",31.709999
"2338","2016-04-15",31.66
"2339","2016-04-18",31.9
"2340","2016-04-19",31.799999
"2341","2016-04-20",31.24
"2342","2016-04-21",30.450001
"2343","2016-04-22",30.59
"2344","2016-04-25",30.719999
"2345","2016-04-26",31.040001
"2346","2016-04-27",31.18
"2347","2016-04-28",31.17
"2348","2016-04-29",30.42
"2349","2016-05-02",31.01
"2350","2016-05-03",31.09
"2351","2016-05-04",31.540001
"2352","2016-05-05",33.400002
"2353","2016-05-06",33.369999
"2354","2016-05-09",33.389999
"2355","2016-05-10",33.669998
"2356","2016-05-11",33.240002
"2357","2016-05-12",33.25
"2358","2016-05-13",33.27
"2359","2016-05-16",33.439999
"2360","2016-05-17",32.650002
"2361","2016-05-18",32.119999
"2362","2016-05-19",31.91
"2363","2016-05-20",32.419998
"2364","2016-05-23",32.360001
"2365","2016-05-24",32.91
"2366","2016-05-25",33.07
"2367","2016-05-26",33.5
"2368","2016-05-27",33.66
"2369","2016-05-31",33.599998
"2370","2016-06-01",33.5
"2371","2016-06-02",33.950001
"2372","2016-06-03",34.299999
"2373","2016-06-06",34.32
"2374","2016-06-07",34.48
"2375","2016-06-08",34.380001
"2376","2016-06-09",34.450001
"2377","2016-06-10",34.349998
"2378","2016-06-13",34.150002
"2379","2016-06-14",33.619999
"2380","2016-06-15",33.650002
"2381","2016-06-16",33.84
"2382","2016-06-17",33.900002
"2383","2016-06-20",34.16
"2384","2016-06-21",34.369999
"2385","2016-06-22",34.310001
"2386","2016-06-23",34.700001
"2387","2016-06-24",34.389999
"2388","2016-06-27",34.41
"2389","2016-06-28",34.849998
"2390","2016-06-29",34.720001
"2391","2016-06-30",35.02
"2392","2016-07-01",33.740002
"2393","2016-07-05",33.52
"2394","2016-07-06",33.52
"2395","2016-07-07",32.5
"2396","2016-07-08",32.419998
"2397","2016-07-11",32.549999
"2398","2016-07-12",33.009998
"2399","2016-07-13",33.529999
"2400","2016-07-14",33
"2401","2016-07-15",33.07
"2402","2016-07-18",33.02
"2403","2016-07-19",32.720001
"2404","2016-07-20",32.459999
"2405","2016-07-21",32.040001
"2406","2016-07-22",32.220001
"2407","2016-07-25",32.439999
"2408","2016-07-26",32.110001
"2409","2016-07-27",31.860001
"2410","2016-07-28",31.66
"2411","2016-07-29",32.049999
"2412","2016-08-01",32.540001
"2413","2016-08-02",31.860001
"2414","2016-08-03",31.030001
"2415","2016-08-04",29.110001
"2416","2016-08-05",28.66
"2417","2016-08-08",28.540001
"2418","2016-08-09",28
"2419","2016-08-10",27.559999
"2420","2016-08-11",27.389999
"2421","2016-08-12",27.200001
"2422","2016-08-15",26.99
"2423","2016-08-16",26.75
"2424","2016-08-17",27.219999
"2425","2016-08-18",17.57
"2426","2016-08-19",19.08
"2427","2016-08-22",19.360001
"2428","2016-08-23",18.4
"2429","2016-08-24",18
"2430","2016-08-25",18.139999
"2431","2016-08-26",17.51
"2432","2016-08-29",16.790001
"2433","2016-08-30",16.02
"2434","2016-08-31",15.93
"2435","2016-09-01",15.64
"2436","2016-09-02",16.049999
"2437","2016-09-06",16.049999
"2438","2016-09-07",16.01
"2439","2016-09-08",16.07
"2440","2016-09-09",15.49
"2441","2016-09-12",15.53
"2442","2016-09-13",15.36
"2443","2016-09-14",16.02
"2444","2016-09-15",16.200001
"2445","2016-09-16",16.120001
"2446","2016-09-19",16.6
"2447","2016-09-20",15.8
"2448","2016-09-21",15.7
"2449","2016-09-22",16.34
"2450","2016-09-23",15.9
"2451","2016-09-26",15.96
"2452","2016-09-27",14.78
"2453","2016-09-28",14.6
"2454","2016-09-29",13.82
"2455","2016-09-30",13.87
"2456","2016-10-03",14.08
"2457","2016-10-04",14
"2458","2016-10-05",13.76
"2459","2016-10-06",13.67
"2460","2016-10-07",13.45
"2461","2016-10-10",13.45
"2462","2016-10-11",13.4
"2463","2016-10-12",14.36
"2464","2016-10-13",14.23
"2465","2016-10-14",14.22
"2466","2016-10-17",14.35
"2467","2016-10-18",14.55
"2468","2016-10-19",14.06
"2469","2016-10-20",13.7
"2470","2016-10-21",13.99
"2471","2016-10-24",13.72
"2472","2016-10-25",13.76
"2473","2016-10-26",13.63
"2474","2016-10-27",13.35
"2475","2016-10-28",13.18
"2476","2016-10-31",14.45
"2477","2016-11-01",14.06
"2478","2016-11-02",13.88
"2479","2016-11-03",14.15
"2480","2016-11-04",14.56
"2481","2016-11-07",14.36
"2482","2016-11-08",14.19
"2483","2016-11-09",20.309999
"2484","2016-11-10",19.809999
"2485","2016-11-11",19.440001
"2486","2016-11-14",20.799999
"2487","2016-11-15",20.42
"2488","2016-11-16",20.65
"2489","2016-11-17",19.870001
"2490","2016-11-18",20.23
"2491","2016-11-21",21.27
"2492","2016-11-22",22.1
"2493","2016-11-23",22.49
"2494","2016-11-25",22
"2495","2016-11-28",22.299999
"2496","2016-11-29",22.27
"2497","2016-11-30",22.709999
"2498","2016-12-01",23.809999
"2499","2016-12-02",23.32
"2500","2016-12-05",23.200001
"2501","2016-12-06",23.83
"2502","2016-12-07",24.27
"2503","2016-12-08",25.02
"2504","2016-12-09",24.780001
"2505","2016-12-12",24.92
"2506","2016-12-13",25.379999
"2507","2016-12-14",24.790001
"2508","2016-12-15",24.530001
"2509","2016-12-16",24
"2510","2016-12-19",24.129999
"2511","2016-12-20",24.25
"2512","2016-12-21",23.59
"2513","2016-12-22",23.49
"2514","2016-12-23",23.85
"2515","2016-12-27",24.16
"2516","2016-12-28",24.16
"2517","2016-12-29",24.41
"2518","2016-12-30",24.459999
"2519","2017-01-03",24.9
"2520","2017-01-04",24.860001
"2521","2017-01-05",24.360001
"2522","2017-01-06",24.74
"2523","2017-01-09",25.290001
"2524","2017-01-10",26.48
"2525","2017-01-11",26.860001
"2526","2017-01-12",26.690001
"2527","2017-01-13",27.219999
"2528","2017-01-17",27.719999
"2529","2017-01-18",27.83
"2530","2017-01-19",27.51
"2531","2017-01-20",28.059999
"2532","2017-01-23",28.34
"2533","2017-01-24",29.65
"2534","2017-01-25",29.200001
"2535","2017-01-26",29.5
"2536","2017-01-27",29.129999
"2537","2017-01-30",29.059999
"2538","2017-01-31",29.040001
"2539","2017-02-01",29.4
"2540","2017-02-02",29.27
"2541","2017-02-03",29.49
"2542","2017-02-06",29.43
"2543","2017-02-07",29.1
"2544","2017-02-08",29.469999
"2545","2017-02-09",30.99
"2546","2017-02-10",30.790001
"2547","2017-02-13",31.709999
"2548","2017-02-14",32.580002
"2549","2017-02-15",32.740002
"2550","2017-02-16",32.689999
"2551","2017-02-17",32.77
"2552","2017-02-21",34.060001
"2553","2017-02-22",34.5
"2554","2017-02-23",34
"2555","2017-02-24",35.029999
"2556","2017-02-27",34.459999
"2557","2017-02-28",33.700001
"2558","2017-03-01",34.349998
"2559","2017-03-02",33.919998
"2560","2017-03-03",34.419998
"2561","2017-03-06",32.57
"2562","2017-03-07",31.879999
"2563","2017-03-08",31.66
"2564","2017-03-09",31.959999
"2565","2017-03-10",31.83
"2566","2017-03-13",31.91
"2567","2017-03-14",31.879999
"2568","2017-03-15",32.34
"2569","2017-03-16",32.650002
"2570","2017-03-17",33.049999
"2571","2017-03-20",32.720001
"2572","2017-03-21",31.719999
"2573","2017-03-22",32.34
"2574","2017-03-23",32.540001
"2575","2017-03-24",31.75
"2576","2017-03-27",31.549999
"2577","2017-03-28",31.370001
"2578","2017-03-29",31.6
"2579","2017-03-30",31.450001
"2580","2017-03-31",31.42
"2581","2017-04-03",31.030001
"2582","2017-04-04",31.18
"2583","2017-04-05",31.33
"2584","2017-04-06",31.9
"2585","2017-04-07",31.93
"2586","2017-04-10",32.049999
"2587","2017-04-11",33.380001
"2588","2017-04-12",33.07
"2589","2017-04-13",33.18
"2590","2017-04-17",33.689999
"2591","2017-04-18",33.380001
"2592","2017-04-19",33.360001
"2593","2017-04-20",33.549999
"2594","2017-04-21",34.009998
"2595","2017-04-24",34.139999
"2596","2017-04-25",34.450001
"2597","2017-04-26",34.75
"2598","2017-04-27",34.939999
"2599","2017-04-28",34.450001
"2600","2017-05-01",34.23
"2601","2017-05-02",33.68
"2602","2017-05-03",32.860001
"2603","2017-05-04",32.610001
"2604","2017-05-05",33.470001
"2605","2017-05-08",34.009998
"2606","2017-05-09",33.759998
"2607","2017-05-10",33.68
"2608","2017-05-11",32.810001
"2609","2017-05-12",33.27
"2610","2017-05-15",33.84
"2611","2017-05-16",34.189999
"2612","2017-05-17",30.74
"2613","2017-05-18",30.719999
"2614","2017-05-19",31.34
"2615","2017-05-22",30.41
"2616","2017-05-23",29.34
"2617","2017-05-24",29.370001
"2618","2017-05-25",30.370001
"2619","2017-05-26",30.09
"2620","2017-05-30",29.52
"2621","2017-05-31",28.75
"2622","2017-06-01",29.23
"2623","2017-06-02",29.860001
"2624","2017-06-05",29.59
"2625","2017-06-06",29.530001
"2626","2017-06-07",28.959999
"2627","2017-06-08",29.870001
"2628","2017-06-09",31.620001
"2629","2017-06-12",30.639999
"2630","2017-06-13",30.25
"2631","2017-06-14",29.450001
"2632","2017-06-15",29.040001
"2633","2017-06-16",28.030001
"2634","2017-06-19",28.299999
"2635","2017-06-20",27.67
"2636","2017-06-21",27.709999
"2637","2017-06-22",28.290001
"2638","2017-06-23",28.370001
"2639","2017-06-26",28.639999
"2640","2017-06-27",27.77
"2641","2017-06-28",28.139999
"2642","2017-06-29",27.450001
"2643","2017-06-30",27.58
"2644","2017-07-03",27.57
"2645","2017-07-05",27.969999
"2646","2017-07-06",27.360001
"2647","2017-07-07",27.5
"2648","2017-07-10",27.030001
"2649","2017-07-11",26.9
"2650","2017-07-12",27.98
"2651","2017-07-13",27.799999
"2652","2017-07-14",28.379999
"2653","2017-07-17",28.66
"2654","2017-07-18",28.4
"2655","2017-07-19",28.93
"2656","2017-07-20",29.030001
"2657","2017-07-21",28.870001
"2658","2017-07-24",28.5
"2659","2017-07-25",28.690001
"2660","2017-07-26",27.870001
"2661","2017-07-27",27.67
"2662","2017-07-28",27.23
"2663","2017-07-31",27.700001
"2664","2017-08-01",27.530001
"2665","2017-08-02",26.43
"2666","2017-08-03",27
"2667","2017-08-04",27.200001
"2668","2017-08-07",25.959999
"2669","2017-08-08",26.33
"2670","2017-08-09",25.52
"2671","2017-08-10",25.4
"2672","2017-08-11",25.99
"2673","2017-08-14",25.959999
"2674","2017-08-15",25.959999
"2675","2017-08-16",25.290001
"2676","2017-08-17",24.59
"2677","2017-08-18",24.42
"2678","2017-08-21",24.4
"2679","2017-08-22",24.99
"2680","2017-08-23",24.93
"2681","2017-08-24",24.780001
"2682","2017-08-25",24.85
"2683","2017-08-28",25.290001
"2684","2017-08-29",26.09
"2685","2017-08-30",26.48
"2686","2017-08-31",26.799999
"2687","2017-09-01",26.75
"2688","2017-09-05",26.370001
"2689","2017-09-06",26.799999
"2690","2017-09-07",26.42
"2691","2017-09-08",26.879999
"2692","2017-09-11",26.26
"2693","2017-09-12",26.040001
"2694","2017-09-13",25.940001
"2695","2017-09-14",25.809999
"2696","2017-09-15",26.09
"2697","2017-09-18",26.299999
"2698","2017-09-19",25.59
"2699","2017-09-20",25.85
"2700","2017-09-21",25.440001
"2701","2017-09-22",25.530001
"2702","2017-09-25",25.790001
"2703","2017-09-26",25.48
"2704","2017-09-27",26.09
"2705","2017-09-28",26.25
"2706","2017-09-29",26.77
"2707","2017-10-02",26.16
"2708","2017-10-03",25.950001
"2709","2017-10-04",25.940001
"2710","2017-10-05",26.190001
"2711","2017-10-06",25.67
"2712","2017-10-09",25.879999
"2713","2017-10-10",25.950001
"2714","2017-10-11",25.98
"2715","2017-10-12",25.959999
"2716","2017-10-13",25.940001
"2717","2017-10-16",25.719999
"2718","2017-10-17",26.6
"2719","2017-10-18",26.33
"2720","2017-10-19",25.99
"2721","2017-10-20",26.120001
"2722","2017-10-23",25.719999
"2723","2017-10-24",24.74
"2724","2017-10-25",24.57
"2725","2017-10-26",24.75
"2726","2017-10-27",24.950001
"2727","2017-10-30",24.450001
"2728","2017-10-31",24.66
"2729","2017-11-01",24.51
"2730","2017-11-02",24.620001
"2731","2017-11-03",24.530001
"2732","2017-11-06",24.860001
"2733","2017-11-07",24.99
"2734","2017-11-08",26.01
"2735","2017-11-09",25.82
"2736","2017-11-10",24.610001
"2737","2017-11-13",24.370001
"2738","2017-11-14",22.92
"2739","2017-11-15",23.17
"2740","2017-11-16",23.41
"2741","2017-11-17",23.209999
"2742","2017-11-20",23.209999
"2743","2017-11-21",23.049999
"2744","2017-11-22",23.200001
"2745","2017-11-24",23
"2746","2017-11-27",23.110001
"2747","2017-11-28",23.440001
"2748","2017-11-29",23.35
"2749","2017-11-30",23.51
"2750","2017-12-01",23.209999
"2751","2017-12-04",23.15
"2752","2017-12-05",22.48
"2753","2017-12-06",22.389999
"2754","2017-12-07",22.559999
"2755","2017-12-08",22.549999
"2756","2017-12-11",22.08
"2757","2017-12-12",21.82
"2758","2017-12-13",21.780001
"2759","2017-12-14",21.77
"2760","2017-12-15",22.08
"2761","2017-12-18",22.530001
"2762","2017-12-19",22.200001
"2763","2017-12-20",21.950001
"2764","2017-12-21",22.139999
"2765","2017-12-22",22.360001
"2766","2017-12-26",22.4
"2767","2017-12-27",22.360001
"2768","2017-12-28",22.360001
"2769","2017-12-29",22.5
"2770","2018-01-02",22.549999
"2771","2018-01-03",22.860001
"2772","2018-01-04",22.59
"2773","2018-01-05",22.73
"2774","2018-01-08",23.549999
"2775","2018-01-09",22.440001
"2776","2018-01-10",21.700001
"2777","2018-01-11",22.610001
"2778","2018-01-12",22.32
"2779","2018-01-16",22.540001
"2780","2018-01-17",22.219999
"2781","2018-01-18",21.98
"2782","2018-01-19",22.34
"2783","2018-01-22",22.43
"2784","2018-01-23",22.24
"2785","2018-01-24",22.57
"2786","2018-01-25",22.780001
"2787","2018-01-26",24.030001
"2788","2018-01-29",23.059999
"2789","2018-01-30",22.799999
"2790","2018-01-31",23.209999
"2791","2018-02-01",22.870001
"2792","2018-02-02",22.309999
"2793","2018-02-05",21.379999
"2794","2018-02-06",20.719999
"2795","2018-02-07",20.370001
"2796","2018-02-08",19.92
"2797","2018-02-09",20.139999
"2798","2018-02-12",20.219999
"2799","2018-02-13",21.26
"2800","2018-02-14",21.66
"2801","2018-02-15",21.469999
"2802","2018-02-16",21.309999
"2803","2018-02-20",21.27
"2804","2018-02-21",21.629999
"2805","2018-02-22",21.67
"2806","2018-02-23",22.110001
"2807","2018-02-26",21.860001
"2808","2018-02-27",20.790001
"2809","2018-02-28",20.790001
"2810","2018-03-01",21.32
"2811","2018-03-02",21.309999
"2812","2018-03-05",21.290001
"2813","2018-03-06",21.709999
"2814","2018-03-07",21.76
"2815","2018-03-08",21.209999
"2816","2018-03-09",21.52
"2817","2018-03-12",21.93
"2818","2018-03-13",21.75
"2819","2018-03-14",21.4
"2820","2018-03-15",21.33
"2821","2018-03-16",21.49
"2822","2018-03-19",20.780001
"2823","2018-03-20",20.77
"2824","2018-03-21",20.969999
"2825","2018-03-22",20.459999
"2826","2018-03-23",19.49
"2827","2018-03-26",19.27
"2828","2018-03-27",19.41
"2829","2018-03-28",20.059999
"2830","2018-03-29",19.52
"2831","2018-04-02",19
"2832","2018-04-03",19.82
"2833","2018-04-04",20.52
"2834","2018-04-05",20.639999
"2835","2018-04-06",20.73
"2836","2018-04-09",20.83
"2837","2018-04-10",20.620001
"2838","2018-04-11",20.450001
"2839","2018-04-12",20.09
"2840","2018-04-13",19.950001
"2841","2018-04-16",20.290001
"2842","2018-04-17",20.469999
"2843","2018-04-18",20.440001
"2844","2018-04-19",20.34
"2845","2018-04-20",20.26
"2846","2018-04-23",20.16
"2847","2018-04-24",20.08
"2848","2018-04-25",20.309999
"2849","2018-04-26",20.49
"2850","2018-04-27",20.700001
"2851","2018-04-30",20.16
"2852","2018-05-01",20.440001
"2853","2018-05-02",20.49
"2854","2018-05-03",21.07
"2855","2018-05-04",21.48
"2856","2018-05-07",21.620001
"2857","2018-05-08",20.870001
"2858","2018-05-09",20.57
"2859","2018-05-10",20.790001
"2860","2018-05-11",20.870001
"2861","2018-05-14",20.690001
"2862","2018-05-15",20.51
"2863","2018-05-16",20.98
"2864","2018-05-17",20.549999
"2865","2018-05-18",20.65
"2866","2018-05-21",21.059999
"2867","2018-05-22",20.92
"2868","2018-05-23",21.09
"2869","2018-05-24",21.01
"2870","2018-05-25",21.09
"2871","2018-05-29",21.42
"2872","2018-05-30",21.68
"2873","2018-05-31",21.52
"2874","2018-06-01",21.67
"2875","2018-06-04",21.639999
"2876","2018-06-05",21.549999
"2877","2018-06-06",21.34
"2878","2018-06-07",21.4
"2879","2018-06-08",21.440001
"2880","2018-06-11",21.459999
"2881","2018-06-12",21.42
"2882","2018-06-13",20.889999
"2883","2018-06-14",21.190001
"2884","2018-06-15",21.450001
"2885","2018-06-18",21.059999
"2886","2018-06-19",21.23
"2887","2018-06-20",21.98
"2888","2018-06-21",22.530001
"2889","2018-06-22",23.42
"2890","2018-06-25",23.82
"2891","2018-06-26",23.190001
"2892","2018-06-27",22.99
"2893","2018-06-28",23.709999
"2894","2018-06-29",23.889999
"2895","2018-07-02",23.57
"2896","2018-07-03",23.799999
"2897","2018-07-05",24.08
"2898","2018-07-06",23.799999
"2899","2018-07-09",23.77
"2900","2018-07-10",23.98
"2901","2018-07-11",24.52
"2902","2018-07-12",24.620001
"2903","2018-07-13",24.84
"2904","2018-07-16",24.73
"2905","2018-07-17",24.26
"2906","2018-07-18",24.299999
"2907","2018-07-19",24.610001
"2908","2018-07-20",24.57
"2909","2018-07-23",24.66
"2910","2018-07-24",24.559999
"2911","2018-07-25",24.780001
"2912","2018-07-26",25.1
"2913","2018-07-27",25.309999
"2914","2018-07-30",25.58
"2915","2018-07-31",25.639999
"2916","2018-08-01",25.629999
"2917","2018-08-02",25.76
"2918","2018-08-03",25.4
"2919","2018-08-06",25.780001
"2920","2018-08-07",25.799999
"2921","2018-08-08",25.59
"2922","2018-08-09",25.219999
"2923","2018-08-10",25.370001
"2924","2018-08-13",25.09
"2925","2018-08-14",24.75
"2926","2018-08-15",24.370001
"2927","2018-08-16",24.889999
"2928","2018-08-17",25.27
"2929","2018-08-20",25.309999
"2930","2018-08-21",25.530001
"2931","2018-08-22",25.370001
"2932","2018-08-23",24.969999
"2933","2018-08-24",24.98
"2934","2018-08-27",25.379999
"2935","2018-08-28",25.709999
"2936","2018-08-29",25.67
"2937","2018-08-30",25.959999
"2938","2018-08-31",25.889999
"2939","2018-09-04",25.43
"2940","2018-09-05",25.68
"2941","2018-09-06",25.75
"2942","2018-09-07",24.99
"2943","2018-09-10",24.690001
"2944","2018-09-11",24.540001
"2945","2018-09-12",24.83
"2946","2018-09-13",25.139999
"2947","2018-09-14",25.23
"2948","2018-09-17",25.52
"2949","2018-09-18",25.49
"2950","2018-09-19",25.35
"2951","2018-09-20",25.790001
"2952","2018-09-21",25.09
"2953","2018-09-24",24.57
"2954","2018-09-25",24.389999
"2955","2018-09-26",24.049999
"2956","2018-09-27",24.16
"2957","2018-09-28",24.33
"2958","2018-10-01",24.110001
"2959","2018-10-02",24.16
"2960","2018-10-03",24.030001
"2961","2018-10-04",23.549999
"2962","2018-10-05",23.389999
"2963","2018-10-08",23.950001
"2964","2018-10-09",24.15
"2965","2018-10-10",23.809999
"2966","2018-10-11",23.4
"2967","2018-10-12",22.370001
"2968","2018-10-15",22.42
"2969","2018-10-16",22.950001
"2970","2018-10-17",23.120001
"2971","2018-10-18",23
"2972","2018-10-19",23.360001
"2973","2018-10-22",23.4
"2974","2018-10-23",23.790001
"2975","2018-10-24",23.84
"2976","2018-10-25",24.200001
"2977","2018-10-26",23.74
"2978","2018-10-29",23.6
"2979","2018-10-30",23.610001
"2980","2018-10-31",22.459999
"2981","2018-11-01",22.540001
"2982","2018-11-02",22.68
"2983","2018-11-05",23.360001
"2984","2018-11-06",21.790001
"2985","2018-11-07",21.99
"2986","2018-11-08",22.18
"2987","2018-11-09",21.85
"2988","2018-11-12",22.709999
"2989","2018-11-13",22.540001
"2990","2018-11-14",22.059999
"2991","2018-11-15",21.75
"2992","2018-11-16",21.42
"2993","2018-11-19",21.4
"2994","2018-11-20",21.25
"2995","2018-11-21",21.219999
"2996","2018-11-23",21.559999
"2997","2018-11-26",21.92
"2998","2018-11-27",21.370001
"2999","2018-11-28",21.92
"3000","2018-11-29",22.01
"3001","2018-11-30",21.950001
"3002","2018-12-03",22.290001
"3003","2018-12-04",21.440001
"3004","2018-12-06",22.17
"3005","2018-12-07",22.120001
"3006","2018-12-10",21.889999
"3007","2018-12-11",21.719999
"3008","2018-12-12",21.469999
"3009","2018-12-13",21.51
"3010","2018-12-14",21.01
"3011","2018-12-17",19.92
"3012","2018-12-18",20.09
"3013","2018-12-19",18.77
"3014","2018-12-20",19.219999
"3015","2018-12-21",18.41
"3016","2018-12-24",17.700001
"3017","2018-12-26",18.139999
"3018","2018-12-27",17.639999
"3019","2018-12-28",18.129999
"3020","2018-12-31",17.83
"3021","2019-01-02",17.379999
"3022","2019-01-03",17.51
"3023","2019-01-04",17.91
"3024","2019-01-07",18.17
"3025","2019-01-08",18.75
"3026","2019-01-09",19.01
"3027","2019-01-10",19.290001
"3028","2019-01-11",19.49
"3029","2019-01-14",18.9
"3030","2019-01-15",19.17
"3031","2019-01-16",19.59
"3032","2019-01-17",19.469999
"3033","2019-01-18",19.49
"3034","2019-01-22",19.09
"3035","2019-01-23",19.1
"3036","2019-01-24",19.190001
"3037","2019-01-25",19.17
"3038","2019-01-28",19.24
"3039","2019-01-29",19.629999
"3040","2019-01-30",19.57
"3041","2019-01-31",19.870001
"3042","2019-02-01",19.5
"3043","2019-02-04",19.969999
"3044","2019-02-05",20.059999
"3045","2019-02-06",19.93
"3046","2019-02-07",20.139999
"3047","2019-02-08",20.280001
"3048","2019-02-11",20.290001
"3049","2019-02-12",20.01
"3050","2019-02-13",20.09
"3051","2019-02-14",20
"3052","2019-02-15",20.34
"3053","2019-02-19",20.469999
"3054","2019-02-20",21.34
"3055","2019-02-21",21.639999
"3056","2019-02-22",22.040001
"3057","2019-02-25",21.969999
"3058","2019-02-26",21.6
"3059","2019-02-27",21.459999
"3060","2019-02-28",21.18
"3061","2019-03-01",20.790001
"3062","2019-03-04",21.07
"3063","2019-03-05",20.879999
"3064","2019-03-06",19.92
"3065","2019-03-07",19.610001
"3066","2019-03-08",19.48
"3067","2019-03-11",19.76
"3068","2019-03-12",19.49
"3069","2019-03-13",19.23
"3070","2019-03-14",19.200001
"3071","2019-03-15",19.129999
"3072","2019-03-18",19.129999
"3073","2019-03-19",19.07
"3074","2019-03-20",18.969999
"3075","2019-03-21",19.49
"3076","2019-03-22",19.190001
"3077","2019-03-25",19.18
"3078","2019-03-26",19.530001
"3079","2019-03-27",19.379999
"3080","2019-03-28",19.74
"3081","2019-03-29",19.450001
"3082","2019-04-01",19.719999
"3083","2019-04-02",19.66
"3084","2019-04-03",19.85
"3085","2019-04-04",20.059999
"3086","2019-04-05",20.33
"3087","2019-04-08",20.309999
"3088","2019-04-09",19.950001
"3089","2019-04-10",20.34
"3090","2019-04-11",20.27
"3091","2019-04-12",20.35
"3092","2019-04-15",20.6
"3093","2019-04-16",20.23
"3094","2019-04-17",20.530001
"3095","2019-04-18",20.66
"3096","2019-04-22",20.35
"3097","2019-04-23",20.5
"3098","2019-04-24",20.559999
"3099","2019-04-25",20.34
"3100","2019-04-26",20.559999
"3101","2019-04-29",20.440001
"3102","2019-04-30",20.809999
"3103","2019-05-01",21.129999
"3104","2019-05-02",20.74
"3105","2019-05-03",21.299999
"3106","2019-05-06",21.389999
"3107","2019-05-07",20.709999
"3108","2019-05-08",20.41
"3109","2019-05-09",21.59
"3110","2019-05-10",21.879999
"3111","2019-05-13",21.690001
"3112","2019-05-14",21.6
"3113","2019-05-15",21.82
"3114","2019-05-16",22.129999
"3115","2019-05-17",22.08
"3116","2019-05-20",22.16
"3117","2019-05-21",22.389999
"3118","2019-05-22",22.34
"3119","2019-05-23",22.299999
"3120","2019-05-24",22.33
"3121","2019-05-28",22.01
"3122","2019-05-29",21.709999
"3123","2019-05-30",21.75
"3124","2019-05-31",21.9
"3125","2019-06-03",21.52
"3126","2019-06-04",21.639999
"3127","2019-06-05",21.620001
"3128","2019-06-06",22.120001
"3129","2019-06-07",22.780001
"3130","2019-06-10",23.120001
"3131","2019-06-11",23.530001
"3132","2019-06-12",23.73
"3133","2019-06-13",24
"3134","2019-06-14",23.799999
"3135","2019-06-17",23.950001
"3136","2019-06-18",24.07
"3137","2019-06-19",23.9
"3138","2019-06-20",23.799999
"3139","2019-06-21",22.370001
"3140","2019-06-24",22.190001
"3141","2019-06-25",21.620001
"3142","2019-06-26",20.67
"3143","2019-06-27",20.84
"3144","2019-06-28",20.76
"3145","2019-07-01",20.200001
"3146","2019-07-02",20.200001
"3147","2019-07-03",20.139999
"3148","2019-07-05",20.26
"3149","2019-07-08",20.139999
"3150","2019-07-09",19.639999
"3151","2019-07-10",19.34
"3152","2019-07-11",18.190001
"3153","2019-07-12",18.18
"3154","2019-07-15",17.93
"3155","2019-07-16",17.469999
"3156","2019-07-17",17.610001
"3157","2019-07-18",17
"3158","2019-07-19",16.629999
"3159","2019-07-22",16.26
"3160","2019-07-23",16.84
"3161","2019-07-24",16.41
"3162","2019-07-25",15.8
"3163","2019-07-26",16.18
"3164","2019-07-29",16.209999
"3165","2019-07-30",16.57
"3166","2019-07-31",16.969999
"3167","2019-08-01",16.559999
"3168","2019-08-02",16.6
"3169","2019-08-05",16.799999
"3170","2019-08-06",17.440001
"3171","2019-08-07",17.73
"3172","2019-08-08",18.02
"3173","2019-08-09",17.690001
"3174","2019-08-12",17.65
"3175","2019-08-13",17.77
"3176","2019-08-14",17.18
"3177","2019-08-15",17.209999
"3178","2019-08-16",17.67
"3179","2019-08-19",17.549999
"3180","2019-08-20",17.360001
"3181","2019-08-21",17.32
"3182","2019-08-22",17.280001
"3183","2019-08-23",16.68
"3184","2019-08-26",17.219999
"3185","2019-08-27",16.65
"3186","2019-08-28",17.02
"3187","2019-08-29",17.08
"3188","2019-08-30",16.950001
"3189","2019-09-03",17.23
"3190","2019-09-04",17.379999
"3191","2019-09-05",17.389999
"3192","2019-09-06",17.299999
"3193","2019-09-09",17.6
"3194","2019-09-10",17.9
"3195","2019-09-11",18.299999
"3196","2019-09-12",18.059999
"3197","2019-09-13",17.809999
"3198","2019-09-16",17.9
"3199","2019-09-17",17.559999
"3200","2019-09-18",17.5
"3201","2019-09-19",17.33
"3202","2019-09-20",17.360001
"3203","2019-09-23",17.049999
"3204","2019-09-24",17.290001
"3205","2019-09-25",18.09
"3206","2019-09-26",17.83
"3207","2019-09-27",17.719999
"3208","2019-09-30",17.280001
"3209","2019-10-01",16.25
"3210","2019-10-02",15.88
"3211","2019-10-03",16.08
"3212","2019-10-04",16.42
"3213","2019-10-07",16.26
"3214","2019-10-08",15.82
"3215","2019-10-09",15.61
"3216","2019-10-10",15.1
"3217","2019-10-11",15.54
"3218","2019-10-14",15.67
"3219","2019-10-15",15.41
"3220","2019-10-16",15.31
"3221","2019-10-17",15.55
"3222","2019-10-18",15.33
"3223","2019-10-21",15.52
"3224","2019-10-22",15.95
"3225","2019-10-23",16.200001
"3226","2019-10-24",15.89
"3227","2019-10-25",15.83
"3228","2019-10-28",15.6
"3229","2019-10-29",15.47
"3230","2019-10-30",15.47
"3231","2019-10-31",15.26
"3232","2019-11-01",15.71
"3233","2019-11-04",16.139999
"3234","2019-11-05",15.87
"3235","2019-11-06",15.58
"3236","2019-11-07",15.93
"3237","2019-11-08",16.15
"3238","2019-11-11",15.94
"3239","2019-11-12",15.9
"3240","2019-11-13",15.62
"3241","2019-11-14",15.74
"3242","2019-11-15",15.45
"3243","2019-11-18",15.46
"3244","2019-11-19",15.36
"3245","2019-11-20",15.31
"3246","2019-11-21",15.09
"3247","2019-11-22",15.07
"3248","2019-11-25",15.09
"3249","2019-11-26",15.3
"3250","2019-11-27",15.4
"3251","2019-11-29",15.15
"3252","2019-12-02",14.92
"3253","2019-12-03",14.95
"3254","2019-12-04",15.1
"3255","2019-12-05",14.86
"3256","2019-12-06",15.05
"3257","2019-12-09",15.37
"3258","2019-12-10",15.26
"3259","2019-12-11",15.09
"3260","2019-12-12",15.34
"3261","2019-12-13",15.92
"3262","2019-12-16",16.040001
"3263","2019-12-17",16.719999
"3264","2019-12-18",17.040001
"3265","2019-12-19",17.08
"3266","2019-12-20",17.440001
"3267","2019-12-23",17.32
"3268","2019-12-24",17.34
"3269","2019-12-26",17.66
"3270","2019-12-27",17.52
"3271","2019-12-30",17.35
"3272","2019-12-31",17.379999
"3273","2020-01-02",17.27
"3274","2020-01-03",16.120001
"3275","2020-01-06",16.09
"3276","2020-01-07",16.02
"3277","2020-01-08",15.98
"3278","2020-01-09",15.56
"3279","2020-01-10",15.6
"3280","2020-01-13",15.88
"3281","2020-01-14",16.24
"3282","2020-01-15",16.43
"3283","2020-01-16",16.6
"3284","2020-01-17",16.200001
"3285","2020-01-21",16.190001
"3286","2020-01-22",16.139999
"3287","2020-01-23",16.33
"3288","2020-01-24",16.23
"3289","2020-01-27",16.219999
"3290","2020-01-28",16.559999
"3291","2020-01-29",16.42
"3292","2020-01-30",16.42
"3293","2020-01-31",15.95
"3294","2020-02-03",16.049999
"3295","2020-02-04",16.379999
"3296","2020-02-05",16.82
"3297","2020-02-06",16.84
"3298","2020-02-07",16.59
"3299","2020-02-10",16.780001
"3300","2020-02-11",16.950001
"3301","2020-02-12",17.389999
"3302","2020-02-13",16.9
"3303","2020-02-14",16.85
"3304","2020-02-18",16.950001
"3305","2020-02-19",16.76
"3306","2020-02-20",17.209999
"3307","2020-02-21",17.4
"3308","2020-02-24",16.84
"3309","2020-02-25",15.85
"3310","2020-02-26",16.129999
"3311","2020-02-27",15.76
"3312","2020-02-28",14.81
"3313","2020-03-02",16.08
"3314","2020-03-03",15.71
"3315","2020-03-04",16.540001
"3316","2020-03-05",16.34
"3317","2020-03-06",16.16
"3318","2020-03-09",14.8
"3319","2020-03-10",14.7
"3320","2020-03-11",13.23
"3321","2020-03-12",10.83
"3322","2020-03-13",12.1
"3323","2020-03-16",10.56
"3324","2020-03-17",11.82
"3325","2020-03-18",9.14
"3326","2020-03-19",9.97
"3327","2020-03-20",9.9
"3328","2020-03-23",8.73
"3329","2020-03-24",10.13
"3330","2020-03-25",10.27
"3331","2020-03-26",11.15
"3332","2020-03-27",11.42
"3333","2020-03-30",11.96
"3334","2020-03-31",11.17
"3335","2020-04-01",10.08
"3336","2020-04-02",9.78
"3337","2020-04-03",8.98
"3338","2020-04-06",9.6
"3339","2020-04-07",9.48
"3340","2020-04-08",10.34
"3341","2020-04-09",11.26
"3342","2020-04-13",12.02
"3343","2020-04-14",12.48
"3344","2020-04-15",11.96
"3345","2020-04-16",11.39
"3346","2020-04-17",11.64
"3347","2020-04-20",11.42
"3348","2020-04-21",11.1
"3349","2020-04-22",11.1
"3350","2020-04-23",10.93
"3351","2020-04-24",11.16
"3352","2020-04-27",11.84
"3353","2020-04-28",12.5
"3354","2020-04-29",13.21
"3355","2020-04-30",13.12
"3356","2020-05-01",12.16
"3357","2020-05-04",11.72
"3358","2020-05-05",11.81
"3359","2020-05-06",11.54
"3360","2020-05-07",11
"3361","2020-05-08",12.33
"3362","2020-05-11",11.65
"3363","2020-05-12",11
"3364","2020-05-13",10.33
"3365","2020-05-14",10.05
"3366","2020-05-15",10.24
"3367","2020-05-18",11.62
"3368","2020-05-19",11.06
"3369","2020-05-20",11.43
"3370","2020-05-21",11.58
"3371","2020-05-22",11.48
"3372","2020-05-26",12.23
"3373","2020-05-27",13.07
"3374","2020-05-28",12.56
"3375","2020-05-29",12.03
"3376","2020-06-01",12.55
"3377","2020-06-02",12.2
"3378","2020-06-03",12.97
"3379","2020-06-04",12.93
"3380","2020-06-05",13.79
"3381","2020-06-08",13.96
"3382","2020-06-09",14.16
"3383","2020-06-10",13.22
"3384","2020-06-11",11.96
"3385","2020-06-12",12.38
"3386","2020-06-15",12.5
"3387","2020-06-16",12.52
"3388","2020-06-17",10.43
"3389","2020-06-18",10.19
"3390","2020-06-19",9.84
"3391","2020-06-22",10.1
"3392","2020-06-23",9.73
"3393","2020-06-24",9.35
"3394","2020-06-25",9.45
"3395","2020-06-26",9.02
"3396","2020-06-29",9.53
"3397","2020-06-30",9.36
"3398","2020-07-01",9.4
"3399","2020-07-02",9.53
"3400","2020-07-06",9.26
"3401","2020-07-07",9.17
"3402","2020-07-08",9.25
"3403","2020-07-09",8.8
"3404","2020-07-10",9.25
"3405","2020-07-13",9.12
"3406","2020-07-14",9.11
"3407","2020-07-15",9.42
"3408","2020-07-16",9.24
"3409","2020-07-17",9.14
"3410","2020-07-20",8.83
"3411","2020-07-21",9.16
"3412","2020-07-22",9.16
"3413","2020-07-23",9.17
"3414","2020-07-24",8.91
"3415","2020-07-27",8.84
"3416","2020-07-28",8.91
"3417","2020-07-29",9.04
"3418","2020-07-30",8.79
"3419","2020-07-31",8.91
"3420","2020-08-03",8.92
"3421","2020-08-04",9.21
"3422","2020-08-05",9.14
"3423","2020-08-06",8.74
"3424","2020-08-07",8.74
"3425","2020-08-10",8.98
"3426","2020-08-11",9.16
"3427","2020-08-12",9.9
"3428","2020-08-13",9.68
"3429","2020-08-14",9.87
"3430","2020-08-17",10.05
"3431","2020-08-18",9.59
"3432","2020-08-19",9.37
"3433","2020-08-20",9.31
"3434","2020-08-21",9.25
"3435","2020-08-24",9.66
"3436","2020-08-25",9.54
"3437","2020-08-26",9.21
"3438","2020-08-27",9.43
"3439","2020-08-28",9.35
"3440","2020-08-31",9.31
"3441","2020-09-01",9.41
"3442","2020-09-02",9.48
"3443","2020-09-03",9.53
"3444","2020-09-04",9.49
"3445","2020-09-08",9.5
"3446","2020-09-09",9.4
"3447","2020-09-10",9.06
"3448","2020-09-11",9.03
"3449","2020-09-14",9.13
"3450","2020-09-15",9.15
"3451","2020-09-16",9.13
"3452","2020-09-17",8.93
"3453","2020-09-18",8.57
"3454","2020-09-21",8.22
"3455","2020-09-22",8.21
"3456","2020-09-23",8
"3457","2020-09-24",8
"3458","2020-09-25",8.04
"3459","2020-09-28",8.25
"3460","2020-09-29",8.16
"3461","2020-09-30",8
"3462","2020-10-01",8.18
"3463","2020-10-02",8.31
"3464","2020-10-05",8.03
"3465","2020-10-06",7.98
"3466","2020-10-07",7.91
"3467","2020-10-08",7.99
"3468","2020-10-09",7.92
"3469","2020-10-12",7.89
"3470","2020-10-13",7.72
"3471","2020-10-14",7.82
"3472","2020-10-15",7.94
"3473","2020-10-16",7.76
"3474","2020-10-19",7.64
"3475","2020-10-20",7.66
"3476","2020-10-21",6.85
"3477","2020-10-22",6.73
"3478","2020-10-23",6.62
"3479","2020-10-26",6.41
"3480","2020-10-27",6
"3481","2020-10-28",5.92
"3482","2020-10-29",6.32
"3483","2020-10-30",6.41
"3484","2020-11-02",7.19
"3485","2020-11-03",7.51
"3486","2020-11-04",6.46
"3487","2020-11-05",6.18
"3488","2020-11-06",6
"3489","2020-11-09",6.22
"3490","2020-11-10",6.38
"3491","2020-11-11",6.58
"3492","2020-11-12",6.23
"3493","2020-11-13",6.6
"3494","2020-11-16",6.72
"3495","2020-11-17",6.81
"3496","2020-11-18",6.71
"3497","2020-11-19",6.82
"3498","2020-11-20",6.8
"3499","2020-11-23",7.09
"3500","2020-11-24",7.79
"3501","2020-11-25",7.84
"3502","2020-11-27",7.68
