"","date","FUND"
"1","2007-01-03",10.79
"2","2007-01-04",10.59
"3","2007-01-05",10.55
"4","2007-01-08",10.44
"5","2007-01-09",10.44
"6","2007-01-10",10.25
"7","2007-01-11",10.37
"8","2007-01-12",10.57
"9","2007-01-16",10.62
"10","2007-01-17",10.59
"11","2007-01-18",10.6
"12","2007-01-19",10.57
"13","2007-01-22",10.5
"14","2007-01-23",10.42
"15","2007-01-24",10.57
"16","2007-01-25",10.61
"17","2007-01-26",10.5
"18","2007-01-29",10.55
"19","2007-01-30",10.48
"20","2007-01-31",10.8
"21","2007-02-01",11.1
"22","2007-02-02",11
"23","2007-02-05",11.18
"24","2007-02-06",11.08
"25","2007-02-07",11.2
"26","2007-02-08",11.32
"27","2007-02-09",11.3
"28","2007-02-12",11.25
"29","2007-02-13",11.32
"30","2007-02-14",11.5
"31","2007-02-15",11.5
"32","2007-02-16",11.36
"33","2007-02-20",11.47
"34","2007-02-21",11.73
"35","2007-02-22",11.45
"36","2007-02-23",11.57
"37","2007-02-26",11.5
"38","2007-02-27",10.99
"39","2007-02-28",11.38
"40","2007-03-01",11.01
"41","2007-03-02",10.81
"42","2007-03-05",10.54
"43","2007-03-06",10.8
"44","2007-03-07",10.78
"45","2007-03-08",10.81
"46","2007-03-09",10.83
"47","2007-03-12",10.85
"48","2007-03-13",10.51
"49","2007-03-14",10.64
"50","2007-03-15",10.7
"51","2007-03-16",10.72
"52","2007-03-19",10.82
"53","2007-03-20",10.94
"54","2007-03-21",11.06
"55","2007-03-22",11.24
"56","2007-03-23",11.43
"57","2007-03-26",11.2
"58","2007-03-27",11.3
"59","2007-03-28",11.13
"60","2007-03-29",11.18
"61","2007-03-30",11.32
"62","2007-04-02",11.35
"63","2007-04-03",11.4
"64","2007-04-04",11.4
"65","2007-04-05",11.46
"66","2007-04-09",11.4
"67","2007-04-10",11.34
"68","2007-04-11",11.21
"69","2007-04-12",11.45
"70","2007-04-13",11.45
"71","2007-04-16",11.54
"72","2007-04-17",11.49
"73","2007-04-18",11.35
"74","2007-04-19",11.36
"75","2007-04-20",11.42
"76","2007-04-23",11.41
"77","2007-04-24",11.41
"78","2007-04-25",11.49
"79","2007-04-26",11.49
"80","2007-04-27",11.52
"81","2007-04-30",11.48
"82","2007-05-01",11.31
"83","2007-05-02",11.21
"84","2007-05-03",11.26
"85","2007-05-04",11.31
"86","2007-05-07",11.33
"87","2007-05-08",11.31
"88","2007-05-09",11.26
"89","2007-05-10",11.37
"90","2007-05-11",11.58
"91","2007-05-14",11.46
"92","2007-05-15",11.46
"93","2007-05-16",11.39
"94","2007-05-17",11.41
"95","2007-05-18",11.45
"96","2007-05-21",11.53
"97","2007-05-22",11.53
"98","2007-05-23",11.48
"99","2007-05-24",11.38
"100","2007-05-25",11.41
"101","2007-05-29",11.56
"102","2007-05-30",11.8
"103","2007-05-31",11.79
"104","2007-06-01",11.8
"105","2007-06-04",11.74
"106","2007-06-05",11.53
"107","2007-06-06",11.68
"108","2007-06-07",11.48
"109","2007-06-08",11.33
"110","2007-06-11",11.43
"111","2007-06-12",11.4
"112","2007-06-13",11.65
"113","2007-06-14",11.64
"114","2007-06-15",11.77
"115","2007-06-18",11.79
"116","2007-06-19",11.69
"117","2007-06-20",11.63
"118","2007-06-21",11.5
"119","2007-06-22",11.33
"120","2007-06-25",11.31
"121","2007-06-26",11.4
"122","2007-06-27",11.34
"123","2007-06-28",11.23
"124","2007-06-29",11.32
"125","2007-07-02",11.4
"126","2007-07-03",11.31
"127","2007-07-05",11.25
"128","2007-07-06",11.28
"129","2007-07-09",11.54
"130","2007-07-10",11.44
"131","2007-07-11",11.6
"132","2007-07-12",11.64
"133","2007-07-13",11.64
"134","2007-07-16",11.66
"135","2007-07-17",11.56
"136","2007-07-18",11.49
"137","2007-07-19",11.63
"138","2007-07-20",11.5
"139","2007-07-23",11.6
"140","2007-07-24",11.44
"141","2007-07-25",11.38
"142","2007-07-26",11.07
"143","2007-07-27",10.82
"144","2007-07-30",10.76
"145","2007-07-31",10.92
"146","2007-08-01",10.8
"147","2007-08-02",10.76
"148","2007-08-03",10.5
"149","2007-08-06",10.3
"150","2007-08-07",10.32
"151","2007-08-08",10.51
"152","2007-08-09",10.52
"153","2007-08-10",10.48
"154","2007-08-13",10.56
"155","2007-08-14",10.41
"156","2007-08-15",10.03
"157","2007-08-16",9.5
"158","2007-08-17",10.39
"159","2007-08-20",10.44
"160","2007-08-21",10.53
"161","2007-08-22",10.41
"162","2007-08-23",10.37
"163","2007-08-24",10.47
"164","2007-08-27",10.54
"165","2007-08-28",10.59
"166","2007-08-29",10.47
"167","2007-08-30",10.36
"168","2007-08-31",10.41
"169","2007-09-04",10.45
"170","2007-09-05",10.51
"171","2007-09-06",10.52
"172","2007-09-07",10.21
"173","2007-09-10",10.02
"174","2007-09-11",10.04
"175","2007-09-12",10.13
"176","2007-09-13",10.24
"177","2007-09-14",10.2
"178","2007-09-17",10.08
"179","2007-09-18",10.22
"180","2007-09-19",10.31
"181","2007-09-20",10.33
"182","2007-09-21",10.48
"183","2007-09-24",10.57
"184","2007-09-25",10.5
"185","2007-09-26",10.56
"186","2007-09-27",10.67
"187","2007-09-28",10.59
"188","2007-10-01",10.93
"189","2007-10-02",10.95
"190","2007-10-03",10.98
"191","2007-10-04",10.95
"192","2007-10-05",11.02
"193","2007-10-08",10.88
"194","2007-10-09",11.02
"195","2007-10-10",11.04
"196","2007-10-11",11
"197","2007-10-12",10.91
"198","2007-10-15",11
"199","2007-10-16",10.91
"200","2007-10-17",11
"201","2007-10-18",11.01
"202","2007-10-19",10.6
"203","2007-10-22",10.62
"204","2007-10-23",10.75
"205","2007-10-24",10.7
"206","2007-10-25",10.77
"207","2007-10-26",10.75
"208","2007-10-29",10.81
"209","2007-10-30",10.79
"210","2007-10-31",10.83
"211","2007-11-01",10.48
"212","2007-11-02",10.36
"213","2007-11-05",10.44
"214","2007-11-06",10.67
"215","2007-11-07",10.47
"216","2007-11-08",10.41
"217","2007-11-09",10.31
"218","2007-11-12",10.2
"219","2007-11-13",10.32
"220","2007-11-14",10.39
"221","2007-11-15",10.14
"222","2007-11-16",10.15
"223","2007-11-19",10.09
"224","2007-11-20",9.97
"225","2007-11-21",9.82
"226","2007-11-23",10.14
"227","2007-11-26",10.6
"228","2007-11-27",10.9
"229","2007-11-28",11.27
"230","2007-11-29",11.84
"231","2007-11-30",11.42
"232","2007-12-03",11.1
"233","2007-12-04",8.85
"234","2007-12-05",9.19
"235","2007-12-06",9.22
"236","2007-12-07",9.31
"237","2007-12-10",9.72
"238","2007-12-11",9.54
"239","2007-12-12",9.12
"240","2007-12-13",9
"241","2007-12-14",8.83
"242","2007-12-17",8.9
"243","2007-12-18",8.66
"244","2007-12-19",8.61
"245","2007-12-20",8.41
"246","2007-12-21",8.74
"247","2007-12-24",8.82
"248","2007-12-26",9.46
"249","2007-12-27",9.16
"250","2007-12-28",9.19
"251","2007-12-31",8.97
"252","2008-01-02",9.03
"253","2008-01-03",8.98
"254","2008-01-04",8.84
"255","2008-01-07",8.73
"256","2008-01-08",8.82
"257","2008-01-09",8.84
"258","2008-01-10",8.53
"259","2008-01-11",8.29
"260","2008-01-14",8.26
"261","2008-01-15",8.08
"262","2008-01-16",7.96
"263","2008-01-17",7.75
"264","2008-01-18",7.58
"265","2008-01-22",7.54
"266","2008-01-23",7.81
"267","2008-01-24",7.9
"268","2008-01-25",7.91
"269","2008-01-28",8.05
"270","2008-01-29",8.15
"271","2008-01-30",8.14
"272","2008-01-31",8.31
"273","2008-02-01",8.56
"274","2008-02-04",8.7
"275","2008-02-05",8.51
"276","2008-02-06",8.57
"277","2008-02-07",8.53
"278","2008-02-08",8.54
"279","2008-02-11",8.52
"280","2008-02-12",8.4
"281","2008-02-13",8.59
"282","2008-02-14",8.59
"283","2008-02-15",8.55
"284","2008-02-19",8.51
"285","2008-02-20",8.64
"286","2008-02-21",8.51
"287","2008-02-22",8.57
"288","2008-02-25",8.66
"289","2008-02-26",8.8
"290","2008-02-27",8.79
"291","2008-02-28",8.74
"292","2008-02-29",8.61
"293","2008-03-03",8.5
"294","2008-03-04",8.36
"295","2008-03-05",8.4
"296","2008-03-06",8.32
"297","2008-03-07",8.05
"298","2008-03-10",7.85
"299","2008-03-11",8.07
"300","2008-03-12",7.93
"301","2008-03-13",8
"302","2008-03-14",7.8
"303","2008-03-17",7.55
"304","2008-03-18",7.68
"305","2008-03-19",7.67
"306","2008-03-20",7.88
"307","2008-03-24",7.89
"308","2008-03-25",7.98
"309","2008-03-26",7.9
"310","2008-03-27",7.94
"311","2008-03-28",8.01
"312","2008-03-31",8.09
"313","2008-04-01",8.21
"314","2008-04-02",8.35
"315","2008-04-03",8.29
"316","2008-04-04",8.3
"317","2008-04-07",8.4
"318","2008-04-08",8.5
"319","2008-04-09",8.45
"320","2008-04-10",8.3
"321","2008-04-11",8.15
"322","2008-04-14",8.03
"323","2008-04-15",8.03
"324","2008-04-16",8.3
"325","2008-04-17",8.28
"326","2008-04-18",8.51
"327","2008-04-21",8.44
"328","2008-04-22",8.32
"329","2008-04-23",8.41
"330","2008-04-24",8.51
"331","2008-04-25",8.6
"332","2008-04-28",8.58
"333","2008-04-29",8.6
"334","2008-04-30",8.55
"335","2008-05-01",8.68
"336","2008-05-02",8.65
"337","2008-05-05",8.61
"338","2008-05-06",8.72
"339","2008-05-07",8.61
"340","2008-05-08",8.72
"341","2008-05-09",8.7
"342","2008-05-12",8.86
"343","2008-05-13",9.02
"344","2008-05-14",9.04
"345","2008-05-15",9.32
"346","2008-05-16",9.39
"347","2008-05-19",9.38
"348","2008-05-20",9.28
"349","2008-05-21",9.25
"350","2008-05-22",9.35
"351","2008-05-23",9.18
"352","2008-05-27",9.27
"353","2008-05-28",9.62
"354","2008-05-29",9.68
"355","2008-05-30",9.73
"356","2008-06-02",9.63
"357","2008-06-03",9.66
"358","2008-06-04",9.47
"359","2008-06-05",9.76
"360","2008-06-06",9.39
"361","2008-06-09",9.34
"362","2008-06-10",9.14
"363","2008-06-11",9.01
"364","2008-06-12",9.16
"365","2008-06-13",9.25
"366","2008-06-16",9.25
"367","2008-06-17",9.24
"368","2008-06-18",9.22
"369","2008-06-19",9.11
"370","2008-06-20",9.21
"371","2008-06-23",9.24
"372","2008-06-24",9.1
"373","2008-06-25",9.29
"374","2008-06-26",9.08
"375","2008-06-27",8.82
"376","2008-06-30",8.83
"377","2008-07-01",8.87
"378","2008-07-02",8.66
"379","2008-07-03",8.45
"380","2008-07-07",8.35
"381","2008-07-08",8.35
"382","2008-07-09",8.22
"383","2008-07-10",8.3
"384","2008-07-11",8.06
"385","2008-07-14",8.02
"386","2008-07-15",8.02
"387","2008-07-16",8.3
"388","2008-07-17",8.77
"389","2008-07-18",8.7
"390","2008-07-21",8.76
"391","2008-07-22",8.85
"392","2008-07-23",8.91
"393","2008-07-24",8.64
"394","2008-07-25",8.52
"395","2008-07-28",8.3
"396","2008-07-29",8.5
"397","2008-07-30",8.56
"398","2008-07-31",8.68
"399","2008-08-01",8.72
"400","2008-08-04",8.64
"401","2008-08-05",8.74
"402","2008-08-06",8.78
"403","2008-08-07",8.84
"404","2008-08-08",8.97
"405","2008-08-11",8.9
"406","2008-08-12",8.71
"407","2008-08-13",8.88
"408","2008-08-14",9
"409","2008-08-15",8.89
"410","2008-08-18",8.83
"411","2008-08-19",8.81
"412","2008-08-20",8.78
"413","2008-08-21",8.77
"414","2008-08-22",8.72
"415","2008-08-25",8.61
"416","2008-08-26",8.68
"417","2008-08-27",8.77
"418","2008-08-28",8.84
"419","2008-08-29",8.82
"420","2008-09-02",8.9
"421","2008-09-03",8.85
"422","2008-09-04",8.59
"423","2008-09-05",8.39
"424","2008-09-08",8.4
"425","2008-09-09",8.1
"426","2008-09-10",7.63
"427","2008-09-11",7.63
"428","2008-09-12",7.65
"429","2008-09-15",7.42
"430","2008-09-16",7.15
"431","2008-09-17",7.07
"432","2008-09-18",7.38
"433","2008-09-19",8.59
"434","2008-09-22",8.24
"435","2008-09-23",8.11
"436","2008-09-24",8
"437","2008-09-25",8.06
"438","2008-09-26",7.6
"439","2008-09-29",7.14
"440","2008-09-30",7.57
"441","2008-10-01",7.42
"442","2008-10-02",7.02
"443","2008-10-03",6.8
"444","2008-10-06",6.21
"445","2008-10-07",6.05
"446","2008-10-08",5.84
"447","2008-10-09",5.75
"448","2008-10-10",5.35
"449","2008-10-13",6.11
"450","2008-10-14",6.45
"451","2008-10-15",5.94
"452","2008-10-16",5.8
"453","2008-10-17",6.11
"454","2008-10-20",6.65
"455","2008-10-21",6.41
"456","2008-10-22",6.36
"457","2008-10-23",6.24
"458","2008-10-24",5.46
"459","2008-10-27",5.02
"460","2008-10-28",5.15
"461","2008-10-29",5.23
"462","2008-10-30",5.07
"463","2008-10-31",5
"464","2008-11-03",5.04
"465","2008-11-04",5.55
"466","2008-11-05",5.38
"467","2008-11-06",5.16
"468","2008-11-07",5.25
"469","2008-11-10",4.65
"470","2008-11-11",4.61
"471","2008-11-12",4.25
"472","2008-11-13",4.4
"473","2008-11-14",4.24
"474","2008-11-17",4.26
"475","2008-11-18",4.18
"476","2008-11-19",3.5
"477","2008-11-20",3.4
"478","2008-11-21",3.36
"479","2008-11-24",4.03
"480","2008-11-25",4.11
"481","2008-11-26",4.58
"482","2008-11-28",4.67
"483","2008-12-01",4.56
"484","2008-12-02",4.86
"485","2008-12-03",4.42
"486","2008-12-04",3.88
"487","2008-12-05",3.99
"488","2008-12-08",4.08
"489","2008-12-09",4.02
"490","2008-12-10",4.19
"491","2008-12-11",4.05
"492","2008-12-12",4.09
"493","2008-12-15",3.92
"494","2008-12-16",4.16
"495","2008-12-17",4.4
"496","2008-12-18",4.31
"497","2008-12-19",4.29
"498","2008-12-22",4.1
"499","2008-12-23",4.12
"500","2008-12-24",4.11
"501","2008-12-26",4.2
"502","2008-12-29",4.13
"503","2008-12-30",4.27
"504","2008-12-31",4.6
"505","2009-01-02",4.85
"506","2009-01-05",4.85
"507","2009-01-06",4.91
"508","2009-01-07",4.8
"509","2009-01-08",4.8
"510","2009-01-09",4.75
"511","2009-01-12",4.58
"512","2009-01-13",4.6
"513","2009-01-14",4.4
"514","2009-01-15",4.42
"515","2009-01-16",4.48
"516","2009-01-20",4.3
"517","2009-01-21",4.43
"518","2009-01-22",4.39
"519","2009-01-23",4.34
"520","2009-01-26",4.45
"521","2009-01-27",4.47
"522","2009-01-28",4.62
"523","2009-01-29",4.46
"524","2009-01-30",4.39
"525","2009-02-02",4.3
"526","2009-02-03",4.44
"527","2009-02-04",4.43
"528","2009-02-05",4.58
"529","2009-02-06",4.64
"530","2009-02-09",4.6
"531","2009-02-10",4.52
"532","2009-02-11",4.4
"533","2009-02-12",4.53
"534","2009-02-13",4.5
"535","2009-02-17",4.3
"536","2009-02-18",4.17
"537","2009-02-19",4.14
"538","2009-02-20",4
"539","2009-02-23",3.95
"540","2009-02-24",4.1
"541","2009-02-25",4.07
"542","2009-02-26",3.92
"543","2009-02-27",3.89
"544","2009-03-02",3.64
"545","2009-03-03",3.49
"546","2009-03-04",3.55
"547","2009-03-05",3.52
"548","2009-03-06",3.4
"549","2009-03-09",3.41
"550","2009-03-10",3.56
"551","2009-03-11",3.61
"552","2009-03-12",3.72
"553","2009-03-13",3.83
"554","2009-03-16",3.81
"555","2009-03-17",3.97
"556","2009-03-18",3.96
"557","2009-03-19",4.03
"558","2009-03-20",3.99
"559","2009-03-23",4.18
"560","2009-03-24",4.21
"561","2009-03-25",4.25
"562","2009-03-26",4.58
"563","2009-03-27",4.5
"564","2009-03-30",4.41
"565","2009-03-31",4.42
"566","2009-04-01",4.32
"567","2009-04-02",4.53
"568","2009-04-03",4.59
"569","2009-04-06",4.61
"570","2009-04-07",4.46
"571","2009-04-08",4.55
"572","2009-04-09",4.67
"573","2009-04-13",4.71
"574","2009-04-14",4.65
"575","2009-04-15",4.62
"576","2009-04-16",4.8
"577","2009-04-17",4.86
"578","2009-04-20",4.65
"579","2009-04-21",4.7
"580","2009-04-22",4.79
"581","2009-04-23",4.8
"582","2009-04-24",4.84
"583","2009-04-27",4.78
"584","2009-04-28",4.7
"585","2009-04-29",4.92
"586","2009-04-30",4.95
"587","2009-05-01",4.9
"588","2009-05-04",5
"589","2009-05-05",5.11
"590","2009-05-06",5.28
"591","2009-05-07",5.09
"592","2009-05-08",5.19
"593","2009-05-11",5.18
"594","2009-05-12",5.08
"595","2009-05-13",4.93
"596","2009-05-14",5.07
"597","2009-05-15",5.03
"598","2009-05-18",5.18
"599","2009-05-19",5.04
"600","2009-05-20",5.14
"601","2009-05-21",5.02
"602","2009-05-22",5.08
"603","2009-05-26",5.2
"604","2009-05-27",5.15
"605","2009-05-28",5.15
"606","2009-05-29",5.15
"607","2009-06-01",5.45
"608","2009-06-02",5.54
"609","2009-06-03",5.46
"610","2009-06-04",5.55
"611","2009-06-05",5.6
"612","2009-06-08",5.52
"613","2009-06-09",5.59
"614","2009-06-10",5.56
"615","2009-06-11",5.67
"616","2009-06-12",5.58
"617","2009-06-15",5.51
"618","2009-06-16",5.52
"619","2009-06-17",5.4
"620","2009-06-18",5.45
"621","2009-06-19",5.42
"622","2009-06-22",5.11
"623","2009-06-23",5.1
"624","2009-06-24",5.1
"625","2009-06-25",5.21
"626","2009-06-26",5.21
"627","2009-06-29",5.31
"628","2009-06-30",5.2
"629","2009-07-01",5.26
"630","2009-07-02",5.1
"631","2009-07-06",5.04
"632","2009-07-07",4.87
"633","2009-07-08",4.78
"634","2009-07-09",4.75
"635","2009-07-10",4.67
"636","2009-07-13",4.77
"637","2009-07-14",4.85
"638","2009-07-15",5.01
"639","2009-07-16",5.09
"640","2009-07-17",5.14
"641","2009-07-20",5.24
"642","2009-07-21",5.26
"643","2009-07-22",5.3
"644","2009-07-23",5.45
"645","2009-07-24",5.44
"646","2009-07-27",5.43
"647","2009-07-28",5.39
"648","2009-07-29",5.33
"649","2009-07-30",5.4
"650","2009-07-31",5.44
"651","2009-08-03",5.56
"652","2009-08-04",5.58
"653","2009-08-05",5.55
"654","2009-08-06",5.58
"655","2009-08-07",5.68
"656","2009-08-10",5.66
"657","2009-08-11",5.6
"658","2009-08-12",5.67
"659","2009-08-13",5.61
"660","2009-08-14",5.49
"661","2009-08-17",5.37
"662","2009-08-18",5.35
"663","2009-08-19",5.42
"664","2009-08-20",5.54
"665","2009-08-21",5.56
"666","2009-08-24",5.54
"667","2009-08-25",5.57
"668","2009-08-26",5.56
"669","2009-08-27",5.54
"670","2009-08-28",5.49
"671","2009-08-31",5.41
"672","2009-09-01",5.37
"673","2009-09-02",5.31
"674","2009-09-03",5.42
"675","2009-09-04",5.51
"676","2009-09-08",5.64
"677","2009-09-09",5.69
"678","2009-09-10",5.78
"679","2009-09-11",5.8
"680","2009-09-14",5.81
"681","2009-09-15",5.85
"682","2009-09-16",6.03
"683","2009-09-17",6.07
"684","2009-09-18",6.05
"685","2009-09-21",5.96
"686","2009-09-22",6.02
"687","2009-09-23",5.96
"688","2009-09-24",5.86
"689","2009-09-25",5.8
"690","2009-09-28",5.94
"691","2009-09-29",5.92
"692","2009-09-30",5.93
"693","2009-10-01",5.82
"694","2009-10-02",5.67
"695","2009-10-05",5.79
"696","2009-10-06",5.93
"697","2009-10-07",6.02
"698","2009-10-08",6.07
"699","2009-10-09",6.12
"700","2009-10-12",6.16
"701","2009-10-13",6.14
"702","2009-10-14",6.16
"703","2009-10-15",6.26
"704","2009-10-16",6.19
"705","2009-10-19",6.2
"706","2009-10-20",6.15
"707","2009-10-21",6.05
"708","2009-10-22",6.11
"709","2009-10-23",6.02
"710","2009-10-26",6.01
"711","2009-10-27",5.91
"712","2009-10-28",5.69
"713","2009-10-29",5.76
"714","2009-10-30",5.63
"715","2009-11-02",5.53
"716","2009-11-03",5.61
"717","2009-11-04",5.64
"718","2009-11-05",5.84
"719","2009-11-06",5.8
"720","2009-11-09",5.97
"721","2009-11-10",5.96
"722","2009-11-11",5.93
"723","2009-11-12",5.83
"724","2009-11-13",5.83
"725","2009-11-16",5.94
"726","2009-11-17",5.92
"727","2009-11-18",5.98
"728","2009-11-19",5.87
"729","2009-11-20",5.83
"730","2009-11-23",5.91
"731","2009-11-24",5.91
"732","2009-11-25",5.96
"733","2009-11-27",5.92
"734","2009-11-30",5.85
"735","2009-12-01",5.92
"736","2009-12-02",5.97
"737","2009-12-03",5.92
"738","2009-12-04",5.99
"739","2009-12-07",5.99
"740","2009-12-08",5.96
"741","2009-12-09",5.96
"742","2009-12-10",5.96
"743","2009-12-11",5.95
"744","2009-12-14",6.03
"745","2009-12-15",6.03
"746","2009-12-16",6.01
"747","2009-12-17",5.98
"748","2009-12-18",6.01
"749","2009-12-21",6.06
"750","2009-12-22",6.13
"751","2009-12-23",6.16
"752","2009-12-24",6.22
"753","2009-12-28",6.26
"754","2009-12-29",6.26
"755","2009-12-30",6.29
"756","2009-12-31",6.33
"757","2010-01-04",6.52
"758","2010-01-05",6.62
"759","2010-01-06",6.64
"760","2010-01-07",6.66
"761","2010-01-08",6.66
"762","2010-01-11",6.7
"763","2010-01-12",6.57
"764","2010-01-13",6.58
"765","2010-01-14",6.73
"766","2010-01-15",6.67
"767","2010-01-19",6.78
"768","2010-01-20",6.64
"769","2010-01-21",6.42
"770","2010-01-22",6.3
"771","2010-01-25",6.28
"772","2010-01-26",6.1
"773","2010-01-27",6.16
"774","2010-01-28",6.03
"775","2010-01-29",6.01
"776","2010-02-01",6.08
"777","2010-02-02",6.25
"778","2010-02-03",6.18
"779","2010-02-04",5.94
"780","2010-02-05",5.89
"781","2010-02-08",5.83
"782","2010-02-09",5.91
"783","2010-02-10",5.94
"784","2010-02-11",6.03
"785","2010-02-12",6.07
"786","2010-02-16",6.15
"787","2010-02-17",6.2
"788","2010-02-18",6.26
"789","2010-02-19",6.3
"790","2010-02-22",6.3
"791","2010-02-23",6.22
"792","2010-02-24",6.14
"793","2010-02-25",6.11
"794","2010-02-26",6.15
"795","2010-03-01",6.27
"796","2010-03-02",6.36
"797","2010-03-03",6.41
"798","2010-03-04",6.41
"799","2010-03-05",6.62
"800","2010-03-08",6.63
"801","2010-03-09",6.62
"802","2010-03-10",6.68
"803","2010-03-11",6.61
"804","2010-03-12",6.66
"805","2010-03-15",6.62
"806","2010-03-16",6.72
"807","2010-03-17",6.76
"808","2010-03-18",6.71
"809","2010-03-19",6.59
"810","2010-03-22",6.62
"811","2010-03-23",6.72
"812","2010-03-24",6.67
"813","2010-03-25",6.61
"814","2010-03-26",6.64
"815","2010-03-29",6.68
"816","2010-03-30",6.72
"817","2010-03-31",6.67
"818","2010-04-01",6.77
"819","2010-04-05",6.85
"820","2010-04-06",6.88
"821","2010-04-07",6.81
"822","2010-04-08",6.87
"823","2010-04-09",6.95
"824","2010-04-12",6.98
"825","2010-04-13",6.97
"826","2010-04-14",7.05
"827","2010-04-15",7.07
"828","2010-04-16",6.92
"829","2010-04-19",6.87
"830","2010-04-20",6.94
"831","2010-04-21",6.99
"832","2010-04-22",7.03
"833","2010-04-23",7.13
"834","2010-04-26",7.1
"835","2010-04-27",6.98
"836","2010-04-28",6.9
"837","2010-04-29",7.01
"838","2010-04-30",6.9
"839","2010-05-03",6.96
"840","2010-05-04",6.75
"841","2010-05-05",6.58
"842","2010-05-06",6.34
"843","2010-05-07",6.27
"844","2010-05-10",6.62
"845","2010-05-11",6.62
"846","2010-05-12",6.75
"847","2010-05-13",6.68
"848","2010-05-14",6.52
"849","2010-05-17",6.51
"850","2010-05-18",6.44
"851","2010-05-19",6.4
"852","2010-05-20",6
"853","2010-05-21",5.99
"854","2010-05-24",6.01
"855","2010-05-25",6.02
"856","2010-05-26",6.05
"857","2010-05-27",6.33
"858","2010-05-28",6.2
"859","2010-06-01",6.03
"860","2010-06-02",6.22
"861","2010-06-03",6.28
"862","2010-06-04",5.99
"863","2010-06-07",5.85
"864","2010-06-08",5.92
"865","2010-06-09",5.9
"866","2010-06-10",6.05
"867","2010-06-11",6.13
"868","2010-06-14",6.22
"869","2010-06-15",6.32
"870","2010-06-16",6.29
"871","2010-06-17",6.29
"872","2010-06-18",6.29
"873","2010-06-21",6.23
"874","2010-06-22",6.1
"875","2010-06-23",6.11
"876","2010-06-24",6.02
"877","2010-06-25",6.07
"878","2010-06-28",6.06
"879","2010-06-29",5.85
"880","2010-06-30",5.74
"881","2010-07-01",5.68
"882","2010-07-02",5.7
"883","2010-07-06",5.6
"884","2010-07-07",5.8
"885","2010-07-08",5.86
"886","2010-07-09",5.87
"887","2010-07-12",5.85
"888","2010-07-13",5.96
"889","2010-07-14",5.92
"890","2010-07-15",5.92
"891","2010-07-16",5.76
"892","2010-07-19",5.77
"893","2010-07-20",5.81
"894","2010-07-21",5.73
"895","2010-07-22",5.93
"896","2010-07-23",5.96
"897","2010-07-26",6.06
"898","2010-07-27",6.04
"899","2010-07-28",5.92
"900","2010-07-29",5.92
"901","2010-07-30",5.95
"902","2010-08-02",6.04
"903","2010-08-03",6.01
"904","2010-08-04",6.04
"905","2010-08-05",6.04
"906","2010-08-06",6
"907","2010-08-09",6.05
"908","2010-08-10",5.98
"909","2010-08-11",5.75
"910","2010-08-12",5.74
"911","2010-08-13",5.77
"912","2010-08-16",5.78
"913","2010-08-17",5.9
"914","2010-08-18",5.95
"915","2010-08-19",5.83
"916","2010-08-20",5.83
"917","2010-08-23",5.76
"918","2010-08-24",5.71
"919","2010-08-25",5.7
"920","2010-08-26",5.67
"921","2010-08-27",5.81
"922","2010-08-30",5.71
"923","2010-08-31",5.72
"924","2010-09-01",5.88
"925","2010-09-02",5.96
"926","2010-09-03",6.06
"927","2010-09-07",5.98
"928","2010-09-08",6.03
"929","2010-09-09",6.01
"930","2010-09-10",6.1
"931","2010-09-13",6.17
"932","2010-09-14",6.17
"933","2010-09-15",6.21
"934","2010-09-16",6.21
"935","2010-09-17",6.22
"936","2010-09-20",6.36
"937","2010-09-21",6.32
"938","2010-09-22",6.27
"939","2010-09-23",6.23
"940","2010-09-24",6.38
"941","2010-09-27",6.32
"942","2010-09-28",6.39
"943","2010-09-29",6.37
"944","2010-09-30",6.37
"945","2010-10-01",6.41
"946","2010-10-04",6.37
"947","2010-10-05",6.49
"948","2010-10-06",6.51
"949","2010-10-07",6.51
"950","2010-10-08",6.58
"951","2010-10-11",6.6
"952","2010-10-12",6.62
"953","2010-10-13",6.72
"954","2010-10-14",6.68
"955","2010-10-15",6.65
"956","2010-10-18",6.72
"957","2010-10-19",6.56
"958","2010-10-20",6.59
"959","2010-10-21",6.58
"960","2010-10-22",6.63
"961","2010-10-25",6.65
"962","2010-10-26",6.64
"963","2010-10-27",6.63
"964","2010-10-28",6.62
"965","2010-10-29",6.68
"966","2010-11-01",6.66
"967","2010-11-02",6.8
"968","2010-11-03",6.88
"969","2010-11-04",7.06
"970","2010-11-05",7.13
"971","2010-11-08",7.19
"972","2010-11-09",7.18
"973","2010-11-10",7.2
"974","2010-11-11",7.2
"975","2010-11-12",7.08
"976","2010-11-15",7.08
"977","2010-11-16",6.94
"978","2010-11-17",6.95
"979","2010-11-18",7.08
"980","2010-11-19",7.12
"981","2010-11-22",7.12
"982","2010-11-23",7.07
"983","2010-11-24",7.19
"984","2010-11-26",7.16
"985","2010-11-29",7.14
"986","2010-11-30",7.1
"987","2010-12-01",7.22
"988","2010-12-02",7.33
"989","2010-12-03",7.41
"990","2010-12-06",7.44
"991","2010-12-07",7.47
"992","2010-12-08",7.4
"993","2010-12-09",7.37
"994","2010-12-10",7.45
"995","2010-12-13",7.42
"996","2010-12-14",7.41
"997","2010-12-15",7.37
"998","2010-12-16",7.42
"999","2010-12-17",7.42
"1000","2010-12-20",7.5
"1001","2010-12-21",7.52
"1002","2010-12-22",7.54
"1003","2010-12-23",7.53
"1004","2010-12-27",7.53
"1005","2010-12-28",7.51
"1006","2010-12-29",7.55
"1007","2010-12-30",7.58
"1008","2010-12-31",7.57
"1009","2011-01-03",7.68
"1010","2011-01-04",7.55
"1011","2011-01-05",7.7
"1012","2011-01-06",7.66
"1013","2011-01-07",7.56
"1014","2011-01-10",7.52
"1015","2011-01-11",7.57
"1016","2011-01-12",7.66
"1017","2011-01-13",7.72
"1018","2011-01-14",7.75
"1019","2011-01-18",7.72
"1020","2011-01-19",7.63
"1021","2011-01-20",7.55
"1022","2011-01-21",7.54
"1023","2011-01-24",7.57
"1024","2011-01-25",7.55
"1025","2011-01-26",7.62
"1026","2011-01-27",7.71
"1027","2011-01-28",7.57
"1028","2011-01-31",7.62
"1029","2011-02-01",7.76
"1030","2011-02-02",7.79
"1031","2011-02-03",7.82
"1032","2011-02-04",7.84
"1033","2011-02-07",7.89
"1034","2011-02-08",7.92
"1035","2011-02-09",7.85
"1036","2011-02-10",7.87
"1037","2011-02-11",7.95
"1038","2011-02-14",8
"1039","2011-02-15",7.97
"1040","2011-02-16",8.03
"1041","2011-02-17",8.09
"1042","2011-02-18",8.15
"1043","2011-02-22",7.92
"1044","2011-02-23",7.87
"1045","2011-02-24",7.9
"1046","2011-02-25",8.02
"1047","2011-02-28",7.97
"1048","2011-03-01",7.89
"1049","2011-03-02",7.99
"1050","2011-03-03",8.14
"1051","2011-03-04",8.04
"1052","2011-03-07",7.97
"1053","2011-03-08",8.01
"1054","2011-03-09",7.94
"1055","2011-03-10",7.77
"1056","2011-03-11",7.82
"1057","2011-03-14",7.75
"1058","2011-03-15",7.76
"1059","2011-03-16",7.56
"1060","2011-03-17",7.65
"1061","2011-03-18",7.68
"1062","2011-03-21",7.87
"1063","2011-03-22",7.88
"1064","2011-03-23",7.93
"1065","2011-03-24",8.04
"1066","2011-03-25",8.15
"1067","2011-03-28",8.16
"1068","2011-03-29",8.23
"1069","2011-03-30",8.32
"1070","2011-03-31",8.36
"1071","2011-04-01",8.43
"1072","2011-04-04",8.48
"1073","2011-04-05",8.52
"1074","2011-04-06",8.54
"1075","2011-04-07",8.58
"1076","2011-04-08",8.53
"1077","2011-04-11",8.45
"1078","2011-04-12",8.35
"1079","2011-04-13",8.29
"1080","2011-04-14",8.29
"1081","2011-04-15",8.33
"1082","2011-04-18",8.18
"1083","2011-04-19",8.19
"1084","2011-04-20",8.3
"1085","2011-04-21",8.38
"1086","2011-04-25",8.36
"1087","2011-04-26",8.43
"1088","2011-04-27",8.43
"1089","2011-04-28",8.44
"1090","2011-04-29",8.45
"1091","2011-05-02",8.35
"1092","2011-05-03",8.18
"1093","2011-05-04",8.09
"1094","2011-05-05",8.06
"1095","2011-05-06",8.08
"1096","2011-05-09",8.1
"1097","2011-05-10",8.18
"1098","2011-05-11",8.04
"1099","2011-05-12",8.05
"1100","2011-05-13",7.94
"1101","2011-05-16",7.85
"1102","2011-05-17",7.8
"1103","2011-05-18",7.9
"1104","2011-05-19",7.94
"1105","2011-05-20",7.89
"1106","2011-05-23",7.76
"1107","2011-05-24",7.8
"1108","2011-05-25",7.86
"1109","2011-05-26",7.93
"1110","2011-05-27",7.94
"1111","2011-05-31",8.06
"1112","2011-06-01",7.9
"1113","2011-06-02",7.83
"1114","2011-06-03",7.72
"1115","2011-06-06",7.61
"1116","2011-06-07",7.67
"1117","2011-06-08",7.53
"1118","2011-06-09",7.6
"1119","2011-06-10",7.42
"1120","2011-06-13",7.38
"1121","2011-06-14",7.5
"1122","2011-06-15",7.43
"1123","2011-06-16",7.39
"1124","2011-06-17",7.38
"1125","2011-06-20",7.41
"1126","2011-06-21",7.52
"1127","2011-06-22",7.55
"1128","2011-06-23",7.56
"1129","2011-06-24",7.52
"1130","2011-06-27",7.54
"1131","2011-06-28",7.63
"1132","2011-06-29",7.69
"1133","2011-06-30",7.79
"1134","2011-07-01",7.87
"1135","2011-07-05",7.88
"1136","2011-07-06",7.87
"1137","2011-07-07",7.99
"1138","2011-07-08",7.94
"1139","2011-07-11",7.74
"1140","2011-07-12",7.72
"1141","2011-07-13",7.78
"1142","2011-07-14",7.74
"1143","2011-07-15",7.78
"1144","2011-07-18",7.71
"1145","2011-07-19",7.88
"1146","2011-07-20",7.88
"1147","2011-07-21",7.95
"1148","2011-07-22",7.97
"1149","2011-07-25",7.92
"1150","2011-07-26",7.87
"1151","2011-07-27",7.65
"1152","2011-07-28",7.63
"1153","2011-07-29",7.59
"1154","2011-08-01",7.65
"1155","2011-08-02",7.47
"1156","2011-08-03",7.5
"1157","2011-08-04",7.08
"1158","2011-08-05",6.89
"1159","2011-08-08",6.29
"1160","2011-08-09",6.5
"1161","2011-08-10",6.5
"1162","2011-08-11",6.91
"1163","2011-08-12",7
"1164","2011-08-15",7.14
"1165","2011-08-16",7.06
"1166","2011-08-17",7.01
"1167","2011-08-18",6.65
"1168","2011-08-19",6.55
"1169","2011-08-22",6.54
"1170","2011-08-23",6.8
"1171","2011-08-24",6.83
"1172","2011-08-25",6.64
"1173","2011-08-26",6.85
"1174","2011-08-29",7.11
"1175","2011-08-30",7.14
"1176","2011-08-31",7.21
"1177","2011-09-01",7.05
"1178","2011-09-02",6.81
"1179","2011-09-06",6.81
"1180","2011-09-07",6.96
"1181","2011-09-08",6.82
"1182","2011-09-09",6.65
"1183","2011-09-12",6.68
"1184","2011-09-13",6.8
"1185","2011-09-14",6.9
"1186","2011-09-15",6.96
"1187","2011-09-16",6.94
"1188","2011-09-19",6.91
"1189","2011-09-20",6.76
"1190","2011-09-21",6.54
"1191","2011-09-22",6.32
"1192","2011-09-23",6.21
"1193","2011-09-26",6.26
"1194","2011-09-27",6.31
"1195","2011-09-28",6.14
"1196","2011-09-29",6.19
"1197","2011-09-30",6.04
"1198","2011-10-03",5.79
"1199","2011-10-04",5.88
"1200","2011-10-05",6.1
"1201","2011-10-06",6.28
"1202","2011-10-07",6.21
"1203","2011-10-10",6.41
"1204","2011-10-11",6.4
"1205","2011-10-12",6.55
"1206","2011-10-13",6.54
"1207","2011-10-14",6.66
"1208","2011-10-17",6.49
"1209","2011-10-18",6.61
"1210","2011-10-19",6.52
"1211","2011-10-20",6.49
"1212","2011-10-21",6.64
"1213","2011-10-24",6.76
"1214","2011-10-25",6.62
"1215","2011-10-26",6.77
"1216","2011-10-27",7.03
"1217","2011-10-28",7.07
"1218","2011-10-31",6.95
"1219","2011-11-01",6.68
"1220","2011-11-02",6.8
"1221","2011-11-03",6.99
"1222","2011-11-04",6.97
"1223","2011-11-07",6.95
"1224","2011-11-08",7.05
"1225","2011-11-09",6.75
"1226","2011-11-10",6.71
"1227","2011-11-11",6.86
"1228","2011-11-14",6.78
"1229","2011-11-15",6.79
"1230","2011-11-16",6.7
"1231","2011-11-17",6.53
"1232","2011-11-18",6.5
"1233","2011-11-21",6.36
"1234","2011-11-22",6.33
"1235","2011-11-23",6.21
"1236","2011-11-25",6.16
"1237","2011-11-28",6.31
"1238","2011-11-29",6.31
"1239","2011-11-30",6.62
"1240","2011-12-01",6.62
"1241","2011-12-02",6.56
"1242","2011-12-05",6.63
"1243","2011-12-06",6.6
"1244","2011-12-07",6.62
"1245","2011-12-08",6.46
"1246","2011-12-09",6.55
"1247","2011-12-12",6.44
"1248","2011-12-13",6.24
"1249","2011-12-14",6.15
"1250","2011-12-15",6.18
"1251","2011-12-16",6.2
"1252","2011-12-19",6.07
"1253","2011-12-20",6.25
"1254","2011-12-21",6.28
"1255","2011-12-22",6.3
"1256","2011-12-23",6.33
"1257","2011-12-27",6.31
"1258","2011-12-28",6.25
"1259","2011-12-29",6.34
"1260","2011-12-30",6.3
"1261","2012-01-03",6.4
"1262","2012-01-04",6.44
"1263","2012-01-05",6.49
"1264","2012-01-06",6.55
"1265","2012-01-09",6.6
"1266","2012-01-10",6.66
"1267","2012-01-11",6.66
"1268","2012-01-12",6.69
"1269","2012-01-13",6.66
"1270","2012-01-17",6.64
"1271","2012-01-18",6.75
"1272","2012-01-19",6.8
"1273","2012-01-20",6.89
"1274","2012-01-23",6.88
"1275","2012-01-24",6.92
"1276","2012-01-25",6.99
"1277","2012-01-26",6.99
"1278","2012-01-27",7.09
"1279","2012-01-30",7.08
"1280","2012-01-31",7.08
"1281","2012-02-01",7.08
"1282","2012-02-02",7.17
"1283","2012-02-03",7.33
"1284","2012-02-06",7.32
"1285","2012-02-07",7.34
"1286","2012-02-08",7.33
"1287","2012-02-09",7.32
"1288","2012-02-10",7.25
"1289","2012-02-13",7.25
"1290","2012-02-14",7.24
"1291","2012-02-15",7.19
"1292","2012-02-16",7.28
"1293","2012-02-17",7.33
"1294","2012-02-21",7.26
"1295","2012-02-22",7.31
"1296","2012-02-23",7.34
"1297","2012-02-24",7.38
"1298","2012-02-27",7.38
"1299","2012-02-28",7.36
"1300","2012-02-29",7.32
"1301","2012-03-01",7.38
"1302","2012-03-02",7.27
"1303","2012-03-05",7.17
"1304","2012-03-06",7.03
"1305","2012-03-07",7.08
"1306","2012-03-08",7.14
"1307","2012-03-09",7.18
"1308","2012-03-12",7.14
"1309","2012-03-13",7.29
"1310","2012-03-14",7.24
"1311","2012-03-15",7.22
"1312","2012-03-16",7.17
"1313","2012-03-19",7.19
"1314","2012-03-20",7.12
"1315","2012-03-21",7.09
"1316","2012-03-22",6.99
"1317","2012-03-23",6.99
"1318","2012-03-26",7.12
"1319","2012-03-27",7.12
"1320","2012-03-28",7.04
"1321","2012-03-29",7
"1322","2012-03-30",6.96
"1323","2012-04-02",7.02
"1324","2012-04-03",7.01
"1325","2012-04-04",6.93
"1326","2012-04-05",6.9
"1327","2012-04-09",6.75
"1328","2012-04-10",6.59
"1329","2012-04-11",6.68
"1330","2012-04-12",6.76
"1331","2012-04-13",6.71
"1332","2012-04-16",6.66
"1333","2012-04-17",6.75
"1334","2012-04-18",6.72
"1335","2012-04-19",6.68
"1336","2012-04-20",6.74
"1337","2012-04-23",6.62
"1338","2012-04-24",6.65
"1339","2012-04-25",6.75
"1340","2012-04-26",6.84
"1341","2012-04-27",6.89
"1342","2012-04-30",6.77
"1343","2012-05-01",6.8
"1344","2012-05-02",6.82
"1345","2012-05-03",6.74
"1346","2012-05-04",6.58
"1347","2012-05-07",6.59
"1348","2012-05-08",6.53
"1349","2012-05-09",6.43
"1350","2012-05-10",6.47
"1351","2012-05-11",6.49
"1352","2012-05-14",6.41
"1353","2012-05-15",6.38
"1354","2012-05-16",6.27
"1355","2012-05-17",6.11
"1356","2012-05-18",6
"1357","2012-05-21",6.12
"1358","2012-05-22",6.12
"1359","2012-05-23",6.26
"1360","2012-05-24",6.2
"1361","2012-05-25",6.26
"1362","2012-05-29",6.37
"1363","2012-05-30",6.26
"1364","2012-05-31",6.22
"1365","2012-06-01",6.05
"1366","2012-06-04",5.98
"1367","2012-06-05",6.02
"1368","2012-06-06",6.14
"1369","2012-06-07",6.29
"1370","2012-06-08",6.21
"1371","2012-06-11",6.14
"1372","2012-06-12",6.18
"1373","2012-06-13",6.2
"1374","2012-06-14",6.2
"1375","2012-06-15",6.19
"1376","2012-06-18",6.2
"1377","2012-06-19",6.34
"1378","2012-06-20",6.36
"1379","2012-06-21",6.23
"1380","2012-06-22",6.28
"1381","2012-06-25",6.18
"1382","2012-06-26",6.24
"1383","2012-06-27",6.18
"1384","2012-06-28",6.21
"1385","2012-06-29",6.28
"1386","2012-07-02",6.3
"1387","2012-07-03",6.4
"1388","2012-07-05",6.48
"1389","2012-07-06",6.45
"1390","2012-07-09",6.42
"1391","2012-07-10",6.35
"1392","2012-07-11",6.29
"1393","2012-07-12",6.28
"1394","2012-07-13",6.31
"1395","2012-07-16",6.34
"1396","2012-07-17",6.35
"1397","2012-07-18",6.34
"1398","2012-07-19",6.31
"1399","2012-07-20",6.32
"1400","2012-07-23",6.16
"1401","2012-07-24",6.21
"1402","2012-07-25",6.19
"1403","2012-07-26",6.2
"1404","2012-07-27",6.37
"1405","2012-07-30",6.33
"1406","2012-07-31",6.35
"1407","2012-08-01",6.3
"1408","2012-08-02",6.25
"1409","2012-08-03",6.39
"1410","2012-08-06",6.44
"1411","2012-08-07",6.46
"1412","2012-08-08",6.52
"1413","2012-08-09",6.55
"1414","2012-08-10",6.58
"1415","2012-08-13",6.5
"1416","2012-08-14",6.48
"1417","2012-08-15",6.54
"1418","2012-08-16",6.57
"1419","2012-08-17",6.6
"1420","2012-08-20",6.61
"1421","2012-08-21",6.58
"1422","2012-08-22",6.61
"1423","2012-08-23",6.57
"1424","2012-08-24",6.6
"1425","2012-08-27",6.59
"1426","2012-08-28",6.63
"1427","2012-08-29",6.62
"1428","2012-08-30",6.52
"1429","2012-08-31",6.53
"1430","2012-09-04",6.54
"1431","2012-09-05",6.44
"1432","2012-09-06",6.58
"1433","2012-09-07",6.65
"1434","2012-09-10",6.64
"1435","2012-09-11",6.67
"1436","2012-09-12",6.7
"1437","2012-09-13",6.81
"1438","2012-09-14",6.89
"1439","2012-09-17",6.92
"1440","2012-09-18",6.91
"1441","2012-09-19",6.9
"1442","2012-09-20",6.84
"1443","2012-09-21",6.89
"1444","2012-09-24",6.84
"1445","2012-09-25",6.73
"1446","2012-09-26",6.69
"1447","2012-09-27",6.78
"1448","2012-09-28",6.72
"1449","2012-10-01",6.77
"1450","2012-10-02",6.76
"1451","2012-10-03",6.75
"1452","2012-10-04",6.76
"1453","2012-10-05",6.76
"1454","2012-10-08",6.77
"1455","2012-10-09",6.7
"1456","2012-10-10",6.67
"1457","2012-10-11",6.69
"1458","2012-10-12",6.67
"1459","2012-10-15",6.67
"1460","2012-10-16",6.74
"1461","2012-10-17",6.83
"1462","2012-10-18",6.82
"1463","2012-10-19",6.76
"1464","2012-10-22",6.71
"1465","2012-10-23",6.67
"1466","2012-10-24",6.62
"1467","2012-10-25",6.67
"1468","2012-10-26",6.61
"1469","2012-10-31",6.66
"1470","2012-11-01",6.77
"1471","2012-11-02",6.7
"1472","2012-11-05",6.71
"1473","2012-11-06",6.77
"1474","2012-11-07",6.63
"1475","2012-11-08",6.57
"1476","2012-11-09",6.58
"1477","2012-11-12",6.55
"1478","2012-11-13",6.5
"1479","2012-11-14",6.33
"1480","2012-11-15",6.29
"1481","2012-11-16",6.39
"1482","2012-11-19",6.64
"1483","2012-11-20",6.64
"1484","2012-11-21",6.66
"1485","2012-11-23",6.68
"1486","2012-11-26",6.74
"1487","2012-11-27",6.68
"1488","2012-11-28",6.7
"1489","2012-11-29",6.75
"1490","2012-11-30",6.75
"1491","2012-12-03",6.73
"1492","2012-12-04",6.5
"1493","2012-12-05",6.55
"1494","2012-12-06",6.55
"1495","2012-12-07",6.58
"1496","2012-12-10",6.61
"1497","2012-12-11",6.65
"1498","2012-12-12",6.65
"1499","2012-12-13",6.59
"1500","2012-12-14",6.53
"1501","2012-12-17",6.65
"1502","2012-12-18",6.66
"1503","2012-12-19",6.65
"1504","2012-12-20",6.69
"1505","2012-12-21",6.69
"1506","2012-12-24",6.66
"1507","2012-12-26",6.65
"1508","2012-12-27",6.58
"1509","2012-12-28",6.49
"1510","2012-12-31",6.6
"1511","2013-01-02",6.78
"1512","2013-01-03",6.79
"1513","2013-01-04",6.84
"1514","2013-01-07",6.84
"1515","2013-01-08",6.84
"1516","2013-01-09",6.87
"1517","2013-01-10",6.95
"1518","2013-01-11",6.95
"1519","2013-01-14",6.97
"1520","2013-01-15",6.96
"1521","2013-01-16",6.9
"1522","2013-01-17",7.02
"1523","2013-01-18",7.02
"1524","2013-01-22",7.05
"1525","2013-01-23",7.07
"1526","2013-01-24",7.08
"1527","2013-01-25",7.08
"1528","2013-01-28",7.08
"1529","2013-01-29",7.11
"1530","2013-01-30",7.07
"1531","2013-01-31",7.09
"1532","2013-02-01",7.12
"1533","2013-02-04",7.08
"1534","2013-02-05",7.16
"1535","2013-02-06",7.15
"1536","2013-02-07",7.12
"1537","2013-02-08",7.17
"1538","2013-02-11",7.18
"1539","2013-02-12",7.17
"1540","2013-02-13",7.22
"1541","2013-02-14",7.27
"1542","2013-02-15",7.31
"1543","2013-02-19",7.34
"1544","2013-02-20",7.19
"1545","2013-02-21",7.06
"1546","2013-02-22",7.1
"1547","2013-02-25",7.03
"1548","2013-02-26",6.99
"1549","2013-02-27",7
"1550","2013-02-28",6.94
"1551","2013-03-01",6.95
"1552","2013-03-04",6.95
"1553","2013-03-05",6.94
"1554","2013-03-06",6.95
"1555","2013-03-07",6.92
"1556","2013-03-08",6.91
"1557","2013-03-11",6.89
"1558","2013-03-12",6.96
"1559","2013-03-13",7.04
"1560","2013-03-14",7.07
"1561","2013-03-15",7.06
"1562","2013-03-18",7.09
"1563","2013-03-19",6.98
"1564","2013-03-20",6.96
"1565","2013-03-21",6.96
"1566","2013-03-22",6.97
"1567","2013-03-25",6.92
"1568","2013-03-26",6.95
"1569","2013-03-27",6.99
"1570","2013-03-28",6.98
"1571","2013-04-01",6.88
"1572","2013-04-02",6.88
"1573","2013-04-03",6.77
"1574","2013-04-04",6.73
"1575","2013-04-05",6.71
"1576","2013-04-08",6.74
"1577","2013-04-09",6.79
"1578","2013-04-10",6.89
"1579","2013-04-11",6.9
"1580","2013-04-12",6.93
"1581","2013-04-15",6.74
"1582","2013-04-16",6.66
"1583","2013-04-17",6.55
"1584","2013-04-18",6.5
"1585","2013-04-19",6.57
"1586","2013-04-22",6.54
"1587","2013-04-23",6.6
"1588","2013-04-24",6.67
"1589","2013-04-25",6.74
"1590","2013-04-26",6.71
"1591","2013-04-29",6.76
"1592","2013-04-30",6.79
"1593","2013-05-01",6.78
"1594","2013-05-02",6.77
"1595","2013-05-03",6.84
"1596","2013-05-06",6.94
"1597","2013-05-07",6.97
"1598","2013-05-08",7.06
"1599","2013-05-09",7.06
"1600","2013-05-10",7.06
"1601","2013-05-13",7.11
"1602","2013-05-14",7.14
"1603","2013-05-15",7.16
"1604","2013-05-16",7.13
"1605","2013-05-17",7.21
"1606","2013-05-20",7.24
"1607","2013-05-21",7.22
"1608","2013-05-22",7.19
"1609","2013-05-23",7.18
"1610","2013-05-24",7.2
"1611","2013-05-28",7.25
"1612","2013-05-29",7.23
"1613","2013-05-30",7.3
"1614","2013-05-31",7.12
"1615","2013-06-03",7.21
"1616","2013-06-04",7.19
"1617","2013-06-05",7.18
"1618","2013-06-06",7.25
"1619","2013-06-07",7.24
"1620","2013-06-10",7.32
"1621","2013-06-11",7.33
"1622","2013-06-12",7.18
"1623","2013-06-13",7.21
"1624","2013-06-14",7.13
"1625","2013-06-17",7.11
"1626","2013-06-18",7.22
"1627","2013-06-19",7.08
"1628","2013-06-20",6.96
"1629","2013-06-21",6.95
"1630","2013-06-24",6.89
"1631","2013-06-25",6.81
"1632","2013-06-26",6.91
"1633","2013-06-27",7.02
"1634","2013-06-28",6.98
"1635","2013-07-01",7.06
"1636","2013-07-02",6.95
"1637","2013-07-03",7
"1638","2013-07-05",7.04
"1639","2013-07-08",7.01
"1640","2013-07-09",7.01
"1641","2013-07-10",7.02
"1642","2013-07-11",7.17
"1643","2013-07-12",7.16
"1644","2013-07-15",7.21
"1645","2013-07-16",7.22
"1646","2013-07-17",7.2
"1647","2013-07-18",7.24
"1648","2013-07-19",7.27
"1649","2013-07-22",7.28
"1650","2013-07-23",7.37
"1651","2013-07-24",7.28
"1652","2013-07-25",7.28
"1653","2013-07-26",7.21
"1654","2013-07-29",7.22
"1655","2013-07-30",7.21
"1656","2013-07-31",7.21
"1657","2013-08-01",7.27
"1658","2013-08-02",7.26
"1659","2013-08-05",7.29
"1660","2013-08-06",7.22
"1661","2013-08-07",7.19
"1662","2013-08-08",7.25
"1663","2013-08-09",7.28
"1664","2013-08-12",7.25
"1665","2013-08-13",7.3
"1666","2013-08-14",7.32
"1667","2013-08-15",7.36
"1668","2013-08-16",7.39
"1669","2013-08-19",7.14
"1670","2013-08-20",7.18
"1671","2013-08-21",7.14
"1672","2013-08-22",7.29
"1673","2013-08-23",7.3
"1674","2013-08-26",7.3
"1675","2013-08-27",7.2
"1676","2013-08-28",7.16
"1677","2013-08-29",7.17
"1678","2013-08-30",7.1
"1679","2013-09-03",7.09
"1680","2013-09-04",7.17
"1681","2013-09-05",7.25
"1682","2013-09-06",7.26
"1683","2013-09-09",7.35
"1684","2013-09-10",7.38
"1685","2013-09-11",7.44
"1686","2013-09-12",7.3
"1687","2013-09-13",7.25
"1688","2013-09-16",7.25
"1689","2013-09-17",7.26
"1690","2013-09-18",7.39
"1691","2013-09-19",7.34
"1692","2013-09-20",7.32
"1693","2013-09-23",7.26
"1694","2013-09-24",7.26
"1695","2013-09-25",7.31
"1696","2013-09-26",7.35
"1697","2013-09-27",7.25
"1698","2013-09-30",7.22
"1699","2013-10-01",7.26
"1700","2013-10-02",7.29
"1701","2013-10-03",7.25
"1702","2013-10-04",7.3
"1703","2013-10-07",7.2
"1704","2013-10-08",7.17
"1705","2013-10-09",7.12
"1706","2013-10-10",7.23
"1707","2013-10-11",7.28
"1708","2013-10-14",7.26
"1709","2013-10-15",7.24
"1710","2013-10-16",7.29
"1711","2013-10-17",7.39
"1712","2013-10-18",7.45
"1713","2013-10-21",7.4
"1714","2013-10-22",7.49
"1715","2013-10-23",7.5
"1716","2013-10-24",7.47
"1717","2013-10-25",7.55
"1718","2013-10-28",7.64
"1719","2013-10-29",7.67
"1720","2013-10-30",7.63
"1721","2013-10-31",7.64
"1722","2013-11-01",7.55
"1723","2013-11-04",7.51
"1724","2013-11-05",7.58
"1725","2013-11-06",7.57
"1726","2013-11-07",7.48
"1727","2013-11-08",7.53
"1728","2013-11-11",7.53
"1729","2013-11-12",7.57
"1730","2013-11-13",7.54
"1731","2013-11-14",7.61
"1732","2013-11-15",7.61
"1733","2013-11-18",7.57
"1734","2013-11-19",7.64
"1735","2013-11-20",7.56
"1736","2013-11-21",7.57
"1737","2013-11-22",7.55
"1738","2013-11-25",7.59
"1739","2013-11-26",7.6
"1740","2013-11-27",7.55
"1741","2013-11-29",7.59
"1742","2013-12-02",7.52
"1743","2013-12-03",7.47
"1744","2013-12-04",7.49
"1745","2013-12-05",7.46
"1746","2013-12-06",7.5
"1747","2013-12-09",7.48
"1748","2013-12-10",7.53
"1749","2013-12-11",7.4
"1750","2013-12-12",7.35
"1751","2013-12-13",7.31
"1752","2013-12-16",7.42
"1753","2013-12-17",7.49
"1754","2013-12-18",7.5
"1755","2013-12-19",7.54
"1756","2013-12-20",7.59
"1757","2013-12-23",7.82
"1758","2013-12-24",7.73
"1759","2013-12-26",7.69
"1760","2013-12-27",7.66
"1761","2013-12-30",7.69
"1762","2013-12-31",7.62
"1763","2014-01-02",7.57
"1764","2014-01-03",7.57
"1765","2014-01-06",7.6
"1766","2014-01-07",7.63
"1767","2014-01-08",7.68
"1768","2014-01-09",7.7
"1769","2014-01-10",7.67
"1770","2014-01-13",7.67
"1771","2014-01-14",7.73
"1772","2014-01-15",7.79
"1773","2014-01-16",7.73
"1774","2014-01-17",7.74
"1775","2014-01-21",7.67
"1776","2014-01-22",7.7
"1777","2014-01-23",7.65
"1778","2014-01-24",7.5
"1779","2014-01-27",7.44
"1780","2014-01-28",7.38
"1781","2014-01-29",7.31
"1782","2014-01-30",7.37
"1783","2014-01-31",7.35
"1784","2014-02-03",7.16
"1785","2014-02-04",7.22
"1786","2014-02-05",7.18
"1787","2014-02-06",7.32
"1788","2014-02-07",7.37
"1789","2014-02-10",7.48
"1790","2014-02-11",7.54
"1791","2014-02-12",7.55
"1792","2014-02-13",7.6
"1793","2014-02-14",7.64
"1794","2014-02-18",7.73
"1795","2014-02-19",7.75
"1796","2014-02-20",7.75
"1797","2014-02-21",7.81
"1798","2014-02-24",7.9
"1799","2014-02-25",7.86
"1800","2014-02-26",7.92
"1801","2014-02-27",7.92
"1802","2014-02-28",7.98
"1803","2014-03-03",7.94
"1804","2014-03-04",8
"1805","2014-03-05",7.96
"1806","2014-03-06",8.05
"1807","2014-03-07",8.02
"1808","2014-03-10",8.04
"1809","2014-03-11",7.9
"1810","2014-03-12",7.88
"1811","2014-03-13",7.86
"1812","2014-03-14",7.88
"1813","2014-03-17",7.85
"1814","2014-03-18",7.93
"1815","2014-03-19",7.89
"1816","2014-03-20",7.9
"1817","2014-03-21",7.97
"1818","2014-03-24",7.95
"1819","2014-03-25",7.93
"1820","2014-03-26",7.83
"1821","2014-03-27",7.85
"1822","2014-03-28",7.85
"1823","2014-03-31",7.96
"1824","2014-04-01",8.01
"1825","2014-04-02",8.05
"1826","2014-04-03",8.04
"1827","2014-04-04",7.92
"1828","2014-04-07",7.89
"1829","2014-04-08",7.99
"1830","2014-04-09",8.06
"1831","2014-04-10",7.91
"1832","2014-04-11",7.82
"1833","2014-04-14",7.8
"1834","2014-04-15",7.84
"1835","2014-04-16",7.88
"1836","2014-04-17",7.92
"1837","2014-04-21",7.97
"1838","2014-04-22",8.02
"1839","2014-04-23",7.98
"1840","2014-04-24",7.97
"1841","2014-04-25",8.01
"1842","2014-04-28",8.05
"1843","2014-04-29",8.05
"1844","2014-04-30",8.09
"1845","2014-05-01",8.1
"1846","2014-05-02",8.04
"1847","2014-05-05",8.08
"1848","2014-05-06",8.02
"1849","2014-05-07",8.03
"1850","2014-05-08",7.98
"1851","2014-05-09",8
"1852","2014-05-12",8.1
"1853","2014-05-13",8.06
"1854","2014-05-14",7.99
"1855","2014-05-15",8.01
"1856","2014-05-16",8.02
"1857","2014-05-19",8.02
"1858","2014-05-20",8
"1859","2014-05-21",8.04
"1860","2014-05-22",8.05
"1861","2014-05-23",8.07
"1862","2014-05-27",8.12
"1863","2014-05-28",8.09
"1864","2014-05-29",8.07
"1865","2014-05-30",8.07
"1866","2014-06-02",8.06
"1867","2014-06-03",8.03
"1868","2014-06-04",8.12
"1869","2014-06-05",8.2
"1870","2014-06-06",8.23
"1871","2014-06-09",8.3
"1872","2014-06-10",8.27
"1873","2014-06-11",8.27
"1874","2014-06-12",8.13
"1875","2014-06-13",8.23
"1876","2014-06-16",8.2
"1877","2014-06-17",8.29
"1878","2014-06-18",8.31
"1879","2014-06-19",8.37
"1880","2014-06-20",8.42
"1881","2014-06-23",8.45
"1882","2014-06-24",8.46
"1883","2014-06-25",8.45
"1884","2014-06-26",8.45
"1885","2014-06-27",8.45
"1886","2014-06-30",8.55
"1887","2014-07-01",8.63
"1888","2014-07-02",8.53
"1889","2014-07-03",8.55
"1890","2014-07-07",8.51
"1891","2014-07-08",8.54
"1892","2014-07-09",8.55
"1893","2014-07-10",8.54
"1894","2014-07-11",8.53
"1895","2014-07-14",8.51
"1896","2014-07-15",8.57
"1897","2014-07-16",8.53
"1898","2014-07-17",8.5
"1899","2014-07-18",8.54
"1900","2014-07-21",8.56
"1901","2014-07-22",8.5
"1902","2014-07-23",8.5
"1903","2014-07-24",8.48
"1904","2014-07-25",8.44
"1905","2014-07-28",8.42
"1906","2014-07-29",8.43
"1907","2014-07-30",8.42
"1908","2014-07-31",8.26
"1909","2014-08-01",8.16
"1910","2014-08-04",8.15
"1911","2014-08-05",8.1
"1912","2014-08-06",8.1
"1913","2014-08-07",8.06
"1914","2014-08-08",8.15
"1915","2014-08-11",8.14
"1916","2014-08-12",8.24
"1917","2014-08-13",8.23
"1918","2014-08-14",8.23
"1919","2014-08-15",8.23
"1920","2014-08-18",8.29
"1921","2014-08-19",8.32
"1922","2014-08-20",8.3
"1923","2014-08-21",8.35
"1924","2014-08-22",8.35
"1925","2014-08-25",8.34
"1926","2014-08-26",8.35
"1927","2014-08-27",8.42
"1928","2014-08-28",8.43
"1929","2014-08-29",8.46
"1930","2014-09-02",8.48
"1931","2014-09-03",8.4
"1932","2014-09-04",8.33
"1933","2014-09-05",8.31
"1934","2014-09-08",8.34
"1935","2014-09-09",8.27
"1936","2014-09-10",8.25
"1937","2014-09-11",8.17
"1938","2014-09-12",8.15
"1939","2014-09-15",8.08
"1940","2014-09-16",8.14
"1941","2014-09-17",8.17
"1942","2014-09-18",8.23
"1943","2014-09-19",8.1
"1944","2014-09-22",7.99
"1945","2014-09-23",8
"1946","2014-09-24",8
"1947","2014-09-25",7.92
"1948","2014-09-26",7.97
"1949","2014-09-29",7.9
"1950","2014-09-30",7.87
"1951","2014-10-01",7.76
"1952","2014-10-02",7.7
"1953","2014-10-03",7.76
"1954","2014-10-06",7.71
"1955","2014-10-07",7.66
"1956","2014-10-08",7.73
"1957","2014-10-09",7.64
"1958","2014-10-10",7.42
"1959","2014-10-13",7.32
"1960","2014-10-14",7.31
"1961","2014-10-15",7.29
"1962","2014-10-16",7.44
"1963","2014-10-17",7.49
"1964","2014-10-20",7.5
"1965","2014-10-21",7.65
"1966","2014-10-22",7.68
"1967","2014-10-23",7.71
"1968","2014-10-24",7.74
"1969","2014-10-27",7.6
"1970","2014-10-28",7.72
"1971","2014-10-29",7.75
"1972","2014-10-30",7.7
"1973","2014-10-31",7.76
"1974","2014-11-03",7.78
"1975","2014-11-04",7.73
"1976","2014-11-05",7.66
"1977","2014-11-06",7.71
"1978","2014-11-07",7.67
"1979","2014-11-10",7.68
"1980","2014-11-11",7.67
"1981","2014-11-12",7.9
"1982","2014-11-13",7.7
"1983","2014-11-14",7.67
"1984","2014-11-17",7.65
"1985","2014-11-18",7.73
"1986","2014-11-19",7.64
"1987","2014-11-20",7.67
"1988","2014-11-21",7.69
"1989","2014-11-24",7.73
"1990","2014-11-25",7.77
"1991","2014-11-26",7.77
"1992","2014-11-28",7.62
"1993","2014-12-01",7.47
"1994","2014-12-02",7.51
"1995","2014-12-03",7.67
"1996","2014-12-04",7.53
"1997","2014-12-05",7.66
"1998","2014-12-08",7.52
"1999","2014-12-09",7.46
"2000","2014-12-10",7.3
"2001","2014-12-11",7.33
"2002","2014-12-12",7.1
"2003","2014-12-15",6.98
"2004","2014-12-16",6.92
"2005","2014-12-17",7.15
"2006","2014-12-18",7.33
"2007","2014-12-19",7.42
"2008","2014-12-22",7.41
"2009","2014-12-23",7.38
"2010","2014-12-24",7.38
"2011","2014-12-26",7.35
"2012","2014-12-29",7.31
"2013","2014-12-30",7.31
"2014","2014-12-31",7.27
"2015","2015-01-02",7.27
"2016","2015-01-05",7.17
"2017","2015-01-06",7.1
"2018","2015-01-07",7.2
"2019","2015-01-08",7.3
"2020","2015-01-09",7.28
"2021","2015-01-12",7.23
"2022","2015-01-13",7.15
"2023","2015-01-14",7.11
"2024","2015-01-15",7.09
"2025","2015-01-16",7.2
"2026","2015-01-20",7.24
"2027","2015-01-21",7.23
"2028","2015-01-22",7.28
"2029","2015-01-23",7.22
"2030","2015-01-26",7.3
"2031","2015-01-27",7.29
"2032","2015-01-28",7.2
"2033","2015-01-29",7.27
"2034","2015-01-30",7.15
"2035","2015-02-02",7.2
"2036","2015-02-03",7.32
"2037","2015-02-04",7.38
"2038","2015-02-05",7.41
"2039","2015-02-06",7.36
"2040","2015-02-09",7.32
"2041","2015-02-10",7.41
"2042","2015-02-11",7.37
"2043","2015-02-12",7.42
"2044","2015-02-13",7.47
"2045","2015-02-17",7.44
"2046","2015-02-18",7.42
"2047","2015-02-19",7.42
"2048","2015-02-20",7.44
"2049","2015-02-23",7.4
"2050","2015-02-24",7.42
"2051","2015-02-25",7.45
"2052","2015-02-26",7.41
"2053","2015-02-27",7.4
"2054","2015-03-02",7.42
"2055","2015-03-03",7.37
"2056","2015-03-04",7.37
"2057","2015-03-05",7.4
"2058","2015-03-06",7.32
"2059","2015-03-09",7.32
"2060","2015-03-10",7.22
"2061","2015-03-11",7.21
"2062","2015-03-12",7.23
"2063","2015-03-13",7.19
"2064","2015-03-16",7.28
"2065","2015-03-17",7.25
"2066","2015-03-18",7.34
"2067","2015-03-19",7.32
"2068","2015-03-20",7.38
"2069","2015-03-23",7.41
"2070","2015-03-24",7.4
"2071","2015-03-25",7.28
"2072","2015-03-26",7.27
"2073","2015-03-27",7.26
"2074","2015-03-30",7.32
"2075","2015-03-31",7.26
"2076","2015-04-01",7.23
"2077","2015-04-02",7.29
"2078","2015-04-06",7.34
"2079","2015-04-07",7.34
"2080","2015-04-08",7.38
"2081","2015-04-09",7.38
"2082","2015-04-10",7.39
"2083","2015-04-13",7.37
"2084","2015-04-14",7.39
"2085","2015-04-15",7.46
"2086","2015-04-16",7.51
"2087","2015-04-17",7.46
"2088","2015-04-20",7.46
"2089","2015-04-21",7.44
"2090","2015-04-22",7.44
"2091","2015-04-23",7.5
"2092","2015-04-24",7.53
"2093","2015-04-27",7.49
"2094","2015-04-28",7.56
"2095","2015-04-29",7.5
"2096","2015-04-30",7.46
"2097","2015-05-01",7.56
"2098","2015-05-04",7.56
"2099","2015-05-05",7.5
"2100","2015-05-06",7.47
"2101","2015-05-07",7.52
"2102","2015-05-08",7.6
"2103","2015-05-11",7.53
"2104","2015-05-12",7.6
"2105","2015-05-13",7.5
"2106","2015-05-14",7.57
"2107","2015-05-15",7.51
"2108","2015-05-18",7.56
"2109","2015-05-19",7.53
"2110","2015-05-20",7.53
"2111","2015-05-21",7.55
"2112","2015-05-22",7.59
"2113","2015-05-26",7.45
"2114","2015-05-27",7.5
"2115","2015-05-28",7.47
"2116","2015-05-29",7.51
"2117","2015-06-01",7.52
"2118","2015-06-02",7.51
"2119","2015-06-03",7.51
"2120","2015-06-04",7.45
"2121","2015-06-05",7.47
"2122","2015-06-08",7.41
"2123","2015-06-09",7.41
"2124","2015-06-10",7.5
"2125","2015-06-11",7.49
"2126","2015-06-12",7.34
"2127","2015-06-15",7.3
"2128","2015-06-16",7.32
"2129","2015-06-17",7.33
"2130","2015-06-18",7.34
"2131","2015-06-19",7.3
"2132","2015-06-22",7.35
"2133","2015-06-23",7.36
"2134","2015-06-24",7.35
"2135","2015-06-25",7.32
"2136","2015-06-26",7.26
"2137","2015-06-29",7.13
"2138","2015-06-30",7.08
"2139","2015-07-01",7.12
"2140","2015-07-02",7.09
"2141","2015-07-06",6.97
"2142","2015-07-07",6.96
"2143","2015-07-08",6.81
"2144","2015-07-09",6.81
"2145","2015-07-10",6.9
"2146","2015-07-13",6.95
"2147","2015-07-14",7
"2148","2015-07-15",6.99
"2149","2015-07-16",6.95
"2150","2015-07-17",6.91
"2151","2015-07-20",6.83
"2152","2015-07-21",6.75
"2153","2015-07-22",6.8
"2154","2015-07-23",6.74
"2155","2015-07-24",6.67
"2156","2015-07-27",6.57
"2157","2015-07-28",6.62
"2158","2015-07-29",6.62
"2159","2015-07-30",6.62
"2160","2015-07-31",6.65
"2161","2015-08-03",6.62
"2162","2015-08-04",6.61
"2163","2015-08-05",6.63
"2164","2015-08-06",6.57
"2165","2015-08-07",6.51
"2166","2015-08-10",6.61
"2167","2015-08-11",6.57
"2168","2015-08-12",6.56
"2169","2015-08-13",6.56
"2170","2015-08-14",6.57
"2171","2015-08-17",6.59
"2172","2015-08-18",6.54
"2173","2015-08-19",6.47
"2174","2015-08-20",6.34
"2175","2015-08-21",6.2
"2176","2015-08-24",5.95
"2177","2015-08-25",6.03
"2178","2015-08-26",6.09
"2179","2015-08-27",6.24
"2180","2015-08-28",6.31
"2181","2015-08-31",6.33
"2182","2015-09-01",6.17
"2183","2015-09-02",6.23
"2184","2015-09-03",6.26
"2185","2015-09-04",6.13
"2186","2015-09-08",6.27
"2187","2015-09-09",6.23
"2188","2015-09-10",6.22
"2189","2015-09-11",6.12
"2190","2015-09-14",6.09
"2191","2015-09-15",6.13
"2192","2015-09-16",6.19
"2193","2015-09-17",6.19
"2194","2015-09-18",6.13
"2195","2015-09-21",6.13
"2196","2015-09-22",6.02
"2197","2015-09-23",6.02
"2198","2015-09-24",6
"2199","2015-09-25",5.97
"2200","2015-09-28",5.82
"2201","2015-09-29",5.85
"2202","2015-09-30",5.91
"2203","2015-10-01",5.88
"2204","2015-10-02",5.97
"2205","2015-10-05",6.09
"2206","2015-10-06",6.18
"2207","2015-10-07",6.24
"2208","2015-10-08",6.3
"2209","2015-10-09",6.33
"2210","2015-10-12",6.34
"2211","2015-10-13",6.3
"2212","2015-10-14",6.26
"2213","2015-10-15",6.35
"2214","2015-10-16",6.33
"2215","2015-10-19",6.3
"2216","2015-10-20",6.32
"2217","2015-10-21",6.31
"2218","2015-10-22",6.41
"2219","2015-10-23",6.47
"2220","2015-10-26",6.34
"2221","2015-10-27",6.21
"2222","2015-10-28",6.32
"2223","2015-10-29",6.21
"2224","2015-10-30",6.2
"2225","2015-11-02",6.29
"2226","2015-11-03",6.36
"2227","2015-11-04",6.35
"2228","2015-11-05",6.38
"2229","2015-11-06",6.37
"2230","2015-11-09",6.2
"2231","2015-11-10",6.25
"2232","2015-11-11",6.11
"2233","2015-11-12",6.02
"2234","2015-11-13",5.95
"2235","2015-11-16",6.01
"2236","2015-11-17",5.98
"2237","2015-11-18",6.03
"2238","2015-11-19",6.04
"2239","2015-11-20",6.07
"2240","2015-11-23",6.04
"2241","2015-11-24",6.06
"2242","2015-11-25",6.09
"2243","2015-11-27",6.09
"2244","2015-11-30",6.09
"2245","2015-12-01",6.12
"2246","2015-12-02",6.06
"2247","2015-12-03",6.01
"2248","2015-12-04",6.06
"2249","2015-12-07",6
"2250","2015-12-08",5.95
"2251","2015-12-09",5.9
"2252","2015-12-10",5.91
"2253","2015-12-11",5.65
"2254","2015-12-14",5.54
"2255","2015-12-15",5.56
"2256","2015-12-16",5.67
"2257","2015-12-17",5.63
"2258","2015-12-18",5.62
"2259","2015-12-21",5.69
"2260","2015-12-22",5.73
"2261","2015-12-23",5.81
"2262","2015-12-24",5.87
"2263","2015-12-28",5.83
"2264","2015-12-29",5.83
"2265","2015-12-30",5.79
"2266","2015-12-31",5.8
"2267","2016-01-04",5.66
"2268","2016-01-05",5.72
"2269","2016-01-06",5.61
"2270","2016-01-07",5.48
"2271","2016-01-08",5.43
"2272","2016-01-11",5.31
"2273","2016-01-12",5.35
"2274","2016-01-13",5.21
"2275","2016-01-14",5.19
"2276","2016-01-15",5.09
"2277","2016-01-19",5
"2278","2016-01-20",4.9
"2279","2016-01-21",4.92
"2280","2016-01-22",5.05
"2281","2016-01-25",4.92
"2282","2016-01-26",5.06
"2283","2016-01-27",5.02
"2284","2016-01-28",5.14
"2285","2016-01-29",5.31
"2286","2016-02-01",5.28
"2287","2016-02-02",5.2
"2288","2016-02-03",5.24
"2289","2016-02-04",5.32
"2290","2016-02-05",5.21
"2291","2016-02-08",5.16
"2292","2016-02-09",5.15
"2293","2016-02-10",5.13
"2294","2016-02-11",5.04
"2295","2016-02-12",5.13
"2296","2016-02-16",5.25
"2297","2016-02-17",5.34
"2298","2016-02-18",5.35
"2299","2016-02-19",5.35
"2300","2016-02-22",5.42
"2301","2016-02-23",5.34
"2302","2016-02-24",5.37
"2303","2016-02-25",5.46
"2304","2016-02-26",5.5
"2305","2016-02-29",5.54
"2306","2016-03-01",5.63
"2307","2016-03-02",5.71
"2308","2016-03-03",5.85
"2309","2016-03-04",5.92
"2310","2016-03-07",6
"2311","2016-03-08",5.94
"2312","2016-03-09",5.97
"2313","2016-03-10",5.94
"2314","2016-03-11",5.95
"2315","2016-03-14",5.92
"2316","2016-03-15",5.84
"2317","2016-03-16",5.89
"2318","2016-03-17",6.02
"2319","2016-03-18",6.09
"2320","2016-03-21",6.09
"2321","2016-03-22",6.09
"2322","2016-03-23",6.01
"2323","2016-03-24",5.94
"2324","2016-03-28",5.95
"2325","2016-03-29",6.06
"2326","2016-03-30",6.11
"2327","2016-03-31",6.09
"2328","2016-04-01",6.1
"2329","2016-04-04",6.03
"2330","2016-04-05",6.01
"2331","2016-04-06",6.08
"2332","2016-04-07",6
"2333","2016-04-08",6.03
"2334","2016-04-11",6.1
"2335","2016-04-12",6.18
"2336","2016-04-13",6.28
"2337","2016-04-14",6.28
"2338","2016-04-15",6.28
"2339","2016-04-18",6.3
"2340","2016-04-19",6.37
"2341","2016-04-20",6.42
"2342","2016-04-21",6.4
"2343","2016-04-22",6.43
"2344","2016-04-25",6.41
"2345","2016-04-26",6.43
"2346","2016-04-27",6.47
"2347","2016-04-28",6.48
"2348","2016-04-29",6.45
"2349","2016-05-02",6.43
"2350","2016-05-03",6.38
"2351","2016-05-04",6.23
"2352","2016-05-05",6.17
"2353","2016-05-06",6.16
"2354","2016-05-09",6.21
"2355","2016-05-10",6.27
"2356","2016-05-11",6.29
"2357","2016-05-12",6.15
"2358","2016-05-13",6.1
"2359","2016-05-16",6.21
"2360","2016-05-17",6.13
"2361","2016-05-18",6.12
"2362","2016-05-19",6.09
"2363","2016-05-20",6.12
"2364","2016-05-23",6.11
"2365","2016-05-24",6.18
"2366","2016-05-25",6.28
"2367","2016-05-26",6.3
"2368","2016-05-27",6.25
"2369","2016-05-31",6.24
"2370","2016-06-01",6.26
"2371","2016-06-02",6.3
"2372","2016-06-03",6.3
"2373","2016-06-06",6.39
"2374","2016-06-07",6.44
"2375","2016-06-08",6.52
"2376","2016-06-09",6.44
"2377","2016-06-10",6.3
"2378","2016-06-13",6.24
"2379","2016-06-14",6.22
"2380","2016-06-15",6.2
"2381","2016-06-16",6.22
"2382","2016-06-17",6.33
"2383","2016-06-20",6.41
"2384","2016-06-21",6.38
"2385","2016-06-22",6.32
"2386","2016-06-23",6.38
"2387","2016-06-24",6.27
"2388","2016-06-27",6.12
"2389","2016-06-28",6.21
"2390","2016-06-29",6.31
"2391","2016-06-30",6.42
"2392","2016-07-01",6.5
"2393","2016-07-05",6.41
"2394","2016-07-06",6.46
"2395","2016-07-07",6.48
"2396","2016-07-08",6.61
"2397","2016-07-11",6.63
"2398","2016-07-12",6.69
"2399","2016-07-13",6.68
"2400","2016-07-14",6.69
"2401","2016-07-15",6.66
"2402","2016-07-18",6.72
"2403","2016-07-19",6.76
"2404","2016-07-20",6.76
"2405","2016-07-21",6.75
"2406","2016-07-22",6.74
"2407","2016-07-25",6.72
"2408","2016-07-26",6.74
"2409","2016-07-27",6.77
"2410","2016-07-28",6.84
"2411","2016-07-29",6.87
"2412","2016-08-01",6.85
"2413","2016-08-02",6.75
"2414","2016-08-03",6.78
"2415","2016-08-04",6.83
"2416","2016-08-05",6.87
"2417","2016-08-08",6.9
"2418","2016-08-09",6.97
"2419","2016-08-10",6.91
"2420","2016-08-11",6.96
"2421","2016-08-12",6.94
"2422","2016-08-15",7.02
"2423","2016-08-16",7.03
"2424","2016-08-17",7.04
"2425","2016-08-18",7.09
"2426","2016-08-19",7.11
"2427","2016-08-22",7.1
"2428","2016-08-23",7.14
"2429","2016-08-24",7.06
"2430","2016-08-25",7.05
"2431","2016-08-26",6.98
"2432","2016-08-29",7.04
"2433","2016-08-30",7.01
"2434","2016-08-31",6.94
"2435","2016-09-01",6.96
"2436","2016-09-02",6.99
"2437","2016-09-06",7.04
"2438","2016-09-07",7.09
"2439","2016-09-08",7.08
"2440","2016-09-09",6.88
"2441","2016-09-12",6.82
"2442","2016-09-13",6.59
"2443","2016-09-14",6.67
"2444","2016-09-15",6.79
"2445","2016-09-16",6.76
"2446","2016-09-19",6.76
"2447","2016-09-20",6.77
"2448","2016-09-21",6.87
"2449","2016-09-22",6.95
"2450","2016-09-23",6.88
"2451","2016-09-26",6.79
"2452","2016-09-27",6.82
"2453","2016-09-28",6.9
"2454","2016-09-29",6.82
"2455","2016-09-30",6.9
"2456","2016-10-03",6.84
"2457","2016-10-04",6.79
"2458","2016-10-05",6.83
"2459","2016-10-06",6.76
"2460","2016-10-07",6.75
"2461","2016-10-10",6.81
"2462","2016-10-11",6.68
"2463","2016-10-12",6.66
"2464","2016-10-13",6.65
"2465","2016-10-14",6.62
"2466","2016-10-17",6.56
"2467","2016-10-18",6.62
"2468","2016-10-19",6.69
"2469","2016-10-20",6.65
"2470","2016-10-21",6.68
"2471","2016-10-24",6.67
"2472","2016-10-25",6.64
"2473","2016-10-26",6.69
"2474","2016-10-27",6.65
"2475","2016-10-28",6.64
"2476","2016-10-31",6.61
"2477","2016-11-01",6.58
"2478","2016-11-02",6.5
"2479","2016-11-03",6.48
"2480","2016-11-04",6.51
"2481","2016-11-07",6.53
"2482","2016-11-08",6.52
"2483","2016-11-09",6.67
"2484","2016-11-10",6.79
"2485","2016-11-11",6.75
"2486","2016-11-14",6.76
"2487","2016-11-15",6.77
"2488","2016-11-16",6.82
"2489","2016-11-17",6.81
"2490","2016-11-18",6.9
"2491","2016-11-21",6.96
"2492","2016-11-22",7.05
"2493","2016-11-23",7.02
"2494","2016-11-25",7.05
"2495","2016-11-28",6.95
"2496","2016-11-29",6.92
"2497","2016-11-30",6.97
"2498","2016-12-01",6.91
"2499","2016-12-02",7.02
"2500","2016-12-05",7.02
"2501","2016-12-06",6.95
"2502","2016-12-07",7.14
"2503","2016-12-08",7.14
"2504","2016-12-09",7.11
"2505","2016-12-12",7.19
"2506","2016-12-13",7.29
"2507","2016-12-14",7.06
"2508","2016-12-15",7.13
"2509","2016-12-16",6.97
"2510","2016-12-19",6.99
"2511","2016-12-20",6.96
"2512","2016-12-21",6.96
"2513","2016-12-22",6.92
"2514","2016-12-23",6.92
"2515","2016-12-27",6.97
"2516","2016-12-28",6.91
"2517","2016-12-29",6.99
"2518","2016-12-30",6.94
"2519","2017-01-03",6.99
"2520","2017-01-04",7.09
"2521","2017-01-05",7.09
"2522","2017-01-06",7.09
"2523","2017-01-09",7.05
"2524","2017-01-10",7.06
"2525","2017-01-11",7.09
"2526","2017-01-12",7.03
"2527","2017-01-13",7.05
"2528","2017-01-17",7.04
"2529","2017-01-18",7.09
"2530","2017-01-19",7.02
"2531","2017-01-20",7.04
"2532","2017-01-23",7.11
"2533","2017-01-24",7.24
"2534","2017-01-25",7.3
"2535","2017-01-26",7.28
"2536","2017-01-27",7.28
"2537","2017-01-30",7.28
"2538","2017-01-31",7.29
"2539","2017-02-01",7.35
"2540","2017-02-02",7.4
"2541","2017-02-03",7.42
"2542","2017-02-06",7.45
"2543","2017-02-07",7.41
"2544","2017-02-08",7.46
"2545","2017-02-09",7.44
"2546","2017-02-10",7.5
"2547","2017-02-13",7.55
"2548","2017-02-14",7.62
"2549","2017-02-15",7.7
"2550","2017-02-16",7.58
"2551","2017-02-17",7.56
"2552","2017-02-21",7.57
"2553","2017-02-22",7.59
"2554","2017-02-23",7.52
"2555","2017-02-24",7.57
"2556","2017-02-27",7.63
"2557","2017-02-28",7.55
"2558","2017-03-01",7.63
"2559","2017-03-02",7.56
"2560","2017-03-03",7.48
"2561","2017-03-06",7.39
"2562","2017-03-07",7.38
"2563","2017-03-08",7.37
"2564","2017-03-09",7.28
"2565","2017-03-10",7.29
"2566","2017-03-13",7.24
"2567","2017-03-14",7.21
"2568","2017-03-15",7.23
"2569","2017-03-16",7.32
"2570","2017-03-17",7.35
"2571","2017-03-20",7.34
"2572","2017-03-21",7.35
"2573","2017-03-22",7.32
"2574","2017-03-23",7.34
"2575","2017-03-24",7.35
"2576","2017-03-27",7.29
"2577","2017-03-28",7.37
"2578","2017-03-29",7.36
"2579","2017-03-30",7.36
"2580","2017-03-31",7.43
"2581","2017-04-03",7.39
"2582","2017-04-04",7.42
"2583","2017-04-05",7.4
"2584","2017-04-06",7.43
"2585","2017-04-07",7.49
"2586","2017-04-10",7.5
"2587","2017-04-11",7.55
"2588","2017-04-12",7.49
"2589","2017-04-13",7.5
"2590","2017-04-17",7.51
"2591","2017-04-18",7.5
"2592","2017-04-19",7.47
"2593","2017-04-20",7.53
"2594","2017-04-21",7.53
"2595","2017-04-24",7.59
"2596","2017-04-25",7.6
"2597","2017-04-26",7.57
"2598","2017-04-27",7.58
"2599","2017-04-28",7.53
"2600","2017-05-01",7.54
"2601","2017-05-02",7.52
"2602","2017-05-03",7.55
"2603","2017-05-04",7.46
"2604","2017-05-05",7.52
"2605","2017-05-08",7.52
"2606","2017-05-09",7.51
"2607","2017-05-10",7.54
"2608","2017-05-11",7.52
"2609","2017-05-12",7.53
"2610","2017-05-15",7.58
"2611","2017-05-16",7.59
"2612","2017-05-17",7.52
"2613","2017-05-18",7.53
"2614","2017-05-19",7.62
"2615","2017-05-22",7.67
"2616","2017-05-23",7.61
"2617","2017-05-24",7.58
"2618","2017-05-25",7.57
"2619","2017-05-26",7.56
"2620","2017-05-30",7.58
"2621","2017-05-31",7.53
"2622","2017-06-01",7.61
"2623","2017-06-02",7.64
"2624","2017-06-05",7.61
"2625","2017-06-06",7.66
"2626","2017-06-07",7.63
"2627","2017-06-08",7.64
"2628","2017-06-09",7.63
"2629","2017-06-12",7.57
"2630","2017-06-13",7.53
"2631","2017-06-14",7.45
"2632","2017-06-15",7.38
"2633","2017-06-16",7.33
"2634","2017-06-19",7.38
"2635","2017-06-20",7.26
"2636","2017-06-21",7.31
"2637","2017-06-22",7.31
"2638","2017-06-23",7.36
"2639","2017-06-26",7.39
"2640","2017-06-27",7.33
"2641","2017-06-28",7.4
"2642","2017-06-29",7.34
"2643","2017-06-30",7.37
"2644","2017-07-03",7.39
"2645","2017-07-05",7.34
"2646","2017-07-06",7.26
"2647","2017-07-07",7.3
"2648","2017-07-10",7.33
"2649","2017-07-11",7.35
"2650","2017-07-12",7.37
"2651","2017-07-13",7.39
"2652","2017-07-14",7.43
"2653","2017-07-17",7.5
"2654","2017-07-18",7.44
"2655","2017-07-19",7.51
"2656","2017-07-20",7.54
"2657","2017-07-21",7.51
"2658","2017-07-24",7.53
"2659","2017-07-25",7.6
"2660","2017-07-26",7.61
"2661","2017-07-27",7.57
"2662","2017-07-28",7.55
"2663","2017-07-31",7.52
"2664","2017-08-01",7.54
"2665","2017-08-02",7.49
"2666","2017-08-03",7.46
"2667","2017-08-04",7.42
"2668","2017-08-07",7.43
"2669","2017-08-08",7.4
"2670","2017-08-09",7.42
"2671","2017-08-10",7.29
"2672","2017-08-11",7.4
"2673","2017-08-14",7.46
"2674","2017-08-15",7.41
"2675","2017-08-16",7.41
"2676","2017-08-17",7.29
"2677","2017-08-18",7.34
"2678","2017-08-21",7.29
"2679","2017-08-22",7.37
"2680","2017-08-23",7.36
"2681","2017-08-24",7.38
"2682","2017-08-25",7.43
"2683","2017-08-28",7.46
"2684","2017-08-29",7.45
"2685","2017-08-30",7.45
"2686","2017-08-31",7.5
"2687","2017-09-01",7.56
"2688","2017-09-05",7.49
"2689","2017-09-06",7.53
"2690","2017-09-07",7.54
"2691","2017-09-08",7.55
"2692","2017-09-11",7.55
"2693","2017-09-12",7.58
"2694","2017-09-13",7.58
"2695","2017-09-14",7.5
"2696","2017-09-15",7.53
"2697","2017-09-18",7.57
"2698","2017-09-19",7.59
"2699","2017-09-20",7.57
"2700","2017-09-21",7.56
"2701","2017-09-22",7.59
"2702","2017-09-25",7.61
"2703","2017-09-26",7.63
"2704","2017-09-27",7.67
"2705","2017-09-28",7.69
"2706","2017-09-29",7.73
"2707","2017-10-02",7.75
"2708","2017-10-03",7.75
"2709","2017-10-04",7.76
"2710","2017-10-05",7.8
"2711","2017-10-06",7.73
"2712","2017-10-09",7.8
"2713","2017-10-10",7.75
"2714","2017-10-11",7.73
"2715","2017-10-12",7.74
"2716","2017-10-13",7.79
"2717","2017-10-16",7.82
"2718","2017-10-17",7.83
"2719","2017-10-18",7.85
"2720","2017-10-19",7.82
"2721","2017-10-20",7.81
"2722","2017-10-23",7.8
"2723","2017-10-24",7.87
"2724","2017-10-25",7.79
"2725","2017-10-26",7.77
"2726","2017-10-27",7.78
"2727","2017-10-30",7.78
"2728","2017-10-31",7.87
"2729","2017-11-01",7.84
"2730","2017-11-02",7.83
"2731","2017-11-03",7.86
"2732","2017-11-06",7.91
"2733","2017-11-07",7.84
"2734","2017-11-08",7.92
"2735","2017-11-09",7.89
"2736","2017-11-10",7.88
"2737","2017-11-13",7.83
"2738","2017-11-14",7.75
"2739","2017-11-15",7.71
"2740","2017-11-16",7.78
"2741","2017-11-17",7.77
"2742","2017-11-20",7.78
"2743","2017-11-21",7.93
"2744","2017-11-22",7.98
"2745","2017-11-24",7.98
"2746","2017-11-27",7.9
"2747","2017-11-28",7.96
"2748","2017-11-29",7.95
"2749","2017-11-30",7.98
"2750","2017-12-01",7.93
"2751","2017-12-04",7.96
"2752","2017-12-05",7.92
"2753","2017-12-06",7.92
"2754","2017-12-07",7.9
"2755","2017-12-08",7.91
"2756","2017-12-11",7.96
"2757","2017-12-12",7.91
"2758","2017-12-13",7.98
"2759","2017-12-14",7.71
"2760","2017-12-15",7.72
"2761","2017-12-18",7.78
"2762","2017-12-19",7.75
"2763","2017-12-20",7.8
"2764","2017-12-21",7.88
"2765","2017-12-22",7.86
"2766","2017-12-26",7.9
"2767","2017-12-27",7.89
"2768","2017-12-28",7.92
"2769","2017-12-29",7.92
"2770","2018-01-02",7.93
"2771","2018-01-03",8
"2772","2018-01-04",8.06
"2773","2018-01-05",8.04
"2774","2018-01-08",8.07
"2775","2018-01-09",8.07
"2776","2018-01-10",8.03
"2777","2018-01-11",8.1
"2778","2018-01-12",8.11
"2779","2018-01-16",8.11
"2780","2018-01-17",8.15
"2781","2018-01-18",8.21
"2782","2018-01-19",8.22
"2783","2018-01-22",8.24
"2784","2018-01-23",8.27
"2785","2018-01-24",8.28
"2786","2018-01-25",8.28
"2787","2018-01-26",8.31
"2788","2018-01-29",8.26
"2789","2018-01-30",8.08
"2790","2018-01-31",8.08
"2791","2018-02-01",8.13
"2792","2018-02-02",7.94
"2793","2018-02-05",7.81
"2794","2018-02-06",7.81
"2795","2018-02-07",7.9
"2796","2018-02-08",7.75
"2797","2018-02-09",7.71
"2798","2018-02-12",7.8
"2799","2018-02-13",7.84
"2800","2018-02-14",7.98
"2801","2018-02-15",8.05
"2802","2018-02-16",8.09
"2803","2018-02-20",8.06
"2804","2018-02-21",7.99
"2805","2018-02-22",8
"2806","2018-02-23",8.02
"2807","2018-02-26",8.11
"2808","2018-02-27",8.06
"2809","2018-02-28",7.97
"2810","2018-03-01",7.88
"2811","2018-03-02",7.93
"2812","2018-03-05",7.97
"2813","2018-03-06",7.99
"2814","2018-03-07",7.96
"2815","2018-03-08",8.04
"2816","2018-03-09",8.2
"2817","2018-03-12",8.27
"2818","2018-03-13",8.27
"2819","2018-03-14",8.09
"2820","2018-03-15",8.03
"2821","2018-03-16",8.04
"2822","2018-03-19",7.97
"2823","2018-03-20",8.02
"2824","2018-03-21",8.08
"2825","2018-03-22",7.98
"2826","2018-03-23",7.84
"2827","2018-03-26",7.88
"2828","2018-03-27",7.83
"2829","2018-03-28",7.79
"2830","2018-03-29",7.79
"2831","2018-04-02",7.72
"2832","2018-04-03",7.73
"2833","2018-04-04",7.8
"2834","2018-04-05",7.81
"2835","2018-04-06",7.79
"2836","2018-04-09",7.75
"2837","2018-04-10",7.83
"2838","2018-04-11",7.8
"2839","2018-04-12",7.83
"2840","2018-04-13",7.88
"2841","2018-04-16",7.88
"2842","2018-04-17",7.92
"2843","2018-04-18",7.92
"2844","2018-04-19",7.84
"2845","2018-04-20",7.83
"2846","2018-04-23",7.76
"2847","2018-04-24",7.71
"2848","2018-04-25",7.67
"2849","2018-04-26",7.71
"2850","2018-04-27",7.72
"2851","2018-04-30",7.71
"2852","2018-05-01",7.74
"2853","2018-05-02",7.66
"2854","2018-05-03",7.65
"2855","2018-05-04",7.71
"2856","2018-05-07",7.75
"2857","2018-05-08",7.73
"2858","2018-05-09",7.81
"2859","2018-05-10",7.89
"2860","2018-05-11",7.92
"2861","2018-05-14",7.93
"2862","2018-05-15",7.92
"2863","2018-05-16",7.93
"2864","2018-05-17",7.99
"2865","2018-05-18",7.98
"2866","2018-05-21",8.03
"2867","2018-05-22",7.97
"2868","2018-05-23",7.94
"2869","2018-05-24",7.98
"2870","2018-05-25",7.97
"2871","2018-05-29",7.92
"2872","2018-05-30",7.95
"2873","2018-05-31",7.97
"2874","2018-06-01",7.99
"2875","2018-06-04",8
"2876","2018-06-05",8.07
"2877","2018-06-06",8.08
"2878","2018-06-07",8.07
"2879","2018-06-08",8.07
"2880","2018-06-11",8.09
"2881","2018-06-12",8.08
"2882","2018-06-13",8.1
"2883","2018-06-14",8.02
"2884","2018-06-15",7.98
"2885","2018-06-18",7.96
"2886","2018-06-19",7.91
"2887","2018-06-20",7.99
"2888","2018-06-21",7.92
"2889","2018-06-22",7.95
"2890","2018-06-25",7.85
"2891","2018-06-26",7.86
"2892","2018-06-27",7.77
"2893","2018-06-28",7.77
"2894","2018-06-29",7.82
"2895","2018-07-02",7.77
"2896","2018-07-03",7.78
"2897","2018-07-05",7.8
"2898","2018-07-06",7.85
"2899","2018-07-09",7.87
"2900","2018-07-10",7.89
"2901","2018-07-11",7.85
"2902","2018-07-12",7.85
"2903","2018-07-13",7.89
"2904","2018-07-16",7.81
"2905","2018-07-17",7.87
"2906","2018-07-18",7.85
"2907","2018-07-19",7.91
"2908","2018-07-20",7.87
"2909","2018-07-23",7.87
"2910","2018-07-24",7.8
"2911","2018-07-25",7.72
"2912","2018-07-26",7.81
"2913","2018-07-27",7.76
"2914","2018-07-30",7.75
"2915","2018-07-31",7.78
"2916","2018-08-01",7.78
"2917","2018-08-02",7.75
"2918","2018-08-03",7.82
"2919","2018-08-06",7.76
"2920","2018-08-07",7.69
"2921","2018-08-08",7.74
"2922","2018-08-09",7.71
"2923","2018-08-10",7.71
"2924","2018-08-13",7.68
"2925","2018-08-14",7.74
"2926","2018-08-15",7.64
"2927","2018-08-16",7.71
"2928","2018-08-17",7.72
"2929","2018-08-20",7.72
"2930","2018-08-21",7.78
"2931","2018-08-22",7.8
"2932","2018-08-23",7.75
"2933","2018-08-24",7.79
"2934","2018-08-27",7.83
"2935","2018-08-28",7.8
"2936","2018-08-29",7.79
"2937","2018-08-30",7.73
"2938","2018-08-31",7.72
"2939","2018-09-04",7.66
"2940","2018-09-05",7.61
"2941","2018-09-06",7.57
"2942","2018-09-07",7.53
"2943","2018-09-10",7.52
"2944","2018-09-11",7.51
"2945","2018-09-12",7.52
"2946","2018-09-13",7.37
"2947","2018-09-14",7.37
"2948","2018-09-17",7.35
"2949","2018-09-18",7.38
"2950","2018-09-19",7.37
"2951","2018-09-20",7.45
"2952","2018-09-21",7.45
"2953","2018-09-24",7.41
"2954","2018-09-25",7.4
"2955","2018-09-26",7.4
"2956","2018-09-27",7.35
"2957","2018-09-28",7.38
"2958","2018-10-01",7.36
"2959","2018-10-02",7.34
"2960","2018-10-03",7.39
"2961","2018-10-04",7.3
"2962","2018-10-05",7.13
"2963","2018-10-08",7.08
"2964","2018-10-09",7.09
"2965","2018-10-10",6.98
"2966","2018-10-11",6.91
"2967","2018-10-12",6.9
"2968","2018-10-15",6.94
"2969","2018-10-16",7.04
"2970","2018-10-17",7.04
"2971","2018-10-18",6.95
"2972","2018-10-19",7.03
"2973","2018-10-22",6.94
"2974","2018-10-23",6.9
"2975","2018-10-24",6.76
"2976","2018-10-25",6.83
"2977","2018-10-26",6.7
"2978","2018-10-29",6.64
"2979","2018-10-30",6.68
"2980","2018-10-31",6.71
"2981","2018-11-01",6.91
"2982","2018-11-02",6.9
"2983","2018-11-05",6.96
"2984","2018-11-06",6.95
"2985","2018-11-07",7.03
"2986","2018-11-08",7.03
"2987","2018-11-09",6.95
"2988","2018-11-12",6.87
"2989","2018-11-13",6.78
"2990","2018-11-14",6.75
"2991","2018-11-15",6.75
"2992","2018-11-16",6.77
"2993","2018-11-19",6.73
"2994","2018-11-20",6.61
"2995","2018-11-21",6.63
"2996","2018-11-23",6.62
"2997","2018-11-26",6.67
"2998","2018-11-27",6.68
"2999","2018-11-28",6.79
"3000","2018-11-29",6.72
"3001","2018-11-30",6.73
"3002","2018-12-03",6.8
"3003","2018-12-04",6.64
"3004","2018-12-06",6.53
"3005","2018-12-07",6.43
"3006","2018-12-10",6.38
"3007","2018-12-11",6.35
"3008","2018-12-12",6.41
"3009","2018-12-13",6.13
"3010","2018-12-14",6.02
"3011","2018-12-17",5.9
"3012","2018-12-18",5.88
"3013","2018-12-19",5.84
"3014","2018-12-20",5.63
"3015","2018-12-21",5.51
"3016","2018-12-24",5.51
"3017","2018-12-26",5.73
"3018","2018-12-27",5.7
"3019","2018-12-28",5.77
"3020","2018-12-31",5.78
"3021","2019-01-02",5.88
"3022","2019-01-03",5.81
"3023","2019-01-04",5.93
"3024","2019-01-07",6.05
"3025","2019-01-08",6.15
"3026","2019-01-09",6.24
"3027","2019-01-10",6.3
"3028","2019-01-11",6.35
"3029","2019-01-14",6.31
"3030","2019-01-15",6.33
"3031","2019-01-16",6.35
"3032","2019-01-17",6.36
"3033","2019-01-18",6.44
"3034","2019-01-22",6.35
"3035","2019-01-23",6.32
"3036","2019-01-24",6.34
"3037","2019-01-25",6.47
"3038","2019-01-28",6.48
"3039","2019-01-29",6.51
"3040","2019-01-30",6.56
"3041","2019-01-31",6.59
"3042","2019-02-01",6.6
"3043","2019-02-04",6.66
"3044","2019-02-05",6.68
"3045","2019-02-06",6.72
"3046","2019-02-07",6.65
"3047","2019-02-08",6.64
"3048","2019-02-11",6.65
"3049","2019-02-12",6.71
"3050","2019-02-13",6.73
"3051","2019-02-14",6.78
"3052","2019-02-15",6.8
"3053","2019-02-19",6.84
"3054","2019-02-20",6.95
"3055","2019-02-21",6.91
"3056","2019-02-22",6.93
"3057","2019-02-25",6.94
"3058","2019-02-26",6.92
"3059","2019-02-27",6.94
"3060","2019-02-28",6.91
"3061","2019-03-01",6.95
"3062","2019-03-04",6.96
"3063","2019-03-05",6.94
"3064","2019-03-06",6.8
"3065","2019-03-07",6.77
"3066","2019-03-08",6.75
"3067","2019-03-11",6.82
"3068","2019-03-12",6.87
"3069","2019-03-13",6.92
"3070","2019-03-14",6.8
"3071","2019-03-15",6.83
"3072","2019-03-18",6.85
"3073","2019-03-19",6.86
"3074","2019-03-20",6.82
"3075","2019-03-21",6.88
"3076","2019-03-22",6.77
"3077","2019-03-25",6.75
"3078","2019-03-26",6.77
"3079","2019-03-27",6.76
"3080","2019-03-28",6.77
"3081","2019-03-29",6.85
"3082","2019-04-01",6.85
"3083","2019-04-02",6.87
"3084","2019-04-03",6.95
"3085","2019-04-04",6.93
"3086","2019-04-05",6.98
"3087","2019-04-08",7.04
"3088","2019-04-09",7.03
"3089","2019-04-10",7.04
"3090","2019-04-11",7.05
"3091","2019-04-12",7.11
"3092","2019-04-15",7.08
"3093","2019-04-16",7.11
"3094","2019-04-17",7.1
"3095","2019-04-18",7.09
"3096","2019-04-22",7.07
"3097","2019-04-23",7.06
"3098","2019-04-24",7.11
"3099","2019-04-25",7.09
"3100","2019-04-26",7.05
"3101","2019-04-29",7.02
"3102","2019-04-30",7.01
"3103","2019-05-01",6.99
"3104","2019-05-02",6.92
"3105","2019-05-03",7
"3106","2019-05-06",7.04
"3107","2019-05-07",6.94
"3108","2019-05-08",6.94
"3109","2019-05-09",6.89
"3110","2019-05-10",6.88
"3111","2019-05-13",6.7
"3112","2019-05-14",6.74
"3113","2019-05-15",6.7
"3114","2019-05-16",6.72
"3115","2019-05-17",6.67
"3116","2019-05-20",6.61
"3117","2019-05-21",6.7
"3118","2019-05-22",6.65
"3119","2019-05-23",6.56
"3120","2019-05-24",6.5
"3121","2019-05-28",6.42
"3122","2019-05-29",6.32
"3123","2019-05-30",6.35
"3124","2019-05-31",6.29
"3125","2019-06-03",6.34
"3126","2019-06-04",6.48
"3127","2019-06-05",6.46
"3128","2019-06-06",6.52
"3129","2019-06-07",6.52
"3130","2019-06-10",6.54
"3131","2019-06-11",6.52
"3132","2019-06-12",6.5
"3133","2019-06-13",6.39
"3134","2019-06-14",6.34
"3135","2019-06-17",6.34
"3136","2019-06-18",6.43
"3137","2019-06-19",6.45
"3138","2019-06-20",6.54
"3139","2019-06-21",6.54
"3140","2019-06-24",6.54
"3141","2019-06-25",6.49
"3142","2019-06-26",6.53
"3143","2019-06-27",6.65
"3144","2019-06-28",6.74
"3145","2019-07-01",6.73
"3146","2019-07-02",6.68
"3147","2019-07-03",6.69
"3148","2019-07-05",6.68
"3149","2019-07-08",6.62
"3150","2019-07-09",6.62
"3151","2019-07-10",6.7
"3152","2019-07-11",6.69
"3153","2019-07-12",6.76
"3154","2019-07-15",6.73
"3155","2019-07-16",6.74
"3156","2019-07-17",6.71
"3157","2019-07-18",6.76
"3158","2019-07-19",6.76
"3159","2019-07-22",6.76
"3160","2019-07-23",6.82
"3161","2019-07-24",6.9
"3162","2019-07-25",6.84
"3163","2019-07-26",6.87
"3164","2019-07-29",6.85
"3165","2019-07-30",6.89
"3166","2019-07-31",6.85
"3167","2019-08-01",6.83
"3168","2019-08-02",6.79
"3169","2019-08-05",6.67
"3170","2019-08-06",6.68
"3171","2019-08-07",6.68
"3172","2019-08-08",6.78
"3173","2019-08-09",6.69
"3174","2019-08-12",6.69
"3175","2019-08-13",6.69
"3176","2019-08-14",6.54
"3177","2019-08-15",6.52
"3178","2019-08-16",6.57
"3179","2019-08-19",6.62
"3180","2019-08-20",6.54
"3181","2019-08-21",6.58
"3182","2019-08-22",6.6
"3183","2019-08-23",6.5
"3184","2019-08-26",6.51
"3185","2019-08-27",6.47
"3186","2019-08-28",6.5
"3187","2019-08-29",6.57
"3188","2019-08-30",6.62
"3189","2019-09-03",6.64
"3190","2019-09-04",6.71
"3191","2019-09-05",6.78
"3192","2019-09-06",6.79
"3193","2019-09-09",6.81
"3194","2019-09-10",6.88
"3195","2019-09-11",6.99
"3196","2019-09-12",7.05
"3197","2019-09-13",6.96
"3198","2019-09-16",6.96
"3199","2019-09-17",6.96
"3200","2019-09-18",6.94
"3201","2019-09-19",6.92
"3202","2019-09-20",6.91
"3203","2019-09-23",6.96
"3204","2019-09-24",6.89
"3205","2019-09-25",6.92
"3206","2019-09-26",6.87
"3207","2019-09-27",6.74
"3208","2019-09-30",6.74
"3209","2019-10-01",6.67
"3210","2019-10-02",6.55
"3211","2019-10-03",6.61
"3212","2019-10-04",6.67
"3213","2019-10-07",6.57
"3214","2019-10-08",6.53
"3215","2019-10-09",6.54
"3216","2019-10-10",6.58
"3217","2019-10-11",6.65
"3218","2019-10-14",6.63
"3219","2019-10-15",6.65
"3220","2019-10-16",6.62
"3221","2019-10-17",6.65
"3222","2019-10-18",6.63
"3223","2019-10-21",6.68
"3224","2019-10-22",6.69
"3225","2019-10-23",6.74
"3226","2019-10-24",6.84
"3227","2019-10-25",6.87
"3228","2019-10-28",6.91
"3229","2019-10-29",6.91
"3230","2019-10-30",6.91
"3231","2019-10-31",6.88
"3232","2019-11-01",6.99
"3233","2019-11-04",7.02
"3234","2019-11-05",7.09
"3235","2019-11-06",7.06
"3236","2019-11-07",7.12
"3237","2019-11-08",7.13
"3238","2019-11-11",7.1
"3239","2019-11-12",7.11
"3240","2019-11-13",7.08
"3241","2019-11-14",7.03
"3242","2019-11-15",7.03
"3243","2019-11-18",7.03
"3244","2019-11-19",6.99
"3245","2019-11-20",6.97
"3246","2019-11-21",6.9
"3247","2019-11-22",6.99
"3248","2019-11-25",7.05
"3249","2019-11-26",7.01
"3250","2019-11-27",7.07
"3251","2019-11-29",7.02
"3252","2019-12-02",7.04
"3253","2019-12-03",7
"3254","2019-12-04",7.06
"3255","2019-12-05",7.05
"3256","2019-12-06",7.14
"3257","2019-12-09",7.11
"3258","2019-12-10",7.11
"3259","2019-12-11",7.14
"3260","2019-12-12",7.11
"3261","2019-12-13",7.09
"3262","2019-12-16",7.16
"3263","2019-12-17",7.2
"3264","2019-12-18",7.19
"3265","2019-12-19",7.25
"3266","2019-12-20",7.25
"3267","2019-12-23",7.3
"3268","2019-12-24",7.34
"3269","2019-12-26",7.32
"3270","2019-12-27",7.36
"3271","2019-12-30",7.32
"3272","2019-12-31",7.36
"3273","2020-01-02",7.38
"3274","2020-01-03",7.33
"3275","2020-01-06",7.3
"3276","2020-01-07",7.34
"3277","2020-01-08",7.36
"3278","2020-01-09",7.31
"3279","2020-01-10",7.35
"3280","2020-01-13",7.41
"3281","2020-01-14",7.44
"3282","2020-01-15",7.42
"3283","2020-01-16",7.45
"3284","2020-01-17",7.47
"3285","2020-01-21",7.44
"3286","2020-01-22",7.44
"3287","2020-01-23",7.44
"3288","2020-01-24",7.38
"3289","2020-01-27",7.25
"3290","2020-01-28",7.29
"3291","2020-01-29",7.3
"3292","2020-01-30",7.27
"3293","2020-01-31",7.17
"3294","2020-02-03",7.2
"3295","2020-02-04",7.26
"3296","2020-02-05",7.33
"3297","2020-02-06",7.37
"3298","2020-02-07",7.34
"3299","2020-02-10",7.39
"3300","2020-02-11",7.44
"3301","2020-02-12",7.48
"3302","2020-02-13",7.44
"3303","2020-02-14",7.43
"3304","2020-02-18",7.39
"3305","2020-02-19",7.43
"3306","2020-02-20",7.45
"3307","2020-02-21",7.38
"3308","2020-02-24",7.21
"3309","2020-02-25",7.01
"3310","2020-02-26",6.96
"3311","2020-02-27",6.68
"3312","2020-02-28",6.51
"3313","2020-03-02",6.67
"3314","2020-03-03",6.68
"3315","2020-03-04",6.91
"3316","2020-03-05",6.68
"3317","2020-03-06",6.52
"3318","2020-03-09",5.89
"3319","2020-03-10",5.97
"3320","2020-03-11",5.5
"3321","2020-03-12",4.81
"3322","2020-03-13",5.1
"3323","2020-03-16",4.63
"3324","2020-03-17",4.81
"3325","2020-03-18",4.3
"3326","2020-03-19",4.37
"3327","2020-03-20",4.33
"3328","2020-03-23",4.15
"3329","2020-03-24",4.71
"3330","2020-03-25",5
"3331","2020-03-26",5.37
"3332","2020-03-27",5.19
"3333","2020-03-30",5.12
"3334","2020-03-31",5.04
"3335","2020-04-01",4.75
"3336","2020-04-02",4.76
"3337","2020-04-03",4.71
"3338","2020-04-06",4.97
"3339","2020-04-07",5.13
"3340","2020-04-08",5.25
"3341","2020-04-09",5.47
"3342","2020-04-13",5.38
"3343","2020-04-14",5.55
"3344","2020-04-15",5.34
"3345","2020-04-16",5.42
"3346","2020-04-17",5.45
"3347","2020-04-20",5.4
"3348","2020-04-21",5.29
"3349","2020-04-22",5.36
"3350","2020-04-23",5.39
"3351","2020-04-24",5.46
"3352","2020-04-27",5.52
"3353","2020-04-28",5.56
"3354","2020-04-29",5.81
"3355","2020-04-30",5.65
"3356","2020-05-01",5.49
"3357","2020-05-04",5.5
"3358","2020-05-05",5.55
"3359","2020-05-06",5.48
"3360","2020-05-07",5.55
"3361","2020-05-08",5.73
"3362","2020-05-11",5.72
"3363","2020-05-12",5.61
"3364","2020-05-13",5.4
"3365","2020-05-14",5.45
"3366","2020-05-15",5.46
"3367","2020-05-18",5.67
"3368","2020-05-19",5.74
"3369","2020-05-20",5.75
"3370","2020-05-21",5.77
"3371","2020-05-22",5.71
"3372","2020-05-26",5.81
"3373","2020-05-27",5.88
"3374","2020-05-28",5.84
"3375","2020-05-29",5.86
"3376","2020-06-01",5.93
"3377","2020-06-02",5.97
"3378","2020-06-03",6.07
"3379","2020-06-04",6.05
"3380","2020-06-05",6.24
"3381","2020-06-08",6.39
"3382","2020-06-09",6.34
"3383","2020-06-10",6.26
"3384","2020-06-11",5.9
"3385","2020-06-12",5.81
"3386","2020-06-15",5.89
"3387","2020-06-16",5.95
"3388","2020-06-17",5.9
"3389","2020-06-18",5.87
"3390","2020-06-19",5.86
"3391","2020-06-22",5.9
"3392","2020-06-23",5.92
"3393","2020-06-24",5.79
"3394","2020-06-25",5.84
"3395","2020-06-26",5.72
"3396","2020-06-29",5.79
"3397","2020-06-30",5.9
"3398","2020-07-01",5.89
"3399","2020-07-02",5.89
"3400","2020-07-06",5.94
"3401","2020-07-07",5.92
"3402","2020-07-08",5.97
"3403","2020-07-09",5.88
"3404","2020-07-10",5.94
"3405","2020-07-13",5.86
"3406","2020-07-14",5.93
"3407","2020-07-15",6.07
"3408","2020-07-16",6.05
"3409","2020-07-17",6.06
"3410","2020-07-20",6.07
"3411","2020-07-21",6.2
"3412","2020-07-22",6.24
"3413","2020-07-23",6.16
"3414","2020-07-24",6.11
"3415","2020-07-27",6.26
"3416","2020-07-28",6.25
"3417","2020-07-29",6.3
"3418","2020-07-30",6.23
"3419","2020-07-31",6.17
"3420","2020-08-03",6.26
"3421","2020-08-04",6.28
"3422","2020-08-05",6.38
"3423","2020-08-06",6.41
"3424","2020-08-07",6.41
"3425","2020-08-10",6.51
"3426","2020-08-11",6.45
"3427","2020-08-12",6.47
"3428","2020-08-13",6.41
"3429","2020-08-14",6.38
"3430","2020-08-17",6.4
"3431","2020-08-18",6.35
"3432","2020-08-19",6.31
"3433","2020-08-20",6.28
"3434","2020-08-21",6.25
"3435","2020-08-24",6.25
"3436","2020-08-25",6.24
"3437","2020-08-26",6.23
"3438","2020-08-27",6.25
"3439","2020-08-28",6.3
"3440","2020-08-31",6.27
"3441","2020-09-01",6.29
"3442","2020-09-02",6.37
"3443","2020-09-03",6.18
"3444","2020-09-04",6.24
"3445","2020-09-08",6.12
"3446","2020-09-09",6.22
"3447","2020-09-10",6.15
"3448","2020-09-11",6.17
"3449","2020-09-14",6.19
"3450","2020-09-15",6.24
"3451","2020-09-16",6.26
"3452","2020-09-17",6.24
"3453","2020-09-18",6.17
"3454","2020-09-21",6
"3455","2020-09-22",6
"3456","2020-09-23",5.86
"3457","2020-09-24",5.86
"3458","2020-09-25",5.89
"3459","2020-09-28",5.97
"3460","2020-09-29",5.94
"3461","2020-09-30",5.95
"3462","2020-10-01",5.95
"3463","2020-10-02",5.98
"3464","2020-10-05",5.99
"3465","2020-10-06",5.99
"3466","2020-10-07",6.09
"3467","2020-10-08",6.16
"3468","2020-10-09",6.22
"3469","2020-10-12",6.33
"3470","2020-10-13",6.29
"3471","2020-10-14",6.28
"3472","2020-10-15",6.26
"3473","2020-10-16",6.23
"3474","2020-10-19",6.19
"3475","2020-10-20",6.23
"3476","2020-10-21",6.2
"3477","2020-10-22",6.2
"3478","2020-10-23",6.16
"3479","2020-10-26",6.02
"3480","2020-10-27",5.98
"3481","2020-10-28",5.81
"3482","2020-10-29",5.84
"3483","2020-10-30",5.82
"3484","2020-11-02",5.92
"3485","2020-11-03",6.03
"3486","2020-11-04",6.14
"3487","2020-11-05",6.3
"3488","2020-11-06",6.26
"3489","2020-11-09",6.36
"3490","2020-11-10",6.36
"3491","2020-11-11",6.38
"3492","2020-11-12",6.26
"3493","2020-11-13",6.35
"3494","2020-11-16",6.54
"3495","2020-11-17",6.56
"3496","2020-11-18",6.57
"3497","2020-11-19",6.6
"3498","2020-11-20",6.62
"3499","2020-11-23",6.74
"3500","2020-11-24",6.85
"3501","2020-11-25",6.8
"3502","2020-11-27",6.8
