"","date","KINS"
"1","2007-01-03",3.04
"2","2007-01-04",3.01
"3","2007-01-05",3.02
"4","2007-01-08",3.01
"5","2007-01-09",3.01
"6","2007-01-10",2.92
"7","2007-01-11",3
"8","2007-01-12",3.01
"9","2007-01-16",3.01
"10","2007-01-17",3
"11","2007-01-18",3
"12","2007-01-19",3
"13","2007-01-22",2.938
"14","2007-01-23",2.938
"15","2007-01-24",3
"16","2007-01-25",3
"17","2007-01-26",3.05
"18","2007-01-29",2.89
"19","2007-01-30",2.98
"20","2007-01-31",2.95
"21","2007-02-01",2.95
"22","2007-02-02",2.95
"23","2007-02-05",3
"24","2007-02-06",2.95
"25","2007-02-07",2.95
"26","2007-02-08",2.95
"27","2007-02-09",2.95
"28","2007-02-12",2.86
"29","2007-02-13",2.8
"30","2007-02-14",2.94
"31","2007-02-15",2.94
"32","2007-02-16",2.95
"33","2007-02-20",2.61
"34","2007-02-21",2.56
"35","2007-02-22",2.56
"36","2007-02-23",2.76
"37","2007-02-26",2.89
"38","2007-02-27",2.85
"39","2007-02-28",2.84
"40","2007-03-01",2.84
"41","2007-03-02",2.84
"42","2007-03-05",2.8
"43","2007-03-06",2.8
"44","2007-03-07",2.8
"45","2007-03-08",2.8
"46","2007-03-09",2.75
"47","2007-03-12",2.75
"48","2007-03-13",2.75
"49","2007-03-14",2.75
"50","2007-03-15",2.65
"51","2007-03-16",2.65
"52","2007-03-19",2.65
"53","2007-03-20",2.65
"54","2007-03-21",2.44
"55","2007-03-22",2.44
"56","2007-03-23",2.44
"57","2007-03-26",2.33
"58","2007-03-27",2.35
"59","2007-03-28",2.35
"60","2007-03-29",2.34
"61","2007-03-30",2.4
"62","2007-04-02",2.496
"63","2007-04-03",2.496
"64","2007-04-04",2.25
"65","2007-04-05",2.37
"66","2007-04-09",2.36
"67","2007-04-10",2.36
"68","2007-04-11",2.39
"69","2007-04-12",2.35
"70","2007-04-13",2.34
"71","2007-04-16",2.39
"72","2007-04-17",2.4
"73","2007-04-18",2.35
"74","2007-04-19",2.35
"75","2007-04-20",2.35
"76","2007-04-23",2.35
"77","2007-04-24",2.35
"78","2007-04-25",2.35
"79","2007-04-26",2.25
"80","2007-04-27",2.2
"81","2007-04-30",2.24
"82","2007-05-01",2.24
"83","2007-05-02",2.24
"84","2007-05-03",2.22
"85","2007-05-04",2.18
"86","2007-05-07",2.23
"87","2007-05-08",2.23
"88","2007-05-09",2.25
"89","2007-05-10",2.25
"90","2007-05-11",2.26
"91","2007-05-14",2.5
"92","2007-05-15",2.5
"93","2007-05-16",2.5
"94","2007-05-17",2.47
"95","2007-05-18",2.28
"96","2007-05-21",2.28
"97","2007-05-22",2.28
"98","2007-05-23",2.45
"99","2007-05-24",2.56
"100","2007-05-25",2.57
"101","2007-05-29",2.57
"102","2007-05-30",2.63
"103","2007-05-31",2.37
"104","2007-06-01",2.7
"105","2007-06-04",2.6
"106","2007-06-05",2.52
"107","2007-06-06",2.56
"108","2007-06-07",2.52
"109","2007-06-08",2.52
"110","2007-06-11",2.55
"111","2007-06-12",2.5
"112","2007-06-13",2.7
"113","2007-06-14",2.7
"114","2007-06-15",2.65
"115","2007-06-18",2.6
"116","2007-06-19",2.6
"117","2007-06-20",2.6
"118","2007-06-21",2.68
"119","2007-06-22",2.52
"120","2007-06-25",2.68
"121","2007-06-26",2.68
"122","2007-06-27",2.68
"123","2007-06-28",2.68
"124","2007-06-29",2.68
"125","2007-07-02",2.68
"126","2007-07-03",2.68
"127","2007-07-05",2.68
"128","2007-07-06",2.68
"129","2007-07-09",2.68
"130","2007-07-10",2.58
"131","2007-07-11",2.41
"132","2007-07-12",2.41
"133","2007-07-13",2.427
"134","2007-07-16",2.427
"135","2007-07-17",2.56
"136","2007-07-18",2.59
"137","2007-07-19",2.7
"138","2007-07-20",2.7
"139","2007-07-23",2.7
"140","2007-07-24",2.75
"141","2007-07-25",2.75
"142","2007-07-26",2.75
"143","2007-07-27",2.75
"144","2007-07-30",2.53
"145","2007-07-31",2.6
"146","2007-08-01",2.6
"147","2007-08-02",2.6
"148","2007-08-03",2.58
"149","2007-08-06",2.4
"150","2007-08-07",2.5
"151","2007-08-08",2.5
"152","2007-08-09",2.5
"153","2007-08-10",2.5
"154","2007-08-13",2.57
"155","2007-08-14",2.57
"156","2007-08-15",2.57
"157","2007-08-16",2.56
"158","2007-08-17",2.522
"159","2007-08-20",2.522
"160","2007-08-21",2.522
"161","2007-08-22",2.522
"162","2007-08-23",2.522
"163","2007-08-24",2.33
"164","2007-08-27",2.33
"165","2007-08-28",2.33
"166","2007-08-29",2.31
"167","2007-08-30",2.31
"168","2007-08-31",2.51
"169","2007-09-04",2.51
"170","2007-09-05",2.36
"171","2007-09-06",2.36
"172","2007-09-07",2.21
"173","2007-09-10",2.36
"174","2007-09-11",1.95
"175","2007-09-12",2.2
"176","2007-09-13",2.2
"177","2007-09-14",2.28
"178","2007-09-17",2.25
"179","2007-09-18",2.23
"180","2007-09-19",2.23
"181","2007-09-20",2.23
"182","2007-09-21",2.02
"183","2007-09-24",1.96
"184","2007-09-25",2
"185","2007-09-26",2.02
"186","2007-09-27",2.32
"187","2007-09-28",2.3
"188","2007-10-01",2.39
"189","2007-10-02",2.39
"190","2007-10-03",2.214
"191","2007-10-04",2.214
"192","2007-10-05",2.214
"193","2007-10-08",2.214
"194","2007-10-09",2.214
"195","2007-10-10",2.21
"196","2007-10-11",2.21
"197","2007-10-12",2.21
"198","2007-10-15",2.06
"199","2007-10-16",2.012
"200","2007-10-17",1.96
"201","2007-10-18",2.12
"202","2007-10-19",2.12
"203","2007-10-22",2.12
"204","2007-10-23",2.12
"205","2007-10-24",2.12
"206","2007-10-25",2.12
"207","2007-10-26",2.12
"208","2007-10-29",2.12
"209","2007-10-30",2.15
"210","2007-10-31",2.15
"211","2007-11-01",2.12
"212","2007-11-02",2.12
"213","2007-11-05",2.12
"214","2007-11-06",1.78
"215","2007-11-07",1.78
"216","2007-11-08",2.05
"217","2007-11-09",2.15
"218","2007-11-12",2.05
"219","2007-11-13",2.05
"220","2007-11-14",2.05
"221","2007-11-15",2.05
"222","2007-11-16",2.05
"223","2007-11-19",1.78
"224","2007-11-20",1.78
"225","2007-11-21",1.57
"226","2007-11-23",1.5
"227","2007-11-26",1.47
"228","2007-11-27",1.47
"229","2007-11-28",1.47
"230","2007-11-29",1.72
"231","2007-11-30",1.66
"232","2007-12-03",1.8
"233","2007-12-04",2.06
"234","2007-12-05",2.06
"235","2007-12-06",2
"236","2007-12-07",2
"237","2007-12-10",2
"238","2007-12-11",1.56
"239","2007-12-12",1.74
"240","2007-12-13",1.74
"241","2007-12-14",1.37
"242","2007-12-17",1.37
"243","2007-12-18",1.37
"244","2007-12-19",1.22
"245","2007-12-20",1.33
"246","2007-12-21",1.4
"247","2007-12-24",1.28
"248","2007-12-26",1.2
"249","2007-12-27",1.15
"250","2007-12-28",1.44
"251","2007-12-31",1.67
"252","2008-01-02",1.74
"253","2008-01-03",1.74
"254","2008-01-04",1.3
"255","2008-01-07",1.58
"256","2008-01-08",1.448
"257","2008-01-09",1.448
"258","2008-01-10",1.448
"259","2008-01-11",1.448
"260","2008-01-14",1.448
"261","2008-01-15",1.329
"262","2008-01-16",1.329
"263","2008-01-17",1.233
"264","2008-01-18",1.21
"265","2008-01-22",1.21
"266","2008-01-23",1.21
"267","2008-01-24",1.22
"268","2008-01-25",1.21
"269","2008-01-28",1.21
"270","2008-01-29",1.21
"271","2008-01-30",1.38
"272","2008-01-31",1.38
"273","2008-02-01",1.38
"274","2008-02-04",1.38
"275","2008-02-05",1.404
"276","2008-02-06",1.67
"277","2008-02-07",1.67
"278","2008-02-08",1.67
"279","2008-02-11",1.67
"280","2008-02-12",1.67
"281","2008-02-13",1.69
"282","2008-02-14",1.69
"283","2008-02-15",1.69
"284","2008-02-19",1.69
"285","2008-02-20",1.69
"286","2008-02-21",1.69
"287","2008-02-22",1.69
"288","2008-02-25",1.69
"289","2008-02-26",1.69
"290","2008-02-27",1.69
"291","2008-02-28",1.69
"292","2008-02-29",1.69
"293","2008-03-03",1.69
"294","2008-03-04",1.75
"295","2008-03-05",1.75
"296","2008-03-06",1.75
"297","2008-03-07",1.75
"298","2008-03-10",1.75
"299","2008-03-11",1.6
"300","2008-03-12",1.75
"301","2008-03-13",1.65
"302","2008-03-14",1.65
"303","2008-03-17",1.6
"304","2008-03-18",1.6
"305","2008-03-19",1.35
"306","2008-03-20",1.35
"307","2008-03-24",1.35
"308","2008-03-25",1.35
"309","2008-03-26",1.7
"310","2008-03-27",1.7
"311","2008-03-28",1.67
"312","2008-03-31",1.67
"313","2008-04-01",1.67
"314","2008-04-02",1.67
"315","2008-04-03",1.67
"316","2008-04-04",1.67
"317","2008-04-07",1.67
"318","2008-04-08",1.67
"319","2008-04-09",1.67
"320","2008-04-10",1.67
"321","2008-04-11",1.67
"322","2008-04-14",1.67
"323","2008-04-15",1.67
"324","2008-04-16",1.38
"325","2008-04-17",1.38
"326","2008-04-18",1.38
"327","2008-04-21",1.35
"328","2008-04-22",1.35
"329","2008-04-23",1.35
"330","2008-04-24",1.35
"331","2008-04-25",1.35
"332","2008-04-28",1.35
"333","2008-04-29",1.35
"334","2008-04-30",1.35
"335","2008-05-01",1.35
"336","2008-05-02",1.35
"337","2008-05-05",1.35
"338","2008-05-06",1.35
"339","2008-05-07",1.35
"340","2008-05-08",1.35
"341","2008-05-09",1.35
"342","2008-05-12",1.35
"343","2008-05-13",1.35
"344","2008-05-14",1.35
"345","2008-05-15",1.35
"346","2008-05-16",1.35
"347","2008-05-19",1.35
"348","2008-05-20",1.35
"349","2008-05-21",1.25
"350","2008-05-22",1.25
"351","2008-05-23",1.25
"352","2008-05-27",1.25
"353","2008-05-28",1.1
"354","2008-05-29",1.1
"355","2008-05-30",1.1
"356","2008-06-02",1.1
"357","2008-06-03",1.1
"358","2008-06-04",1.1
"359","2008-06-05",1.1
"360","2008-06-06",1.1
"361","2008-06-09",1.1
"362","2008-06-10",1.1
"363","2008-06-11",1.1
"364","2008-06-12",1.28
"365","2008-06-13",1.43
"366","2008-06-16",1.43
"367","2008-06-17",1.43
"368","2008-06-18",1.43
"369","2008-06-19",0.98
"370","2008-06-20",0.95
"371","2008-06-23",1.01
"372","2008-06-24",1.01
"373","2008-06-25",1.01
"374","2008-06-26",1.01
"375","2008-06-27",1.01
"376","2008-06-30",1.01
"377","2008-07-01",1.02
"378","2008-07-02",1.02
"379","2008-07-03",1.02
"380","2008-07-07",1.02
"381","2008-07-08",1.02
"382","2008-07-09",1.02
"383","2008-07-10",1.02
"384","2008-07-11",1.02
"385","2008-07-14",0.99
"386","2008-07-15",0.99
"387","2008-07-16",0.99
"388","2008-07-17",0.99
"389","2008-07-18",0.99
"390","2008-07-21",0.99
"391","2008-07-22",0.99
"392","2008-07-23",0.99
"393","2008-07-24",0.99
"394","2008-07-25",0.99
"395","2008-07-28",0.99
"396","2008-07-29",0.99
"397","2008-07-30",0.99
"398","2008-07-31",0.96
"399","2008-08-01",0.96
"400","2008-08-04",0.96
"401","2008-08-05",0.96
"402","2008-08-06",0.96
"403","2008-08-07",0.96
"404","2008-08-08",0.96
"405","2008-08-11",0.96
"406","2008-08-12",0.99
"407","2008-08-13",0.99
"408","2008-08-14",0.99
"409","2008-08-15",1.09
"410","2008-08-18",1.14
"411","2008-08-19",1.2
"412","2008-08-20",1.2
"413","2008-08-21",1.2
"414","2008-08-22",1.02
"415","2008-08-25",0.88
"416","2008-08-26",0.88
"417","2008-08-27",0.88
"418","2008-08-28",0.92
"419","2008-08-29",0.92
"420","2008-09-02",0.92
"421","2008-09-03",0.92
"422","2008-09-04",0.92
"423","2008-09-05",0.92
"424","2008-09-08",0.92
"425","2008-09-09",0.92
"426","2008-09-10",0.92
"427","2008-09-11",0.92
"428","2008-09-12",0.92
"429","2008-09-15",0.92
"430","2008-09-16",0.92
"431","2008-09-17",0.92
"432","2008-09-18",0.92
"433","2008-09-19",0.87
"434","2008-09-22",0.8
"435","2008-09-23",0.8
"436","2008-09-24",0.8
"437","2008-09-25",0.8
"438","2008-09-26",0.8
"439","2008-09-29",0.8
"440","2008-09-30",0.8
"441","2008-10-01",0.8
"442","2008-10-02",0.8
"443","2008-10-03",0.8
"444","2008-10-06",0.65
"445","2008-10-07",0.65
"446","2008-10-08",0.65
"447","2008-10-09",0.65
"448","2008-10-10",0.65
"449","2008-10-13",0.75
"450","2008-10-14",0.75
"451","2008-10-15",0.75
"452","2008-10-16",0.75
"453","2008-10-17",0.7
"454","2008-10-20",0.65
"455","2008-10-21",0.65
"456","2008-10-22",0.65
"457","2008-10-23",0.65
"458","2008-10-24",0.5
"459","2008-10-27",0.5
"460","2008-10-28",0.78
"461","2008-10-29",0.5
"462","2008-10-30",0.5
"463","2008-10-31",0.5
"464","2008-11-03",0.57
"465","2008-11-04",0.35
"466","2008-11-05",0.32
"467","2008-11-06",0.399
"468","2008-11-07",0.399
"469","2008-11-10",0.399
"470","2008-11-11",0.399
"471","2008-11-12",0.25
"472","2008-11-13",0.25
"473","2008-11-14",0.25
"474","2008-11-17",0.25
"475","2008-11-18",0.25
"476","2008-11-19",0.25
"477","2008-11-20",0.25
"478","2008-11-21",0.25
"479","2008-11-24",0.35
"480","2008-11-25",0.35
"481","2008-11-26",0.45
"482","2008-11-28",0.45
"483","2008-12-01",0.44
"484","2008-12-02",0.44
"485","2008-12-03",0.44
"486","2008-12-04",0.35
"487","2008-12-05",0.35
"488","2008-12-08",0.403
"489","2008-12-09",0.403
"490","2008-12-10",0.403
"491","2008-12-11",0.403
"492","2008-12-12",0.48
"493","2008-12-15",0.48
"494","2008-12-16",0.512
"495","2008-12-17",0.55
"496","2008-12-18",0.55
"497","2008-12-19",0.55
"498","2008-12-22",0.55
"499","2008-12-23",0.48
"500","2008-12-24",0.48
"501","2008-12-26",0.48
"502","2008-12-29",0.48
"503","2008-12-30",0.48
"504","2008-12-31",0.48
"505","2009-01-02",0.48
"506","2009-01-05",0.48
"507","2009-01-06",0.48
"508","2009-01-07",0.48
"509","2009-01-08",0.48
"510","2009-01-09",0.48
"511","2009-01-12",0.48
"512","2009-01-13",0.48
"513","2009-01-14",0.48
"514","2009-01-15",0.48
"515","2009-01-16",0.48
"516","2009-01-20",0.48
"517","2009-01-21",0.48
"518","2009-01-22",0.48
"519","2009-01-23",0.48
"520","2009-01-26",0.48
"521","2009-01-27",0.38
"522","2009-01-28",0.57
"523","2009-01-29",0.58
"524","2009-01-30",0.58
"525","2009-02-02",0.48
"526","2009-02-03",0.48
"527","2009-02-04",0.48
"528","2009-02-05",0.48
"529","2009-02-06",0.76
"530","2009-02-09",0.85
"531","2009-02-10",0.6
"532","2009-02-11",0.6
"533","2009-02-12",0.68
"534","2009-02-13",0.68
"535","2009-02-17",0.85
"536","2009-02-18",0.85
"537","2009-02-19",0.85
"538","2009-02-20",0.85
"539","2009-02-23",0.85
"540","2009-02-24",0.48
"541","2009-02-25",0.74
"542","2009-02-26",0.74
"543","2009-02-27",0.74
"544","2009-03-02",0.74
"545","2009-03-03",0.74
"546","2009-03-04",0.74
"547","2009-03-05",0.74
"548","2009-03-06",0.74
"549","2009-03-09",0.74
"550","2009-03-10",0.32
"551","2009-03-11",0.32
"552","2009-03-12",0.32
"553","2009-03-13",0.39
"554","2009-03-16",0.39
"555","2009-03-17",0.39
"556","2009-03-18",0.04
"557","2009-03-19",0.5
"558","2009-03-20",0.566
"559","2009-03-23",0.566
"560","2009-03-24",0.48
"561","2009-03-25",0.55
"562","2009-03-26",0.55
"563","2009-03-27",0.55
"564","2009-03-30",0.55
"565","2009-03-31",0.36
"566","2009-04-01",0.39
"567","2009-04-02",0.44
"568","2009-04-03",0.45
"569","2009-04-06",0.42
"570","2009-04-07",0.46
"571","2009-04-08",0.55
"572","2009-04-09",0.55
"573","2009-04-13",0.55
"574","2009-04-14",0.57
"575","2009-04-15",0.57
"576","2009-04-16",0.71
"577","2009-04-17",0.71
"578","2009-04-20",0.65
"579","2009-04-21",0.65
"580","2009-04-22",0.79
"581","2009-04-23",0.8
"582","2009-04-24",0.7
"583","2009-04-27",0.88
"584","2009-04-28",0.88
"585","2009-04-29",0.95
"586","2009-04-30",0.95
"587","2009-05-01",0.95
"588","2009-05-04",1.05
"589","2009-05-05",1.05
"590","2009-05-06",1.05
"591","2009-05-07",1.25
"592","2009-05-08",2.2
"593","2009-05-11",2
"594","2009-05-12",2.409
"595","2009-05-13",2.25
"596","2009-05-14",2.056
"597","2009-05-15",2.2
"598","2009-05-18",2
"599","2009-05-19",2.2
"600","2009-05-20",1.9
"601","2009-05-21",2
"602","2009-05-22",2
"603","2009-05-26",2
"604","2009-05-27",2
"605","2009-05-28",2
"606","2009-05-29",2
"607","2009-06-01",2
"608","2009-06-02",2
"609","2009-06-03",2
"610","2009-06-04",2
"611","2009-06-05",2
"612","2009-06-08",1.8
"613","2009-06-09",2
"614","2009-06-10",2
"615","2009-06-11",1.81
"616","2009-06-12",1.81
"617","2009-06-15",1.81
"618","2009-06-16",1.81
"619","2009-06-17",1.99
"620","2009-06-18",1.812
"621","2009-06-19",1.8
"622","2009-06-22",1.8
"623","2009-06-23",1.8
"624","2009-06-24",2.044
"625","2009-06-25",2.044
"626","2009-06-26",2.24
"627","2009-06-29",2.24
"628","2009-06-30",2.24
"629","2009-07-01",2.14
"630","2009-07-02",2.15
"631","2009-07-06",2
"632","2009-07-07",2
"633","2009-07-08",2
"634","2009-07-09",2
"635","2009-07-10",2
"636","2009-07-13",2.21
"637","2009-07-14",2.21
"638","2009-07-15",2.21
"639","2009-07-16",2.21
"640","2009-07-17",2.21
"641","2009-07-20",2.5
"642","2009-07-21",2
"643","2009-07-22",2
"644","2009-07-23",2
"645","2009-07-24",2
"646","2009-07-27",2
"647","2009-07-28",2.37
"648","2009-07-29",2.35
"649","2009-07-30",2.37
"650","2009-07-31",2.37
"651","2009-08-03",2.37
"652","2009-08-04",2.37
"653","2009-08-05",2.37
"654","2009-08-06",2.37
"655","2009-08-07",2.37
"656","2009-08-10",2.37
"657","2009-08-11",2.37
"658","2009-08-12",2.37
"659","2009-08-13",2.475
"660","2009-08-14",1.9
"661","2009-08-17",1.9
"662","2009-08-18",1.9
"663","2009-08-19",1.9
"664","2009-08-20",1.9
"665","2009-08-21",2.45
"666","2009-08-24",2.45
"667","2009-08-25",2.45
"668","2009-08-26",2.45
"669","2009-08-27",2.45
"670","2009-08-28",2.45
"671","2009-08-31",2.45
"672","2009-09-01",2.45
"673","2009-09-02",2.45
"674","2009-09-03",2.45
"675","2009-09-04",2.45
"676","2009-09-08",2.45
"677","2009-09-09",2.45
"678","2009-09-10",2.45
"679","2009-09-11",2.45
"680","2009-09-14",2.45
"681","2009-09-15",2.45
"682","2009-09-16",2.45
"683","2009-09-17",2.45
"684","2009-09-18",2.5
"685","2009-09-21",2.11
"686","2009-09-22",2.11
"687","2009-09-23",2.38
"688","2009-09-24",2.38
"689","2009-09-25",2.38
"690","2009-09-28",2.38
"691","2009-09-29",2.15
"692","2009-09-30",2.15
"693","2009-10-01",2.15
"694","2009-10-02",2.15
"695","2009-10-05",2.44
"696","2009-10-06",2.44
"697","2009-10-07",2.44
"698","2009-10-08",2.44
"699","2009-10-09",2.44
"700","2009-10-12",2.44
"701","2009-10-13",2.44
"702","2009-10-14",2.3
"703","2009-10-15",1.93
"704","2009-10-16",1.95
"705","2009-10-19",1.95
"706","2009-10-20",2.25
"707","2009-10-21",1.725
"708","2009-10-22",2.178
"709","2009-10-23",2.17
"710","2009-10-26",2.2
"711","2009-10-27",2.25
"712","2009-10-28",1.91
"713","2009-10-29",2.26
"714","2009-10-30",2.1
"715","2009-11-02",2.1
"716","2009-11-03",2.11
"717","2009-11-04",2.11
"718","2009-11-05",2.1
"719","2009-11-06",2.1
"720","2009-11-09",2.1
"721","2009-11-10",2.05
"722","2009-11-11",2.2
"723","2009-11-12",1.73
"724","2009-11-13",1.74
"725","2009-11-16",1.7
"726","2009-11-17",1.7
"727","2009-11-18",1.7
"728","2009-11-19",1.92
"729","2009-11-20",1.99
"730","2009-11-23",1.955
"731","2009-11-24",1.7
"732","2009-11-25",2.25
"733","2009-11-27",2.24
"734","2009-11-30",1.99
"735","2009-12-01",1.71
"736","2009-12-02",1.84
"737","2009-12-03",1.87
"738","2009-12-04",1.77
"739","2009-12-07",2.13
"740","2009-12-08",2.23
"741","2009-12-09",2.4
"742","2009-12-10",2.4
"743","2009-12-11",2.35
"744","2009-12-14",2.5
"745","2009-12-15",2.5
"746","2009-12-16",2.5
"747","2009-12-17",2.5
"748","2009-12-18",2.3
"749","2009-12-21",2.202
"750","2009-12-22",2.202
"751","2009-12-23",2.02
"752","2009-12-24",2.08
"753","2009-12-28",2.5
"754","2009-12-29",2.3
"755","2009-12-30",2.3
"756","2009-12-31",2.49
"757","2010-01-04",2.63
"758","2010-01-05",2.9
"759","2010-01-06",2.99
"760","2010-01-07",2.75
"761","2010-01-08",2.83
"762","2010-01-11",2.85
"763","2010-01-12",2.85
"764","2010-01-13",2.52
"765","2010-01-14",2.52
"766","2010-01-15",2.795
"767","2010-01-19",2.8
"768","2010-01-20",2.8
"769","2010-01-21",2.8
"770","2010-01-22",2.99
"771","2010-01-25",2.989
"772","2010-01-26",2.97
"773","2010-01-27",2.97
"774","2010-01-28",2.97
"775","2010-01-29",2.95
"776","2010-02-01",2.95
"777","2010-02-02",2.96
"778","2010-02-03",2.96
"779","2010-02-04",2.96
"780","2010-02-05",2.9
"781","2010-02-08",2.9
"782","2010-02-09",2.9
"783","2010-02-10",2.9
"784","2010-02-11",2.9
"785","2010-02-12",2.97
"786","2010-02-16",2.97
"787","2010-02-17",2.97
"788","2010-02-18",3.26
"789","2010-02-19",3.401
"790","2010-02-22",3.4
"791","2010-02-23",3.42
"792","2010-02-24",3.5
"793","2010-02-25",3.5
"794","2010-02-26",3.5
"795","2010-03-01",3.34
"796","2010-03-02",3.34
"797","2010-03-03",3.34
"798","2010-03-04",3.34
"799","2010-03-05",3.61
"800","2010-03-08",3.75
"801","2010-03-09",3.75
"802","2010-03-10",3.28
"803","2010-03-11",3.28
"804","2010-03-12",2.83
"805","2010-03-15",2.68
"806","2010-03-16",2.66
"807","2010-03-17",2.5
"808","2010-03-18",2.35
"809","2010-03-19",2.35
"810","2010-03-22",2.35
"811","2010-03-23",2.49
"812","2010-03-24",2.635
"813","2010-03-25",2.635
"814","2010-03-26",2.784
"815","2010-03-29",2.75
"816","2010-03-30",2.75
"817","2010-03-31",3
"818","2010-04-01",2.8
"819","2010-04-05",2.8
"820","2010-04-06",2.834
"821","2010-04-07",2.8
"822","2010-04-08",3.2
"823","2010-04-09",3.23
"824","2010-04-12",3.1
"825","2010-04-13",3.05
"826","2010-04-14",3.05
"827","2010-04-15",2.85
"828","2010-04-16",2.85
"829","2010-04-19",2.76
"830","2010-04-20",2.75
"831","2010-04-21",2.75
"832","2010-04-22",2.87
"833","2010-04-23",2.78
"834","2010-04-26",3.09
"835","2010-04-27",3.09
"836","2010-04-28",2.83
"837","2010-04-29",2.83
"838","2010-04-30",2.94
"839","2010-05-03",2.82
"840","2010-05-04",2.81
"841","2010-05-05",2.76
"842","2010-05-06",2.76
"843","2010-05-07",2.76
"844","2010-05-10",2.76
"845","2010-05-11",2.76
"846","2010-05-12",2.76
"847","2010-05-13",2.76
"848","2010-05-14",2.76
"849","2010-05-17",2.76
"850","2010-05-18",2.945
"851","2010-05-19",2.94
"852","2010-05-20",2.94
"853","2010-05-21",2.94
"854","2010-05-24",2.94
"855","2010-05-25",2.94
"856","2010-05-26",2.94
"857","2010-05-27",2.62
"858","2010-05-28",2.75
"859","2010-06-01",2.75
"860","2010-06-02",2.75
"861","2010-06-03",2.73
"862","2010-06-04",2.73
"863","2010-06-07",2.73
"864","2010-06-08",2.69
"865","2010-06-09",2.69
"866","2010-06-10",2.61
"867","2010-06-11",2.61
"868","2010-06-14",2.61
"869","2010-06-15",2.61
"870","2010-06-16",2.9
"871","2010-06-17",2.9
"872","2010-06-18",2.69
"873","2010-06-21",2.69
"874","2010-06-22",2.81
"875","2010-06-23",2.81
"876","2010-06-24",2.87
"877","2010-06-25",2.87
"878","2010-06-28",2.87
"879","2010-06-29",2.87
"880","2010-06-30",2.89
"881","2010-07-01",2.89
"882","2010-07-02",2.46
"883","2010-07-06",2.45
"884","2010-07-07",2.45
"885","2010-07-08",2.35
"886","2010-07-09",2.35
"887","2010-07-12",2.25
"888","2010-07-13",2.25
"889","2010-07-14",2.35
"890","2010-07-15",2.25
"891","2010-07-16",2.25
"892","2010-07-19",2.25
"893","2010-07-20",2.25
"894","2010-07-21",2.25
"895","2010-07-22",2.25
"896","2010-07-23",2.284
"897","2010-07-26",2.284
"898","2010-07-27",2.284
"899","2010-07-28",2.284
"900","2010-07-29",2.284
"901","2010-07-30",2.284
"902","2010-08-02",2.284
"903","2010-08-03",2.284
"904","2010-08-04",2.284
"905","2010-08-05",2.284
"906","2010-08-06",2.284
"907","2010-08-09",2.284
"908","2010-08-10",2.88
"909","2010-08-11",2.88
"910","2010-08-12",2.88
"911","2010-08-13",2.3
"912","2010-08-16",2.3
"913","2010-08-17",2.3
"914","2010-08-18",2.3
"915","2010-08-19",2.3
"916","2010-08-20",2.3
"917","2010-08-23",2.3
"918","2010-08-24",2.3
"919","2010-08-25",2.3
"920","2010-08-26",2.42
"921","2010-08-27",2.42
"922","2010-08-30",2.42
"923","2010-08-31",2.739
"924","2010-09-01",2.739
"925","2010-09-02",2.74
"926","2010-09-03",2.5
"927","2010-09-07",2.73
"928","2010-09-08",2.42
"929","2010-09-09",2.42
"930","2010-09-10",2.42
"931","2010-09-13",2.74
"932","2010-09-14",2.74
"933","2010-09-15",2.74
"934","2010-09-16",2.74
"935","2010-09-17",2.42
"936","2010-09-20",2.42
"937","2010-09-21",2.42
"938","2010-09-22",2.42
"939","2010-09-23",2.42
"940","2010-09-24",2.42
"941","2010-09-27",2.42
"942","2010-09-28",2.42
"943","2010-09-29",2.42
"944","2010-09-30",2.42
"945","2010-10-01",2.74
"946","2010-10-04",2.74
"947","2010-10-05",2.74
"948","2010-10-06",2.74
"949","2010-10-07",2.7
"950","2010-10-08",2.698
"951","2010-10-11",2.698
"952","2010-10-12",2.698
"953","2010-10-13",2.698
"954","2010-10-14",2.698
"955","2010-10-15",2.7
"956","2010-10-18",2.7
"957","2010-10-19",2.7
"958","2010-10-20",2.7
"959","2010-10-21",2.7
"960","2010-10-22",2.95
"961","2010-10-25",3
"962","2010-10-26",2.95
"963","2010-10-27",2.75
"964","2010-10-28",2.75
"965","2010-10-29",2.75
"966","2010-11-01",3.01
"967","2010-11-02",3.01
"968","2010-11-03",3.05
"969","2010-11-04",3.08
"970","2010-11-05",3.09
"971","2010-11-08",3.1
"972","2010-11-09",3.1
"973","2010-11-10",3.1
"974","2010-11-11",3.1
"975","2010-11-12",3.1
"976","2010-11-15",3
"977","2010-11-16",3
"978","2010-11-17",3
"979","2010-11-18",3.75
"980","2010-11-19",3.5
"981","2010-11-22",3.51
"982","2010-11-23",3.51
"983","2010-11-24",3.47
"984","2010-11-26",3.4
"985","2010-11-29",3.4
"986","2010-11-30",3.6
"987","2010-12-01",3.58
"988","2010-12-02",3.6
"989","2010-12-03",3.9
"990","2010-12-06",3.85
"991","2010-12-07",3.85
"992","2010-12-08",3.7
"993","2010-12-09",3.85
"994","2010-12-10",3.5
"995","2010-12-13",3.37
"996","2010-12-14",3.03
"997","2010-12-15",3.04
"998","2010-12-16",3.16
"999","2010-12-17",3.23
"1000","2010-12-20",3.23
"1001","2010-12-21",3.1
"1002","2010-12-22",3.1
"1003","2010-12-23",3.16
"1004","2010-12-27",3.25
"1005","2010-12-28",3.16
"1006","2010-12-29",3.5
"1007","2010-12-30",3.5
"1008","2010-12-31",3.5
"1009","2011-01-03",3.9
"1010","2011-01-04",3.6
"1011","2011-01-05",3.9
"1012","2011-01-06",3.41
"1013","2011-01-07",3.74
"1014","2011-01-10",3.65
"1015","2011-01-11",3.67
"1016","2011-01-12",3.5
"1017","2011-01-13",3.45
"1018","2011-01-14",3.64
"1019","2011-01-18",3.42
"1020","2011-01-19",3.42
"1021","2011-01-20",3.42
"1022","2011-01-21",3.45
"1023","2011-01-24",3.3
"1024","2011-01-25",3.3
"1025","2011-01-26",3.28
"1026","2011-01-27",3.37
"1027","2011-01-28",3.45
"1028","2011-01-31",3.45
"1029","2011-02-01",3.45
"1030","2011-02-02",3.06
"1031","2011-02-03",3.057
"1032","2011-02-04",3.057
"1033","2011-02-07",3.057
"1034","2011-02-08",3.45
"1035","2011-02-09",3.45
"1036","2011-02-10",3.45
"1037","2011-02-11",3.45
"1038","2011-02-14",3.175
"1039","2011-02-15",3.43
"1040","2011-02-16",3.43
"1041","2011-02-17",3.2
"1042","2011-02-18",3.2
"1043","2011-02-22",3.2
"1044","2011-02-23",3.44
"1045","2011-02-24",3.44
"1046","2011-02-25",3.43
"1047","2011-02-28",3.43
"1048","2011-03-01",3.43
"1049","2011-03-02",3.44
"1050","2011-03-03",3.44
"1051","2011-03-04",3.44
"1052","2011-03-07",3.44
"1053","2011-03-08",3.18
"1054","2011-03-09",3.44
"1055","2011-03-10",3.29
"1056","2011-03-11",3.29
"1057","2011-03-14",3.18
"1058","2011-03-15",3.18
"1059","2011-03-16",3.18
"1060","2011-03-17",3.18
"1061","2011-03-18",3.18
"1062","2011-03-21",3.18
"1063","2011-03-22",3.09
"1064","2011-03-23",3.09
"1065","2011-03-24",3.09
"1066","2011-03-25",3.1
"1067","2011-03-28",3.091
"1068","2011-03-29",3.091
"1069","2011-03-30",3.091
"1070","2011-03-31",3.091
"1071","2011-04-01",3.39
"1072","2011-04-04",3.39
"1073","2011-04-05",3.45
"1074","2011-04-06",3.45
"1075","2011-04-07",3.29
"1076","2011-04-08",3.33
"1077","2011-04-11",3.33
"1078","2011-04-12",3.3
"1079","2011-04-13",3.4
"1080","2011-04-14",3.39
"1081","2011-04-15",3.87
"1082","2011-04-18",3.45
"1083","2011-04-19",3.45
"1084","2011-04-20",3.65
"1085","2011-04-21",3.51
"1086","2011-04-25",3.48
"1087","2011-04-26",3.48
"1088","2011-04-27",3.48
"1089","2011-04-28",3.66
"1090","2011-04-29",3.66
"1091","2011-05-02",3.6
"1092","2011-05-03",3.6
"1093","2011-05-04",3.6
"1094","2011-05-05",3.3
"1095","2011-05-06",3.5
"1096","2011-05-09",3.3
"1097","2011-05-10",3.3
"1098","2011-05-11",3.3
"1099","2011-05-12",3.3
"1100","2011-05-13",3.3
"1101","2011-05-16",3.3
"1102","2011-05-17",3.3
"1103","2011-05-18",3.3
"1104","2011-05-19",3.46
"1105","2011-05-20",3.46
"1106","2011-05-23",3.46
"1107","2011-05-24",3.27
"1108","2011-05-25",3.27
"1109","2011-05-26",3.3
"1110","2011-05-27",3.3
"1111","2011-05-31",3.32
"1112","2011-06-01",3.31
"1113","2011-06-02",3.32
"1114","2011-06-03",3.84
"1115","2011-06-06",3.374
"1116","2011-06-07",3.3
"1117","2011-06-08",3.3
"1118","2011-06-09",3.35
"1119","2011-06-10",3.32
"1120","2011-06-13",3.3
"1121","2011-06-14",3.09
"1122","2011-06-15",3.108
"1123","2011-06-16",3.108
"1124","2011-06-17",3.33
"1125","2011-06-20",3.33
"1126","2011-06-21",3.128
"1127","2011-06-22",3.12
"1128","2011-06-23",2.925
"1129","2011-06-24",2.94
"1130","2011-06-27",2.96
"1131","2011-06-28",2.969
"1132","2011-06-29",2.969
"1133","2011-06-30",2.988
"1134","2011-07-01",2.952
"1135","2011-07-05",2.964
"1136","2011-07-06",3.02
"1137","2011-07-07",2.92
"1138","2011-07-08",2.92
"1139","2011-07-11",2.76
"1140","2011-07-12",2.76
"1141","2011-07-13",3.04
"1142","2011-07-14",3.04
"1143","2011-07-15",2.92
"1144","2011-07-18",2.94
"1145","2011-07-19",2.93
"1146","2011-07-20",2.93
"1147","2011-07-21",2.8
"1148","2011-07-22",2.93
"1149","2011-07-25",2.93
"1150","2011-07-26",2.89
"1151","2011-07-27",2.89
"1152","2011-07-28",2.76
"1153","2011-07-29",2.76
"1154","2011-08-01",2.8
"1155","2011-08-02",2.8
"1156","2011-08-03",2.8
"1157","2011-08-04",3
"1158","2011-08-05",2.75
"1159","2011-08-08",2.75
"1160","2011-08-09",2.75
"1161","2011-08-10",2.75
"1162","2011-08-11",3.049
"1163","2011-08-12",3.4
"1164","2011-08-15",3.055
"1165","2011-08-16",3.05
"1166","2011-08-17",3.15
"1167","2011-08-18",3.15
"1168","2011-08-19",3.049
"1169","2011-08-22",3.049
"1170","2011-08-23",3.15
"1171","2011-08-24",3.12
"1172","2011-08-25",3.55
"1173","2011-08-26",3.1
"1174","2011-08-29",3.1
"1175","2011-08-30",3.1
"1176","2011-08-31",3.1
"1177","2011-09-01",3.1
"1178","2011-09-02",3.1
"1179","2011-09-06",3.1
"1180","2011-09-07",3.1
"1181","2011-09-08",3.1
"1182","2011-09-09",3.1
"1183","2011-09-12",3.1
"1184","2011-09-13",3.1
"1185","2011-09-14",3.1
"1186","2011-09-15",3.1
"1187","2011-09-16",3.55
"1188","2011-09-19",3.6
"1189","2011-09-20",3.6
"1190","2011-09-21",3.13
"1191","2011-09-22",3.49
"1192","2011-09-23",3.49
"1193","2011-09-26",3.15
"1194","2011-09-27",3.41
"1195","2011-09-28",3.41
"1196","2011-09-29",3.54
"1197","2011-09-30",3.48
"1198","2011-10-03",3.36
"1199","2011-10-04",3.15
"1200","2011-10-05",3.15
"1201","2011-10-06",3.19
"1202","2011-10-07",3.19
"1203","2011-10-10",3.19
"1204","2011-10-11",3.19
"1205","2011-10-12",3.19
"1206","2011-10-13",3.19
"1207","2011-10-14",3.44
"1208","2011-10-17",3.15
"1209","2011-10-18",3.12
"1210","2011-10-19",3.12
"1211","2011-10-20",3.12
"1212","2011-10-21",3.12
"1213","2011-10-24",3.12
"1214","2011-10-25",3.12
"1215","2011-10-26",3.119
"1216","2011-10-27",3.14
"1217","2011-10-28",3.14
"1218","2011-10-31",3.12
"1219","2011-11-01",3.2
"1220","2011-11-02",3.2
"1221","2011-11-03",3.2
"1222","2011-11-04",3.2
"1223","2011-11-07",3.2
"1224","2011-11-08",3.2
"1225","2011-11-09",3.2
"1226","2011-11-10",3.2
"1227","2011-11-11",3.2
"1228","2011-11-14",3.127
"1229","2011-11-15",3.15
"1230","2011-11-16",3.15
"1231","2011-11-17",3.15
"1232","2011-11-18",3.1
"1233","2011-11-21",3.07
"1234","2011-11-22",3.07
"1235","2011-11-23",3.08
"1236","2011-11-25",3.08
"1237","2011-11-28",3.08
"1238","2011-11-29",3.08
"1239","2011-11-30",3.08
"1240","2011-12-01",3.08
"1241","2011-12-02",3.187
"1242","2011-12-05",3.08
"1243","2011-12-06",3.2
"1244","2011-12-07",3.2
"1245","2011-12-08",3.2
"1246","2011-12-09",3.2
"1247","2011-12-12",3.2
"1248","2011-12-13",3.2
"1249","2011-12-14",3.15
"1250","2011-12-15",3.15
"1251","2011-12-16",3.2
"1252","2011-12-19",3.14
"1253","2011-12-20",3.15
"1254","2011-12-21",3.3
"1255","2011-12-22",3.499
"1256","2011-12-23",3.52
"1257","2011-12-27",3.5
"1258","2011-12-28",3.1
"1259","2011-12-29",3.46
"1260","2011-12-30",3.59
"1261","2012-01-03",3.39
"1262","2012-01-04",3.39
"1263","2012-01-05",3.39
"1264","2012-01-06",3.26
"1265","2012-01-09",3.26
"1266","2012-01-10",3.14
"1267","2012-01-11",3.47
"1268","2012-01-12",3.47
"1269","2012-01-13",3.34
"1270","2012-01-17",3.6
"1271","2012-01-18",3.7
"1272","2012-01-19",3.718
"1273","2012-01-20",3.75
"1274","2012-01-23",3.45
"1275","2012-01-24",3.45
"1276","2012-01-25",3.1
"1277","2012-01-26",3.2
"1278","2012-01-27",3.2
"1279","2012-01-30",3.47
"1280","2012-01-31",3.49
"1281","2012-02-01",3.2
"1282","2012-02-02",3.35
"1283","2012-02-03",3.35
"1284","2012-02-06",3.3
"1285","2012-02-07",3.21
"1286","2012-02-08",3.21
"1287","2012-02-09",3.21
"1288","2012-02-10",3.25
"1289","2012-02-13",3.25
"1290","2012-02-14",3.39
"1291","2012-02-15",3.39
"1292","2012-02-16",3.25
"1293","2012-02-17",3.26
"1294","2012-02-21",3.26
"1295","2012-02-22",3.41
"1296","2012-02-23",3.4
"1297","2012-02-24",3.26
"1298","2012-02-27",3.25
"1299","2012-02-28",3.23
"1300","2012-02-29",3.23
"1301","2012-03-01",3.23
"1302","2012-03-02",3.25
"1303","2012-03-05",3.21
"1304","2012-03-06",3.21
"1305","2012-03-07",3.249
"1306","2012-03-08",3.25
"1307","2012-03-09",3.41
"1308","2012-03-12",3.252
"1309","2012-03-13",3.3
"1310","2012-03-14",3.41
"1311","2012-03-15",3.41
"1312","2012-03-16",3.42
"1313","2012-03-19",3.4
"1314","2012-03-20",3.41
"1315","2012-03-21",3.4
"1316","2012-03-22",3.42
"1317","2012-03-23",3.42
"1318","2012-03-26",3.401
"1319","2012-03-27",3.401
"1320","2012-03-28",3.4
"1321","2012-03-29",3.4
"1322","2012-03-30",3.18
"1323","2012-04-02",3.3
"1324","2012-04-03",3.42
"1325","2012-04-04",3.41
"1326","2012-04-05",3.65
"1327","2012-04-09",3.72
"1328","2012-04-10",3.57
"1329","2012-04-11",3.65
"1330","2012-04-12",3.65
"1331","2012-04-13",3.64
"1332","2012-04-16",3.61
"1333","2012-04-17",3.61
"1334","2012-04-18",3.29
"1335","2012-04-19",3.43
"1336","2012-04-20",3.65
"1337","2012-04-23",3.65
"1338","2012-04-24",3.65
"1339","2012-04-25",3.63
"1340","2012-04-26",3.6
"1341","2012-04-27",3.75
"1342","2012-04-30",3.9
"1343","2012-05-01",3.83
"1344","2012-05-02",3.91
"1345","2012-05-03",3.75
"1346","2012-05-04",3.61
"1347","2012-05-07",3.58
"1348","2012-05-08",3.79
"1349","2012-05-09",3.88
"1350","2012-05-10",3.88
"1351","2012-05-11",3.88
"1352","2012-05-14",3.88
"1353","2012-05-15",3.74
"1354","2012-05-16",3.74
"1355","2012-05-17",4.511
"1356","2012-05-18",4.322
"1357","2012-05-21",4.485
"1358","2012-05-22",4.33
"1359","2012-05-23",4.3
"1360","2012-05-24",4.4
"1361","2012-05-25",4.45
"1362","2012-05-29",4.928
"1363","2012-05-30",5.2
"1364","2012-05-31",4.82
"1365","2012-06-01",5.1
"1366","2012-06-04",5.22
"1367","2012-06-05",5.38
"1368","2012-06-06",5.22
"1369","2012-06-07",5.25
"1370","2012-06-08",5.123
"1371","2012-06-11",5.1
"1372","2012-06-12",5.12
"1373","2012-06-13",4.88
"1374","2012-06-14",5.203
"1375","2012-06-15",5.19
"1376","2012-06-18",5.05
"1377","2012-06-19",4.85
"1378","2012-06-20",5
"1379","2012-06-21",4.9
"1380","2012-06-22",4.9
"1381","2012-06-25",4.9
"1382","2012-06-26",5.18
"1383","2012-06-27",5.25
"1384","2012-06-28",5.138
"1385","2012-06-29",5.235
"1386","2012-07-02",6.15
"1387","2012-07-03",6.14
"1388","2012-07-05",6.04
"1389","2012-07-06",6.07
"1390","2012-07-09",6.1
"1391","2012-07-10",5.7
"1392","2012-07-11",5.94
"1393","2012-07-12",5.55
"1394","2012-07-13",5.75
"1395","2012-07-16",5.76
"1396","2012-07-17",5.66
"1397","2012-07-18",5.74
"1398","2012-07-19",5.75
"1399","2012-07-20",5.948
"1400","2012-07-23",5.903
"1401","2012-07-24",5.95
"1402","2012-07-25",5.95
"1403","2012-07-26",6.4
"1404","2012-07-27",6.26
"1405","2012-07-30",6.5
"1406","2012-07-31",6.3
"1407","2012-08-01",6.28
"1408","2012-08-02",6.65
"1409","2012-08-03",6.27
"1410","2012-08-06",6.31
"1411","2012-08-07",6.2
"1412","2012-08-08",6.25
"1413","2012-08-09",6.2
"1414","2012-08-10",6.2
"1415","2012-08-13",5.98
"1416","2012-08-14",5.78
"1417","2012-08-15",4.98
"1418","2012-08-16",5.2
"1419","2012-08-17",4.99
"1420","2012-08-20",4.91
"1421","2012-08-21",4.899
"1422","2012-08-22",4.998
"1423","2012-08-23",4.97
"1424","2012-08-24",5
"1425","2012-08-27",4.92
"1426","2012-08-28",4.999
"1427","2012-08-29",4.98
"1428","2012-08-30",4.75
"1429","2012-08-31",4.95
"1430","2012-09-04",4.775
"1431","2012-09-05",4.7
"1432","2012-09-06",4.77
"1433","2012-09-07",4.72
"1434","2012-09-10",4.72
"1435","2012-09-11",4.822
"1436","2012-09-12",4.74
"1437","2012-09-13",4.75
"1438","2012-09-14",4.82
"1439","2012-09-17",4.86
"1440","2012-09-18",4.88
"1441","2012-09-19",4.93
"1442","2012-09-20",4.93
"1443","2012-09-21",4.95
"1444","2012-09-24",4.96
"1445","2012-09-25",5.08
"1446","2012-09-26",4.98
"1447","2012-09-27",5
"1448","2012-09-28",5.09
"1449","2012-10-01",4.95
"1450","2012-10-02",5.74
"1451","2012-10-03",5.64
"1452","2012-10-04",5.47
"1453","2012-10-05",5.48
"1454","2012-10-08",5.35
"1455","2012-10-09",5.28
"1456","2012-10-10",5.46
"1457","2012-10-11",5.4
"1458","2012-10-12",5.711
"1459","2012-10-15",5.5
"1460","2012-10-16",5.5
"1461","2012-10-17",5.65
"1462","2012-10-18",5.66
"1463","2012-10-19",5.54
"1464","2012-10-22",5.54
"1465","2012-10-23",5.15
"1466","2012-10-24",5.09
"1467","2012-10-25",5.03
"1468","2012-10-26",4.9
"1469","2012-10-31",4.7
"1470","2012-11-01",4.63
"1471","2012-11-02",4.56
"1472","2012-11-05",4.56
"1473","2012-11-06",4.58
"1474","2012-11-07",4.85
"1475","2012-11-08",4.98
"1476","2012-11-09",5
"1477","2012-11-12",4.99
"1478","2012-11-13",4.98
"1479","2012-11-14",4.91
"1480","2012-11-15",4.91
"1481","2012-11-16",4.909
"1482","2012-11-19",4.954
"1483","2012-11-20",5.12
"1484","2012-11-21",4.81
"1485","2012-11-23",5
"1486","2012-11-26",4.9
"1487","2012-11-27",5
"1488","2012-11-28",4.96
"1489","2012-11-29",4.84
"1490","2012-11-30",4.84
"1491","2012-12-03",4.86
"1492","2012-12-04",4.94
"1493","2012-12-05",4.81
"1494","2012-12-06",4.81
"1495","2012-12-07",4.82
"1496","2012-12-10",4.9
"1497","2012-12-11",4.76
"1498","2012-12-12",4.74
"1499","2012-12-13",4.77
"1500","2012-12-14",4.71
"1501","2012-12-17",4.71
"1502","2012-12-18",4.61
"1503","2012-12-19",4.99
"1504","2012-12-20",4.788
"1505","2012-12-21",4.788
"1506","2012-12-24",4.84
"1507","2012-12-26",4.84
"1508","2012-12-27",4.92
"1509","2012-12-28",4.85
"1510","2012-12-31",4.869
"1511","2013-01-02",4.84
"1512","2013-01-03",4.915
"1513","2013-01-04",4.83
"1514","2013-01-07",4.989
"1515","2013-01-08",4.96
"1516","2013-01-09",4.95
"1517","2013-01-10",4.98
"1518","2013-01-11",4.98
"1519","2013-01-14",4.901
"1520","2013-01-15",5.02
"1521","2013-01-16",5.02
"1522","2013-01-17",5
"1523","2013-01-18",5
"1524","2013-01-22",5
"1525","2013-01-23",5
"1526","2013-01-24",5.01
"1527","2013-01-25",5.07
"1528","2013-01-28",5.08
"1529","2013-01-29",5.09
"1530","2013-01-30",5.09
"1531","2013-01-31",5.068
"1532","2013-02-01",5.24
"1533","2013-02-04",5.2
"1534","2013-02-05",5.18
"1535","2013-02-06",5.18
"1536","2013-02-07",5.17
"1537","2013-02-08",5.17
"1538","2013-02-11",5.18
"1539","2013-02-12",5.19
"1540","2013-02-13",5.19
"1541","2013-02-14",5.16
"1542","2013-02-15",4.99
"1543","2013-02-19",5.18
"1544","2013-02-20",5.35
"1545","2013-02-21",5.3
"1546","2013-02-22",5.51
"1547","2013-02-25",5.15
"1548","2013-02-26",5.42
"1549","2013-02-27",5.172
"1550","2013-02-28",5.09
"1551","2013-03-01",5.03
"1552","2013-03-04",5
"1553","2013-03-05",4.87
"1554","2013-03-06",4.89
"1555","2013-03-07",4.92
"1556","2013-03-08",4.95
"1557","2013-03-11",4.964
"1558","2013-03-12",5
"1559","2013-03-13",4.99
"1560","2013-03-14",5.21
"1561","2013-03-15",5.299
"1562","2013-03-18",5.26
"1563","2013-03-19",5.25
"1564","2013-03-20",5.1
"1565","2013-03-21",5.26
"1566","2013-03-22",5.65
"1567","2013-03-25",5.68
"1568","2013-03-26",5.65
"1569","2013-03-27",5.66
"1570","2013-03-28",5.7
"1571","2013-04-01",5.7
"1572","2013-04-02",5.407
"1573","2013-04-03",5.4
"1574","2013-04-04",5.71
"1575","2013-04-05",5.71
"1576","2013-04-08",5.4
"1577","2013-04-09",5.57
"1578","2013-04-10",5.6
"1579","2013-04-11",5.6
"1580","2013-04-12",5.6
"1581","2013-04-15",5.6
"1582","2013-04-16",5.3
"1583","2013-04-17",5.3
"1584","2013-04-18",5.3
"1585","2013-04-19",5.25
"1586","2013-04-22",5.29
"1587","2013-04-23",5.29
"1588","2013-04-24",5.145
"1589","2013-04-25",5.18
"1590","2013-04-26",5.18
"1591","2013-04-29",5.25
"1592","2013-04-30",5.2
"1593","2013-05-01",5.15
"1594","2013-05-02",5.2
"1595","2013-05-03",5.4
"1596","2013-05-06",5.4
"1597","2013-05-07",5.2
"1598","2013-05-08",5.24
"1599","2013-05-09",5.3
"1600","2013-05-10",5.29
"1601","2013-05-13",5.3
"1602","2013-05-14",5.31
"1603","2013-05-15",5.31
"1604","2013-05-16",5.25
"1605","2013-05-17",5.25
"1606","2013-05-20",5.25
"1607","2013-05-21",5.25
"1608","2013-05-22",5.265
"1609","2013-05-23",5.18
"1610","2013-05-24",5.24
"1611","2013-05-28",5.24
"1612","2013-05-29",5.129
"1613","2013-05-30",5.11
"1614","2013-05-31",5.167
"1615","2013-06-03",5.167
"1616","2013-06-04",5.11
"1617","2013-06-05",5.11
"1618","2013-06-06",5.11
"1619","2013-06-07",5.11
"1620","2013-06-10",5.11
"1621","2013-06-11",5.28
"1622","2013-06-12",5.28
"1623","2013-06-13",5.155
"1624","2013-06-14",5.16
"1625","2013-06-17",5.3
"1626","2013-06-18",5.3
"1627","2013-06-19",5.28
"1628","2013-06-20",5.28
"1629","2013-06-21",5.28
"1630","2013-06-24",5.299
"1631","2013-06-25",5.28
"1632","2013-06-26",5.27
"1633","2013-06-27",5.24
"1634","2013-06-28",5.22
"1635","2013-07-01",5.12
"1636","2013-07-02",5.1
"1637","2013-07-03",5.1
"1638","2013-07-05",5.1
"1639","2013-07-08",5.1
"1640","2013-07-09",5.1
"1641","2013-07-10",5.1
"1642","2013-07-11",5.128
"1643","2013-07-12",5.128
"1644","2013-07-15",5.128
"1645","2013-07-16",5.128
"1646","2013-07-17",5.13
"1647","2013-07-18",5.11
"1648","2013-07-19",5.08
"1649","2013-07-22",5.08
"1650","2013-07-23",5.1
"1651","2013-07-24",5.15
"1652","2013-07-25",5.3
"1653","2013-07-26",5.15
"1654","2013-07-29",5.15
"1655","2013-07-30",5.15
"1656","2013-07-31",5.15
"1657","2013-08-01",5.15
"1658","2013-08-02",5.14
"1659","2013-08-05",5.14
"1660","2013-08-06",5.17
"1661","2013-08-07",5.17
"1662","2013-08-08",5.09
"1663","2013-08-09",5.16
"1664","2013-08-12",5.15
"1665","2013-08-13",5.15
"1666","2013-08-14",5.16
"1667","2013-08-15",5.16
"1668","2013-08-16",5.16
"1669","2013-08-19",5.16
"1670","2013-08-20",5.29
"1671","2013-08-21",5.29
"1672","2013-08-22",5.27
"1673","2013-08-23",5.3
"1674","2013-08-26",5.05
"1675","2013-08-27",5.08
"1676","2013-08-28",5.09
"1677","2013-08-29",5.09
"1678","2013-08-30",5.09
"1679","2013-09-03",5.09
"1680","2013-09-04",5.04
"1681","2013-09-05",5.062
"1682","2013-09-06",5.062
"1683","2013-09-09",5.15
"1684","2013-09-10",5.19
"1685","2013-09-11",5.19
"1686","2013-09-12",5.19
"1687","2013-09-13",5.15
"1688","2013-09-16",5.18
"1689","2013-09-17",5.2
"1690","2013-09-18",5.1
"1691","2013-09-19",5.1
"1692","2013-09-20",5.25
"1693","2013-09-23",5.2
"1694","2013-09-24",5.2
"1695","2013-09-25",5.2
"1696","2013-09-26",5.28
"1697","2013-09-27",5.28
"1698","2013-09-30",5.27
"1699","2013-10-01",5.219
"1700","2013-10-02",5.29
"1701","2013-10-03",5.29
"1702","2013-10-04",5.29
"1703","2013-10-07",5.26
"1704","2013-10-08",5.29
"1705","2013-10-09",5.25
"1706","2013-10-10",5.31
"1707","2013-10-11",5.5
"1708","2013-10-14",5.47
"1709","2013-10-15",5.48
"1710","2013-10-16",5.31
"1711","2013-10-17",5.27
"1712","2013-10-18",5.2
"1713","2013-10-21",5.25
"1714","2013-10-22",5.25
"1715","2013-10-23",5.15
"1716","2013-10-24",5.15
"1717","2013-10-25",5.18
"1718","2013-10-28",5.23
"1719","2013-10-29",5.23
"1720","2013-10-30",5.25
"1721","2013-10-31",5.196
"1722","2013-11-01",5.196
"1723","2013-11-04",5.19
"1724","2013-11-05",5.25
"1725","2013-11-06",5.25
"1726","2013-11-07",5.25
"1727","2013-11-08",5.25
"1728","2013-11-11",5.1
"1729","2013-11-12",5.05
"1730","2013-11-13",5.05
"1731","2013-11-14",6.1
"1732","2013-11-15",5.52
"1733","2013-11-18",5.84
"1734","2013-11-19",5.98
"1735","2013-11-20",5.84
"1736","2013-11-21",5.59
"1737","2013-11-22",5.99
"1738","2013-11-25",6
"1739","2013-11-26",6
"1740","2013-11-27",6
"1741","2013-11-29",5.64
"1742","2013-12-02",5.61
"1743","2013-12-03",5.962
"1744","2013-12-04",6
"1745","2013-12-05",5.81
"1746","2013-12-06",5.84
"1747","2013-12-09",6.11
"1748","2013-12-10",6.55
"1749","2013-12-11",6.65
"1750","2013-12-12",6.79
"1751","2013-12-13",6.6
"1752","2013-12-16",6.8
"1753","2013-12-17",6.82
"1754","2013-12-18",7.2
"1755","2013-12-19",7.07
"1756","2013-12-20",7.24
"1757","2013-12-23",7.11
"1758","2013-12-24",7.19
"1759","2013-12-26",7.22
"1760","2013-12-27",7.08
"1761","2013-12-30",7.17
"1762","2013-12-31",7.27
"1763","2014-01-02",7.15
"1764","2014-01-03",7.17
"1765","2014-01-06",7.17
"1766","2014-01-07",7.18
"1767","2014-01-08",7.05
"1768","2014-01-09",7.04
"1769","2014-01-10",7.09
"1770","2014-01-13",7.2
"1771","2014-01-14",7.14
"1772","2014-01-15",7.21
"1773","2014-01-16",7.3
"1774","2014-01-17",7.351
"1775","2014-01-21",7.7
"1776","2014-01-22",7.7
"1777","2014-01-23",7.6
"1778","2014-01-24",7.4
"1779","2014-01-27",7.06
"1780","2014-01-28",7.16
"1781","2014-01-29",7.14
"1782","2014-01-30",7.25
"1783","2014-01-31",7.25
"1784","2014-02-03",7.04
"1785","2014-02-04",7.02
"1786","2014-02-05",7.096
"1787","2014-02-06",7.2
"1788","2014-02-07",7.2
"1789","2014-02-10",7.26
"1790","2014-02-11",7.26
"1791","2014-02-12",6.973
"1792","2014-02-13",6.84
"1793","2014-02-14",6.9
"1794","2014-02-18",7
"1795","2014-02-19",6.876
"1796","2014-02-20",7.197
"1797","2014-02-21",6.98
"1798","2014-02-24",7.15
"1799","2014-02-25",7.02
"1800","2014-02-26",7.02
"1801","2014-02-27",7.19
"1802","2014-02-28",7.19
"1803","2014-03-03",7.19
"1804","2014-03-04",7.15
"1805","2014-03-05",7.07
"1806","2014-03-06",7.09
"1807","2014-03-07",7
"1808","2014-03-10",7.18
"1809","2014-03-11",7.25
"1810","2014-03-12",7.24
"1811","2014-03-13",7.28
"1812","2014-03-14",7.05
"1813","2014-03-17",7.23
"1814","2014-03-18",7.25
"1815","2014-03-19",7.21
"1816","2014-03-20",7
"1817","2014-03-21",6.9
"1818","2014-03-24",6.85
"1819","2014-03-25",7.01
"1820","2014-03-26",6.87
"1821","2014-03-27",6.825
"1822","2014-03-28",7.12
"1823","2014-03-31",6.97
"1824","2014-04-01",7.1
"1825","2014-04-02",7.05
"1826","2014-04-03",7
"1827","2014-04-04",6.92
"1828","2014-04-07",6.996
"1829","2014-04-08",6.996
"1830","2014-04-09",6.996
"1831","2014-04-10",6.8
"1832","2014-04-11",6.7
"1833","2014-04-14",6.84
"1834","2014-04-15",6.84
"1835","2014-04-16",6.72
"1836","2014-04-17",6.72
"1837","2014-04-21",6.58
"1838","2014-04-22",6.58
"1839","2014-04-23",6.58
"1840","2014-04-24",6.63
"1841","2014-04-25",6.63
"1842","2014-04-28",6.75
"1843","2014-04-29",6.75
"1844","2014-04-30",6.7
"1845","2014-05-01",6.75
"1846","2014-05-02",6.65
"1847","2014-05-05",6.729
"1848","2014-05-06",6.74
"1849","2014-05-07",6.59
"1850","2014-05-08",6.61
"1851","2014-05-09",6.55
"1852","2014-05-12",6.47
"1853","2014-05-13",6.64
"1854","2014-05-14",6.63
"1855","2014-05-15",5.82
"1856","2014-05-16",5.8
"1857","2014-05-19",5.8
"1858","2014-05-20",5.75
"1859","2014-05-21",5.83
"1860","2014-05-22",6.12
"1861","2014-05-23",6.26
"1862","2014-05-27",6.15
"1863","2014-05-28",6.15
"1864","2014-05-29",6.2
"1865","2014-05-30",6.16
"1866","2014-06-02",6.2
"1867","2014-06-03",6.101
"1868","2014-06-04",6.06
"1869","2014-06-05",6.11
"1870","2014-06-06",6.18
"1871","2014-06-09",6.23
"1872","2014-06-10",6.25
"1873","2014-06-11",6.425
"1874","2014-06-12",6.43
"1875","2014-06-13",6.365
"1876","2014-06-16",6.46
"1877","2014-06-17",6.66
"1878","2014-06-18",6.5
"1879","2014-06-19",6.6
"1880","2014-06-20",6.51
"1881","2014-06-23",6.639
"1882","2014-06-24",6.65
"1883","2014-06-25",6.525
"1884","2014-06-26",6.62
"1885","2014-06-27",6.5
"1886","2014-06-30",6.67
"1887","2014-07-01",6.55
"1888","2014-07-02",6.66
"1889","2014-07-03",6.7
"1890","2014-07-07",6.89
"1891","2014-07-08",6.85
"1892","2014-07-09",6.96
"1893","2014-07-10",6.97
"1894","2014-07-11",6.9
"1895","2014-07-14",7.18
"1896","2014-07-15",7
"1897","2014-07-16",6.92
"1898","2014-07-17",7.03
"1899","2014-07-18",6.95
"1900","2014-07-21",6.96
"1901","2014-07-22",6.86
"1902","2014-07-23",6.834
"1903","2014-07-24",6.94
"1904","2014-07-25",6.9
"1905","2014-07-28",6.967
"1906","2014-07-29",6.9
"1907","2014-07-30",6.81
"1908","2014-07-31",6.85
"1909","2014-08-01",6.84
"1910","2014-08-04",6.76
"1911","2014-08-05",6.76
"1912","2014-08-06",6.72
"1913","2014-08-07",6.72
"1914","2014-08-08",6.66
"1915","2014-08-11",6.73
"1916","2014-08-12",6.8
"1917","2014-08-13",7.2
"1918","2014-08-14",7.06
"1919","2014-08-15",7.103
"1920","2014-08-18",7.23
"1921","2014-08-19",7.18
"1922","2014-08-20",7.1
"1923","2014-08-21",7.11
"1924","2014-08-22",7.11
"1925","2014-08-25",7.1
"1926","2014-08-26",7.15
"1927","2014-08-27",7.2
"1928","2014-08-28",7.16
"1929","2014-08-29",7.32
"1930","2014-09-02",7.39
"1931","2014-09-03",7.35
"1932","2014-09-04",7.65
"1933","2014-09-05",7.76
"1934","2014-09-08",7.93
"1935","2014-09-09",8
"1936","2014-09-10",7.98
"1937","2014-09-11",8.1
"1938","2014-09-12",8.03
"1939","2014-09-15",8
"1940","2014-09-16",7.91
"1941","2014-09-17",8
"1942","2014-09-18",8.14
"1943","2014-09-19",8
"1944","2014-09-22",7.95
"1945","2014-09-23",7.96
"1946","2014-09-24",7.91
"1947","2014-09-25",7.9
"1948","2014-09-26",7.98
"1949","2014-09-29",7.98
"1950","2014-09-30",8.09
"1951","2014-10-01",8
"1952","2014-10-02",8.09
"1953","2014-10-03",8.09
"1954","2014-10-06",8.02
"1955","2014-10-07",8.03
"1956","2014-10-08",8.07
"1957","2014-10-09",7.91
"1958","2014-10-10",7.827
"1959","2014-10-13",7.46
"1960","2014-10-14",7.6
"1961","2014-10-15",7.74
"1962","2014-10-16",7.94
"1963","2014-10-17",7.96
"1964","2014-10-20",7.76
"1965","2014-10-21",7.8
"1966","2014-10-22",7.74
"1967","2014-10-23",7.804
"1968","2014-10-24",7.76
"1969","2014-10-27",7.87
"1970","2014-10-28",8.1
"1971","2014-10-29",8.055
"1972","2014-10-30",8.07
"1973","2014-10-31",8.086
"1974","2014-11-03",8.08
"1975","2014-11-04",8.1
"1976","2014-11-05",8.09
"1977","2014-11-06",8.12
"1978","2014-11-07",8.2
"1979","2014-11-10",8.1
"1980","2014-11-11",8.14
"1981","2014-11-12",8.2
"1982","2014-11-13",8.3
"1983","2014-11-14",8.51
"1984","2014-11-17",8.635
"1985","2014-11-18",8.544
"1986","2014-11-19",8.47
"1987","2014-11-20",8.62
"1988","2014-11-21",8.57
"1989","2014-11-24",8.55
"1990","2014-11-25",8.56
"1991","2014-11-26",8.44
"1992","2014-11-28",8.645
"1993","2014-12-01",8.6
"1994","2014-12-02",8.473
"1995","2014-12-03",8.52
"1996","2014-12-04",8.59
"1997","2014-12-05",8.59
"1998","2014-12-08",8.43
"1999","2014-12-09",8.47
"2000","2014-12-10",8.315
"2001","2014-12-11",8.32
"2002","2014-12-12",8.3
"2003","2014-12-15",8.2
"2004","2014-12-16",8.15
"2005","2014-12-17",7.99
"2006","2014-12-18",8.02
"2007","2014-12-19",8.01
"2008","2014-12-22",8.01
"2009","2014-12-23",8.19
"2010","2014-12-24",8.15
"2011","2014-12-26",8
"2012","2014-12-29",8
"2013","2014-12-30",8
"2014","2014-12-31",8.15
"2015","2015-01-02",8.02
"2016","2015-01-05",7.98
"2017","2015-01-06",7.89
"2018","2015-01-07",7.96
"2019","2015-01-08",7.97
"2020","2015-01-09",7.966
"2021","2015-01-12",7.888
"2022","2015-01-13",7.852
"2023","2015-01-14",7.875
"2024","2015-01-15",7.98
"2025","2015-01-16",8.07
"2026","2015-01-20",8.06
"2027","2015-01-21",8.06
"2028","2015-01-22",8.07
"2029","2015-01-23",8.09
"2030","2015-01-26",7.81
"2031","2015-01-27",7.83
"2032","2015-01-28",7.81
"2033","2015-01-29",7.82
"2034","2015-01-30",7.79
"2035","2015-02-02",7.65
"2036","2015-02-03",7.62
"2037","2015-02-04",7.66
"2038","2015-02-05",7.6
"2039","2015-02-06",7.58
"2040","2015-02-09",7.6
"2041","2015-02-10",7.55
"2042","2015-02-11",7.642
"2043","2015-02-12",7.6
"2044","2015-02-13",7.6
"2045","2015-02-17",7.57
"2046","2015-02-18",7.59
"2047","2015-02-19",7.604
"2048","2015-02-20",7.55
"2049","2015-02-23",7.57
"2050","2015-02-24",7.57
"2051","2015-02-25",7.6
"2052","2015-02-26",7.785
"2053","2015-02-27",7.9
"2054","2015-03-02",7.61
"2055","2015-03-03",7.62
"2056","2015-03-04",7.76
"2057","2015-03-05",7.95
"2058","2015-03-06",8.001
"2059","2015-03-09",8
"2060","2015-03-10",7.8
"2061","2015-03-11",7.66
"2062","2015-03-12",8
"2063","2015-03-13",7.92
"2064","2015-03-16",7.89
"2065","2015-03-17",7.96
"2066","2015-03-18",7.88
"2067","2015-03-19",7.76
"2068","2015-03-20",7.74
"2069","2015-03-23",7.85
"2070","2015-03-24",7.8
"2071","2015-03-25",7.85
"2072","2015-03-26",7.75
"2073","2015-03-27",7.58
"2074","2015-03-30",7.515
"2075","2015-03-31",7.53
"2076","2015-04-01",7.71
"2077","2015-04-02",7.59
"2078","2015-04-06",7.57
"2079","2015-04-07",7.65
"2080","2015-04-08",7.62
"2081","2015-04-09",7.58
"2082","2015-04-10",7.56
"2083","2015-04-13",7.68
"2084","2015-04-14",7.6
"2085","2015-04-15",7.563
"2086","2015-04-16",7.51
"2087","2015-04-17",7.57
"2088","2015-04-20",7.59
"2089","2015-04-21",7.5
"2090","2015-04-22",7.49
"2091","2015-04-23",7.492
"2092","2015-04-24",7.5
"2093","2015-04-27",7.45
"2094","2015-04-28",7.47
"2095","2015-04-29",7.54
"2096","2015-04-30",7.411
"2097","2015-05-01",7.4
"2098","2015-05-04",7.4
"2099","2015-05-05",7.32
"2100","2015-05-06",7.28
"2101","2015-05-07",7.219
"2102","2015-05-08",7.12
"2103","2015-05-11",7.18
"2104","2015-05-12",7.17
"2105","2015-05-13",7.27
"2106","2015-05-14",7.42
"2107","2015-05-15",7.6
"2108","2015-05-18",7.54
"2109","2015-05-19",7.517
"2110","2015-05-20",7.5
"2111","2015-05-21",7.57
"2112","2015-05-22",7.6
"2113","2015-05-26",7.5
"2114","2015-05-27",7.44
"2115","2015-05-28",7.442
"2116","2015-05-29",7.44
"2117","2015-06-01",7.41
"2118","2015-06-02",7.44
"2119","2015-06-03",7.41
"2120","2015-06-04",7.47
"2121","2015-06-05",7.637
"2122","2015-06-08",7.59
"2123","2015-06-09",7.49
"2124","2015-06-10",7.55
"2125","2015-06-11",7.48
"2126","2015-06-12",7.6
"2127","2015-06-15",7.58
"2128","2015-06-16",7.6
"2129","2015-06-17",7.65
"2130","2015-06-18",7.59
"2131","2015-06-19",7.61
"2132","2015-06-22",7.62
"2133","2015-06-23",7.62
"2134","2015-06-24",7.55
"2135","2015-06-25",7.538
"2136","2015-06-26",7.56
"2137","2015-06-29",7.6
"2138","2015-06-30",7.6
"2139","2015-07-01",7.5
"2140","2015-07-02",7.5
"2141","2015-07-06",7.54
"2142","2015-07-07",7.54
"2143","2015-07-08",7.535
"2144","2015-07-09",7.52
"2145","2015-07-10",7.591
"2146","2015-07-13",7.67
"2147","2015-07-14",7.59
"2148","2015-07-15",7.57
"2149","2015-07-16",7.64
"2150","2015-07-17",7.69
"2151","2015-07-20",7.68
"2152","2015-07-21",7.82
"2153","2015-07-22",7.7
"2154","2015-07-23",7.68
"2155","2015-07-24",7.64
"2156","2015-07-27",7.573
"2157","2015-07-28",7.6
"2158","2015-07-29",7.55
"2159","2015-07-30",7.52
"2160","2015-07-31",7.68
"2161","2015-08-03",7.62
"2162","2015-08-04",7.64
"2163","2015-08-05",7.72
"2164","2015-08-06",7.645
"2165","2015-08-07",7.64
"2166","2015-08-10",7.7
"2167","2015-08-11",7.63
"2168","2015-08-12",7.72
"2169","2015-08-13",8.05
"2170","2015-08-14",8.17
"2171","2015-08-17",8.47
"2172","2015-08-18",8.5
"2173","2015-08-19",8.65
"2174","2015-08-20",8.54
"2175","2015-08-21",8.39
"2176","2015-08-24",8.31
"2177","2015-08-25",8.44
"2178","2015-08-26",8.45
"2179","2015-08-27",8.495
"2180","2015-08-28",8.26
"2181","2015-08-31",8.4
"2182","2015-09-01",8.51
"2183","2015-09-02",8.66
"2184","2015-09-03",8.72
"2185","2015-09-04",8.79
"2186","2015-09-08",9.1
"2187","2015-09-09",9.12
"2188","2015-09-10",9.3
"2189","2015-09-11",9.04
"2190","2015-09-14",9.23
"2191","2015-09-15",8.95
"2192","2015-09-16",9
"2193","2015-09-17",8.8
"2194","2015-09-18",8.45
"2195","2015-09-21",8.66
"2196","2015-09-22",8.9
"2197","2015-09-23",8.87
"2198","2015-09-24",8.71
"2199","2015-09-25",8.71
"2200","2015-09-28",8.73
"2201","2015-09-29",8.55
"2202","2015-09-30",8.64
"2203","2015-10-01",8.73
"2204","2015-10-02",8.75
"2205","2015-10-05",8.65
"2206","2015-10-06",8.58
"2207","2015-10-07",8.67
"2208","2015-10-08",9.05
"2209","2015-10-09",9.05
"2210","2015-10-12",9.13
"2211","2015-10-13",9.27
"2212","2015-10-14",9.08
"2213","2015-10-15",9.26
"2214","2015-10-16",9.29
"2215","2015-10-19",9.23
"2216","2015-10-20",9.02
"2217","2015-10-21",9.35
"2218","2015-10-22",9.38
"2219","2015-10-23",9.49
"2220","2015-10-26",9.45
"2221","2015-10-27",9.34
"2222","2015-10-28",9.54
"2223","2015-10-29",9.35
"2224","2015-10-30",9.32
"2225","2015-11-02",9.44
"2226","2015-11-03",9.5
"2227","2015-11-04",9.43
"2228","2015-11-05",9.49
"2229","2015-11-06",9.61
"2230","2015-11-09",9.7
"2231","2015-11-10",9.68
"2232","2015-11-11",9.77
"2233","2015-11-12",8.96
"2234","2015-11-13",9.34
"2235","2015-11-16",9.5
"2236","2015-11-17",9.42
"2237","2015-11-18",9.27
"2238","2015-11-19",9.32
"2239","2015-11-20",9.4
"2240","2015-11-23",9.85
"2241","2015-11-24",9.65
"2242","2015-11-25",9.73
"2243","2015-11-27",9.99
"2244","2015-11-30",9.8
"2245","2015-12-01",9.82
"2246","2015-12-02",9.78
"2247","2015-12-03",9.28
"2248","2015-12-04",9.75
"2249","2015-12-07",9.45
"2250","2015-12-08",9.13
"2251","2015-12-09",9.121
"2252","2015-12-10",9.17
"2253","2015-12-11",8.82
"2254","2015-12-14",8.69
"2255","2015-12-15",8.83
"2256","2015-12-16",8.81
"2257","2015-12-17",8.95
"2258","2015-12-18",8.78
"2259","2015-12-21",8.78
"2260","2015-12-22",9
"2261","2015-12-23",9.125
"2262","2015-12-24",9.1
"2263","2015-12-28",9.01
"2264","2015-12-29",8.99
"2265","2015-12-30",9.16
"2266","2015-12-31",9
"2267","2016-01-04",8.76
"2268","2016-01-05",8.55
"2269","2016-01-06",8.62
"2270","2016-01-07",8.67
"2271","2016-01-08",8.68
"2272","2016-01-11",8.48
"2273","2016-01-12",8.314
"2274","2016-01-13",8.06
"2275","2016-01-14",7.84
"2276","2016-01-15",7.52
"2277","2016-01-19",7.36
"2278","2016-01-20",7.59
"2279","2016-01-21",7.77
"2280","2016-01-22",7.79
"2281","2016-01-25",7.88
"2282","2016-01-26",7.995
"2283","2016-01-27",7.85
"2284","2016-01-28",7.88
"2285","2016-01-29",8.09
"2286","2016-02-01",7.94
"2287","2016-02-02",7.86
"2288","2016-02-03",7.94
"2289","2016-02-04",8.08
"2290","2016-02-05",7.91
"2291","2016-02-08",7.67
"2292","2016-02-09",7.67
"2293","2016-02-10",7.79
"2294","2016-02-11",7.63
"2295","2016-02-12",7.83
"2296","2016-02-16",7.62
"2297","2016-02-17",7.75
"2298","2016-02-18",7.9
"2299","2016-02-19",8.02
"2300","2016-02-22",7.83
"2301","2016-02-23",7.96
"2302","2016-02-24",7.95
"2303","2016-02-25",8.04
"2304","2016-02-26",7.93
"2305","2016-02-29",7.77
"2306","2016-03-01",7.75
"2307","2016-03-02",7.82
"2308","2016-03-03",7.83
"2309","2016-03-04",7.84
"2310","2016-03-07",7.75
"2311","2016-03-08",7.75
"2312","2016-03-09",7.85
"2313","2016-03-10",7.85
"2314","2016-03-11",7.85
"2315","2016-03-14",7.92
"2316","2016-03-15",7.91
"2317","2016-03-16",8.18
"2318","2016-03-17",8.44
"2319","2016-03-18",8.6
"2320","2016-03-21",8.02
"2321","2016-03-22",8.22
"2322","2016-03-23",8.15
"2323","2016-03-24",8.29
"2324","2016-03-28",8.36
"2325","2016-03-29",8.29
"2326","2016-03-30",8.33
"2327","2016-03-31",8.26
"2328","2016-04-01",8.3
"2329","2016-04-04",8.4
"2330","2016-04-05",8.4
"2331","2016-04-06",8.35
"2332","2016-04-07",8.42
"2333","2016-04-08",8.97
"2334","2016-04-11",8.76
"2335","2016-04-12",8.72
"2336","2016-04-13",8.61
"2337","2016-04-14",8.72
"2338","2016-04-15",8.68
"2339","2016-04-18",8.75
"2340","2016-04-19",9.18
"2341","2016-04-20",9.23
"2342","2016-04-21",9.18
"2343","2016-04-22",9.12
"2344","2016-04-25",9.27
"2345","2016-04-26",9.59
"2346","2016-04-27",9.41
"2347","2016-04-28",9.21
"2348","2016-04-29",9.33
"2349","2016-05-02",9.26
"2350","2016-05-03",9.27
"2351","2016-05-04",9.16
"2352","2016-05-05",9.09
"2353","2016-05-06",8.92
"2354","2016-05-09",8.91
"2355","2016-05-10",9.14
"2356","2016-05-11",9.16
"2357","2016-05-12",9.03
"2358","2016-05-13",8.65
"2359","2016-05-16",8.83
"2360","2016-05-17",8.71
"2361","2016-05-18",9
"2362","2016-05-19",9.02
"2363","2016-05-20",9.08
"2364","2016-05-23",9.14
"2365","2016-05-24",9.16
"2366","2016-05-25",9.19
"2367","2016-05-26",9.11
"2368","2016-05-27",8.94
"2369","2016-05-31",9.03
"2370","2016-06-01",9.12
"2371","2016-06-02",9.02
"2372","2016-06-03",9
"2373","2016-06-06",8.96
"2374","2016-06-07",8.97
"2375","2016-06-08",8.97
"2376","2016-06-09",8.99
"2377","2016-06-10",9.01
"2378","2016-06-13",8.85
"2379","2016-06-14",8.78
"2380","2016-06-15",8.79
"2381","2016-06-16",8.71
"2382","2016-06-17",8.69
"2383","2016-06-20",8.79
"2384","2016-06-21",8.76
"2385","2016-06-22",8.64
"2386","2016-06-23",8.63
"2387","2016-06-24",8.55
"2388","2016-06-27",8.41
"2389","2016-06-28",8.69
"2390","2016-06-29",8.72
"2391","2016-06-30",8.85
"2392","2016-07-01",8.84
"2393","2016-07-05",8.87
"2394","2016-07-06",8.87
"2395","2016-07-07",8.77
"2396","2016-07-08",8.8
"2397","2016-07-11",8.9
"2398","2016-07-12",8.74
"2399","2016-07-13",8.69
"2400","2016-07-14",8.72
"2401","2016-07-15",8.63
"2402","2016-07-18",8.66
"2403","2016-07-19",8.735
"2404","2016-07-20",8.87
"2405","2016-07-21",8.72
"2406","2016-07-22",8.7
"2407","2016-07-25",8.61
"2408","2016-07-26",8.698
"2409","2016-07-27",8.66
"2410","2016-07-28",8.72
"2411","2016-07-29",8.75
"2412","2016-08-01",8.77
"2413","2016-08-02",8.74
"2414","2016-08-03",8.66
"2415","2016-08-04",8.61
"2416","2016-08-05",8.677
"2417","2016-08-08",8.72
"2418","2016-08-09",8.71
"2419","2016-08-10",8.71
"2420","2016-08-11",8.81
"2421","2016-08-12",9.08
"2422","2016-08-15",9.05
"2423","2016-08-16",9.14
"2424","2016-08-17",9.14
"2425","2016-08-18",9.19
"2426","2016-08-19",9.19
"2427","2016-08-22",9.18
"2428","2016-08-23",9.01
"2429","2016-08-24",9.1
"2430","2016-08-25",9.129
"2431","2016-08-26",9.05
"2432","2016-08-29",9.1
"2433","2016-08-30",9.18
"2434","2016-08-31",9.02
"2435","2016-09-01",9
"2436","2016-09-02",9.17
"2437","2016-09-06",9.22
"2438","2016-09-07",9.22
"2439","2016-09-08",9.2
"2440","2016-09-09",9.12
"2441","2016-09-12",9.2
"2442","2016-09-13",9.06
"2443","2016-09-14",9.28
"2444","2016-09-15",9.32
"2445","2016-09-16",9.32
"2446","2016-09-19",9.33
"2447","2016-09-20",9.17
"2448","2016-09-21",9.29
"2449","2016-09-22",9.31
"2450","2016-09-23",9.24
"2451","2016-09-26",9.12
"2452","2016-09-27",9.12
"2453","2016-09-28",9.26
"2454","2016-09-29",9.35
"2455","2016-09-30",9.23
"2456","2016-10-03",9.45
"2457","2016-10-04",9.53
"2458","2016-10-05",9.52
"2459","2016-10-06",9.735
"2460","2016-10-07",9.76
"2461","2016-10-10",10.22
"2462","2016-10-11",10
"2463","2016-10-12",9.99
"2464","2016-10-13",9.84
"2465","2016-10-14",10.18
"2466","2016-10-17",10.25
"2467","2016-10-18",10.41
"2468","2016-10-19",10.22
"2469","2016-10-20",10.1
"2470","2016-10-21",10.13
"2471","2016-10-24",10.3
"2472","2016-10-25",10.3
"2473","2016-10-26",10.15
"2474","2016-10-27",10.25
"2475","2016-10-28",10.3
"2476","2016-10-31",10.3
"2477","2016-11-01",10.45
"2478","2016-11-02",10.35
"2479","2016-11-03",10.4
"2480","2016-11-04",10.75
"2481","2016-11-07",10.45
"2482","2016-11-08",10.45
"2483","2016-11-09",10.5
"2484","2016-11-10",10.85
"2485","2016-11-11",11.7
"2486","2016-11-14",12.15
"2487","2016-11-15",11.75
"2488","2016-11-16",12.15
"2489","2016-11-17",12.2
"2490","2016-11-18",12.2
"2491","2016-11-21",12.35
"2492","2016-11-22",12.25
"2493","2016-11-23",12.4
"2494","2016-11-25",12.45
"2495","2016-11-28",12.8
"2496","2016-11-29",12.7
"2497","2016-11-30",12.7
"2498","2016-12-01",12.7
"2499","2016-12-02",12.869
"2500","2016-12-05",13.2
"2501","2016-12-06",13.35
"2502","2016-12-07",13.25
"2503","2016-12-08",13.3
"2504","2016-12-09",13.305
"2505","2016-12-12",13.3
"2506","2016-12-13",13.45
"2507","2016-12-14",13.625
"2508","2016-12-15",13.65
"2509","2016-12-16",13.2
"2510","2016-12-19",12.65
"2511","2016-12-20",12.7
"2512","2016-12-21",12.55
"2513","2016-12-22",12.35
"2514","2016-12-23",12.5
"2515","2016-12-27",12.45
"2516","2016-12-28",12.7
"2517","2016-12-29",13.25
"2518","2016-12-30",13.75
"2519","2017-01-03",13.65
"2520","2017-01-04",13.35
"2521","2017-01-05",13.05
"2522","2017-01-06",12.9
"2523","2017-01-09",12.75
"2524","2017-01-10",13.05
"2525","2017-01-11",13.05
"2526","2017-01-12",12.85
"2527","2017-01-13",12.8
"2528","2017-01-17",12.55
"2529","2017-01-18",12.8
"2530","2017-01-19",12.75
"2531","2017-01-20",12.65
"2532","2017-01-23",12.75
"2533","2017-01-24",12.5
"2534","2017-01-25",12.3
"2535","2017-01-26",11.95
"2536","2017-01-27",11.95
"2537","2017-01-30",11.95
"2538","2017-01-31",11.95
"2539","2017-02-01",11.95
"2540","2017-02-02",12.05
"2541","2017-02-03",11.9
"2542","2017-02-06",12.05
"2543","2017-02-07",12
"2544","2017-02-08",11.95
"2545","2017-02-09",12.25
"2546","2017-02-10",12.3
"2547","2017-02-13",12
"2548","2017-02-14",12.25
"2549","2017-02-15",12.5
"2550","2017-02-16",13.15
"2551","2017-02-17",13.65
"2552","2017-02-21",14.85
"2553","2017-02-22",14.95
"2554","2017-02-23",14.95
"2555","2017-02-24",14.95
"2556","2017-02-27",15.05
"2557","2017-02-28",15
"2558","2017-03-01",15.4
"2559","2017-03-02",15.4
"2560","2017-03-03",15.3
"2561","2017-03-06",15.15
"2562","2017-03-07",15.15
"2563","2017-03-08",14.95
"2564","2017-03-09",15
"2565","2017-03-10",15
"2566","2017-03-13",15.1
"2567","2017-03-14",15
"2568","2017-03-15",14.9
"2569","2017-03-16",15
"2570","2017-03-17",15
"2571","2017-03-20",15
"2572","2017-03-21",15
"2573","2017-03-22",15.3
"2574","2017-03-23",15.35
"2575","2017-03-24",15.15
"2576","2017-03-27",15.35
"2577","2017-03-28",15.65
"2578","2017-03-29",15.8
"2579","2017-03-30",15.85
"2580","2017-03-31",15.95
"2581","2017-04-03",15.75
"2582","2017-04-04",15.95
"2583","2017-04-05",15.9
"2584","2017-04-06",15.75
"2585","2017-04-07",15.75
"2586","2017-04-10",15
"2587","2017-04-11",15.15
"2588","2017-04-12",15.15
"2589","2017-04-13",15.2
"2590","2017-04-17",15.1
"2591","2017-04-18",14.8
"2592","2017-04-19",15.25
"2593","2017-04-20",15.35
"2594","2017-04-21",15.3
"2595","2017-04-24",15.05
"2596","2017-04-25",14.95
"2597","2017-04-26",15
"2598","2017-04-27",15
"2599","2017-04-28",14.95
"2600","2017-05-01",14.85
"2601","2017-05-02",15
"2602","2017-05-03",14.9
"2603","2017-05-04",14.95
"2604","2017-05-05",14.9
"2605","2017-05-08",14.75
"2606","2017-05-09",14.85
"2607","2017-05-10",14.45
"2608","2017-05-11",14.45
"2609","2017-05-12",14.35
"2610","2017-05-15",14.1
"2611","2017-05-16",14.25
"2612","2017-05-17",14.75
"2613","2017-05-18",14.95
"2614","2017-05-19",14.8
"2615","2017-05-22",14.85
"2616","2017-05-23",14.85
"2617","2017-05-24",14.8
"2618","2017-05-25",14.7
"2619","2017-05-26",14.5
"2620","2017-05-30",14.35
"2621","2017-05-31",14.625
"2622","2017-06-01",15.2
"2623","2017-06-02",15.15
"2624","2017-06-05",15.25
"2625","2017-06-06",14.85
"2626","2017-06-07",14.95
"2627","2017-06-08",15.15
"2628","2017-06-09",15.4
"2629","2017-06-12",15.2
"2630","2017-06-13",15
"2631","2017-06-14",15.25
"2632","2017-06-15",15.45
"2633","2017-06-16",15.65
"2634","2017-06-19",15.45
"2635","2017-06-20",15.65
"2636","2017-06-21",15.6
"2637","2017-06-22",15.65
"2638","2017-06-23",15.45
"2639","2017-06-26",16.4
"2640","2017-06-27",16.299999
"2641","2017-06-28",15.85
"2642","2017-06-29",15.7
"2643","2017-06-30",15.3
"2644","2017-07-03",15.4
"2645","2017-07-05",15.75
"2646","2017-07-06",15.6
"2647","2017-07-07",15.9
"2648","2017-07-10",15.7
"2649","2017-07-11",15.85
"2650","2017-07-12",15.85
"2651","2017-07-13",16.049999
"2652","2017-07-14",15.85
"2653","2017-07-17",15.8
"2654","2017-07-18",15.5
"2655","2017-07-19",15.4
"2656","2017-07-20",15.35
"2657","2017-07-21",15.6
"2658","2017-07-24",15.75
"2659","2017-07-25",16.35
"2660","2017-07-26",16
"2661","2017-07-27",16.200001
"2662","2017-07-28",16.25
"2663","2017-07-31",16.5
"2664","2017-08-01",16.5
"2665","2017-08-02",16.200001
"2666","2017-08-03",15.85
"2667","2017-08-04",15.85
"2668","2017-08-07",15.55
"2669","2017-08-08",15.35
"2670","2017-08-09",15.25
"2671","2017-08-10",15.85
"2672","2017-08-11",14.9
"2673","2017-08-14",15.4
"2674","2017-08-15",15.3
"2675","2017-08-16",15.25
"2676","2017-08-17",15.1
"2677","2017-08-18",15
"2678","2017-08-21",14.95
"2679","2017-08-22",14.95
"2680","2017-08-23",15
"2681","2017-08-24",14.85
"2682","2017-08-25",15.2
"2683","2017-08-28",15.05
"2684","2017-08-29",14.95
"2685","2017-08-30",14.95
"2686","2017-08-31",15.05
"2687","2017-09-01",15.1
"2688","2017-09-05",14.505
"2689","2017-09-06",14.4
"2690","2017-09-07",14.05
"2691","2017-09-08",14.4
"2692","2017-09-11",14.9
"2693","2017-09-12",14.9
"2694","2017-09-13",14.85
"2695","2017-09-14",14.9
"2696","2017-09-15",15.4
"2697","2017-09-18",15.15
"2698","2017-09-19",15.15
"2699","2017-09-20",15.2
"2700","2017-09-21",15.3
"2701","2017-09-22",15.4
"2702","2017-09-25",15.9
"2703","2017-09-26",16.25
"2704","2017-09-27",16.200001
"2705","2017-09-28",16.35
"2706","2017-09-29",16.299999
"2707","2017-10-02",16.6
"2708","2017-10-03",16.6
"2709","2017-10-04",16.450001
"2710","2017-10-05",16.35
"2711","2017-10-06",15.95
"2712","2017-10-09",16.299999
"2713","2017-10-10",16.549999
"2714","2017-10-11",16.549999
"2715","2017-10-12",16.6
"2716","2017-10-13",16.450001
"2717","2017-10-16",16.5
"2718","2017-10-17",16.450001
"2719","2017-10-18",16.25
"2720","2017-10-19",16.25
"2721","2017-10-20",16.4
"2722","2017-10-23",16.15
"2723","2017-10-24",16.299999
"2724","2017-10-25",16.4
"2725","2017-10-26",16.450001
"2726","2017-10-27",16.799999
"2727","2017-10-30",16
"2728","2017-10-31",16.200001
"2729","2017-11-01",16.1
"2730","2017-11-02",16.1
"2731","2017-11-03",15.2
"2732","2017-11-06",15.4
"2733","2017-11-07",15.15
"2734","2017-11-08",15.25
"2735","2017-11-09",15.35
"2736","2017-11-10",17.299999
"2737","2017-11-13",17.25
"2738","2017-11-14",17.85
"2739","2017-11-15",18.25
"2740","2017-11-16",18.35
"2741","2017-11-17",18.35
"2742","2017-11-20",18.450001
"2743","2017-11-21",18.6
"2744","2017-11-22",18.6
"2745","2017-11-24",19.15
"2746","2017-11-27",19.200001
"2747","2017-11-28",19.299999
"2748","2017-11-29",19.15
"2749","2017-11-30",19.450001
"2750","2017-12-01",19.4
"2751","2017-12-04",19.200001
"2752","2017-12-05",18.9
"2753","2017-12-06",18.65
"2754","2017-12-07",19
"2755","2017-12-08",18.950001
"2756","2017-12-11",18.9
"2757","2017-12-12",18.799999
"2758","2017-12-13",18.950001
"2759","2017-12-14",18.75
"2760","2017-12-15",19.15
"2761","2017-12-18",18.950001
"2762","2017-12-19",18.9
"2763","2017-12-20",19.1
"2764","2017-12-21",19.299999
"2765","2017-12-22",19.4
"2766","2017-12-26",19.15
"2767","2017-12-27",19.25
"2768","2017-12-28",19.049999
"2769","2017-12-29",18.799999
"2770","2018-01-02",19.25
"2771","2018-01-03",19.9
"2772","2018-01-04",20.450001
"2773","2018-01-05",20.799999
"2774","2018-01-08",20.25
"2775","2018-01-09",20.25
"2776","2018-01-10",20.700001
"2777","2018-01-11",20.85
"2778","2018-01-12",20.950001
"2779","2018-01-16",20.65
"2780","2018-01-17",20.700001
"2781","2018-01-18",21.049999
"2782","2018-01-19",21.4
"2783","2018-01-22",21.35
"2784","2018-01-23",21.700001
"2785","2018-01-24",21.25
"2786","2018-01-25",21.25
"2787","2018-01-26",21.049999
"2788","2018-01-29",20.85
"2789","2018-01-30",21.049999
"2790","2018-01-31",20.950001
"2791","2018-02-01",20.549999
"2792","2018-02-02",19.799999
"2793","2018-02-05",19.299999
"2794","2018-02-06",19.5
"2795","2018-02-07",19.5
"2796","2018-02-08",19.4
"2797","2018-02-09",20.049999
"2798","2018-02-12",20.950001
"2799","2018-02-13",20.700001
"2800","2018-02-14",20.35
"2801","2018-02-15",20.5
"2802","2018-02-16",20.75
"2803","2018-02-20",20.15
"2804","2018-02-21",20.200001
"2805","2018-02-22",20.049999
"2806","2018-02-23",19.9
"2807","2018-02-26",19.9
"2808","2018-02-27",19.75
"2809","2018-02-28",19.1
"2810","2018-03-01",19.35
"2811","2018-03-02",20.15
"2812","2018-03-05",20.4
"2813","2018-03-06",20
"2814","2018-03-07",19.85
"2815","2018-03-08",20.450001
"2816","2018-03-09",20.25
"2817","2018-03-12",20.35
"2818","2018-03-13",21
"2819","2018-03-14",21.049999
"2820","2018-03-15",18.700001
"2821","2018-03-16",17.4
"2822","2018-03-19",16.799999
"2823","2018-03-20",15.8
"2824","2018-03-21",16.35
"2825","2018-03-22",16.4
"2826","2018-03-23",16.5
"2827","2018-03-26",17.1
"2828","2018-03-27",16.65
"2829","2018-03-28",16.75
"2830","2018-03-29",16.799999
"2831","2018-04-02",15.95
"2832","2018-04-03",15.85
"2833","2018-04-04",16.15
"2834","2018-04-05",16.6
"2835","2018-04-06",16.799999
"2836","2018-04-09",16.450001
"2837","2018-04-10",17
"2838","2018-04-11",17.299999
"2839","2018-04-12",17.200001
"2840","2018-04-13",17.25
"2841","2018-04-16",17.049999
"2842","2018-04-17",17.299999
"2843","2018-04-18",17.200001
"2844","2018-04-19",17.25
"2845","2018-04-20",17.549999
"2846","2018-04-23",17.5
"2847","2018-04-24",17.25
"2848","2018-04-25",17.049999
"2849","2018-04-26",17.299999
"2850","2018-04-27",17.200001
"2851","2018-04-30",17.1
"2852","2018-05-01",17.200001
"2853","2018-05-02",17.049999
"2854","2018-05-03",17.200001
"2855","2018-05-04",17.799999
"2856","2018-05-07",17.450001
"2857","2018-05-08",17.450001
"2858","2018-05-09",17.4
"2859","2018-05-10",17.9
"2860","2018-05-11",17.65
"2861","2018-05-14",17.15
"2862","2018-05-15",17.6
"2863","2018-05-16",17.549999
"2864","2018-05-17",17.6
"2865","2018-05-18",17.65
"2866","2018-05-21",17.799999
"2867","2018-05-22",17.700001
"2868","2018-05-23",17.799999
"2869","2018-05-24",17.75
"2870","2018-05-25",17.799999
"2871","2018-05-29",17.75
"2872","2018-05-30",17.9
"2873","2018-05-31",17.450001
"2874","2018-06-01",17.299999
"2875","2018-06-04",17.549999
"2876","2018-06-05",17.4
"2877","2018-06-06",17.5
"2878","2018-06-07",17.450001
"2879","2018-06-08",16.4
"2880","2018-06-11",16.799999
"2881","2018-06-12",16.75
"2882","2018-06-13",17
"2883","2018-06-14",17.15
"2884","2018-06-15",17.35
"2885","2018-06-18",17.549999
"2886","2018-06-19",17.75
"2887","2018-06-20",18.450001
"2888","2018-06-21",18.1
"2889","2018-06-22",18.1
"2890","2018-06-25",17
"2891","2018-06-26",16.950001
"2892","2018-06-27",16.85
"2893","2018-06-28",17.1
"2894","2018-06-29",16.9
"2895","2018-07-02",16.85
"2896","2018-07-03",16.9
"2897","2018-07-05",16.85
"2898","2018-07-06",16.65
"2899","2018-07-09",17.35
"2900","2018-07-10",17.25
"2901","2018-07-11",17.049999
"2902","2018-07-12",16.375
"2903","2018-07-13",16.700001
"2904","2018-07-16",16.450001
"2905","2018-07-17",15.85
"2906","2018-07-18",16.450001
"2907","2018-07-19",16.450001
"2908","2018-07-20",16.65
"2909","2018-07-23",16.65
"2910","2018-07-24",16.4
"2911","2018-07-25",16.299999
"2912","2018-07-26",16.200001
"2913","2018-07-27",16.049999
"2914","2018-07-30",16.1
"2915","2018-07-31",16.35
"2916","2018-08-01",15.95
"2917","2018-08-02",15.7
"2918","2018-08-03",15.4
"2919","2018-08-06",15.7
"2920","2018-08-07",15.55
"2921","2018-08-08",15.7
"2922","2018-08-09",17
"2923","2018-08-10",16.9
"2924","2018-08-13",17.200001
"2925","2018-08-14",16.85
"2926","2018-08-15",16.549999
"2927","2018-08-16",16.9
"2928","2018-08-17",17.299999
"2929","2018-08-20",16.799999
"2930","2018-08-21",16.700001
"2931","2018-08-22",18.35
"2932","2018-08-23",18.85
"2933","2018-08-24",19.4
"2934","2018-08-27",19.35
"2935","2018-08-28",19.299999
"2936","2018-08-29",19.25
"2937","2018-08-30",18.75
"2938","2018-08-31",18.549999
"2939","2018-09-04",18.25
"2940","2018-09-05",18.049999
"2941","2018-09-06",18.049999
"2942","2018-09-07",17.9
"2943","2018-09-10",18.200001
"2944","2018-09-11",18.5
"2945","2018-09-12",18.65
"2946","2018-09-13",18.85
"2947","2018-09-14",18.799999
"2948","2018-09-17",18.85
"2949","2018-09-18",18.700001
"2950","2018-09-19",18.5
"2951","2018-09-20",18.85
"2952","2018-09-21",19.35
"2953","2018-09-24",18.85
"2954","2018-09-25",18.9
"2955","2018-09-26",19.025
"2956","2018-09-27",19.049999
"2957","2018-09-28",19
"2958","2018-10-01",18.59
"2959","2018-10-02",18.450001
"2960","2018-10-03",18.74
"2961","2018-10-04",18.26
"2962","2018-10-05",18.1
"2963","2018-10-08",17.9
"2964","2018-10-09",17.870001
"2965","2018-10-10",17.33
"2966","2018-10-11",16.73
"2967","2018-10-12",17.5
"2968","2018-10-15",17.120001
"2969","2018-10-16",17.41
"2970","2018-10-17",18.25
"2971","2018-10-18",18.059999
"2972","2018-10-19",17.719999
"2973","2018-10-22",17.84
"2974","2018-10-23",17.690001
"2975","2018-10-24",17.18
"2976","2018-10-25",17.24
"2977","2018-10-26",16.950001
"2978","2018-10-29",16.98
"2979","2018-10-30",16.879999
"2980","2018-10-31",17
"2981","2018-11-01",17.879999
"2982","2018-11-02",17.629999
"2983","2018-11-05",17.290001
"2984","2018-11-06",17.184999
"2985","2018-11-07",17.34
"2986","2018-11-08",17.32
"2987","2018-11-09",16.969999
"2988","2018-11-12",17.25
"2989","2018-11-13",16.68
"2990","2018-11-14",16.82
"2991","2018-11-15",16.719999
"2992","2018-11-16",16.48
"2993","2018-11-19",16.360001
"2994","2018-11-20",16.200001
"2995","2018-11-21",16.389999
"2996","2018-11-23",16.290001
"2997","2018-11-26",16.280001
"2998","2018-11-27",15.9
"2999","2018-11-28",16.18
"3000","2018-11-29",16.049999
"3001","2018-11-30",15.78
"3002","2018-12-03",15.45
"3003","2018-12-04",15.4
"3004","2018-12-06",15.48
"3005","2018-12-07",15.43
"3006","2018-12-10",15.08
"3007","2018-12-11",15.15
"3008","2018-12-12",15.26
"3009","2018-12-13",15.26
"3010","2018-12-14",15
"3011","2018-12-17",14.74
"3012","2018-12-18",15.56
"3013","2018-12-19",15.56
"3014","2018-12-20",15.66
"3015","2018-12-21",15.21
"3016","2018-12-24",14.9
"3017","2018-12-26",15.52
"3018","2018-12-27",16.99
"3019","2018-12-28",18.18
"3020","2018-12-31",17.690001
"3021","2019-01-02",17.76
"3022","2019-01-03",17.16
"3023","2019-01-04",17.35
"3024","2019-01-07",17.200001
"3025","2019-01-08",17.25
"3026","2019-01-09",17.09
"3027","2019-01-10",16.700001
"3028","2019-01-11",16.379999
"3029","2019-01-14",16.16
"3030","2019-01-15",15.91
"3031","2019-01-16",16.02
"3032","2019-01-17",15.93
"3033","2019-01-18",15.81
"3034","2019-01-22",15.4
"3035","2019-01-23",15.6
"3036","2019-01-24",15.6
"3037","2019-01-25",16.389999
"3038","2019-01-28",16.51
"3039","2019-01-29",16.299999
"3040","2019-01-30",16.459999
"3041","2019-01-31",16.450001
"3042","2019-02-01",16.51
"3043","2019-02-04",16.559999
"3044","2019-02-05",16.469999
"3045","2019-02-06",16.76
"3046","2019-02-07",16.280001
"3047","2019-02-08",16.26
"3048","2019-02-11",16.709999
"3049","2019-02-12",16.950001
"3050","2019-02-13",17.030001
"3051","2019-02-14",16.860001
"3052","2019-02-15",16.99
"3053","2019-02-19",16.969999
"3054","2019-02-20",16.879999
"3055","2019-02-21",17.01
"3056","2019-02-22",17
"3057","2019-02-25",16.879999
"3058","2019-02-26",16.98
"3059","2019-02-27",16.82
"3060","2019-02-28",16.809999
"3061","2019-03-01",16.959999
"3062","2019-03-04",16.77
"3063","2019-03-05",16.6
"3064","2019-03-06",16.41
"3065","2019-03-07",16.040001
"3066","2019-03-08",16.120001
"3067","2019-03-11",16.379999
"3068","2019-03-12",16.139999
"3069","2019-03-13",16.26
"3070","2019-03-14",16
"3071","2019-03-15",15.64
"3072","2019-03-18",15
"3073","2019-03-19",15.09
"3074","2019-03-20",15.29
"3075","2019-03-21",15.22
"3076","2019-03-22",15.11
"3077","2019-03-25",15.17
"3078","2019-03-26",14.81
"3079","2019-03-27",14.99
"3080","2019-03-28",14.92
"3081","2019-03-29",14.74
"3082","2019-04-01",14.3
"3083","2019-04-02",14.13
"3084","2019-04-03",14.26
"3085","2019-04-04",13.55
"3086","2019-04-05",13.91
"3087","2019-04-08",13.68
"3088","2019-04-09",13.36
"3089","2019-04-10",13.72
"3090","2019-04-11",13.46
"3091","2019-04-12",13.46
"3092","2019-04-15",13.56
"3093","2019-04-16",13.57
"3094","2019-04-17",13.61
"3095","2019-04-18",13.68
"3096","2019-04-22",13.4
"3097","2019-04-23",13.45
"3098","2019-04-24",13.51
"3099","2019-04-25",13.6
"3100","2019-04-26",13.74
"3101","2019-04-29",13.68
"3102","2019-04-30",11.61
"3103","2019-05-01",11.47
"3104","2019-05-02",11.37
"3105","2019-05-03",10.54
"3106","2019-05-06",9.4
"3107","2019-05-07",9.69
"3108","2019-05-08",9.73
"3109","2019-05-09",8.86
"3110","2019-05-10",8.51
"3111","2019-05-13",9.22
"3112","2019-05-14",9.45
"3113","2019-05-15",9.94
"3114","2019-05-16",9.29
"3115","2019-05-17",9.27
"3116","2019-05-20",9.09
"3117","2019-05-21",9.23
"3118","2019-05-22",9.62
"3119","2019-05-23",9.5
"3120","2019-05-24",9.59
"3121","2019-05-28",9.54
"3122","2019-05-29",9.27
"3123","2019-05-30",9.2
"3124","2019-05-31",8.92
"3125","2019-06-03",8.91
"3126","2019-06-04",8.78
"3127","2019-06-05",8.42
"3128","2019-06-06",8.23
"3129","2019-06-07",8.31
"3130","2019-06-10",8.19
"3131","2019-06-11",8.62
"3132","2019-06-12",9.05
"3133","2019-06-13",9.05
"3134","2019-06-14",9.24
"3135","2019-06-17",9.21
"3136","2019-06-18",9.3
"3137","2019-06-19",9.23
"3138","2019-06-20",9.39
"3139","2019-06-21",9
"3140","2019-06-24",8.66
"3141","2019-06-25",8.51
"3142","2019-06-26",8.02
"3143","2019-06-27",8.33
"3144","2019-06-28",8.65
"3145","2019-07-01",8.91
"3146","2019-07-02",9.09
"3147","2019-07-03",9.26
"3148","2019-07-05",8.98
"3149","2019-07-08",9.28
"3150","2019-07-09",9.11
"3151","2019-07-10",8.92
"3152","2019-07-11",8.77
"3153","2019-07-12",8.79
"3154","2019-07-15",8.81
"3155","2019-07-16",8.92
"3156","2019-07-17",8.87
"3157","2019-07-18",8.73
"3158","2019-07-19",8.85
"3159","2019-07-22",8.37
"3160","2019-07-23",8.29
"3161","2019-07-24",8.34
"3162","2019-07-25",8.36
"3163","2019-07-26",8.38
"3164","2019-07-29",8.28
"3165","2019-07-30",8.66
"3166","2019-07-31",8.48
"3167","2019-08-01",8.41
"3168","2019-08-02",8.41
"3169","2019-08-05",7.96
"3170","2019-08-06",7.72
"3171","2019-08-07",7.95
"3172","2019-08-08",7.82
"3173","2019-08-09",7.86
"3174","2019-08-12",7.9
"3175","2019-08-13",7.94
"3176","2019-08-14",7.83
"3177","2019-08-15",7.87
"3178","2019-08-16",8.05
"3179","2019-08-19",8.18
"3180","2019-08-20",8.1
"3181","2019-08-21",8.14
"3182","2019-08-22",8.07
"3183","2019-08-23",8.03
"3184","2019-08-26",8.16
"3185","2019-08-27",8.15
"3186","2019-08-28",8.22
"3187","2019-08-29",8.18
"3188","2019-08-30",8.09
"3189","2019-09-03",8.15
"3190","2019-09-04",8.09
"3191","2019-09-05",8.2
"3192","2019-09-06",8.23
"3193","2019-09-09",8.7
"3194","2019-09-10",8.75
"3195","2019-09-11",9.1
"3196","2019-09-12",9.18
"3197","2019-09-13",8.84
"3198","2019-09-16",8.9
"3199","2019-09-17",8.8
"3200","2019-09-18",9.03
"3201","2019-09-19",8.95
"3202","2019-09-20",8.91
"3203","2019-09-23",8.68
"3204","2019-09-24",8.72
"3205","2019-09-25",8.61
"3206","2019-09-26",8.75
"3207","2019-09-27",8.62
"3208","2019-09-30",8.52
"3209","2019-10-01",8.47
"3210","2019-10-02",8.19
"3211","2019-10-03",8.156
"3212","2019-10-04",8.21
"3213","2019-10-07",8.48
"3214","2019-10-08",8.52
"3215","2019-10-09",8.56
"3216","2019-10-10",8.41
"3217","2019-10-11",8.63
"3218","2019-10-14",8.42
"3219","2019-10-15",8.35
"3220","2019-10-16",8.43
"3221","2019-10-17",8.56
"3222","2019-10-18",8.33
"3223","2019-10-21",8.32
"3224","2019-10-22",8.18
"3225","2019-10-23",8.2
"3226","2019-10-24",8.19
"3227","2019-10-25",8.14
"3228","2019-10-28",8.05
"3229","2019-10-29",8
"3230","2019-10-30",7.96
"3231","2019-10-31",8.07
"3232","2019-11-01",8.45
"3233","2019-11-04",8.66
"3234","2019-11-05",8.78
"3235","2019-11-06",8.84
"3236","2019-11-07",8.83
"3237","2019-11-08",8.79
"3238","2019-11-11",8.84
"3239","2019-11-12",7.92
"3240","2019-11-13",7.97
"3241","2019-11-14",7.75
"3242","2019-11-15",7.6
"3243","2019-11-18",7.71
"3244","2019-11-19",7.81
"3245","2019-11-20",7.69
"3246","2019-11-21",7.85
"3247","2019-11-22",7.69
"3248","2019-11-25",7.73
"3249","2019-11-26",7.73
"3250","2019-11-27",7.73
"3251","2019-11-29",7.63
"3252","2019-12-02",7.55
"3253","2019-12-03",7.63
"3254","2019-12-04",7.52
"3255","2019-12-05",7.5
"3256","2019-12-06",7.43
"3257","2019-12-09",7.3
"3258","2019-12-10",7.3
"3259","2019-12-11",7.35
"3260","2019-12-12",7.51
"3261","2019-12-13",7.47
"3262","2019-12-16",7.42
"3263","2019-12-17",7.23
"3264","2019-12-18",7.16
"3265","2019-12-19",7.22
"3266","2019-12-20",7.25
"3267","2019-12-23",7.25
"3268","2019-12-24",7.3
"3269","2019-12-26",7.38
"3270","2019-12-27",7.36
"3271","2019-12-30",7.54
"3272","2019-12-31",7.75
"3273","2020-01-02",7.94
"3274","2020-01-03",8.01
"3275","2020-01-06",8.1
"3276","2020-01-07",8
"3277","2020-01-08",8.1
"3278","2020-01-09",8.24
"3279","2020-01-10",8.11
"3280","2020-01-13",8
"3281","2020-01-14",7.99
"3282","2020-01-15",7.91
"3283","2020-01-16",7.98
"3284","2020-01-17",8.22
"3285","2020-01-21",8.29
"3286","2020-01-22",8.12
"3287","2020-01-23",8.14
"3288","2020-01-24",7.99
"3289","2020-01-27",7.92
"3290","2020-01-28",7.88
"3291","2020-01-29",7.815
"3292","2020-01-30",7.94
"3293","2020-01-31",7.9
"3294","2020-02-03",7.99
"3295","2020-02-04",7.83
"3296","2020-02-05",7.94
"3297","2020-02-06",7.88
"3298","2020-02-07",7.63
"3299","2020-02-10",7.5
"3300","2020-02-11",7.565
"3301","2020-02-12",7.15
"3302","2020-02-13",7.39
"3303","2020-02-14",7.22
"3304","2020-02-18",7.25
"3305","2020-02-19",7.22
"3306","2020-02-20",7.19
"3307","2020-02-21",7.2
"3308","2020-02-24",7.21
"3309","2020-02-25",7.135
"3310","2020-02-26",7.11
"3311","2020-02-27",7.05
"3312","2020-02-28",7.025
"3313","2020-03-02",6.91
"3314","2020-03-03",6.72
"3315","2020-03-04",6.84
"3316","2020-03-05",6.925
"3317","2020-03-06",7.27
"3318","2020-03-09",6.71
"3319","2020-03-10",6.61
"3320","2020-03-11",5.94
"3321","2020-03-12",5.755
"3322","2020-03-13",5.96
"3323","2020-03-16",5.02
"3324","2020-03-17",5.5
"3325","2020-03-18",4.69
"3326","2020-03-19",5.94
"3327","2020-03-20",5.72
"3328","2020-03-23",5.29
"3329","2020-03-24",5.48
"3330","2020-03-25",5.35
"3331","2020-03-26",5.58
"3332","2020-03-27",5.2
"3333","2020-03-30",4.91
"3334","2020-03-31",5.11
"3335","2020-04-01",4.9
"3336","2020-04-02",4.86
"3337","2020-04-03",4.8
"3338","2020-04-06",4.88
"3339","2020-04-07",4.8
"3340","2020-04-08",4.83
"3341","2020-04-09",5.21
"3342","2020-04-13",5.11
"3343","2020-04-14",5.105
"3344","2020-04-15",5.32
"3345","2020-04-16",5.26
"3346","2020-04-17",5.26
"3347","2020-04-20",5.3
"3348","2020-04-21",5.23
"3349","2020-04-22",5.23
"3350","2020-04-23",5.02
"3351","2020-04-24",5.02
"3352","2020-04-27",5.03
"3353","2020-04-28",5
"3354","2020-04-29",5.02
"3355","2020-04-30",4.9
"3356","2020-05-01",4.6
"3357","2020-05-04",4.85
"3358","2020-05-05",4.899
"3359","2020-05-06",4.88
"3360","2020-05-07",4.85
"3361","2020-05-08",4.82
"3362","2020-05-11",4.72
"3363","2020-05-12",4.39
"3364","2020-05-13",4.06
"3365","2020-05-14",4.19
"3366","2020-05-15",4.155
"3367","2020-05-18",4.59
"3368","2020-05-19",4.25
"3369","2020-05-20",4.385
"3370","2020-05-21",4.5
"3371","2020-05-22",4.45
"3372","2020-05-26",4.57
"3373","2020-05-27",4.61
"3374","2020-05-28",4.03
"3375","2020-05-29",4.4
"3376","2020-06-01",4.3
"3377","2020-06-02",4.24
"3378","2020-06-03",4.37
"3379","2020-06-04",4.43
"3380","2020-06-05",4.85
"3381","2020-06-08",5.26
"3382","2020-06-09",5
"3383","2020-06-10",4.81
"3384","2020-06-11",4.42
"3385","2020-06-12",4.71
"3386","2020-06-15",4.65
"3387","2020-06-16",4.94
"3388","2020-06-17",4.75
"3389","2020-06-18",4.75
"3390","2020-06-19",4.74
"3391","2020-06-22",4.57
"3392","2020-06-23",4.52
"3393","2020-06-24",4.39
"3394","2020-06-25",4.41
"3395","2020-06-26",4.58
"3396","2020-06-29",4.44
"3397","2020-06-30",4.42
"3398","2020-07-01",4.4
"3399","2020-07-02",4.35
"3400","2020-07-06",4.41
"3401","2020-07-07",5.03
"3402","2020-07-08",5.26
"3403","2020-07-09",5
"3404","2020-07-10",5.13
"3405","2020-07-13",5.11
"3406","2020-07-14",5.18
"3407","2020-07-15",5.37
"3408","2020-07-16",5.21
"3409","2020-07-17",5.13
"3410","2020-07-20",5.28
"3411","2020-07-21",5.38
"3412","2020-07-22",5.42
"3413","2020-07-23",5.25
"3414","2020-07-24",5.27
"3415","2020-07-27",5.3
"3416","2020-07-28",5.4
"3417","2020-07-29",5.26
"3418","2020-07-30",5.44
"3419","2020-07-31",5.4
"3420","2020-08-03",5.52
"3421","2020-08-04",5.65
"3422","2020-08-05",5.59
"3423","2020-08-06",5.65
"3424","2020-08-07",5.53
"3425","2020-08-10",5.88
"3426","2020-08-11",5.89
"3427","2020-08-12",5.81
"3428","2020-08-13",5.78
"3429","2020-08-14",5.67
"3430","2020-08-17",5.75
"3431","2020-08-18",5.77
"3432","2020-08-19",5.69
"3433","2020-08-20",5.62
"3434","2020-08-21",5.72
"3435","2020-08-24",5.74
"3436","2020-08-25",5.77
"3437","2020-08-26",5.9
"3438","2020-08-27",6.03
"3439","2020-08-28",6
"3440","2020-08-31",5.97
"3441","2020-09-01",6.23
"3442","2020-09-02",6.11
"3443","2020-09-03",6.07
"3444","2020-09-04",5.96
"3445","2020-09-08",5.69
"3446","2020-09-09",5.86
"3447","2020-09-10",5.91
"3448","2020-09-11",5.8
"3449","2020-09-14",5.96
"3450","2020-09-15",5.94
"3451","2020-09-16",6.04
"3452","2020-09-17",6.05
"3453","2020-09-18",6.07
"3454","2020-09-21",5.97
"3455","2020-09-22",6.05
"3456","2020-09-23",5.85
"3457","2020-09-24",5.81
"3458","2020-09-25",6.03
"3459","2020-09-28",5.77
"3460","2020-09-29",5.84
"3461","2020-09-30",5.89
"3462","2020-10-01",5.88
"3463","2020-10-02",6
"3464","2020-10-05",6.02
"3465","2020-10-06",6.2
"3466","2020-10-07",6.24
"3467","2020-10-08",6.02
"3468","2020-10-09",6.02
"3469","2020-10-12",6.12
"3470","2020-10-13",6.03
"3471","2020-10-14",6.01
"3472","2020-10-15",6.01
"3473","2020-10-16",5.99
"3474","2020-10-19",6
"3475","2020-10-20",6
"3476","2020-10-21",6.05
"3477","2020-10-22",6.03
"3478","2020-10-23",6.01
"3479","2020-10-26",5.96
"3480","2020-10-27",5.96
"3481","2020-10-28",5.77
"3482","2020-10-29",6.01
"3483","2020-10-30",5.82
"3484","2020-11-02",5.96
"3485","2020-11-03",6.1
"3486","2020-11-04",5.97
"3487","2020-11-05",6.07
"3488","2020-11-06",5.95
"3489","2020-11-09",6.07
"3490","2020-11-10",6.31
"3491","2020-11-11",6.09
"3492","2020-11-12",6.13
"3493","2020-11-13",6.14
"3494","2020-11-16",6.17
"3495","2020-11-17",6.27
"3496","2020-11-18",6.45
"3497","2020-11-19",6.66
"3498","2020-11-20",6.36
"3499","2020-11-23",6.607
"3500","2020-11-24",6.57
"3501","2020-11-25",6.65
"3502","2020-11-27",6.82
