"","date","MVIS"
"1","2007-01-03",24.559999
"2","2007-01-04",29.92
"3","2007-01-05",29.6
"4","2007-01-08",31.440001
"5","2007-01-09",29.360001
"6","2007-01-10",29.68
"7","2007-01-11",29.280001
"8","2007-01-12",30.16
"9","2007-01-16",30.559999
"10","2007-01-17",30.719999
"11","2007-01-18",28.559999
"12","2007-01-19",29.360001
"13","2007-01-22",29.120001
"14","2007-01-23",28.799999
"15","2007-01-24",29.360001
"16","2007-01-25",28.639999
"17","2007-01-26",28.559999
"18","2007-01-29",28.879999
"19","2007-01-30",29.120001
"20","2007-01-31",28.32
"21","2007-02-01",28.719999
"22","2007-02-02",28.799999
"23","2007-02-05",27.6
"24","2007-02-06",26.879999
"25","2007-02-07",27.360001
"26","2007-02-08",26.879999
"27","2007-02-09",25.120001
"28","2007-02-12",24.719999
"29","2007-02-13",25.120001
"30","2007-02-14",25.280001
"31","2007-02-15",25.52
"32","2007-02-16",27.120001
"33","2007-02-20",27.440001
"34","2007-02-21",26.719999
"35","2007-02-22",27.68
"36","2007-02-23",28.08
"37","2007-02-26",28.32
"38","2007-02-27",26.799999
"39","2007-02-28",27.360001
"40","2007-03-01",27.040001
"41","2007-03-02",26.4
"42","2007-03-05",26.4
"43","2007-03-06",26.959999
"44","2007-03-07",27.360001
"45","2007-03-08",28.24
"46","2007-03-09",29.84
"47","2007-03-12",28.959999
"48","2007-03-13",28.24
"49","2007-03-14",26.559999
"50","2007-03-15",27.040001
"51","2007-03-16",27.200001
"52","2007-03-19",27.120001
"53","2007-03-20",27.440001
"54","2007-03-21",26.719999
"55","2007-03-22",26.16
"56","2007-03-23",26.559999
"57","2007-03-26",28.24
"58","2007-03-27",29.120001
"59","2007-03-28",29.280001
"60","2007-03-29",28.639999
"61","2007-03-30",29.440001
"62","2007-04-02",30
"63","2007-04-03",31.360001
"64","2007-04-04",33.439999
"65","2007-04-05",33.040001
"66","2007-04-09",33.200001
"67","2007-04-10",32.959999
"68","2007-04-11",32.720001
"69","2007-04-12",33.360001
"70","2007-04-13",35.279999
"71","2007-04-16",36.639999
"72","2007-04-17",36.32
"73","2007-04-18",35.439999
"74","2007-04-19",35.119999
"75","2007-04-20",35.360001
"76","2007-04-23",36
"77","2007-04-24",35.119999
"78","2007-04-25",35.040001
"79","2007-04-26",34.240002
"80","2007-04-27",33.360001
"81","2007-04-30",32.799999
"82","2007-05-01",33.84
"83","2007-05-02",34
"84","2007-05-03",33.68
"85","2007-05-04",33.279999
"86","2007-05-07",32.959999
"87","2007-05-08",33.84
"88","2007-05-09",34.16
"89","2007-05-10",33.439999
"90","2007-05-11",33.360001
"91","2007-05-14",33.759998
"92","2007-05-15",33.759998
"93","2007-05-16",33.759998
"94","2007-05-17",34.880001
"95","2007-05-18",35.439999
"96","2007-05-21",35.200001
"97","2007-05-22",37.200001
"98","2007-05-23",37.68
"99","2007-05-24",37.52
"100","2007-05-25",38.799999
"101","2007-05-29",40
"102","2007-05-30",43.84
"103","2007-05-31",44.32
"104","2007-06-01",44.720001
"105","2007-06-04",44.639999
"106","2007-06-05",44
"107","2007-06-06",44.080002
"108","2007-06-07",45.439999
"109","2007-06-08",46.799999
"110","2007-06-11",46.16
"111","2007-06-12",45.439999
"112","2007-06-13",45.439999
"113","2007-06-14",43.119999
"114","2007-06-15",43.200001
"115","2007-06-18",43.599998
"116","2007-06-19",45.439999
"117","2007-06-20",44.639999
"118","2007-06-21",43.599998
"119","2007-06-22",44.32
"120","2007-06-25",41.279999
"121","2007-06-26",37.439999
"122","2007-06-27",38.560001
"123","2007-06-28",37.439999
"124","2007-06-29",40
"125","2007-07-02",38.240002
"126","2007-07-03",38.48
"127","2007-07-05",37.360001
"128","2007-07-06",38.880001
"129","2007-07-09",40
"130","2007-07-10",39.200001
"131","2007-07-11",38.560001
"132","2007-07-12",38.560001
"133","2007-07-13",40.32
"134","2007-07-16",38.799999
"135","2007-07-17",38.720001
"136","2007-07-18",39.119999
"137","2007-07-19",39.200001
"138","2007-07-20",39.040001
"139","2007-07-23",38.799999
"140","2007-07-24",43.599998
"141","2007-07-25",41.52
"142","2007-07-26",40.639999
"143","2007-07-27",41.68
"144","2007-07-30",41.439999
"145","2007-07-31",40.959999
"146","2007-08-01",38.400002
"147","2007-08-02",38.240002
"148","2007-08-03",37.68
"149","2007-08-06",36.400002
"150","2007-08-07",37.200001
"151","2007-08-08",39.439999
"152","2007-08-09",39.84
"153","2007-08-10",38.639999
"154","2007-08-13",38.639999
"155","2007-08-14",38.400002
"156","2007-08-15",37.919998
"157","2007-08-16",36.799999
"158","2007-08-17",37.200001
"159","2007-08-20",36.959999
"160","2007-08-21",38
"161","2007-08-22",37.599998
"162","2007-08-23",37.279999
"163","2007-08-24",38.080002
"164","2007-08-27",37.360001
"165","2007-08-28",36.799999
"166","2007-08-29",38.400002
"167","2007-08-30",38.16
"168","2007-08-31",38.32
"169","2007-09-04",40.400002
"170","2007-09-05",38.880001
"171","2007-09-06",39.279999
"172","2007-09-07",38.48
"173","2007-09-10",38.240002
"174","2007-09-11",38
"175","2007-09-12",38.080002
"176","2007-09-13",38.16
"177","2007-09-14",37.84
"178","2007-09-17",38
"179","2007-09-18",38
"180","2007-09-19",38.799999
"181","2007-09-20",38.720001
"182","2007-09-21",38.48
"183","2007-09-24",37.360001
"184","2007-09-25",37.040001
"185","2007-09-26",38.080002
"186","2007-09-27",37.279999
"187","2007-09-28",37.040001
"188","2007-10-01",36.959999
"189","2007-10-02",36.639999
"190","2007-10-03",36.799999
"191","2007-10-04",37.52
"192","2007-10-05",37.599998
"193","2007-10-08",36.959999
"194","2007-10-09",36.720001
"195","2007-10-10",36.639999
"196","2007-10-11",36.720001
"197","2007-10-12",36.720001
"198","2007-10-15",36.880001
"199","2007-10-16",36.400002
"200","2007-10-17",35.759998
"201","2007-10-18",36.32
"202","2007-10-19",34.32
"203","2007-10-22",33.040001
"204","2007-10-23",34.639999
"205","2007-10-24",34.720001
"206","2007-10-25",34.720001
"207","2007-10-26",34.48
"208","2007-10-29",35.439999
"209","2007-10-30",35.919998
"210","2007-10-31",37.040001
"211","2007-11-01",35.279999
"212","2007-11-02",34.880001
"213","2007-11-05",34.639999
"214","2007-11-06",34.880001
"215","2007-11-07",33.68
"216","2007-11-08",32.560001
"217","2007-11-09",31.360001
"218","2007-11-12",31.360001
"219","2007-11-13",31.120001
"220","2007-11-14",31.92
"221","2007-11-15",33.68
"222","2007-11-16",34.400002
"223","2007-11-19",33.279999
"224","2007-11-20",32.400002
"225","2007-11-21",31.52
"226","2007-11-23",32.560001
"227","2007-11-26",32
"228","2007-11-27",31.200001
"229","2007-11-28",33.279999
"230","2007-11-29",33.279999
"231","2007-11-30",32.48
"232","2007-12-03",32.560001
"233","2007-12-04",31.52
"234","2007-12-05",32.32
"235","2007-12-06",33.279999
"236","2007-12-07",34.799999
"237","2007-12-10",34.240002
"238","2007-12-11",33.68
"239","2007-12-12",33.439999
"240","2007-12-13",33.919998
"241","2007-12-14",33.360001
"242","2007-12-17",32
"243","2007-12-18",31.440001
"244","2007-12-19",32.560001
"245","2007-12-20",33.68
"246","2007-12-21",32.16
"247","2007-12-24",32
"248","2007-12-26",32.880001
"249","2007-12-27",32.32
"250","2007-12-28",31.280001
"251","2007-12-31",31.200001
"252","2008-01-02",33.439999
"253","2008-01-03",35.119999
"254","2008-01-04",34.560001
"255","2008-01-07",36
"256","2008-01-08",31.84
"257","2008-01-09",29.120001
"258","2008-01-10",28.959999
"259","2008-01-11",27.200001
"260","2008-01-14",27.040001
"261","2008-01-15",26
"262","2008-01-16",20.959999
"263","2008-01-17",20.48
"264","2008-01-18",20.32
"265","2008-01-22",18.24
"266","2008-01-23",19.200001
"267","2008-01-24",18.639999
"268","2008-01-25",18.559999
"269","2008-01-28",19.76
"270","2008-01-29",21.120001
"271","2008-01-30",20.879999
"272","2008-01-31",20.799999
"273","2008-02-01",20.24
"274","2008-02-04",21.440001
"275","2008-02-05",20.08
"276","2008-02-06",20.799999
"277","2008-02-07",20.16
"278","2008-02-08",21.360001
"279","2008-02-11",20.08
"280","2008-02-12",20.639999
"281","2008-02-13",21.280001
"282","2008-02-14",20.4
"283","2008-02-15",19.84
"284","2008-02-19",21.200001
"285","2008-02-20",20.639999
"286","2008-02-21",20.24
"287","2008-02-22",20.959999
"288","2008-02-25",21.440001
"289","2008-02-26",21.6
"290","2008-02-27",21.68
"291","2008-02-28",21.040001
"292","2008-02-29",20.16
"293","2008-03-03",20
"294","2008-03-04",18.639999
"295","2008-03-05",19.280001
"296","2008-03-06",17.440001
"297","2008-03-07",18.4
"298","2008-03-10",17.120001
"299","2008-03-11",17.68
"300","2008-03-12",16.639999
"301","2008-03-13",16.639999
"302","2008-03-14",16.48
"303","2008-03-17",15.2
"304","2008-03-18",16.24
"305","2008-03-19",16
"306","2008-03-20",16.719999
"307","2008-03-24",18.08
"308","2008-03-25",17.84
"309","2008-03-26",18.16
"310","2008-03-27",18.48
"311","2008-03-28",19.52
"312","2008-03-31",19.360001
"313","2008-04-01",21.120001
"314","2008-04-02",20.559999
"315","2008-04-03",20.48
"316","2008-04-04",21.6
"317","2008-04-07",23.6
"318","2008-04-08",26.24
"319","2008-04-09",28.4
"320","2008-04-10",26
"321","2008-04-11",26.24
"322","2008-04-14",25.200001
"323","2008-04-15",23.280001
"324","2008-04-16",24.719999
"325","2008-04-17",24.08
"326","2008-04-18",24
"327","2008-04-21",23.440001
"328","2008-04-22",23.76
"329","2008-04-23",24
"330","2008-04-24",23.76
"331","2008-04-25",22.32
"332","2008-04-28",24.32
"333","2008-04-29",24.719999
"334","2008-04-30",25.120001
"335","2008-05-01",24.16
"336","2008-05-02",24.639999
"337","2008-05-05",24.08
"338","2008-05-06",24.48
"339","2008-05-07",24.08
"340","2008-05-08",24.48
"341","2008-05-09",24.48
"342","2008-05-12",25.92
"343","2008-05-13",27.76
"344","2008-05-14",29.200001
"345","2008-05-15",31.84
"346","2008-05-16",31.92
"347","2008-05-19",30.4
"348","2008-05-20",29.120001
"349","2008-05-21",28.959999
"350","2008-05-22",26.4
"351","2008-05-23",26.719999
"352","2008-05-27",25.92
"353","2008-05-28",26.879999
"354","2008-05-29",27.52
"355","2008-05-30",27.68
"356","2008-06-02",27.84
"357","2008-06-03",26.559999
"358","2008-06-04",25.440001
"359","2008-06-05",26.32
"360","2008-06-06",25.52
"361","2008-06-09",26.16
"362","2008-06-10",26.799999
"363","2008-06-11",26.4
"364","2008-06-12",27.120001
"365","2008-06-13",27.280001
"366","2008-06-16",29.52
"367","2008-06-17",29.040001
"368","2008-06-18",28.08
"369","2008-06-19",27.280001
"370","2008-06-20",27.200001
"371","2008-06-23",24
"372","2008-06-24",25.040001
"373","2008-06-25",24.24
"374","2008-06-26",24
"375","2008-06-27",22.959999
"376","2008-06-30",22
"377","2008-07-01",22
"378","2008-07-02",20.24
"379","2008-07-03",19.68
"380","2008-07-07",21.120001
"381","2008-07-08",21.040001
"382","2008-07-09",20.32
"383","2008-07-10",21.040001
"384","2008-07-11",21.92
"385","2008-07-14",20.879999
"386","2008-07-15",21.360001
"387","2008-07-16",24.639999
"388","2008-07-17",24
"389","2008-07-18",19.6
"390","2008-07-21",22.16
"391","2008-07-22",22.08
"392","2008-07-23",23.360001
"393","2008-07-24",24
"394","2008-07-25",24.08
"395","2008-07-28",23.84
"396","2008-07-29",23.040001
"397","2008-07-30",23.6
"398","2008-07-31",20.08
"399","2008-08-01",20.719999
"400","2008-08-04",20.719999
"401","2008-08-05",20.719999
"402","2008-08-06",18.559999
"403","2008-08-07",18.719999
"404","2008-08-08",18.719999
"405","2008-08-11",19.280001
"406","2008-08-12",19.6
"407","2008-08-13",20.719999
"408","2008-08-14",21.6
"409","2008-08-15",20.799999
"410","2008-08-18",18.959999
"411","2008-08-19",18.719999
"412","2008-08-20",18.719999
"413","2008-08-21",18.719999
"414","2008-08-22",20.32
"415","2008-08-25",19.76
"416","2008-08-26",19.280001
"417","2008-08-27",20
"418","2008-08-28",20.559999
"419","2008-08-29",20.799999
"420","2008-09-02",19.84
"421","2008-09-03",20.24
"422","2008-09-04",19.440001
"423","2008-09-05",19.76
"424","2008-09-08",19.76
"425","2008-09-09",19.120001
"426","2008-09-10",19.040001
"427","2008-09-11",18.559999
"428","2008-09-12",18.719999
"429","2008-09-15",17.280001
"430","2008-09-16",16.16
"431","2008-09-17",15.44
"432","2008-09-18",17.52
"433","2008-09-19",17.76
"434","2008-09-22",17.76
"435","2008-09-23",17.68
"436","2008-09-24",16.48
"437","2008-09-25",16.4
"438","2008-09-26",16.4
"439","2008-09-29",14.88
"440","2008-09-30",15.52
"441","2008-10-01",16.4
"442","2008-10-02",15.68
"443","2008-10-03",14.4
"444","2008-10-06",13.76
"445","2008-10-07",12.96
"446","2008-10-08",13.28
"447","2008-10-09",11.68
"448","2008-10-10",11.68
"449","2008-10-13",14.32
"450","2008-10-14",13.44
"451","2008-10-15",11.28
"452","2008-10-16",11.12
"453","2008-10-17",10.8
"454","2008-10-20",12
"455","2008-10-21",11.2
"456","2008-10-22",10.56
"457","2008-10-23",10.4
"458","2008-10-24",10.16
"459","2008-10-27",9.6
"460","2008-10-28",10.8
"461","2008-10-29",10.8
"462","2008-10-30",11.12
"463","2008-10-31",13.84
"464","2008-11-03",15.52
"465","2008-11-04",16.4
"466","2008-11-05",13.68
"467","2008-11-06",13.36
"468","2008-11-07",14.16
"469","2008-11-10",13.52
"470","2008-11-11",12.4
"471","2008-11-12",11.04
"472","2008-11-13",12
"473","2008-11-14",10.88
"474","2008-11-17",10.4
"475","2008-11-18",9.84
"476","2008-11-19",9.28
"477","2008-11-20",8.88
"478","2008-11-21",9.2
"479","2008-11-24",10
"480","2008-11-25",9.52
"481","2008-11-26",9.6
"482","2008-11-28",9.92
"483","2008-12-01",8.88
"484","2008-12-02",10.24
"485","2008-12-03",10.48
"486","2008-12-04",9.6
"487","2008-12-05",10.16
"488","2008-12-08",11.68
"489","2008-12-09",11.12
"490","2008-12-10",12.56
"491","2008-12-11",12
"492","2008-12-12",13.2
"493","2008-12-15",12.96
"494","2008-12-16",14
"495","2008-12-17",14.08
"496","2008-12-18",13.84
"497","2008-12-19",14.08
"498","2008-12-22",14.16
"499","2008-12-23",13.04
"500","2008-12-24",13.52
"501","2008-12-26",14.08
"502","2008-12-29",12.88
"503","2008-12-30",13.12
"504","2008-12-31",13.44
"505","2009-01-02",15.84
"506","2009-01-05",16.4
"507","2009-01-06",17.52
"508","2009-01-07",16.16
"509","2009-01-08",14.08
"510","2009-01-09",13.6
"511","2009-01-12",12
"512","2009-01-13",11.92
"513","2009-01-14",12.24
"514","2009-01-15",12.4
"515","2009-01-16",13.28
"516","2009-01-20",12
"517","2009-01-21",12.96
"518","2009-01-22",12.16
"519","2009-01-23",12.24
"520","2009-01-26",12.64
"521","2009-01-27",12.8
"522","2009-01-28",13.6
"523","2009-01-29",13.84
"524","2009-01-30",12.8
"525","2009-02-02",13.68
"526","2009-02-03",13.52
"527","2009-02-04",12.96
"528","2009-02-05",13.52
"529","2009-02-06",13.92
"530","2009-02-09",13.6
"531","2009-02-10",12.64
"532","2009-02-11",12.32
"533","2009-02-12",11.12
"534","2009-02-13",11.76
"535","2009-02-17",10.72
"536","2009-02-18",10.4
"537","2009-02-19",10.72
"538","2009-02-20",10.24
"539","2009-02-23",9.76
"540","2009-02-24",10.48
"541","2009-02-25",10.4
"542","2009-02-26",10.08
"543","2009-02-27",9.76
"544","2009-03-02",9.28
"545","2009-03-03",8.96
"546","2009-03-04",9.6
"547","2009-03-05",8.48
"548","2009-03-06",7.2
"549","2009-03-09",6.72
"550","2009-03-10",7.04
"551","2009-03-11",6.16
"552","2009-03-12",7.84
"553","2009-03-13",8
"554","2009-03-16",8
"555","2009-03-17",8.64
"556","2009-03-18",9.68
"557","2009-03-19",8.96
"558","2009-03-20",10
"559","2009-03-23",11.28
"560","2009-03-24",10.96
"561","2009-03-25",10.8
"562","2009-03-26",11.84
"563","2009-03-27",11.52
"564","2009-03-30",9.6
"565","2009-03-31",10.32
"566","2009-04-01",11.2
"567","2009-04-02",11.92
"568","2009-04-03",12.16
"569","2009-04-06",12
"570","2009-04-07",11.52
"571","2009-04-08",11.92
"572","2009-04-09",12.72
"573","2009-04-13",13.28
"574","2009-04-14",13.6
"575","2009-04-15",14.88
"576","2009-04-16",16.959999
"577","2009-04-17",16.24
"578","2009-04-20",14.64
"579","2009-04-21",16.16
"580","2009-04-22",16.48
"581","2009-04-23",14.88
"582","2009-04-24",15.28
"583","2009-04-27",14.48
"584","2009-04-28",14.56
"585","2009-04-29",15.36
"586","2009-04-30",14.88
"587","2009-05-01",14.24
"588","2009-05-04",15.84
"589","2009-05-05",16.32
"590","2009-05-06",16.639999
"591","2009-05-07",14.56
"592","2009-05-08",14.88
"593","2009-05-11",14.4
"594","2009-05-12",13.92
"595","2009-05-13",12.72
"596","2009-05-14",13.2
"597","2009-05-15",12.72
"598","2009-05-18",13.68
"599","2009-05-19",13.84
"600","2009-05-20",14.64
"601","2009-05-21",13.44
"602","2009-05-22",13.84
"603","2009-05-26",14.4
"604","2009-05-27",14.64
"605","2009-05-28",16
"606","2009-05-29",17.040001
"607","2009-06-01",18.719999
"608","2009-06-02",18.32
"609","2009-06-03",18.16
"610","2009-06-04",18.799999
"611","2009-06-05",22.4
"612","2009-06-08",22.639999
"613","2009-06-09",23.360001
"614","2009-06-10",23.120001
"615","2009-06-11",23.76
"616","2009-06-12",24
"617","2009-06-15",22.879999
"618","2009-06-16",21.440001
"619","2009-06-17",19.040001
"620","2009-06-18",19.84
"621","2009-06-19",20.719999
"622","2009-06-22",19.440001
"623","2009-06-23",20.16
"624","2009-06-24",21.68
"625","2009-06-25",22.559999
"626","2009-06-26",25.040001
"627","2009-06-29",23.6
"628","2009-06-30",24.559999
"629","2009-07-01",24.24
"630","2009-07-02",23.120001
"631","2009-07-06",21.92
"632","2009-07-07",21.84
"633","2009-07-08",22.16
"634","2009-07-09",22.32
"635","2009-07-10",22.799999
"636","2009-07-13",22.4
"637","2009-07-14",22.799999
"638","2009-07-15",24
"639","2009-07-16",24.08
"640","2009-07-17",24.559999
"641","2009-07-20",25.440001
"642","2009-07-21",24.879999
"643","2009-07-22",25.68
"644","2009-07-23",27.68
"645","2009-07-24",28
"646","2009-07-27",27.200001
"647","2009-07-28",28.32
"648","2009-07-29",27.040001
"649","2009-07-30",29.200001
"650","2009-07-31",27.68
"651","2009-08-03",28.48
"652","2009-08-04",27.76
"653","2009-08-05",26.799999
"654","2009-08-06",28.799999
"655","2009-08-07",27.76
"656","2009-08-10",28.08
"657","2009-08-11",26.959999
"658","2009-08-12",28.16
"659","2009-08-13",28
"660","2009-08-14",27.200001
"661","2009-08-17",26.32
"662","2009-08-18",27.200001
"663","2009-08-19",27.76
"664","2009-08-20",27.92
"665","2009-08-21",28.639999
"666","2009-08-24",28.32
"667","2009-08-25",28.24
"668","2009-08-26",27.84
"669","2009-08-27",27.120001
"670","2009-08-28",26.799999
"671","2009-08-31",26.879999
"672","2009-09-01",26.24
"673","2009-09-02",26.4
"674","2009-09-03",27.200001
"675","2009-09-04",28.08
"676","2009-09-08",28.879999
"677","2009-09-09",28.879999
"678","2009-09-10",29.280001
"679","2009-09-11",28.879999
"680","2009-09-14",29.280001
"681","2009-09-15",33.599998
"682","2009-09-16",31.200001
"683","2009-09-17",31.52
"684","2009-09-18",36.48
"685","2009-09-21",41.040001
"686","2009-09-22",40.560001
"687","2009-09-23",40.639999
"688","2009-09-24",40.16
"689","2009-09-25",40.32
"690","2009-09-28",40.720001
"691","2009-09-29",40.880001
"692","2009-09-30",44
"693","2009-10-01",39.759998
"694","2009-10-02",40.48
"695","2009-10-05",41.919998
"696","2009-10-06",42.400002
"697","2009-10-07",41.84
"698","2009-10-08",44
"699","2009-10-09",44.400002
"700","2009-10-12",44.16
"701","2009-10-13",44.16
"702","2009-10-14",44.560001
"703","2009-10-15",43.84
"704","2009-10-16",42.240002
"705","2009-10-19",43.52
"706","2009-10-20",42.240002
"707","2009-10-21",42.240002
"708","2009-10-22",40.560001
"709","2009-10-23",35.119999
"710","2009-10-26",31.84
"711","2009-10-27",33.439999
"712","2009-10-28",30.16
"713","2009-10-29",32
"714","2009-10-30",29.68
"715","2009-11-02",29.92
"716","2009-11-03",29.68
"717","2009-11-04",29.280001
"718","2009-11-05",30.48
"719","2009-11-06",30.48
"720","2009-11-09",31.120001
"721","2009-11-10",31.280001
"722","2009-11-11",32
"723","2009-11-12",30.32
"724","2009-11-13",30.639999
"725","2009-11-16",31.6
"726","2009-11-17",32.16
"727","2009-11-18",32.880001
"728","2009-11-19",26.16
"729","2009-11-20",26.559999
"730","2009-11-23",27.440001
"731","2009-11-24",29.6
"732","2009-11-25",28.639999
"733","2009-11-27",27.120001
"734","2009-11-30",26.08
"735","2009-12-01",26.879999
"736","2009-12-02",26.48
"737","2009-12-03",26.24
"738","2009-12-04",26.719999
"739","2009-12-07",26.32
"740","2009-12-08",24.719999
"741","2009-12-09",23.52
"742","2009-12-10",25.360001
"743","2009-12-11",25.440001
"744","2009-12-14",26
"745","2009-12-15",25.440001
"746","2009-12-16",24.559999
"747","2009-12-17",24.639999
"748","2009-12-18",25.52
"749","2009-12-21",25.040001
"750","2009-12-22",24.959999
"751","2009-12-23",26.08
"752","2009-12-24",25.92
"753","2009-12-28",25.440001
"754","2009-12-29",24.719999
"755","2009-12-30",24.799999
"756","2009-12-31",25.360001
"757","2010-01-04",25.84
"758","2010-01-05",26.959999
"759","2010-01-06",28.24
"760","2010-01-07",24.879999
"761","2010-01-08",23.84
"762","2010-01-11",22.959999
"763","2010-01-12",19.84
"764","2010-01-13",21.040001
"765","2010-01-14",20.16
"766","2010-01-15",19.360001
"767","2010-01-19",19.6
"768","2010-01-20",18.719999
"769","2010-01-21",17.360001
"770","2010-01-22",17.68
"771","2010-01-25",17.360001
"772","2010-01-26",17.040001
"773","2010-01-27",16.16
"774","2010-01-28",15.68
"775","2010-01-29",15.52
"776","2010-02-01",16.32
"777","2010-02-02",16.719999
"778","2010-02-03",18.4
"779","2010-02-04",16.719999
"780","2010-02-05",16.799999
"781","2010-02-08",16.48
"782","2010-02-09",16.32
"783","2010-02-10",16.48
"784","2010-02-11",17.92
"785","2010-02-12",20.32
"786","2010-02-16",20
"787","2010-02-17",20.24
"788","2010-02-18",20.16
"789","2010-02-19",20.24
"790","2010-02-22",18.959999
"791","2010-02-23",18.48
"792","2010-02-24",18.639999
"793","2010-02-25",17.84
"794","2010-02-26",17.6
"795","2010-03-01",18.32
"796","2010-03-02",19.92
"797","2010-03-03",20.48
"798","2010-03-04",21.040001
"799","2010-03-05",21.52
"800","2010-03-08",22.639999
"801","2010-03-09",20.799999
"802","2010-03-10",20.959999
"803","2010-03-11",21.52
"804","2010-03-12",21.280001
"805","2010-03-15",20.879999
"806","2010-03-16",21.120001
"807","2010-03-17",20.879999
"808","2010-03-18",21.040001
"809","2010-03-19",20.559999
"810","2010-03-22",21.52
"811","2010-03-23",21.68
"812","2010-03-24",21.280001
"813","2010-03-25",20.959999
"814","2010-03-26",20.16
"815","2010-03-29",21.92
"816","2010-03-30",21.68
"817","2010-03-31",22.559999
"818","2010-04-01",24.16
"819","2010-04-05",28.639999
"820","2010-04-06",28.32
"821","2010-04-07",26.879999
"822","2010-04-08",26.719999
"823","2010-04-09",26.959999
"824","2010-04-12",28
"825","2010-04-13",28
"826","2010-04-14",28
"827","2010-04-15",28
"828","2010-04-16",27.040001
"829","2010-04-19",27.440001
"830","2010-04-20",27.52
"831","2010-04-21",27.200001
"832","2010-04-22",27.68
"833","2010-04-23",27.84
"834","2010-04-26",27.280001
"835","2010-04-27",26.48
"836","2010-04-28",27.440001
"837","2010-04-29",27.52
"838","2010-04-30",25.040001
"839","2010-05-03",26.48
"840","2010-05-04",24.879999
"841","2010-05-05",23.84
"842","2010-05-06",21.360001
"843","2010-05-07",21.92
"844","2010-05-10",23.84
"845","2010-05-11",23.200001
"846","2010-05-12",23.68
"847","2010-05-13",23.84
"848","2010-05-14",22.639999
"849","2010-05-17",23.200001
"850","2010-05-18",22.24
"851","2010-05-19",21.92
"852","2010-05-20",20
"853","2010-05-21",20.08
"854","2010-05-24",21.360001
"855","2010-05-25",21.040001
"856","2010-05-26",20.24
"857","2010-05-27",23.040001
"858","2010-05-28",21.360001
"859","2010-06-01",20.959999
"860","2010-06-02",21.68
"861","2010-06-03",22.32
"862","2010-06-04",21.6
"863","2010-06-07",22.4
"864","2010-06-08",21.76
"865","2010-06-09",21.68
"866","2010-06-10",21.440001
"867","2010-06-11",22
"868","2010-06-14",22.16
"869","2010-06-15",23.040001
"870","2010-06-16",23.84
"871","2010-06-17",24.16
"872","2010-06-18",25.440001
"873","2010-06-21",26.32
"874","2010-06-22",27.440001
"875","2010-06-23",27.360001
"876","2010-06-24",26.08
"877","2010-06-25",28.799999
"878","2010-06-28",26.879999
"879","2010-06-29",24.48
"880","2010-06-30",23.68
"881","2010-07-01",22.48
"882","2010-07-02",21.76
"883","2010-07-06",22.32
"884","2010-07-07",23.280001
"885","2010-07-08",24
"886","2010-07-09",24.4
"887","2010-07-12",23.6
"888","2010-07-13",24.48
"889","2010-07-14",23.84
"890","2010-07-15",22.719999
"891","2010-07-16",22
"892","2010-07-19",22.639999
"893","2010-07-20",22.559999
"894","2010-07-21",22
"895","2010-07-22",22.959999
"896","2010-07-23",23.280001
"897","2010-07-26",23.68
"898","2010-07-27",23.120001
"899","2010-07-28",22.639999
"900","2010-07-29",21.84
"901","2010-07-30",22.639999
"902","2010-08-02",22.639999
"903","2010-08-03",22.559999
"904","2010-08-04",23.200001
"905","2010-08-05",22.08
"906","2010-08-06",20.959999
"907","2010-08-09",21.280001
"908","2010-08-10",20.08
"909","2010-08-11",19.040001
"910","2010-08-12",19.280001
"911","2010-08-13",18.639999
"912","2010-08-16",18.4
"913","2010-08-17",18.48
"914","2010-08-18",20.4
"915","2010-08-19",19.76
"916","2010-08-20",19.84
"917","2010-08-23",19.6
"918","2010-08-24",18.799999
"919","2010-08-25",18.959999
"920","2010-08-26",18.08
"921","2010-08-27",19.040001
"922","2010-08-30",18.799999
"923","2010-08-31",20.799999
"924","2010-09-01",19.68
"925","2010-09-02",19.440001
"926","2010-09-03",19.6
"927","2010-09-07",18.959999
"928","2010-09-08",18.639999
"929","2010-09-09",19.280001
"930","2010-09-10",19.280001
"931","2010-09-13",18.559999
"932","2010-09-14",18.08
"933","2010-09-15",17.6
"934","2010-09-16",17.280001
"935","2010-09-17",17.52
"936","2010-09-20",18.559999
"937","2010-09-21",17.92
"938","2010-09-22",17.040001
"939","2010-09-23",17.120001
"940","2010-09-24",17.440001
"941","2010-09-27",17.200001
"942","2010-09-28",17.280001
"943","2010-09-29",17.280001
"944","2010-09-30",17.52
"945","2010-10-01",17.52
"946","2010-10-04",17.040001
"947","2010-10-05",16.879999
"948","2010-10-06",16.32
"949","2010-10-07",16.639999
"950","2010-10-08",17.120001
"951","2010-10-11",17.040001
"952","2010-10-12",17.200001
"953","2010-10-13",16.879999
"954","2010-10-14",16.719999
"955","2010-10-15",16.799999
"956","2010-10-18",17.120001
"957","2010-10-19",16.32
"958","2010-10-20",16.08
"959","2010-10-21",16.24
"960","2010-10-22",16.32
"961","2010-10-25",16
"962","2010-10-26",16.24
"963","2010-10-27",15.92
"964","2010-10-28",16.16
"965","2010-10-29",16.4
"966","2010-11-01",16
"967","2010-11-02",13.04
"968","2010-11-03",13.76
"969","2010-11-04",13.6
"970","2010-11-05",13.36
"971","2010-11-08",12.88
"972","2010-11-09",12.16
"973","2010-11-10",12.08
"974","2010-11-11",11.92
"975","2010-11-12",11.6
"976","2010-11-15",11.92
"977","2010-11-16",11.68
"978","2010-11-17",12
"979","2010-11-18",11.92
"980","2010-11-19",12
"981","2010-11-22",11.36
"982","2010-11-23",10.48
"983","2010-11-24",11.36
"984","2010-11-26",11.12
"985","2010-11-29",11.28
"986","2010-11-30",11.28
"987","2010-12-01",11.2
"988","2010-12-02",11.52
"989","2010-12-03",12.56
"990","2010-12-06",14.32
"991","2010-12-07",13.52
"992","2010-12-08",14.48
"993","2010-12-09",14.24
"994","2010-12-10",13.92
"995","2010-12-13",13.52
"996","2010-12-14",13.2
"997","2010-12-15",12.96
"998","2010-12-16",13.6
"999","2010-12-17",13.6
"1000","2010-12-20",13.6
"1001","2010-12-21",13.92
"1002","2010-12-22",15.04
"1003","2010-12-23",15.36
"1004","2010-12-27",15.6
"1005","2010-12-28",15.6
"1006","2010-12-29",14.8
"1007","2010-12-30",14.72
"1008","2010-12-31",14.88
"1009","2011-01-03",15.84
"1010","2011-01-04",17.200001
"1011","2011-01-05",17.76
"1012","2011-01-06",16.559999
"1013","2011-01-07",16.879999
"1014","2011-01-10",17.6
"1015","2011-01-11",18.16
"1016","2011-01-12",18.639999
"1017","2011-01-13",18.08
"1018","2011-01-14",18.719999
"1019","2011-01-18",18.32
"1020","2011-01-19",16.48
"1021","2011-01-20",15.76
"1022","2011-01-21",15.92
"1023","2011-01-24",16.799999
"1024","2011-01-25",16.4
"1025","2011-01-26",16.08
"1026","2011-01-27",15.92
"1027","2011-01-28",15.2
"1028","2011-01-31",15.12
"1029","2011-02-01",15.6
"1030","2011-02-02",15.68
"1031","2011-02-03",15.6
"1032","2011-02-04",15.36
"1033","2011-02-07",15.6
"1034","2011-02-08",16.16
"1035","2011-02-09",16.32
"1036","2011-02-10",16.08
"1037","2011-02-11",17.52
"1038","2011-02-14",18.719999
"1039","2011-02-15",14.88
"1040","2011-02-16",14.16
"1041","2011-02-17",13.28
"1042","2011-02-18",12.96
"1043","2011-02-22",12.88
"1044","2011-02-23",12.64
"1045","2011-02-24",12.4
"1046","2011-02-25",12.96
"1047","2011-02-28",13.36
"1048","2011-03-01",12.56
"1049","2011-03-02",12.72
"1050","2011-03-03",12.32
"1051","2011-03-04",12.72
"1052","2011-03-07",12.48
"1053","2011-03-08",12.48
"1054","2011-03-09",12.4
"1055","2011-03-10",11.92
"1056","2011-03-11",12
"1057","2011-03-14",11.28
"1058","2011-03-15",10.64
"1059","2011-03-16",9.84
"1060","2011-03-17",10.16
"1061","2011-03-18",10.48
"1062","2011-03-21",10.4
"1063","2011-03-22",9.92
"1064","2011-03-23",10.16
"1065","2011-03-24",10.8
"1066","2011-03-25",10.48
"1067","2011-03-28",10.64
"1068","2011-03-29",11.04
"1069","2011-03-30",10.88
"1070","2011-03-31",10.56
"1071","2011-04-01",10.56
"1072","2011-04-04",10.24
"1073","2011-04-05",10.4
"1074","2011-04-06",10.4
"1075","2011-04-07",10.24
"1076","2011-04-08",10.4
"1077","2011-04-11",10.08
"1078","2011-04-12",10.08
"1079","2011-04-13",10
"1080","2011-04-14",9.92
"1081","2011-04-15",11.84
"1082","2011-04-18",11.68
"1083","2011-04-19",11.36
"1084","2011-04-20",11.12
"1085","2011-04-21",11.36
"1086","2011-04-25",11.44
"1087","2011-04-26",11.92
"1088","2011-04-27",11.68
"1089","2011-04-28",11.76
"1090","2011-04-29",12.48
"1091","2011-05-02",12.88
"1092","2011-05-03",11.68
"1093","2011-05-04",10.8
"1094","2011-05-05",10.88
"1095","2011-05-06",10.56
"1096","2011-05-09",10.48
"1097","2011-05-10",10.72
"1098","2011-05-11",10.24
"1099","2011-05-12",10.56
"1100","2011-05-13",10.24
"1101","2011-05-16",9.92
"1102","2011-05-17",9.92
"1103","2011-05-18",10.08
"1104","2011-05-19",10.08
"1105","2011-05-20",9.92
"1106","2011-05-23",9.68
"1107","2011-05-24",9.76
"1108","2011-05-25",10.08
"1109","2011-05-26",10.24
"1110","2011-05-27",10
"1111","2011-05-31",9.92
"1112","2011-06-01",9.68
"1113","2011-06-02",10.24
"1114","2011-06-03",10
"1115","2011-06-06",9.76
"1116","2011-06-07",9.84
"1117","2011-06-08",9.04
"1118","2011-06-09",9.2
"1119","2011-06-10",9.04
"1120","2011-06-13",8.4
"1121","2011-06-14",9.36
"1122","2011-06-15",8.88
"1123","2011-06-16",8.88
"1124","2011-06-17",9.84
"1125","2011-06-20",9.68
"1126","2011-06-21",9.52
"1127","2011-06-22",9.36
"1128","2011-06-23",9.28
"1129","2011-06-24",9.28
"1130","2011-06-27",9.36
"1131","2011-06-28",9.76
"1132","2011-06-29",9.84
"1133","2011-06-30",9.76
"1134","2011-07-01",9.68
"1135","2011-07-05",9.76
"1136","2011-07-06",9.76
"1137","2011-07-07",9.68
"1138","2011-07-08",9.28
"1139","2011-07-11",9.04
"1140","2011-07-12",9.2
"1141","2011-07-13",9.2
"1142","2011-07-14",9.2
"1143","2011-07-15",10.08
"1144","2011-07-18",9.76
"1145","2011-07-19",9.92
"1146","2011-07-20",9.76
"1147","2011-07-21",9.84
"1148","2011-07-22",9.36
"1149","2011-07-25",9.2
"1150","2011-07-26",9.12
"1151","2011-07-27",8.4
"1152","2011-07-28",8.88
"1153","2011-07-29",8.72
"1154","2011-08-01",8.4
"1155","2011-08-02",7.84
"1156","2011-08-03",8
"1157","2011-08-04",7.6
"1158","2011-08-05",7.52
"1159","2011-08-08",6.8
"1160","2011-08-09",7.52
"1161","2011-08-10",7.12
"1162","2011-08-11",7.84
"1163","2011-08-12",7.6
"1164","2011-08-15",8.24
"1165","2011-08-16",7.92
"1166","2011-08-17",7.92
"1167","2011-08-18",7.28
"1168","2011-08-19",7.44
"1169","2011-08-22",7.28
"1170","2011-08-23",7.68
"1171","2011-08-24",7.68
"1172","2011-08-25",7.28
"1173","2011-08-26",7.6
"1174","2011-08-29",7.44
"1175","2011-08-30",7.28
"1176","2011-08-31",7.2
"1177","2011-09-01",7.12
"1178","2011-09-02",6.88
"1179","2011-09-06",7.04
"1180","2011-09-07",6.8
"1181","2011-09-08",6.8
"1182","2011-09-09",6.96
"1183","2011-09-12",8.08
"1184","2011-09-13",8.4
"1185","2011-09-14",7.76
"1186","2011-09-15",7.84
"1187","2011-09-16",7.68
"1188","2011-09-19",7.12
"1189","2011-09-20",6.72
"1190","2011-09-21",6.4
"1191","2011-09-22",6.08
"1192","2011-09-23",6.08
"1193","2011-09-26",5.84
"1194","2011-09-27",5.76
"1195","2011-09-28",5.6
"1196","2011-09-29",5.92
"1197","2011-09-30",5.44
"1198","2011-10-03",4.96
"1199","2011-10-04",5.2
"1200","2011-10-05",5.12
"1201","2011-10-06",5.44
"1202","2011-10-07",5.28
"1203","2011-10-10",6
"1204","2011-10-11",5.84
"1205","2011-10-12",5.76
"1206","2011-10-13",5.92
"1207","2011-10-14",6
"1208","2011-10-17",5.84
"1209","2011-10-18",6
"1210","2011-10-19",5.84
"1211","2011-10-20",6
"1212","2011-10-21",6.08
"1213","2011-10-24",6.16
"1214","2011-10-25",5.76
"1215","2011-10-26",6
"1216","2011-10-27",6.4
"1217","2011-10-28",6.56
"1218","2011-10-31",5.68
"1219","2011-11-01",5.44
"1220","2011-11-02",5.68
"1221","2011-11-03",5.92
"1222","2011-11-04",5.6
"1223","2011-11-07",5.52
"1224","2011-11-08",5.52
"1225","2011-11-09",5.2
"1226","2011-11-10",5.2
"1227","2011-11-11",4
"1228","2011-11-14",3.92
"1229","2011-11-15",3.84
"1230","2011-11-16",3.68
"1231","2011-11-17",3.44
"1232","2011-11-18",3.6
"1233","2011-11-21",3.44
"1234","2011-11-22",3.6
"1235","2011-11-23",3.52
"1236","2011-11-25",3.68
"1237","2011-11-28",3.76
"1238","2011-11-29",3.52
"1239","2011-11-30",3.6
"1240","2011-12-01",3.52
"1241","2011-12-02",3.52
"1242","2011-12-05",3.6
"1243","2011-12-06",3.52
"1244","2011-12-07",3.52
"1245","2011-12-08",2.88
"1246","2011-12-09",3.2
"1247","2011-12-12",3.04
"1248","2011-12-13",2.96
"1249","2011-12-14",2.88
"1250","2011-12-15",2.96
"1251","2011-12-16",3.04
"1252","2011-12-19",2.8
"1253","2011-12-20",3.12
"1254","2011-12-21",2.88
"1255","2011-12-22",3.12
"1256","2011-12-23",3.04
"1257","2011-12-27",2.88
"1258","2011-12-28",3.04
"1259","2011-12-29",2.88
"1260","2011-12-30",2.88
"1261","2012-01-03",2.96
"1262","2012-01-04",3.12
"1263","2012-01-05",3.2
"1264","2012-01-06",3.28
"1265","2012-01-09",3.2
"1266","2012-01-10",2.96
"1267","2012-01-11",2.8
"1268","2012-01-12",2.8
"1269","2012-01-13",2.96
"1270","2012-01-17",3.04
"1271","2012-01-18",2.88
"1272","2012-01-19",2.96
"1273","2012-01-20",2.88
"1274","2012-01-23",2.96
"1275","2012-01-24",2.96
"1276","2012-01-25",3.12
"1277","2012-01-26",3.2
"1278","2012-01-27",3.04
"1279","2012-01-30",3.2
"1280","2012-01-31",3.04
"1281","2012-02-01",3.2
"1282","2012-02-02",3.36
"1283","2012-02-03",3.6
"1284","2012-02-06",4.32
"1285","2012-02-07",4.32
"1286","2012-02-08",4.4
"1287","2012-02-09",4
"1288","2012-02-10",4.32
"1289","2012-02-13",5.12
"1290","2012-02-14",4.8
"1291","2012-02-15",4.56
"1292","2012-02-16",4.64
"1293","2012-02-17",4.72
"1294","2012-02-21",4.44
"1295","2012-02-22",3.9
"1296","2012-02-23",3.87
"1297","2012-02-24",3.92
"1298","2012-02-27",3.32
"1299","2012-02-28",3.32
"1300","2012-02-29",3.23
"1301","2012-03-01",3.02
"1302","2012-03-02",2.87
"1303","2012-03-05",2.49
"1304","2012-03-06",2.32
"1305","2012-03-07",2.33
"1306","2012-03-08",3.25
"1307","2012-03-09",3.04
"1308","2012-03-12",2.93
"1309","2012-03-13",3.05
"1310","2012-03-14",3.34
"1311","2012-03-15",3.28
"1312","2012-03-16",3.32
"1313","2012-03-19",3.16
"1314","2012-03-20",3.1
"1315","2012-03-21",3.08
"1316","2012-03-22",3.03
"1317","2012-03-23",2.98
"1318","2012-03-26",3.05
"1319","2012-03-27",2.96
"1320","2012-03-28",2.8
"1321","2012-03-29",2.75
"1322","2012-03-30",2.73
"1323","2012-04-02",3
"1324","2012-04-03",2.87
"1325","2012-04-04",2.69
"1326","2012-04-05",2.65
"1327","2012-04-09",2.57
"1328","2012-04-10",2.75
"1329","2012-04-11",2.71
"1330","2012-04-12",2.66
"1331","2012-04-13",2.48
"1332","2012-04-16",2.45
"1333","2012-04-17",2.48
"1334","2012-04-18",2.4
"1335","2012-04-19",2.3
"1336","2012-04-20",2.3
"1337","2012-04-23",1.87
"1338","2012-04-24",1.68
"1339","2012-04-25",1.96
"1340","2012-04-26",2
"1341","2012-04-27",1.9
"1342","2012-04-30",1.86
"1343","2012-05-01",1.83
"1344","2012-05-02",1.83
"1345","2012-05-03",1.77
"1346","2012-05-04",1.73
"1347","2012-05-07",1.76
"1348","2012-05-08",1.7
"1349","2012-05-09",1.7
"1350","2012-05-10",1.73
"1351","2012-05-11",1.72
"1352","2012-05-14",1.61
"1353","2012-05-15",1.52
"1354","2012-05-16",1.38
"1355","2012-05-17",1.23
"1356","2012-05-18",1.35
"1357","2012-05-21",1.4
"1358","2012-05-22",1.35
"1359","2012-05-23",1.32
"1360","2012-05-24",1.31
"1361","2012-05-25",1.23
"1362","2012-05-29",2.59
"1363","2012-05-30",1.91
"1364","2012-05-31",2.65
"1365","2012-06-01",2.99
"1366","2012-06-04",3.32
"1367","2012-06-05",3.07
"1368","2012-06-06",3.11
"1369","2012-06-07",3.08
"1370","2012-06-08",2.89
"1371","2012-06-11",2.66
"1372","2012-06-12",2.86
"1373","2012-06-13",2.91
"1374","2012-06-14",2.99
"1375","2012-06-15",2.27
"1376","2012-06-18",2.1
"1377","2012-06-19",2.06
"1378","2012-06-20",2.03
"1379","2012-06-21",1.91
"1380","2012-06-22",1.85
"1381","2012-06-25",1.75
"1382","2012-06-26",1.69
"1383","2012-06-27",1.63
"1384","2012-06-28",1.62
"1385","2012-06-29",1.61
"1386","2012-07-02",1.56
"1387","2012-07-03",1.59
"1388","2012-07-05",2.04
"1389","2012-07-06",1.93
"1390","2012-07-09",1.78
"1391","2012-07-10",1.71
"1392","2012-07-11",1.68
"1393","2012-07-12",1.64
"1394","2012-07-13",1.62
"1395","2012-07-16",1.57
"1396","2012-07-17",1.46
"1397","2012-07-18",1.57
"1398","2012-07-19",1.58
"1399","2012-07-20",1.63
"1400","2012-07-23",1.55
"1401","2012-07-24",1.53
"1402","2012-07-25",1.56
"1403","2012-07-26",1.6
"1404","2012-07-27",1.7
"1405","2012-07-30",1.65
"1406","2012-07-31",1.68
"1407","2012-08-01",1.6
"1408","2012-08-02",1.67
"1409","2012-08-03",1.8
"1410","2012-08-06",2.03
"1411","2012-08-07",2.14
"1412","2012-08-08",2.01
"1413","2012-08-09",2.02
"1414","2012-08-10",2.02
"1415","2012-08-13",2.01
"1416","2012-08-14",1.95
"1417","2012-08-15",1.87
"1418","2012-08-16",1.94
"1419","2012-08-17",1.97
"1420","2012-08-20",2
"1421","2012-08-21",2.27
"1422","2012-08-22",2.11
"1423","2012-08-23",2.17
"1424","2012-08-24",2.15
"1425","2012-08-27",2.4
"1426","2012-08-28",2.65
"1427","2012-08-29",2.48
"1428","2012-08-30",2.57
"1429","2012-08-31",2.76
"1430","2012-09-04",2.76
"1431","2012-09-05",2.77
"1432","2012-09-06",2.66
"1433","2012-09-07",2.55
"1434","2012-09-10",2.62
"1435","2012-09-11",2.59
"1436","2012-09-12",2.63
"1437","2012-09-13",2.6
"1438","2012-09-14",2.58
"1439","2012-09-17",2.66
"1440","2012-09-18",2.75
"1441","2012-09-19",2.81
"1442","2012-09-20",2.56
"1443","2012-09-21",2.23
"1444","2012-09-24",2.15
"1445","2012-09-25",2.26
"1446","2012-09-26",2.1
"1447","2012-09-27",2.26
"1448","2012-09-28",2.32
"1449","2012-10-01",2.24
"1450","2012-10-02",2.27
"1451","2012-10-03",2.39
"1452","2012-10-04",2.36
"1453","2012-10-05",2.5
"1454","2012-10-08",2.46
"1455","2012-10-09",2.38
"1456","2012-10-10",2.19
"1457","2012-10-11",2.31
"1458","2012-10-12",2.29
"1459","2012-10-15",2.27
"1460","2012-10-16",2.3
"1461","2012-10-17",2.4
"1462","2012-10-18",2.38
"1463","2012-10-19",2.4
"1464","2012-10-22",2.62
"1465","2012-10-23",2.47
"1466","2012-10-24",2.33
"1467","2012-10-25",2.3
"1468","2012-10-26",2.35
"1469","2012-10-31",2.28
"1470","2012-11-01",2.21
"1471","2012-11-02",2.2
"1472","2012-11-05",2.3
"1473","2012-11-06",2.33
"1474","2012-11-07",2.27
"1475","2012-11-08",2.19
"1476","2012-11-09",2.24
"1477","2012-11-12",2.31
"1478","2012-11-13",2.26
"1479","2012-11-14",2.27
"1480","2012-11-15",2.3
"1481","2012-11-16",2.28
"1482","2012-11-19",2.38
"1483","2012-11-20",2.59
"1484","2012-11-21",2.55
"1485","2012-11-23",2.59
"1486","2012-11-26",2.61
"1487","2012-11-27",2.43
"1488","2012-11-28",2.56
"1489","2012-11-29",2.58
"1490","2012-11-30",2.56
"1491","2012-12-03",2.39
"1492","2012-12-04",2.3
"1493","2012-12-05",2.24
"1494","2012-12-06",2.15
"1495","2012-12-07",2.06
"1496","2012-12-10",2.06
"1497","2012-12-11",2.12
"1498","2012-12-12",2.05
"1499","2012-12-13",2.1
"1500","2012-12-14",2.07
"1501","2012-12-17",2.13
"1502","2012-12-18",2.07
"1503","2012-12-19",2.07
"1504","2012-12-20",2.07
"1505","2012-12-21",2
"1506","2012-12-24",1.99
"1507","2012-12-26",1.94
"1508","2012-12-27",1.95
"1509","2012-12-28",1.96
"1510","2012-12-31",1.91
"1511","2013-01-02",1.98
"1512","2013-01-03",2.08
"1513","2013-01-04",2.15
"1514","2013-01-07",2.26
"1515","2013-01-08",2.09
"1516","2013-01-09",2.08
"1517","2013-01-10",2.1
"1518","2013-01-11",1.99
"1519","2013-01-14",1.95
"1520","2013-01-15",2
"1521","2013-01-16",1.92
"1522","2013-01-17",1.92
"1523","2013-01-18",1.9
"1524","2013-01-22",1.92
"1525","2013-01-23",1.9
"1526","2013-01-24",1.88
"1527","2013-01-25",1.9
"1528","2013-01-28",1.9
"1529","2013-01-29",1.88
"1530","2013-01-30",1.85
"1531","2013-01-31",1.85
"1532","2013-02-01",1.78
"1533","2013-02-04",1.7
"1534","2013-02-05",1.67
"1535","2013-02-06",1.7
"1536","2013-02-07",1.8
"1537","2013-02-08",1.77
"1538","2013-02-11",1.74
"1539","2013-02-12",1.7
"1540","2013-02-13",1.69
"1541","2013-02-14",1.72
"1542","2013-02-15",1.65
"1543","2013-02-19",1.75
"1544","2013-02-20",1.63
"1545","2013-02-21",1.55
"1546","2013-02-22",1.65
"1547","2013-02-25",1.71
"1548","2013-02-26",1.74
"1549","2013-02-27",1.65
"1550","2013-02-28",1.71
"1551","2013-03-01",1.66
"1552","2013-03-04",1.55
"1553","2013-03-05",1.61
"1554","2013-03-06",1.64
"1555","2013-03-07",1.68
"1556","2013-03-08",1.69
"1557","2013-03-11",1.68
"1558","2013-03-12",1.62
"1559","2013-03-13",1.7
"1560","2013-03-14",1.62
"1561","2013-03-15",1.65
"1562","2013-03-18",1.63
"1563","2013-03-19",1.6
"1564","2013-03-20",1.57
"1565","2013-03-21",1.61
"1566","2013-03-22",1.61
"1567","2013-03-25",1.59
"1568","2013-03-26",1.57
"1569","2013-03-27",1.57
"1570","2013-03-28",1.59
"1571","2013-04-01",1.6
"1572","2013-04-02",1.6
"1573","2013-04-03",2.53
"1574","2013-04-04",2.11
"1575","2013-04-05",2.09
"1576","2013-04-08",2.02
"1577","2013-04-09",2.02
"1578","2013-04-10",1.92
"1579","2013-04-11",1.87
"1580","2013-04-12",1.85
"1581","2013-04-15",1.73
"1582","2013-04-16",1.86
"1583","2013-04-17",1.83
"1584","2013-04-18",1.83
"1585","2013-04-19",1.81
"1586","2013-04-22",1.75
"1587","2013-04-23",1.81
"1588","2013-04-24",1.85
"1589","2013-04-25",1.85
"1590","2013-04-26",2.12
"1591","2013-04-29",2.05
"1592","2013-04-30",2.05
"1593","2013-05-01",2.01
"1594","2013-05-02",2.01
"1595","2013-05-03",2.2
"1596","2013-05-06",2.2
"1597","2013-05-07",2.2
"1598","2013-05-08",2.24
"1599","2013-05-09",2.14
"1600","2013-05-10",2.09
"1601","2013-05-13",2.24
"1602","2013-05-14",2.29
"1603","2013-05-15",2.27
"1604","2013-05-16",2.22
"1605","2013-05-17",2.65
"1606","2013-05-20",2.94
"1607","2013-05-21",2.76
"1608","2013-05-22",2.63
"1609","2013-05-23",2.82
"1610","2013-05-24",2.9
"1611","2013-05-28",2.93
"1612","2013-05-29",2.99
"1613","2013-05-30",2.96
"1614","2013-05-31",2.98
"1615","2013-06-03",3.13
"1616","2013-06-04",3.11
"1617","2013-06-05",3.09
"1618","2013-06-06",3.12
"1619","2013-06-07",3.22
"1620","2013-06-10",3.39
"1621","2013-06-11",3.2
"1622","2013-06-12",3.3
"1623","2013-06-13",3.36
"1624","2013-06-14",3.3
"1625","2013-06-17",3.18
"1626","2013-06-18",3.2
"1627","2013-06-19",3.05
"1628","2013-06-20",2.8
"1629","2013-06-21",2.7
"1630","2013-06-24",2.35
"1631","2013-06-25",2.4
"1632","2013-06-26",2.42
"1633","2013-06-27",2.51
"1634","2013-06-28",2.52
"1635","2013-07-01",2.45
"1636","2013-07-02",2.5
"1637","2013-07-03",2.54
"1638","2013-07-05",2.48
"1639","2013-07-08",2.4
"1640","2013-07-09",2.36
"1641","2013-07-10",2.23
"1642","2013-07-11",2.34
"1643","2013-07-12",2.29
"1644","2013-07-15",2.33
"1645","2013-07-16",2.58
"1646","2013-07-17",2.49
"1647","2013-07-18",2.58
"1648","2013-07-19",2.52
"1649","2013-07-22",2.47
"1650","2013-07-23",2.4
"1651","2013-07-24",2.3
"1652","2013-07-25",2.33
"1653","2013-07-26",2.3
"1654","2013-07-29",2.26
"1655","2013-07-30",2.28
"1656","2013-07-31",2.27
"1657","2013-08-01",2.32
"1658","2013-08-02",2.34
"1659","2013-08-05",2.37
"1660","2013-08-06",2.43
"1661","2013-08-07",2.35
"1662","2013-08-08",2.28
"1663","2013-08-09",2.26
"1664","2013-08-12",2.2
"1665","2013-08-13",2.09
"1666","2013-08-14",2.05
"1667","2013-08-15",1.98
"1668","2013-08-16",2.08
"1669","2013-08-19",2.03
"1670","2013-08-20",2.01
"1671","2013-08-21",1.95
"1672","2013-08-22",1.98
"1673","2013-08-23",2.04
"1674","2013-08-26",2.1
"1675","2013-08-27",2.13
"1676","2013-08-28",2.11
"1677","2013-08-29",2.21
"1678","2013-08-30",2.14
"1679","2013-09-03",2.1
"1680","2013-09-04",2.09
"1681","2013-09-05",2.02
"1682","2013-09-06",2.16
"1683","2013-09-09",2.21
"1684","2013-09-10",2.08
"1685","2013-09-11",2.04
"1686","2013-09-12",2.01
"1687","2013-09-13",1.96
"1688","2013-09-16",1.98
"1689","2013-09-17",1.94
"1690","2013-09-18",1.88
"1691","2013-09-19",1.89
"1692","2013-09-20",1.75
"1693","2013-09-23",1.7
"1694","2013-09-24",1.77
"1695","2013-09-25",1.73
"1696","2013-09-26",1.79
"1697","2013-09-27",1.76
"1698","2013-09-30",1.74
"1699","2013-10-01",1.75
"1700","2013-10-02",1.75
"1701","2013-10-03",1.75
"1702","2013-10-04",1.75
"1703","2013-10-07",1.72
"1704","2013-10-08",1.72
"1705","2013-10-09",1.67
"1706","2013-10-10",1.7
"1707","2013-10-11",1.76
"1708","2013-10-14",1.77
"1709","2013-10-15",1.68
"1710","2013-10-16",1.73
"1711","2013-10-17",1.68
"1712","2013-10-18",1.66
"1713","2013-10-21",1.71
"1714","2013-10-22",1.66
"1715","2013-10-23",1.61
"1716","2013-10-24",1.64
"1717","2013-10-25",1.65
"1718","2013-10-28",1.63
"1719","2013-10-29",1.6
"1720","2013-10-30",1.48
"1721","2013-10-31",1.6
"1722","2013-11-01",1.5
"1723","2013-11-04",1.56
"1724","2013-11-05",1.54
"1725","2013-11-06",1.5
"1726","2013-11-07",1.51
"1727","2013-11-08",1.52
"1728","2013-11-11",1.5
"1729","2013-11-12",1.44
"1730","2013-11-13",1.35
"1731","2013-11-14",1.34
"1732","2013-11-15",1.23
"1733","2013-11-18",1.35
"1734","2013-11-19",1.28
"1735","2013-11-20",1.27
"1736","2013-11-21",1.29
"1737","2013-11-22",1.27
"1738","2013-11-25",1.25
"1739","2013-11-26",1.3
"1740","2013-11-27",1.29
"1741","2013-11-29",1.32
"1742","2013-12-02",1.41
"1743","2013-12-03",1.34
"1744","2013-12-04",1.29
"1745","2013-12-05",1.26
"1746","2013-12-06",1.33
"1747","2013-12-09",1.3
"1748","2013-12-10",1.25
"1749","2013-12-11",1.13
"1750","2013-12-12",1.11
"1751","2013-12-13",1.17
"1752","2013-12-16",1.17
"1753","2013-12-17",1.18
"1754","2013-12-18",1.16
"1755","2013-12-19",1.09
"1756","2013-12-20",1.19
"1757","2013-12-23",1.14
"1758","2013-12-24",1.11
"1759","2013-12-26",1.19
"1760","2013-12-27",1.31
"1761","2013-12-30",1.36
"1762","2013-12-31",1.32
"1763","2014-01-02",1.45
"1764","2014-01-03",1.4
"1765","2014-01-06",1.46
"1766","2014-01-07",1.55
"1767","2014-01-08",1.43
"1768","2014-01-09",1.39
"1769","2014-01-10",1.28
"1770","2014-01-13",1.21
"1771","2014-01-14",1.25
"1772","2014-01-15",1.22
"1773","2014-01-16",1.33
"1774","2014-01-17",1.29
"1775","2014-01-21",1.28
"1776","2014-01-22",1.34
"1777","2014-01-23",1.34
"1778","2014-01-24",1.26
"1779","2014-01-27",1.2
"1780","2014-01-28",1.2
"1781","2014-01-29",1.25
"1782","2014-01-30",1.2
"1783","2014-01-31",1.19
"1784","2014-02-03",1.18
"1785","2014-02-04",1.19
"1786","2014-02-05",1.17
"1787","2014-02-06",1.14
"1788","2014-02-07",1.19
"1789","2014-02-10",1.25
"1790","2014-02-11",1.24
"1791","2014-02-12",1.29
"1792","2014-02-13",1.37
"1793","2014-02-14",1.36
"1794","2014-02-18",1.37
"1795","2014-02-19",1.35
"1796","2014-02-20",2.67
"1797","2014-02-21",2.83
"1798","2014-02-24",2.43
"1799","2014-02-25",2.06
"1800","2014-02-26",2.33
"1801","2014-02-27",2.13
"1802","2014-02-28",2.03
"1803","2014-03-03",2.3
"1804","2014-03-04",2.15
"1805","2014-03-05",2.22
"1806","2014-03-06",2.21
"1807","2014-03-07",2.23
"1808","2014-03-10",2.18
"1809","2014-03-11",2.18
"1810","2014-03-12",2.15
"1811","2014-03-13",2.2
"1812","2014-03-14",2.09
"1813","2014-03-17",2.04
"1814","2014-03-18",2
"1815","2014-03-19",1.95
"1816","2014-03-20",1.97
"1817","2014-03-21",2.02
"1818","2014-03-24",2.38
"1819","2014-03-25",2.03
"1820","2014-03-26",1.98
"1821","2014-03-27",1.85
"1822","2014-03-28",1.8
"1823","2014-03-31",1.93
"1824","2014-04-01",1.97
"1825","2014-04-02",2.01
"1826","2014-04-03",1.91
"1827","2014-04-04",1.82
"1828","2014-04-07",1.82
"1829","2014-04-08",1.86
"1830","2014-04-09",1.85
"1831","2014-04-10",1.74
"1832","2014-04-11",1.74
"1833","2014-04-14",1.68
"1834","2014-04-15",1.59
"1835","2014-04-16",1.65
"1836","2014-04-17",1.64
"1837","2014-04-21",1.68
"1838","2014-04-22",1.63
"1839","2014-04-23",1.67
"1840","2014-04-24",1.65
"1841","2014-04-25",1.69
"1842","2014-04-28",1.66
"1843","2014-04-29",1.74
"1844","2014-04-30",1.69
"1845","2014-05-01",1.68
"1846","2014-05-02",1.7
"1847","2014-05-05",1.65
"1848","2014-05-06",1.6
"1849","2014-05-07",1.57
"1850","2014-05-08",1.55
"1851","2014-05-09",1.59
"1852","2014-05-12",1.63
"1853","2014-05-13",1.65
"1854","2014-05-14",1.68
"1855","2014-05-15",1.65
"1856","2014-05-16",1.59
"1857","2014-05-19",1.67
"1858","2014-05-20",1.71
"1859","2014-05-21",1.68
"1860","2014-05-22",1.7
"1861","2014-05-23",1.81
"1862","2014-05-27",1.86
"1863","2014-05-28",1.95
"1864","2014-05-29",1.98
"1865","2014-05-30",1.92
"1866","2014-06-02",1.78
"1867","2014-06-03",1.76
"1868","2014-06-04",1.76
"1869","2014-06-05",2.01
"1870","2014-06-06",1.94
"1871","2014-06-09",2.07
"1872","2014-06-10",2
"1873","2014-06-11",2
"1874","2014-06-12",1.98
"1875","2014-06-13",1.95
"1876","2014-06-16",2
"1877","2014-06-17",2.15
"1878","2014-06-18",2.11
"1879","2014-06-19",2.09
"1880","2014-06-20",2.11
"1881","2014-06-23",2.19
"1882","2014-06-24",2.01
"1883","2014-06-25",2.06
"1884","2014-06-26",2.06
"1885","2014-06-27",2.04
"1886","2014-06-30",2.01
"1887","2014-07-01",2.22
"1888","2014-07-02",2.24
"1889","2014-07-03",2.24
"1890","2014-07-07",2.17
"1891","2014-07-08",2.06
"1892","2014-07-09",2.07
"1893","2014-07-10",2.12
"1894","2014-07-11",2.11
"1895","2014-07-14",2.16
"1896","2014-07-15",2.27
"1897","2014-07-16",2.22
"1898","2014-07-17",2.12
"1899","2014-07-18",2.18
"1900","2014-07-21",2.32
"1901","2014-07-22",2.27
"1902","2014-07-23",2.26
"1903","2014-07-24",2.25
"1904","2014-07-25",2.19
"1905","2014-07-28",2.15
"1906","2014-07-29",2.16
"1907","2014-07-30",2.15
"1908","2014-07-31",1.96
"1909","2014-08-01",2.02
"1910","2014-08-04",1.87
"1911","2014-08-05",1.86
"1912","2014-08-06",1.8
"1913","2014-08-07",1.93
"1914","2014-08-08",1.94
"1915","2014-08-11",2.02
"1916","2014-08-12",1.97
"1917","2014-08-13",1.96
"1918","2014-08-14",1.98
"1919","2014-08-15",1.97
"1920","2014-08-18",1.98
"1921","2014-08-19",2.04
"1922","2014-08-20",2.1
"1923","2014-08-21",2.08
"1924","2014-08-22",2.05
"1925","2014-08-25",2.04
"1926","2014-08-26",2.06
"1927","2014-08-27",2.05
"1928","2014-08-28",2.08
"1929","2014-08-29",2.05
"1930","2014-09-02",2.17
"1931","2014-09-03",2.12
"1932","2014-09-04",2.04
"1933","2014-09-05",2.03
"1934","2014-09-08",2.06
"1935","2014-09-09",1.96
"1936","2014-09-10",1.97
"1937","2014-09-11",1.93
"1938","2014-09-12",1.92
"1939","2014-09-15",1.86
"1940","2014-09-16",1.87
"1941","2014-09-17",1.93
"1942","2014-09-18",1.92
"1943","2014-09-19",1.96
"1944","2014-09-22",1.88
"1945","2014-09-23",1.88
"1946","2014-09-24",1.93
"1947","2014-09-25",1.92
"1948","2014-09-26",1.87
"1949","2014-09-29",1.89
"1950","2014-09-30",1.94
"1951","2014-10-01",1.91
"1952","2014-10-02",1.93
"1953","2014-10-03",1.93
"1954","2014-10-06",1.91
"1955","2014-10-07",1.91
"1956","2014-10-08",1.95
"1957","2014-10-09",1.85
"1958","2014-10-10",1.77
"1959","2014-10-13",1.67
"1960","2014-10-14",1.71
"1961","2014-10-15",1.75
"1962","2014-10-16",1.78
"1963","2014-10-17",1.78
"1964","2014-10-20",1.81
"1965","2014-10-21",1.83
"1966","2014-10-22",1.82
"1967","2014-10-23",1.79
"1968","2014-10-24",1.79
"1969","2014-10-27",1.76
"1970","2014-10-28",1.79
"1971","2014-10-29",1.82
"1972","2014-10-30",1.79
"1973","2014-10-31",1.79
"1974","2014-11-03",1.79
"1975","2014-11-04",1.79
"1976","2014-11-05",1.72
"1977","2014-11-06",1.74
"1978","2014-11-07",1.75
"1979","2014-11-10",1.74
"1980","2014-11-11",1.75
"1981","2014-11-12",1.71
"1982","2014-11-13",1.68
"1983","2014-11-14",1.7
"1984","2014-11-17",1.69
"1985","2014-11-18",1.68
"1986","2014-11-19",1.74
"1987","2014-11-20",1.74
"1988","2014-11-21",1.79
"1989","2014-11-24",1.8
"1990","2014-11-25",1.78
"1991","2014-11-26",1.82
"1992","2014-11-28",1.81
"1993","2014-12-01",1.73
"1994","2014-12-02",1.7
"1995","2014-12-03",1.72
"1996","2014-12-04",1.72
"1997","2014-12-05",1.79
"1998","2014-12-08",1.77
"1999","2014-12-09",1.72
"2000","2014-12-10",1.72
"2001","2014-12-11",1.73
"2002","2014-12-12",1.74
"2003","2014-12-15",1.69
"2004","2014-12-16",1.69
"2005","2014-12-17",1.7
"2006","2014-12-18",1.75
"2007","2014-12-19",1.71
"2008","2014-12-22",1.77
"2009","2014-12-23",1.84
"2010","2014-12-24",1.85
"2011","2014-12-26",1.83
"2012","2014-12-29",1.78
"2013","2014-12-30",1.78
"2014","2014-12-31",1.74
"2015","2015-01-02",1.96
"2016","2015-01-05",2.09
"2017","2015-01-06",1.87
"2018","2015-01-07",1.95
"2019","2015-01-08",2.03
"2020","2015-01-09",2.02
"2021","2015-01-12",2
"2022","2015-01-13",1.92
"2023","2015-01-14",1.96
"2024","2015-01-15",1.97
"2025","2015-01-16",1.97
"2026","2015-01-20",1.92
"2027","2015-01-21",2
"2028","2015-01-22",1.99
"2029","2015-01-23",2
"2030","2015-01-26",2.1
"2031","2015-01-27",2.07
"2032","2015-01-28",2.01
"2033","2015-01-29",2.08
"2034","2015-01-30",2
"2035","2015-02-02",2.04
"2036","2015-02-03",2.05
"2037","2015-02-04",1.99
"2038","2015-02-05",2.01
"2039","2015-02-06",2.01
"2040","2015-02-09",2
"2041","2015-02-10",2
"2042","2015-02-11",2
"2043","2015-02-12",1.98
"2044","2015-02-13",2.01
"2045","2015-02-17",2
"2046","2015-02-18",1.98
"2047","2015-02-19",2
"2048","2015-02-20",2
"2049","2015-02-23",2.04
"2050","2015-02-24",2.12
"2051","2015-02-25",2.06
"2052","2015-02-26",2.22
"2053","2015-02-27",2.19
"2054","2015-03-02",2.11
"2055","2015-03-03",2.06
"2056","2015-03-04",2.1
"2057","2015-03-05",2.38
"2058","2015-03-06",2.42
"2059","2015-03-09",2.52
"2060","2015-03-10",2.62
"2061","2015-03-11",2.72
"2062","2015-03-12",2.78
"2063","2015-03-13",2.74
"2064","2015-03-16",3.14
"2065","2015-03-17",3.53
"2066","2015-03-18",3.99
"2067","2015-03-19",3.86
"2068","2015-03-20",3.71
"2069","2015-03-23",3.81
"2070","2015-03-24",3.74
"2071","2015-03-25",3.57
"2072","2015-03-26",3.45
"2073","2015-03-27",3.54
"2074","2015-03-30",3.52
"2075","2015-03-31",3.43
"2076","2015-04-01",3.44
"2077","2015-04-02",3.29
"2078","2015-04-06",3.33
"2079","2015-04-07",3.51
"2080","2015-04-08",3.32
"2081","2015-04-09",3.24
"2082","2015-04-10",3.19
"2083","2015-04-13",3.28
"2084","2015-04-14",3.17
"2085","2015-04-15",3.14
"2086","2015-04-16",3.26
"2087","2015-04-17",3.22
"2088","2015-04-20",3.44
"2089","2015-04-21",3.36
"2090","2015-04-22",3.62
"2091","2015-04-23",3.56
"2092","2015-04-24",3.68
"2093","2015-04-27",3.54
"2094","2015-04-28",3.54
"2095","2015-04-29",3.54
"2096","2015-04-30",3.25
"2097","2015-05-01",3.38
"2098","2015-05-04",3.27
"2099","2015-05-05",2.96
"2100","2015-05-06",2.94
"2101","2015-05-07",3.08
"2102","2015-05-08",3.01
"2103","2015-05-11",3.1
"2104","2015-05-12",3.07
"2105","2015-05-13",3.02
"2106","2015-05-14",3.04
"2107","2015-05-15",3.16
"2108","2015-05-18",3.09
"2109","2015-05-19",3.07
"2110","2015-05-20",3.04
"2111","2015-05-21",3.04
"2112","2015-05-22",3.04
"2113","2015-05-26",2.95
"2114","2015-05-27",3.02
"2115","2015-05-28",3.2
"2116","2015-05-29",3.23
"2117","2015-06-01",3.28
"2118","2015-06-02",3.26
"2119","2015-06-03",3.28
"2120","2015-06-04",3.15
"2121","2015-06-05",3.2
"2122","2015-06-08",3.08
"2123","2015-06-09",3.08
"2124","2015-06-10",3.1
"2125","2015-06-11",3.1
"2126","2015-06-12",3.08
"2127","2015-06-15",3.08
"2128","2015-06-16",3.09
"2129","2015-06-17",3.05
"2130","2015-06-18",3.07
"2131","2015-06-19",3.08
"2132","2015-06-22",3.16
"2133","2015-06-23",3.12
"2134","2015-06-24",3.17
"2135","2015-06-25",3.09
"2136","2015-06-26",3.16
"2137","2015-06-29",2.93
"2138","2015-06-30",3
"2139","2015-07-01",2.87
"2140","2015-07-02",2.86
"2141","2015-07-06",2.77
"2142","2015-07-07",2.71
"2143","2015-07-08",2.6
"2144","2015-07-09",2.58
"2145","2015-07-10",2.74
"2146","2015-07-13",2.71
"2147","2015-07-14",2.72
"2148","2015-07-15",2.75
"2149","2015-07-16",2.75
"2150","2015-07-17",2.74
"2151","2015-07-20",2.77
"2152","2015-07-21",2.81
"2153","2015-07-22",2.87
"2154","2015-07-23",2.9
"2155","2015-07-24",3.15
"2156","2015-07-27",3.35
"2157","2015-07-28",3.26
"2158","2015-07-29",3.1
"2159","2015-07-30",2.93
"2160","2015-07-31",3.05
"2161","2015-08-03",3.08
"2162","2015-08-04",3.16
"2163","2015-08-05",3.11
"2164","2015-08-06",3.1
"2165","2015-08-07",3.18
"2166","2015-08-10",3.17
"2167","2015-08-11",3.14
"2168","2015-08-12",3.03
"2169","2015-08-13",3.06
"2170","2015-08-14",3.06
"2171","2015-08-17",3.26
"2172","2015-08-18",3.19
"2173","2015-08-19",3.26
"2174","2015-08-20",3.24
"2175","2015-08-21",3.09
"2176","2015-08-24",2.92
"2177","2015-08-25",2.99
"2178","2015-08-26",3.06
"2179","2015-08-27",3.1
"2180","2015-08-28",3.18
"2181","2015-08-31",3.16
"2182","2015-09-01",3.17
"2183","2015-09-02",3.29
"2184","2015-09-03",3.22
"2185","2015-09-04",3.2
"2186","2015-09-08",3.24
"2187","2015-09-09",3.16
"2188","2015-09-10",3.13
"2189","2015-09-11",3.16
"2190","2015-09-14",3.13
"2191","2015-09-15",3.14
"2192","2015-09-16",3.18
"2193","2015-09-17",3.16
"2194","2015-09-18",3.1
"2195","2015-09-21",3.12
"2196","2015-09-22",3.14
"2197","2015-09-23",3.2
"2198","2015-09-24",3.22
"2199","2015-09-25",3.4
"2200","2015-09-28",3.22
"2201","2015-09-29",3.07
"2202","2015-09-30",3.19
"2203","2015-10-01",3.16
"2204","2015-10-02",3.22
"2205","2015-10-05",3.38
"2206","2015-10-06",3.07
"2207","2015-10-07",3.16
"2208","2015-10-08",3.07
"2209","2015-10-09",3.03
"2210","2015-10-12",3.05
"2211","2015-10-13",3.1
"2212","2015-10-14",3.03
"2213","2015-10-15",3.11
"2214","2015-10-16",3.09
"2215","2015-10-19",3.17
"2216","2015-10-20",3.12
"2217","2015-10-21",3.12
"2218","2015-10-22",3.09
"2219","2015-10-23",3.08
"2220","2015-10-26",3.03
"2221","2015-10-27",2.99
"2222","2015-10-28",3.02
"2223","2015-10-29",2.99
"2224","2015-10-30",2.95
"2225","2015-11-02",2.89
"2226","2015-11-03",2.87
"2227","2015-11-04",2.9
"2228","2015-11-05",2.63
"2229","2015-11-06",2.65
"2230","2015-11-09",2.49
"2231","2015-11-10",2.33
"2232","2015-11-11",2.43
"2233","2015-11-12",2.36
"2234","2015-11-13",2.32
"2235","2015-11-16",2.42
"2236","2015-11-17",2.41
"2237","2015-11-18",2.41
"2238","2015-11-19",2.35
"2239","2015-11-20",2.39
"2240","2015-11-23",2.4
"2241","2015-11-24",2.46
"2242","2015-11-25",2.58
"2243","2015-11-27",2.51
"2244","2015-11-30",2.51
"2245","2015-12-01",2.58
"2246","2015-12-02",2.56
"2247","2015-12-03",2.6
"2248","2015-12-04",2.57
"2249","2015-12-07",2.59
"2250","2015-12-08",2.62
"2251","2015-12-09",2.72
"2252","2015-12-10",2.76
"2253","2015-12-11",2.65
"2254","2015-12-14",2.6
"2255","2015-12-15",2.73
"2256","2015-12-16",2.66
"2257","2015-12-17",2.66
"2258","2015-12-18",2.75
"2259","2015-12-21",2.86
"2260","2015-12-22",2.87
"2261","2015-12-23",2.95
"2262","2015-12-24",2.99
"2263","2015-12-28",2.98
"2264","2015-12-29",3
"2265","2015-12-30",2.94
"2266","2015-12-31",2.86
"2267","2016-01-04",2.95
"2268","2016-01-05",2.87
"2269","2016-01-06",2.79
"2270","2016-01-07",2.76
"2271","2016-01-08",2.58
"2272","2016-01-11",2.43
"2273","2016-01-12",2.52
"2274","2016-01-13",2.45
"2275","2016-01-14",2.53
"2276","2016-01-15",2.43
"2277","2016-01-19",2.4
"2278","2016-01-20",2.49
"2279","2016-01-21",2.66
"2280","2016-01-22",2.73
"2281","2016-01-25",2.81
"2282","2016-01-26",2.82
"2283","2016-01-27",2.79
"2284","2016-01-28",2.78
"2285","2016-01-29",2.84
"2286","2016-02-01",2.73
"2287","2016-02-02",2.75
"2288","2016-02-03",2.7
"2289","2016-02-04",2.65
"2290","2016-02-05",2.8
"2291","2016-02-08",2.71
"2292","2016-02-09",2.65
"2293","2016-02-10",2.69
"2294","2016-02-11",2.65
"2295","2016-02-12",2.61
"2296","2016-02-16",2.66
"2297","2016-02-17",2.74
"2298","2016-02-18",2.73
"2299","2016-02-19",2.85
"2300","2016-02-22",2.99
"2301","2016-02-23",2.91
"2302","2016-02-24",2.91
"2303","2016-02-25",2.87
"2304","2016-02-26",2.9
"2305","2016-02-29",2.95
"2306","2016-03-01",2.91
"2307","2016-03-02",2.95
"2308","2016-03-03",2.91
"2309","2016-03-04",2.86
"2310","2016-03-07",2.85
"2311","2016-03-08",2.6
"2312","2016-03-09",2.51
"2313","2016-03-10",2.36
"2314","2016-03-11",2.35
"2315","2016-03-14",2.31
"2316","2016-03-15",2.11
"2317","2016-03-16",2.13
"2318","2016-03-17",1.95
"2319","2016-03-18",1.91
"2320","2016-03-21",1.76
"2321","2016-03-22",1.85
"2322","2016-03-23",1.76
"2323","2016-03-24",1.73
"2324","2016-03-28",1.79
"2325","2016-03-29",1.81
"2326","2016-03-30",1.89
"2327","2016-03-31",1.87
"2328","2016-04-01",1.74
"2329","2016-04-04",1.82
"2330","2016-04-05",1.77
"2331","2016-04-06",1.79
"2332","2016-04-07",1.82
"2333","2016-04-08",1.78
"2334","2016-04-11",1.76
"2335","2016-04-12",1.78
"2336","2016-04-13",1.85
"2337","2016-04-14",1.82
"2338","2016-04-15",1.82
"2339","2016-04-18",1.93
"2340","2016-04-19",1.8
"2341","2016-04-20",1.8
"2342","2016-04-21",1.86
"2343","2016-04-22",1.82
"2344","2016-04-25",1.85
"2345","2016-04-26",1.84
"2346","2016-04-27",1.97
"2347","2016-04-28",2.14
"2348","2016-04-29",2.16
"2349","2016-05-02",2.11
"2350","2016-05-03",2.04
"2351","2016-05-04",1.93
"2352","2016-05-05",1.93
"2353","2016-05-06",1.91
"2354","2016-05-09",1.82
"2355","2016-05-10",1.87
"2356","2016-05-11",1.91
"2357","2016-05-12",1.86
"2358","2016-05-13",1.88
"2359","2016-05-16",1.88
"2360","2016-05-17",1.86
"2361","2016-05-18",1.86
"2362","2016-05-19",1.85
"2363","2016-05-20",1.83
"2364","2016-05-23",2.06
"2365","2016-05-24",1.93
"2366","2016-05-25",1.93
"2367","2016-05-26",1.9
"2368","2016-05-27",1.9
"2369","2016-05-31",1.9
"2370","2016-06-01",1.89
"2371","2016-06-02",1.88
"2372","2016-06-03",1.84
"2373","2016-06-06",1.89
"2374","2016-06-07",1.92
"2375","2016-06-08",1.84
"2376","2016-06-09",1.81
"2377","2016-06-10",1.77
"2378","2016-06-13",1.75
"2379","2016-06-14",1.85
"2380","2016-06-15",1.87
"2381","2016-06-16",1.85
"2382","2016-06-17",1.86
"2383","2016-06-20",1.85
"2384","2016-06-21",1.84
"2385","2016-06-22",1.79
"2386","2016-06-23",1.79
"2387","2016-06-24",1.78
"2388","2016-06-27",1.65
"2389","2016-06-28",1.66
"2390","2016-06-29",1.71
"2391","2016-06-30",1.68
"2392","2016-07-01",1.78
"2393","2016-07-05",1.78
"2394","2016-07-06",1.79
"2395","2016-07-07",1.82
"2396","2016-07-08",1.93
"2397","2016-07-11",1.99
"2398","2016-07-12",2
"2399","2016-07-13",1.96
"2400","2016-07-14",1.93
"2401","2016-07-15",1.92
"2402","2016-07-18",1.89
"2403","2016-07-19",1.85
"2404","2016-07-20",1.89
"2405","2016-07-21",1.85
"2406","2016-07-22",1.78
"2407","2016-07-25",1.75
"2408","2016-07-26",1.79
"2409","2016-07-27",1.75
"2410","2016-07-28",1.53
"2411","2016-07-29",1.56
"2412","2016-08-01",1.54
"2413","2016-08-02",1.48
"2414","2016-08-03",1.37
"2415","2016-08-04",1.42
"2416","2016-08-05",1.46
"2417","2016-08-08",1.59
"2418","2016-08-09",1.53
"2419","2016-08-10",1.48
"2420","2016-08-11",1.54
"2421","2016-08-12",1.54
"2422","2016-08-15",1.6
"2423","2016-08-16",1.58
"2424","2016-08-17",1.56
"2425","2016-08-18",1.54
"2426","2016-08-19",1.54
"2427","2016-08-22",1.53
"2428","2016-08-23",1.51
"2429","2016-08-24",1.46
"2430","2016-08-25",1.46
"2431","2016-08-26",1.52
"2432","2016-08-29",1.5
"2433","2016-08-30",1.51
"2434","2016-08-31",1.51
"2435","2016-09-01",1.44
"2436","2016-09-02",1.46
"2437","2016-09-06",1.51
"2438","2016-09-07",1.42
"2439","2016-09-08",1.39
"2440","2016-09-09",1.4
"2441","2016-09-12",1.44
"2442","2016-09-13",1.41
"2443","2016-09-14",1.43
"2444","2016-09-15",1.45
"2445","2016-09-16",1.5
"2446","2016-09-19",1.5
"2447","2016-09-20",1.38
"2448","2016-09-21",1.39
"2449","2016-09-22",1.4
"2450","2016-09-23",1.38
"2451","2016-09-26",1.33
"2452","2016-09-27",1.31
"2453","2016-09-28",1.31
"2454","2016-09-29",1.32
"2455","2016-09-30",1.38
"2456","2016-10-03",1.35
"2457","2016-10-04",1.38
"2458","2016-10-05",1.33
"2459","2016-10-06",1.31
"2460","2016-10-07",1.27
"2461","2016-10-10",1.18
"2462","2016-10-11",1.12
"2463","2016-10-12",1.16
"2464","2016-10-13",1.16
"2465","2016-10-14",1.16
"2466","2016-10-17",1.18
"2467","2016-10-18",1.15
"2468","2016-10-19",1.2
"2469","2016-10-20",1.21
"2470","2016-10-21",1.15
"2471","2016-10-24",1.16
"2472","2016-10-25",1.16
"2473","2016-10-26",1.15
"2474","2016-10-27",1.12
"2475","2016-10-28",1.04
"2476","2016-10-31",1.02
"2477","2016-11-01",0.94
"2478","2016-11-02",1.08
"2479","2016-11-03",1.05
"2480","2016-11-04",1.06
"2481","2016-11-07",1.11
"2482","2016-11-08",1.15
"2483","2016-11-09",1.15
"2484","2016-11-10",1.37
"2485","2016-11-11",1.4
"2486","2016-11-14",1.36
"2487","2016-11-15",1.27
"2488","2016-11-16",1.35
"2489","2016-11-17",1.33
"2490","2016-11-18",1.37
"2491","2016-11-21",1.63
"2492","2016-11-22",1.56
"2493","2016-11-23",1.63
"2494","2016-11-25",1.63
"2495","2016-11-28",1.71
"2496","2016-11-29",1.74
"2497","2016-11-30",1.65
"2498","2016-12-01",1.56
"2499","2016-12-02",1.61
"2500","2016-12-05",1.61
"2501","2016-12-06",1.43
"2502","2016-12-07",1.4
"2503","2016-12-08",1.33
"2504","2016-12-09",1.05
"2505","2016-12-12",1.05
"2506","2016-12-13",1.02
"2507","2016-12-14",1.01
"2508","2016-12-15",1.21
"2509","2016-12-16",1.21
"2510","2016-12-19",1.22
"2511","2016-12-20",1.16
"2512","2016-12-21",1.14
"2513","2016-12-22",1.2
"2514","2016-12-23",1.24
"2515","2016-12-27",1.43
"2516","2016-12-28",1.32
"2517","2016-12-29",1.21
"2518","2016-12-30",1.26
"2519","2017-01-03",1.29
"2520","2017-01-04",1.37
"2521","2017-01-05",1.4
"2522","2017-01-06",1.3
"2523","2017-01-09",1.3
"2524","2017-01-10",1.28
"2525","2017-01-11",1.42
"2526","2017-01-12",1.36
"2527","2017-01-13",1.31
"2528","2017-01-17",1.31
"2529","2017-01-18",1.29
"2530","2017-01-19",1.26
"2531","2017-01-20",1.22
"2532","2017-01-23",1.23
"2533","2017-01-24",1.16
"2534","2017-01-25",1.26
"2535","2017-01-26",1.48
"2536","2017-01-27",1.45
"2537","2017-01-30",1.4
"2538","2017-01-31",1.35
"2539","2017-02-01",1.39
"2540","2017-02-02",1.51
"2541","2017-02-03",1.71
"2542","2017-02-06",1.56
"2543","2017-02-07",1.78
"2544","2017-02-08",1.67
"2545","2017-02-09",1.71
"2546","2017-02-10",1.67
"2547","2017-02-13",1.61
"2548","2017-02-14",1.89
"2549","2017-02-15",1.79
"2550","2017-02-16",1.78
"2551","2017-02-17",1.82
"2552","2017-02-21",1.76
"2553","2017-02-22",1.69
"2554","2017-02-23",1.71
"2555","2017-02-24",1.73
"2556","2017-02-27",1.71
"2557","2017-02-28",1.6
"2558","2017-03-01",1.63
"2559","2017-03-02",1.53
"2560","2017-03-03",1.62
"2561","2017-03-06",1.71
"2562","2017-03-07",1.69
"2563","2017-03-08",1.76
"2564","2017-03-09",1.69
"2565","2017-03-10",1.66
"2566","2017-03-13",1.62
"2567","2017-03-14",1.6
"2568","2017-03-15",1.83
"2569","2017-03-16",1.86
"2570","2017-03-17",2.08
"2571","2017-03-20",2.6
"2572","2017-03-21",2.5
"2573","2017-03-22",2.44
"2574","2017-03-23",2.27
"2575","2017-03-24",2.53
"2576","2017-03-27",2.5
"2577","2017-03-28",2.55
"2578","2017-03-29",2.51
"2579","2017-03-30",2.43
"2580","2017-03-31",2.49
"2581","2017-04-03",2.4
"2582","2017-04-04",2.28
"2583","2017-04-05",2.22
"2584","2017-04-06",2.22
"2585","2017-04-07",2.21
"2586","2017-04-10",2.08
"2587","2017-04-11",2.05
"2588","2017-04-12",2.03
"2589","2017-04-13",2.05
"2590","2017-04-17",2.05
"2591","2017-04-18",2.34
"2592","2017-04-19",2.23
"2593","2017-04-20",2.61
"2594","2017-04-21",2.61
"2595","2017-04-24",2.87
"2596","2017-04-25",2.71
"2597","2017-04-26",2.72
"2598","2017-04-27",2.31
"2599","2017-04-28",2.25
"2600","2017-05-01",2.11
"2601","2017-05-02",2.17
"2602","2017-05-03",2.09
"2603","2017-05-04",2.01
"2604","2017-05-05",2.1
"2605","2017-05-08",2.3
"2606","2017-05-09",2.29
"2607","2017-05-10",2.15
"2608","2017-05-11",2.22
"2609","2017-05-12",2.12
"2610","2017-05-15",2.11
"2611","2017-05-16",2.11
"2612","2017-05-17",2.11
"2613","2017-05-18",2.1
"2614","2017-05-19",2.11
"2615","2017-05-22",2.1
"2616","2017-05-23",2.12
"2617","2017-05-24",2.08
"2618","2017-05-25",2.08
"2619","2017-05-26",2.1
"2620","2017-05-30",2.01
"2621","2017-05-31",1.97
"2622","2017-06-01",2.07
"2623","2017-06-02",2.12
"2624","2017-06-05",2.04
"2625","2017-06-06",1.99
"2626","2017-06-07",1.95
"2627","2017-06-08",1.9
"2628","2017-06-09",1.78
"2629","2017-06-12",1.81
"2630","2017-06-13",1.83
"2631","2017-06-14",1.93
"2632","2017-06-15",1.95
"2633","2017-06-16",1.97
"2634","2017-06-19",1.99
"2635","2017-06-20",1.93
"2636","2017-06-21",1.87
"2637","2017-06-22",1.88
"2638","2017-06-23",2.25
"2639","2017-06-26",2.24
"2640","2017-06-27",2.21
"2641","2017-06-28",2.26
"2642","2017-06-29",2.31
"2643","2017-06-30",2.12
"2644","2017-07-03",2.2
"2645","2017-07-05",2.15
"2646","2017-07-06",2.18
"2647","2017-07-07",2.2
"2648","2017-07-10",2.28
"2649","2017-07-11",2.49
"2650","2017-07-12",2.41
"2651","2017-07-13",2.47
"2652","2017-07-14",2.42
"2653","2017-07-17",2.4
"2654","2017-07-18",2.29
"2655","2017-07-19",2.29
"2656","2017-07-20",2.24
"2657","2017-07-21",2.25
"2658","2017-07-24",2.27
"2659","2017-07-25",2.34
"2660","2017-07-26",2.36
"2661","2017-07-27",2.27
"2662","2017-07-28",2.19
"2663","2017-07-31",2.27
"2664","2017-08-01",2.25
"2665","2017-08-02",2.31
"2666","2017-08-03",2.45
"2667","2017-08-04",2.47
"2668","2017-08-07",2.52
"2669","2017-08-08",2.46
"2670","2017-08-09",2.14
"2671","2017-08-10",2.11
"2672","2017-08-11",2.18
"2673","2017-08-14",2.16
"2674","2017-08-15",2.14
"2675","2017-08-16",2.13
"2676","2017-08-17",2.15
"2677","2017-08-18",2.12
"2678","2017-08-21",2.03
"2679","2017-08-22",2.08
"2680","2017-08-23",2.09
"2681","2017-08-24",2.12
"2682","2017-08-25",2.15
"2683","2017-08-28",2.19
"2684","2017-08-29",2.25
"2685","2017-08-30",2.41
"2686","2017-08-31",2.37
"2687","2017-09-01",2.3
"2688","2017-09-05",2.3
"2689","2017-09-06",2.42
"2690","2017-09-07",2.81
"2691","2017-09-08",3.07
"2692","2017-09-11",2.95
"2693","2017-09-12",2.95
"2694","2017-09-13",3.17
"2695","2017-09-14",2.9
"2696","2017-09-15",2.88
"2697","2017-09-18",2.87
"2698","2017-09-19",2.71
"2699","2017-09-20",2.7
"2700","2017-09-21",2.64
"2701","2017-09-22",2.68
"2702","2017-09-25",2.58
"2703","2017-09-26",2.64
"2704","2017-09-27",2.75
"2705","2017-09-28",2.71
"2706","2017-09-29",2.78
"2707","2017-10-02",2.81
"2708","2017-10-03",2.75
"2709","2017-10-04",2.73
"2710","2017-10-05",2.64
"2711","2017-10-06",2.59
"2712","2017-10-09",2.58
"2713","2017-10-10",2.63
"2714","2017-10-11",2.58
"2715","2017-10-12",2.58
"2716","2017-10-13",2.47
"2717","2017-10-16",2.44
"2718","2017-10-17",2.41
"2719","2017-10-18",2.36
"2720","2017-10-19",2.29
"2721","2017-10-20",2.45
"2722","2017-10-23",2.39
"2723","2017-10-24",2.33
"2724","2017-10-25",2.32
"2725","2017-10-26",2.36
"2726","2017-10-27",2.27
"2727","2017-10-30",2.23
"2728","2017-10-31",2.21
"2729","2017-11-01",2.21
"2730","2017-11-02",1.66
"2731","2017-11-03",1.57
"2732","2017-11-06",1.56
"2733","2017-11-07",1.58
"2734","2017-11-08",1.62
"2735","2017-11-09",1.6
"2736","2017-11-10",1.64
"2737","2017-11-13",1.57
"2738","2017-11-14",1.58
"2739","2017-11-15",1.57
"2740","2017-11-16",1.49
"2741","2017-11-17",1.46
"2742","2017-11-20",1.45
"2743","2017-11-21",1.56
"2744","2017-11-22",1.63
"2745","2017-11-24",1.7
"2746","2017-11-27",1.68
"2747","2017-11-28",1.73
"2748","2017-11-29",1.68
"2749","2017-11-30",1.69
"2750","2017-12-01",1.63
"2751","2017-12-04",1.53
"2752","2017-12-05",1.5
"2753","2017-12-06",1.51
"2754","2017-12-07",1.52
"2755","2017-12-08",1.54
"2756","2017-12-11",1.52
"2757","2017-12-12",1.53
"2758","2017-12-13",1.66
"2759","2017-12-14",1.72
"2760","2017-12-15",1.7
"2761","2017-12-18",1.72
"2762","2017-12-19",1.68
"2763","2017-12-20",1.72
"2764","2017-12-21",1.73
"2765","2017-12-22",1.65
"2766","2017-12-26",1.69
"2767","2017-12-27",1.75
"2768","2017-12-28",1.67
"2769","2017-12-29",1.63
"2770","2018-01-02",1.64
"2771","2018-01-03",1.64
"2772","2018-01-04",1.68
"2773","2018-01-05",1.78
"2774","2018-01-08",1.61
"2775","2018-01-09",1.55
"2776","2018-01-10",1.48
"2777","2018-01-11",1.45
"2778","2018-01-12",1.47
"2779","2018-01-16",1.49
"2780","2018-01-17",1.48
"2781","2018-01-18",1.37
"2782","2018-01-19",1.32
"2783","2018-01-22",1.26
"2784","2018-01-23",1.34
"2785","2018-01-24",1.31
"2786","2018-01-25",1.28
"2787","2018-01-26",1.26
"2788","2018-01-29",1.21
"2789","2018-01-30",1.2
"2790","2018-01-31",1.19
"2791","2018-02-01",1.27
"2792","2018-02-02",1.24
"2793","2018-02-05",1.14
"2794","2018-02-06",1.12
"2795","2018-02-07",1.2
"2796","2018-02-08",1.15
"2797","2018-02-09",1.13
"2798","2018-02-12",1.13
"2799","2018-02-13",1.19
"2800","2018-02-14",1.19
"2801","2018-02-15",1.22
"2802","2018-02-16",1.22
"2803","2018-02-20",1.23
"2804","2018-02-21",1.23
"2805","2018-02-22",1.25
"2806","2018-02-23",1.11
"2807","2018-02-26",1.18
"2808","2018-02-27",1.15
"2809","2018-02-28",1.1
"2810","2018-03-01",1.1
"2811","2018-03-02",1.14
"2812","2018-03-05",1.11
"2813","2018-03-06",1.07
"2814","2018-03-07",1.04
"2815","2018-03-08",1.09
"2816","2018-03-09",1.14
"2817","2018-03-12",1.2
"2818","2018-03-13",1.2
"2819","2018-03-14",1.29
"2820","2018-03-15",1.2
"2821","2018-03-16",1.25
"2822","2018-03-19",1.24
"2823","2018-03-20",1.18
"2824","2018-03-21",1.12
"2825","2018-03-22",1.11
"2826","2018-03-23",1.12
"2827","2018-03-26",1.12
"2828","2018-03-27",1.13
"2829","2018-03-28",1.1
"2830","2018-03-29",1.13
"2831","2018-04-02",1.03
"2832","2018-04-03",1.05
"2833","2018-04-04",1.04
"2834","2018-04-05",1.1
"2835","2018-04-06",1.04
"2836","2018-04-09",1.06
"2837","2018-04-10",1.09
"2838","2018-04-11",1.15
"2839","2018-04-12",1.17
"2840","2018-04-13",1.18
"2841","2018-04-16",1.3
"2842","2018-04-17",1.3
"2843","2018-04-18",1.3
"2844","2018-04-19",1.28
"2845","2018-04-20",1.34
"2846","2018-04-23",1.38
"2847","2018-04-24",1.29
"2848","2018-04-25",1.32
"2849","2018-04-26",1.35
"2850","2018-04-27",1.3
"2851","2018-04-30",1.28
"2852","2018-05-01",1.27
"2853","2018-05-02",1.31
"2854","2018-05-03",1.27
"2855","2018-05-04",1.31
"2856","2018-05-07",1.37
"2857","2018-05-08",1.36
"2858","2018-05-09",1.51
"2859","2018-05-10",1.36
"2860","2018-05-11",1.4
"2861","2018-05-14",1.44
"2862","2018-05-15",1.5
"2863","2018-05-16",1.59
"2864","2018-05-17",1.61
"2865","2018-05-18",1.63
"2866","2018-05-21",1.73
"2867","2018-05-22",1.66
"2868","2018-05-23",1.67
"2869","2018-05-24",1.58
"2870","2018-05-25",1.65
"2871","2018-05-29",1.64
"2872","2018-05-30",1.66
"2873","2018-05-31",1.63
"2874","2018-06-01",1.53
"2875","2018-06-04",1.48
"2876","2018-06-05",1.43
"2877","2018-06-06",1.44
"2878","2018-06-07",1.43
"2879","2018-06-08",1.3
"2880","2018-06-11",1.29
"2881","2018-06-12",1.17
"2882","2018-06-13",1.27
"2883","2018-06-14",1.22
"2884","2018-06-15",1.24
"2885","2018-06-18",1.23
"2886","2018-06-19",1.19
"2887","2018-06-20",1.17
"2888","2018-06-21",1.21
"2889","2018-06-22",1.15
"2890","2018-06-25",1.1
"2891","2018-06-26",1.15
"2892","2018-06-27",1.08
"2893","2018-06-28",1.06
"2894","2018-06-29",1.12
"2895","2018-07-02",1.09
"2896","2018-07-03",1.07
"2897","2018-07-05",1.07
"2898","2018-07-06",1.07
"2899","2018-07-09",1.09
"2900","2018-07-10",1.07
"2901","2018-07-11",1.07
"2902","2018-07-12",1.07
"2903","2018-07-13",1.06
"2904","2018-07-16",1.05
"2905","2018-07-17",1.01
"2906","2018-07-18",1.04
"2907","2018-07-19",1.06
"2908","2018-07-20",1.05
"2909","2018-07-23",1.03
"2910","2018-07-24",0.93
"2911","2018-07-25",0.95
"2912","2018-07-26",0.92
"2913","2018-07-27",0.93
"2914","2018-07-30",0.92
"2915","2018-07-31",0.9
"2916","2018-08-01",0.99
"2917","2018-08-02",0.99
"2918","2018-08-03",0.97
"2919","2018-08-06",0.97
"2920","2018-08-07",0.98
"2921","2018-08-08",0.95
"2922","2018-08-09",0.91
"2923","2018-08-10",1.03
"2924","2018-08-13",1.01
"2925","2018-08-14",0.99
"2926","2018-08-15",0.92
"2927","2018-08-16",0.96
"2928","2018-08-17",0.96
"2929","2018-08-20",0.97
"2930","2018-08-21",0.99
"2931","2018-08-22",1
"2932","2018-08-23",0.98
"2933","2018-08-24",1.04
"2934","2018-08-27",1.06
"2935","2018-08-28",1.03
"2936","2018-08-29",1.04
"2937","2018-08-30",1.06
"2938","2018-08-31",1.07
"2939","2018-09-04",1.03
"2940","2018-09-05",1.17
"2941","2018-09-06",1.11
"2942","2018-09-07",1.08
"2943","2018-09-10",1.09
"2944","2018-09-11",1.09
"2945","2018-09-12",1.09
"2946","2018-09-13",1.08
"2947","2018-09-14",1.08
"2948","2018-09-17",1.08
"2949","2018-09-18",1.09
"2950","2018-09-19",1.1
"2951","2018-09-20",1.15
"2952","2018-09-21",1.16
"2953","2018-09-24",1.18
"2954","2018-09-25",1.27
"2955","2018-09-26",1.26
"2956","2018-09-27",1.19
"2957","2018-09-28",1.21
"2958","2018-10-01",1.25
"2959","2018-10-02",1.27
"2960","2018-10-03",1.34
"2961","2018-10-04",1.28
"2962","2018-10-05",1.32
"2963","2018-10-08",1.35
"2964","2018-10-09",1.35
"2965","2018-10-10",1.29
"2966","2018-10-11",1.27
"2967","2018-10-12",1.29
"2968","2018-10-15",1.27
"2969","2018-10-16",1.29
"2970","2018-10-17",1.27
"2971","2018-10-18",1.21
"2972","2018-10-19",1.18
"2973","2018-10-22",1.09
"2974","2018-10-23",1.08
"2975","2018-10-24",1.07
"2976","2018-10-25",1.09
"2977","2018-10-26",1.02
"2978","2018-10-29",1
"2979","2018-10-30",1.02
"2980","2018-10-31",1.08
"2981","2018-11-01",1.1
"2982","2018-11-02",1.07
"2983","2018-11-05",1.04
"2984","2018-11-06",1.06
"2985","2018-11-07",1.02
"2986","2018-11-08",1.03
"2987","2018-11-09",1.02
"2988","2018-11-12",0.97
"2989","2018-11-13",0.97
"2990","2018-11-14",0.96
"2991","2018-11-15",0.97
"2992","2018-11-16",0.95
"2993","2018-11-19",0.96
"2994","2018-11-20",0.93
"2995","2018-11-21",0.95
"2996","2018-11-23",0.94
"2997","2018-11-26",0.93
"2998","2018-11-27",0.74
"2999","2018-11-28",0.8
"3000","2018-11-29",0.82
"3001","2018-11-30",0.79
"3002","2018-12-03",0.8
"3003","2018-12-04",0.79
"3004","2018-12-06",0.66
"3005","2018-12-07",0.57
"3006","2018-12-10",0.57
"3007","2018-12-11",0.56
"3008","2018-12-12",0.58
"3009","2018-12-13",0.56
"3010","2018-12-14",0.56
"3011","2018-12-17",0.51
"3012","2018-12-18",0.52
"3013","2018-12-19",0.62
"3014","2018-12-20",0.61
"3015","2018-12-21",0.53
"3016","2018-12-24",0.53
"3017","2018-12-26",0.61
"3018","2018-12-27",0.6
"3019","2018-12-28",0.63
"3020","2018-12-31",0.6
"3021","2019-01-02",0.7
"3022","2019-01-03",0.76
"3023","2019-01-04",0.79
"3024","2019-01-07",0.82
"3025","2019-01-08",0.73
"3026","2019-01-09",0.71
"3027","2019-01-10",0.74
"3028","2019-01-11",0.76
"3029","2019-01-14",0.75
"3030","2019-01-15",0.79
"3031","2019-01-16",0.8
"3032","2019-01-17",0.8
"3033","2019-01-18",0.8
"3034","2019-01-22",0.79
"3035","2019-01-23",0.76
"3036","2019-01-24",0.79
"3037","2019-01-25",0.78
"3038","2019-01-28",0.8
"3039","2019-01-29",0.82
"3040","2019-01-30",0.81
"3041","2019-01-31",0.88
"3042","2019-02-01",0.92
"3043","2019-02-04",0.98
"3044","2019-02-05",0.95
"3045","2019-02-06",0.95
"3046","2019-02-07",0.93
"3047","2019-02-08",0.94
"3048","2019-02-11",1
"3049","2019-02-12",1.02
"3050","2019-02-13",1.05
"3051","2019-02-14",1.08
"3052","2019-02-15",1.09
"3053","2019-02-19",1.12
"3054","2019-02-20",1.15
"3055","2019-02-21",1.18
"3056","2019-02-22",1.17
"3057","2019-02-25",1.29
"3058","2019-02-26",1.21
"3059","2019-02-27",1.13
"3060","2019-02-28",1.14
"3061","2019-03-01",1.17
"3062","2019-03-04",1.17
"3063","2019-03-05",1.13
"3064","2019-03-06",1.08
"3065","2019-03-07",1.16
"3066","2019-03-08",1.2
"3067","2019-03-11",1.24
"3068","2019-03-12",1.15
"3069","2019-03-13",0.91
"3070","2019-03-14",1.01
"3071","2019-03-15",1.05
"3072","2019-03-18",1.03
"3073","2019-03-19",1.02
"3074","2019-03-20",1.05
"3075","2019-03-21",0.99
"3076","2019-03-22",0.98
"3077","2019-03-25",0.99
"3078","2019-03-26",1.01
"3079","2019-03-27",0.99
"3080","2019-03-28",0.97
"3081","2019-03-29",0.97
"3082","2019-04-01",0.99
"3083","2019-04-02",1
"3084","2019-04-03",1.02
"3085","2019-04-04",0.95
"3086","2019-04-05",0.99
"3087","2019-04-08",0.98
"3088","2019-04-09",1.02
"3089","2019-04-10",1.08
"3090","2019-04-11",1.05
"3091","2019-04-12",1.03
"3092","2019-04-15",1.03
"3093","2019-04-16",1.19
"3094","2019-04-17",1.03
"3095","2019-04-18",1.01
"3096","2019-04-22",0.96
"3097","2019-04-23",0.93
"3098","2019-04-24",1.03
"3099","2019-04-25",1
"3100","2019-04-26",1.02
"3101","2019-04-29",1.05
"3102","2019-04-30",1
"3103","2019-05-01",0.98
"3104","2019-05-02",0.97
"3105","2019-05-03",1
"3106","2019-05-06",0.94
"3107","2019-05-07",0.99
"3108","2019-05-08",0.93
"3109","2019-05-09",0.91
"3110","2019-05-10",0.89
"3111","2019-05-13",0.87
"3112","2019-05-14",0.82
"3113","2019-05-15",0.81
"3114","2019-05-16",0.82
"3115","2019-05-17",0.83
"3116","2019-05-20",0.79
"3117","2019-05-21",0.77
"3118","2019-05-22",0.73
"3119","2019-05-23",0.71
"3120","2019-05-24",0.82
"3121","2019-05-28",0.89
"3122","2019-05-29",0.87
"3123","2019-05-30",0.84
"3124","2019-05-31",0.84
"3125","2019-06-03",0.77
"3126","2019-06-04",0.75
"3127","2019-06-05",0.71
"3128","2019-06-06",0.7
"3129","2019-06-07",0.71
"3130","2019-06-10",0.67
"3131","2019-06-11",0.69
"3132","2019-06-12",0.84
"3133","2019-06-13",0.84
"3134","2019-06-14",0.83
"3135","2019-06-17",0.84
"3136","2019-06-18",0.89
"3137","2019-06-19",0.82
"3138","2019-06-20",0.83
"3139","2019-06-21",0.79
"3140","2019-06-24",0.79
"3141","2019-06-25",0.76
"3142","2019-06-26",0.77
"3143","2019-06-27",0.78
"3144","2019-06-28",0.81
"3145","2019-07-01",0.8
"3146","2019-07-02",0.77
"3147","2019-07-03",0.79
"3148","2019-07-05",0.81
"3149","2019-07-08",0.83
"3150","2019-07-09",0.82
"3151","2019-07-10",0.83
"3152","2019-07-11",0.87
"3153","2019-07-12",0.83
"3154","2019-07-15",0.86
"3155","2019-07-16",0.9
"3156","2019-07-17",0.81
"3157","2019-07-18",0.86
"3158","2019-07-19",0.75
"3159","2019-07-22",0.7
"3160","2019-07-23",0.7
"3161","2019-07-24",0.71
"3162","2019-07-25",0.71
"3163","2019-07-26",0.67
"3164","2019-07-29",0.64
"3165","2019-07-30",0.65
"3166","2019-07-31",0.64
"3167","2019-08-01",0.61
"3168","2019-08-02",0.59
"3169","2019-08-05",0.6
"3170","2019-08-06",0.6
"3171","2019-08-07",0.6
"3172","2019-08-08",0.63
"3173","2019-08-09",0.6
"3174","2019-08-12",0.61
"3175","2019-08-13",0.57
"3176","2019-08-14",0.66
"3177","2019-08-15",0.7
"3178","2019-08-16",0.75
"3179","2019-08-19",0.72
"3180","2019-08-20",0.7
"3181","2019-08-21",0.7
"3182","2019-08-22",0.65
"3183","2019-08-23",0.65
"3184","2019-08-26",0.61
"3185","2019-08-27",0.59
"3186","2019-08-28",0.57
"3187","2019-08-29",0.58
"3188","2019-08-30",0.61
"3189","2019-09-03",0.6
"3190","2019-09-04",0.62
"3191","2019-09-05",0.62
"3192","2019-09-06",0.62
"3193","2019-09-09",0.62
"3194","2019-09-10",0.62
"3195","2019-09-11",0.66
"3196","2019-09-12",0.62
"3197","2019-09-13",0.65
"3198","2019-09-16",0.67
"3199","2019-09-17",0.63
"3200","2019-09-18",0.61
"3201","2019-09-19",0.58
"3202","2019-09-20",0.6
"3203","2019-09-23",0.59
"3204","2019-09-24",0.59
"3205","2019-09-25",0.59
"3206","2019-09-26",0.59
"3207","2019-09-27",0.59
"3208","2019-09-30",0.6
"3209","2019-10-01",0.6
"3210","2019-10-02",0.58
"3211","2019-10-03",0.58
"3212","2019-10-04",0.74
"3213","2019-10-07",0.74
"3214","2019-10-08",0.74
"3215","2019-10-09",0.7
"3216","2019-10-10",0.76
"3217","2019-10-11",0.71
"3218","2019-10-14",0.66
"3219","2019-10-15",0.66
"3220","2019-10-16",0.7
"3221","2019-10-17",0.69
"3222","2019-10-18",0.71
"3223","2019-10-21",0.72
"3224","2019-10-22",0.8
"3225","2019-10-23",0.74
"3226","2019-10-24",0.72
"3227","2019-10-25",0.7
"3228","2019-10-28",0.71
"3229","2019-10-29",0.74
"3230","2019-10-30",0.76
"3231","2019-10-31",0.74
"3232","2019-11-01",0.74
"3233","2019-11-04",0.69
"3234","2019-11-05",0.71
"3235","2019-11-06",0.65
"3236","2019-11-07",0.75
"3237","2019-11-08",0.72
"3238","2019-11-11",0.73
"3239","2019-11-12",0.71
"3240","2019-11-13",0.74
"3241","2019-11-14",0.98
"3242","2019-11-15",0.82
"3243","2019-11-18",0.81
"3244","2019-11-19",0.84
"3245","2019-11-20",0.85
"3246","2019-11-21",0.86
"3247","2019-11-22",0.85
"3248","2019-11-25",0.85
"3249","2019-11-26",0.86
"3250","2019-11-27",0.82
"3251","2019-11-29",0.79
"3252","2019-12-02",0.75
"3253","2019-12-03",0.75
"3254","2019-12-04",0.73
"3255","2019-12-05",0.75
"3256","2019-12-06",0.75
"3257","2019-12-09",0.74
"3258","2019-12-10",0.72
"3259","2019-12-11",0.71
"3260","2019-12-12",0.68
"3261","2019-12-13",0.68
"3262","2019-12-16",0.67
"3263","2019-12-17",0.63
"3264","2019-12-18",0.66
"3265","2019-12-19",0.7
"3266","2019-12-20",0.68
"3267","2019-12-23",0.72
"3268","2019-12-24",0.72
"3269","2019-12-26",0.74
"3270","2019-12-27",0.74
"3271","2019-12-30",0.7
"3272","2019-12-31",0.72
"3273","2020-01-02",0.77
"3274","2020-01-03",0.76
"3275","2020-01-06",0.73
"3276","2020-01-07",0.75
"3277","2020-01-08",0.74
"3278","2020-01-09",0.72
"3279","2020-01-10",0.73
"3280","2020-01-13",0.75
"3281","2020-01-14",0.73
"3282","2020-01-15",0.72
"3283","2020-01-16",0.75
"3284","2020-01-17",0.75
"3285","2020-01-21",0.75
"3286","2020-01-22",0.73
"3287","2020-01-23",0.73
"3288","2020-01-24",0.7
"3289","2020-01-27",0.7
"3290","2020-01-28",0.73
"3291","2020-01-29",0.71
"3292","2020-01-30",0.66
"3293","2020-01-31",0.65
"3294","2020-02-03",0.59
"3295","2020-02-04",0.61
"3296","2020-02-05",0.62
"3297","2020-02-06",0.63
"3298","2020-02-07",0.61
"3299","2020-02-10",0.62
"3300","2020-02-11",0.61
"3301","2020-02-12",0.61
"3302","2020-02-13",0.61
"3303","2020-02-14",0.61
"3304","2020-02-18",0.61
"3305","2020-02-19",0.63
"3306","2020-02-20",0.67
"3307","2020-02-21",0.66
"3308","2020-02-24",0.62
"3309","2020-02-25",0.58
"3310","2020-02-26",0.27
"3311","2020-02-27",0.28
"3312","2020-02-28",0.25
"3313","2020-03-02",0.3
"3314","2020-03-03",0.37
"3315","2020-03-04",0.32
"3316","2020-03-05",0.29
"3317","2020-03-06",0.28
"3318","2020-03-09",0.24
"3319","2020-03-10",0.24
"3320","2020-03-11",0.23
"3321","2020-03-12",0.2
"3322","2020-03-13",0.18
"3323","2020-03-16",0.17
"3324","2020-03-17",0.17
"3325","2020-03-18",0.17
"3326","2020-03-19",0.18
"3327","2020-03-20",0.18
"3328","2020-03-23",0.17
"3329","2020-03-24",0.19
"3330","2020-03-25",0.19
"3331","2020-03-26",0.2
"3332","2020-03-27",0.19
"3333","2020-03-30",0.18
"3334","2020-03-31",0.17
"3335","2020-04-01",0.2
"3336","2020-04-02",0.22
"3337","2020-04-03",0.21
"3338","2020-04-06",0.22
"3339","2020-04-07",0.23
"3340","2020-04-08",0.23
"3341","2020-04-09",0.21
"3342","2020-04-13",0.22
"3343","2020-04-14",0.32
"3344","2020-04-15",0.26
"3345","2020-04-16",0.25
"3346","2020-04-17",0.27
"3347","2020-04-20",0.25
"3348","2020-04-21",0.24
"3349","2020-04-22",0.23
"3350","2020-04-23",0.25
"3351","2020-04-24",0.25
"3352","2020-04-27",0.26
"3353","2020-04-28",0.25
"3354","2020-04-29",0.32
"3355","2020-04-30",0.35
"3356","2020-05-01",0.44
"3357","2020-05-04",1.1
"3358","2020-05-05",1.3
"3359","2020-05-06",1.13
"3360","2020-05-07",0.84
"3361","2020-05-08",0.77
"3362","2020-05-11",0.84
"3363","2020-05-12",0.92
"3364","2020-05-13",0.83
"3365","2020-05-14",0.9
"3366","2020-05-15",0.84
"3367","2020-05-18",0.9
"3368","2020-05-19",1.01
"3369","2020-05-20",1.03
"3370","2020-05-21",0.99
"3371","2020-05-22",0.98
"3372","2020-05-26",0.94
"3373","2020-05-27",0.94
"3374","2020-05-28",0.9
"3375","2020-05-29",0.88
"3376","2020-06-01",0.96
"3377","2020-06-02",0.96
"3378","2020-06-03",0.99
"3379","2020-06-04",1.04
"3380","2020-06-05",1.02
"3381","2020-06-08",1.02
"3382","2020-06-09",1.25
"3383","2020-06-10",1.19
"3384","2020-06-11",1
"3385","2020-06-12",1.14
"3386","2020-06-15",1.1
"3387","2020-06-16",1.11
"3388","2020-06-17",1.21
"3389","2020-06-18",1.29
"3390","2020-06-19",1.49
"3391","2020-06-22",1.74
"3392","2020-06-23",1.47
"3393","2020-06-24",1.46
"3394","2020-06-25",1.43
"3395","2020-06-26",1.32
"3396","2020-06-29",1.34
"3397","2020-06-30",1.36
"3398","2020-07-01",1.45
"3399","2020-07-02",1.47
"3400","2020-07-06",1.54
"3401","2020-07-07",1.45
"3402","2020-07-08",1.51
"3403","2020-07-09",1.49
"3404","2020-07-10",1.5
"3405","2020-07-13",1.56
"3406","2020-07-14",1.67
"3407","2020-07-15",1.9
"3408","2020-07-16",2.33
"3409","2020-07-17",2.71
"3410","2020-07-20",2.39
"3411","2020-07-21",2.15
"3412","2020-07-22",2.26
"3413","2020-07-23",2.08
"3414","2020-07-24",2
"3415","2020-07-27",2.06
"3416","2020-07-28",2.03
"3417","2020-07-29",1.89
"3418","2020-07-30",2.04
"3419","2020-07-31",2.02
"3420","2020-08-03",2
"3421","2020-08-04",2.54
"3422","2020-08-05",2.53
"3423","2020-08-06",1.89
"3424","2020-08-07",1.71
"3425","2020-08-10",1.52
"3426","2020-08-11",1.54
"3427","2020-08-12",1.42
"3428","2020-08-13",1.52
"3429","2020-08-14",1.5
"3430","2020-08-17",1.47
"3431","2020-08-18",1.45
"3432","2020-08-19",1.5
"3433","2020-08-20",1.42
"3434","2020-08-21",1.38
"3435","2020-08-24",1.28
"3436","2020-08-25",1.32
"3437","2020-08-26",1.53
"3438","2020-08-27",1.6
"3439","2020-08-28",1.68
"3440","2020-08-31",1.58
"3441","2020-09-01",1.59
"3442","2020-09-02",1.56
"3443","2020-09-03",1.5
"3444","2020-09-04",1.48
"3445","2020-09-08",1.49
"3446","2020-09-09",1.54
"3447","2020-09-10",1.53
"3448","2020-09-11",1.52
"3449","2020-09-14",1.68
"3450","2020-09-15",1.7
"3451","2020-09-16",1.64
"3452","2020-09-17",1.67
"3453","2020-09-18",1.77
"3454","2020-09-21",2.06
"3455","2020-09-22",2.06
"3456","2020-09-23",1.86
"3457","2020-09-24",1.83
"3458","2020-09-25",1.91
"3459","2020-09-28",1.93
"3460","2020-09-29",1.91
"3461","2020-09-30",1.95
"3462","2020-10-01",2.1
"3463","2020-10-02",2.03
"3464","2020-10-05",2.08
"3465","2020-10-06",2.13
"3466","2020-10-07",2.12
"3467","2020-10-08",2.24
"3468","2020-10-09",2.61
"3469","2020-10-12",2.47
"3470","2020-10-13",2.66
"3471","2020-10-14",2.49
"3472","2020-10-15",2.4
"3473","2020-10-16",2.36
"3474","2020-10-19",2.43
"3475","2020-10-20",2.34
"3476","2020-10-21",2.4
"3477","2020-10-22",2.38
"3478","2020-10-23",2.44
"3479","2020-10-26",2.54
"3480","2020-10-27",2.63
"3481","2020-10-28",2.41
"3482","2020-10-29",2.21
"3483","2020-10-30",1.73
"3484","2020-11-02",1.61
"3485","2020-11-03",1.84
"3486","2020-11-04",1.91
"3487","2020-11-05",1.91
"3488","2020-11-06",1.86
"3489","2020-11-09",1.83
"3490","2020-11-10",1.83
"3491","2020-11-11",1.82
"3492","2020-11-12",1.87
"3493","2020-11-13",1.83
"3494","2020-11-16",1.91
"3495","2020-11-17",1.94
"3496","2020-11-18",1.97
"3497","2020-11-19",1.92
"3498","2020-11-20",2.03
"3499","2020-11-23",2.31
"3500","2020-11-24",2.28
"3501","2020-11-25",2.27
"3502","2020-11-27",2.3
