"","date","ROLL"
"1","2007-01-03",28.23
"2","2007-01-04",28.209999
"3","2007-01-05",27.469999
"4","2007-01-08",26.41
"5","2007-01-09",26.48
"6","2007-01-10",27.32
"7","2007-01-11",28.370001
"8","2007-01-12",28.83
"9","2007-01-16",28.610001
"10","2007-01-17",28.43
"11","2007-01-18",28.07
"12","2007-01-19",28.73
"13","2007-01-22",28.74
"14","2007-01-23",29
"15","2007-01-24",29.27
"16","2007-01-25",28.940001
"17","2007-01-26",29.23
"18","2007-01-29",29.639999
"19","2007-01-30",30.690001
"20","2007-01-31",30.68
"21","2007-02-01",30.83
"22","2007-02-02",31.280001
"23","2007-02-05",31.1
"24","2007-02-06",31.48
"25","2007-02-07",30.9
"26","2007-02-08",31.84
"27","2007-02-09",31.9
"28","2007-02-12",32.23
"29","2007-02-13",32.049999
"30","2007-02-14",32.619999
"31","2007-02-15",32.18
"32","2007-02-16",33.16
"33","2007-02-20",33.700001
"34","2007-02-21",33.599998
"35","2007-02-22",33.610001
"36","2007-02-23",33.419998
"37","2007-02-26",33.900002
"38","2007-02-27",32
"39","2007-02-28",32.630001
"40","2007-03-01",32.110001
"41","2007-03-02",32.200001
"42","2007-03-05",30.73
"43","2007-03-06",31.74
"44","2007-03-07",31.74
"45","2007-03-08",31.48
"46","2007-03-09",32.75
"47","2007-03-12",32.73
"48","2007-03-13",31.620001
"49","2007-03-14",31.299999
"50","2007-03-15",32.259998
"51","2007-03-16",32.5
"52","2007-03-19",32.299999
"53","2007-03-20",32.169998
"54","2007-03-21",32.52
"55","2007-03-22",32.5
"56","2007-03-23",31.969999
"57","2007-03-26",31.82
"58","2007-03-27",32.349998
"59","2007-03-28",31.620001
"60","2007-03-29",31.65
"61","2007-03-30",33.43
"62","2007-04-02",34.259998
"63","2007-04-03",33.75
"64","2007-04-04",34.099998
"65","2007-04-05",34.77
"66","2007-04-09",36.220001
"67","2007-04-10",35.77
"68","2007-04-11",35.189999
"69","2007-04-12",35.970001
"70","2007-04-13",36.25
"71","2007-04-16",37.450001
"72","2007-04-17",36.880001
"73","2007-04-18",36
"74","2007-04-19",35.75
"75","2007-04-20",37
"76","2007-04-23",36.349998
"77","2007-04-24",36.16
"78","2007-04-25",36.27
"79","2007-04-26",36.849998
"80","2007-04-27",37.27
"81","2007-04-30",38.009998
"82","2007-05-01",37.66
"83","2007-05-02",38.939999
"84","2007-05-03",38.259998
"85","2007-05-04",38.689999
"86","2007-05-07",38.830002
"87","2007-05-08",38.759998
"88","2007-05-09",38.91
"89","2007-05-10",38.900002
"90","2007-05-11",39.25
"91","2007-05-14",38.669998
"92","2007-05-15",37.110001
"93","2007-05-16",37.349998
"94","2007-05-17",36.77
"95","2007-05-18",37
"96","2007-05-21",37.700001
"97","2007-05-22",37.240002
"98","2007-05-23",37.950001
"99","2007-05-24",38.040001
"100","2007-05-25",37.419998
"101","2007-05-29",39.389999
"102","2007-05-30",38.950001
"103","2007-05-31",38.599998
"104","2007-06-01",38.279999
"105","2007-06-04",39.549999
"106","2007-06-05",39.849998
"107","2007-06-06",39.580002
"108","2007-06-07",38.82
"109","2007-06-08",40.299999
"110","2007-06-11",42.310001
"111","2007-06-12",39.389999
"112","2007-06-13",39
"113","2007-06-14",39.599998
"114","2007-06-15",39.57
"115","2007-06-18",39.650002
"116","2007-06-19",42.169998
"117","2007-06-20",40.380001
"118","2007-06-21",42.07
"119","2007-06-22",41.959999
"120","2007-06-25",41.639999
"121","2007-06-26",42.380001
"122","2007-06-27",41.490002
"123","2007-06-28",41.709999
"124","2007-06-29",41.25
"125","2007-07-02",41.720001
"126","2007-07-03",41.099998
"127","2007-07-05",41.580002
"128","2007-07-06",42.080002
"129","2007-07-09",42
"130","2007-07-10",41.169998
"131","2007-07-11",41.310001
"132","2007-07-12",41.990002
"133","2007-07-13",41.700001
"134","2007-07-16",40.919998
"135","2007-07-17",41.639999
"136","2007-07-18",42
"137","2007-07-19",41.700001
"138","2007-07-20",40.98
"139","2007-07-23",41.82
"140","2007-07-24",41.450001
"141","2007-07-25",40.580002
"142","2007-07-26",38.099998
"143","2007-07-27",38.259998
"144","2007-07-30",38.84
"145","2007-07-31",38.209999
"146","2007-08-01",38.360001
"147","2007-08-02",37.77
"148","2007-08-03",35.279999
"149","2007-08-06",35.27
"150","2007-08-07",35.540001
"151","2007-08-08",36.740002
"152","2007-08-09",35.779999
"153","2007-08-10",36.830002
"154","2007-08-13",35.830002
"155","2007-08-14",35.759998
"156","2007-08-15",35.560001
"157","2007-08-16",36.619999
"158","2007-08-17",38.52
"159","2007-08-20",36.619999
"160","2007-08-21",36.139999
"161","2007-08-22",36.599998
"162","2007-08-23",36.119999
"163","2007-08-24",37.099998
"164","2007-08-27",35.599998
"165","2007-08-28",34.759998
"166","2007-08-29",34.619999
"167","2007-08-30",35
"168","2007-08-31",35.5
"169","2007-09-04",36.169998
"170","2007-09-05",35.5
"171","2007-09-06",36.169998
"172","2007-09-07",35.849998
"173","2007-09-10",35.509998
"174","2007-09-11",35.869999
"175","2007-09-12",36.09
"176","2007-09-13",36.360001
"177","2007-09-14",35.560001
"178","2007-09-17",34.939999
"179","2007-09-18",36.580002
"180","2007-09-19",37.889999
"181","2007-09-20",37.990002
"182","2007-09-21",37.610001
"183","2007-09-24",37.709999
"184","2007-09-25",37.400002
"185","2007-09-26",38
"186","2007-09-27",38.970001
"187","2007-09-28",38.349998
"188","2007-10-01",39.240002
"189","2007-10-02",38.48
"190","2007-10-03",38.189999
"191","2007-10-04",38.470001
"192","2007-10-05",39.5
"193","2007-10-08",40.32
"194","2007-10-09",41.330002
"195","2007-10-10",40.700001
"196","2007-10-11",40.27
"197","2007-10-12",40.959999
"198","2007-10-15",41.349998
"199","2007-10-16",41.029999
"200","2007-10-17",40.939999
"201","2007-10-18",41.639999
"202","2007-10-19",39.16
"203","2007-10-22",40.169998
"204","2007-10-23",41.130001
"205","2007-10-24",40.310001
"206","2007-10-25",40.59
"207","2007-10-26",41.150002
"208","2007-10-29",41.419998
"209","2007-10-30",41.16
"210","2007-10-31",40.189999
"211","2007-11-01",38.529999
"212","2007-11-02",39
"213","2007-11-05",38.02
"214","2007-11-06",38.560001
"215","2007-11-07",36.48
"216","2007-11-08",38.25
"217","2007-11-09",36.779999
"218","2007-11-12",36.459999
"219","2007-11-13",36.169998
"220","2007-11-14",36.25
"221","2007-11-15",34.599998
"222","2007-11-16",35.299999
"223","2007-11-19",36.07
"224","2007-11-20",36.290001
"225","2007-11-21",34.900002
"226","2007-11-23",35.240002
"227","2007-11-26",33.619999
"228","2007-11-27",35.349998
"229","2007-11-28",36.860001
"230","2007-11-29",36.599998
"231","2007-11-30",36.779999
"232","2007-12-03",36.150002
"233","2007-12-04",35.200001
"234","2007-12-05",36.029999
"235","2007-12-06",37.099998
"236","2007-12-07",37.049999
"237","2007-12-10",37.599998
"238","2007-12-11",36.959999
"239","2007-12-12",37.740002
"240","2007-12-13",37.810001
"241","2007-12-14",37.77
"242","2007-12-17",36.349998
"243","2007-12-18",35.98
"244","2007-12-19",36.439999
"245","2007-12-20",38.740002
"246","2007-12-21",41.779999
"247","2007-12-24",42.950001
"248","2007-12-26",43.5
"249","2007-12-27",42.34
"250","2007-12-28",42.880001
"251","2007-12-31",43.459999
"252","2008-01-02",41.650002
"253","2008-01-03",41.240002
"254","2008-01-04",39.200001
"255","2008-01-07",40
"256","2008-01-08",37.110001
"257","2008-01-09",36.799999
"258","2008-01-10",35.98
"259","2008-01-11",34.459999
"260","2008-01-14",34.240002
"261","2008-01-15",32.189999
"262","2008-01-16",31.42
"263","2008-01-17",29.610001
"264","2008-01-18",28.91
"265","2008-01-22",29.51
"266","2008-01-23",30.120001
"267","2008-01-24",29.49
"268","2008-01-25",29.959999
"269","2008-01-28",30.200001
"270","2008-01-29",30.030001
"271","2008-01-30",29.860001
"272","2008-01-31",29.940001
"273","2008-02-01",31.809999
"274","2008-02-04",31.639999
"275","2008-02-05",30.809999
"276","2008-02-06",31.290001
"277","2008-02-07",31.719999
"278","2008-02-08",31.719999
"279","2008-02-11",30.66
"280","2008-02-12",31.91
"281","2008-02-13",32.939999
"282","2008-02-14",32.700001
"283","2008-02-15",31.59
"284","2008-02-19",31.49
"285","2008-02-20",32.779999
"286","2008-02-21",32.509998
"287","2008-02-22",33
"288","2008-02-25",33.59
"289","2008-02-26",34.259998
"290","2008-02-27",34.34
"291","2008-02-28",34.669998
"292","2008-02-29",33.599998
"293","2008-03-03",33.950001
"294","2008-03-04",32.919998
"295","2008-03-05",33.630001
"296","2008-03-06",32.389999
"297","2008-03-07",31.809999
"298","2008-03-10",32.02
"299","2008-03-11",32.990002
"300","2008-03-12",33.34
"301","2008-03-13",35.450001
"302","2008-03-14",33.52
"303","2008-03-17",33.310001
"304","2008-03-18",35.700001
"305","2008-03-19",33.799999
"306","2008-03-20",33.32
"307","2008-03-24",34.82
"308","2008-03-25",36.07
"309","2008-03-26",37.389999
"310","2008-03-27",36.470001
"311","2008-03-28",36.189999
"312","2008-03-31",37.130001
"313","2008-04-01",37.93
"314","2008-04-02",37.68
"315","2008-04-03",36.880001
"316","2008-04-04",36.990002
"317","2008-04-07",36.98
"318","2008-04-08",37.189999
"319","2008-04-09",36.939999
"320","2008-04-10",37.09
"321","2008-04-11",35.830002
"322","2008-04-14",36.02
"323","2008-04-15",36.299999
"324","2008-04-16",37.220001
"325","2008-04-17",36.41
"326","2008-04-18",37.450001
"327","2008-04-21",37.5
"328","2008-04-22",36.400002
"329","2008-04-23",36.939999
"330","2008-04-24",36.860001
"331","2008-04-25",37.43
"332","2008-04-28",39.799999
"333","2008-04-29",39.849998
"334","2008-04-30",39.970001
"335","2008-05-01",40.700001
"336","2008-05-02",39.290001
"337","2008-05-05",39.849998
"338","2008-05-06",39.259998
"339","2008-05-07",38.27
"340","2008-05-08",37.990002
"341","2008-05-09",38.529999
"342","2008-05-12",39.349998
"343","2008-05-13",39.849998
"344","2008-05-14",38.75
"345","2008-05-15",39.470001
"346","2008-05-16",39.860001
"347","2008-05-19",39.119999
"348","2008-05-20",39.189999
"349","2008-05-21",38.630001
"350","2008-05-22",38.849998
"351","2008-05-23",38.119999
"352","2008-05-27",38
"353","2008-05-28",38.009998
"354","2008-05-29",37.970001
"355","2008-05-30",37.68
"356","2008-06-02",36.939999
"357","2008-06-03",36.34
"358","2008-06-04",35.419998
"359","2008-06-05",36.98
"360","2008-06-06",35.439999
"361","2008-06-09",36.490002
"362","2008-06-10",35.349998
"363","2008-06-11",34.700001
"364","2008-06-12",35.009998
"365","2008-06-13",35.68
"366","2008-06-16",36.060001
"367","2008-06-17",35.459999
"368","2008-06-18",35.290001
"369","2008-06-19",35.709999
"370","2008-06-20",35.459999
"371","2008-06-23",35.900002
"372","2008-06-24",35.490002
"373","2008-06-25",34.73
"374","2008-06-26",33.599998
"375","2008-06-27",33.880001
"376","2008-06-30",33.32
"377","2008-07-01",32.759998
"378","2008-07-02",30.32
"379","2008-07-03",30.48
"380","2008-07-07",30.139999
"381","2008-07-08",30.73
"382","2008-07-09",29.93
"383","2008-07-10",30.309999
"384","2008-07-11",30.18
"385","2008-07-14",30.74
"386","2008-07-15",29.82
"387","2008-07-16",30.35
"388","2008-07-17",31
"389","2008-07-18",31.25
"390","2008-07-21",32.990002
"391","2008-07-22",33.91
"392","2008-07-23",34.009998
"393","2008-07-24",33.490002
"394","2008-07-25",34.990002
"395","2008-07-28",34.490002
"396","2008-07-29",33.75
"397","2008-07-30",34.009998
"398","2008-07-31",33.27
"399","2008-08-01",32.5
"400","2008-08-04",32.34
"401","2008-08-05",33.549999
"402","2008-08-06",33.490002
"403","2008-08-07",35.779999
"404","2008-08-08",38.810001
"405","2008-08-11",39.130001
"406","2008-08-12",39.93
"407","2008-08-13",41.27
"408","2008-08-14",41.73
"409","2008-08-15",41.099998
"410","2008-08-18",39.540001
"411","2008-08-19",39
"412","2008-08-20",39.990002
"413","2008-08-21",39.57
"414","2008-08-22",39.77
"415","2008-08-25",39.310001
"416","2008-08-26",39.5
"417","2008-08-27",40.720001
"418","2008-08-28",40.77
"419","2008-08-29",39.939999
"420","2008-09-02",39.419998
"421","2008-09-03",40.330002
"422","2008-09-04",37.490002
"423","2008-09-05",36.860001
"424","2008-09-08",37.470001
"425","2008-09-09",35.529999
"426","2008-09-10",36.34
"427","2008-09-11",36.639999
"428","2008-09-12",35.990002
"429","2008-09-15",34.279999
"430","2008-09-16",35.75
"431","2008-09-17",34
"432","2008-09-18",36
"433","2008-09-19",37.75
"434","2008-09-22",38.080002
"435","2008-09-23",38.200001
"436","2008-09-24",36.41
"437","2008-09-25",36.599998
"438","2008-09-26",35.990002
"439","2008-09-29",33.91
"440","2008-09-30",33.689999
"441","2008-10-01",32.91
"442","2008-10-02",31.51
"443","2008-10-03",30
"444","2008-10-06",29.389999
"445","2008-10-07",27.68
"446","2008-10-08",25.84
"447","2008-10-09",24.190001
"448","2008-10-10",26.75
"449","2008-10-13",27.299999
"450","2008-10-14",26.42
"451","2008-10-15",23.370001
"452","2008-10-16",26.280001
"453","2008-10-17",24.01
"454","2008-10-20",25.65
"455","2008-10-21",24.34
"456","2008-10-22",22.309999
"457","2008-10-23",21.139999
"458","2008-10-24",20.030001
"459","2008-10-27",19.620001
"460","2008-10-28",20.129999
"461","2008-10-29",21.1
"462","2008-10-30",22.790001
"463","2008-10-31",23.73
"464","2008-11-03",25.02
"465","2008-11-04",25.700001
"466","2008-11-05",22.82
"467","2008-11-06",20.85
"468","2008-11-07",21.290001
"469","2008-11-10",21.129999
"470","2008-11-11",20.370001
"471","2008-11-12",19.35
"472","2008-11-13",21.07
"473","2008-11-14",19.84
"474","2008-11-17",18.709999
"475","2008-11-18",18.92
"476","2008-11-19",17.360001
"477","2008-11-20",16.299999
"478","2008-11-21",17.799999
"479","2008-11-24",18.860001
"480","2008-11-25",19.450001
"481","2008-11-26",21.74
"482","2008-11-28",22.719999
"483","2008-12-01",19.959999
"484","2008-12-02",20.82
"485","2008-12-03",22.139999
"486","2008-12-04",21.549999
"487","2008-12-05",22.440001
"488","2008-12-08",24.42
"489","2008-12-09",24.08
"490","2008-12-10",24.709999
"491","2008-12-11",22.719999
"492","2008-12-12",22.969999
"493","2008-12-15",21.84
"494","2008-12-16",22.209999
"495","2008-12-17",22.120001
"496","2008-12-18",21.68
"497","2008-12-19",22.5
"498","2008-12-22",21.459999
"499","2008-12-23",20.360001
"500","2008-12-24",20.030001
"501","2008-12-26",20.629999
"502","2008-12-29",19.790001
"503","2008-12-30",19.98
"504","2008-12-31",20.280001
"505","2009-01-02",21.35
"506","2009-01-05",21.809999
"507","2009-01-06",22.34
"508","2009-01-07",21.5
"509","2009-01-08",21.280001
"510","2009-01-09",20.469999
"511","2009-01-12",20.41
"512","2009-01-13",20.99
"513","2009-01-14",20.129999
"514","2009-01-15",21.200001
"515","2009-01-16",20.01
"516","2009-01-20",18.799999
"517","2009-01-21",19.57
"518","2009-01-22",18.66
"519","2009-01-23",18.889999
"520","2009-01-26",19.09
"521","2009-01-27",18.99
"522","2009-01-28",19.5
"523","2009-01-29",18.76
"524","2009-01-30",18.280001
"525","2009-02-02",17.950001
"526","2009-02-03",17.92
"527","2009-02-04",17.59
"528","2009-02-05",18.99
"529","2009-02-06",20.02
"530","2009-02-09",19.459999
"531","2009-02-10",18.1
"532","2009-02-11",18.27
"533","2009-02-12",18.030001
"534","2009-02-13",17.719999
"535","2009-02-17",17.360001
"536","2009-02-18",16.950001
"537","2009-02-19",16.790001
"538","2009-02-20",16.34
"539","2009-02-23",15.65
"540","2009-02-24",15.77
"541","2009-02-25",15.35
"542","2009-02-26",14.79
"543","2009-02-27",14.92
"544","2009-03-02",13.88
"545","2009-03-03",13.65
"546","2009-03-04",14.32
"547","2009-03-05",12.69
"548","2009-03-06",12.59
"549","2009-03-09",12.27
"550","2009-03-10",12.55
"551","2009-03-11",12.93
"552","2009-03-12",14.66
"553","2009-03-13",15.32
"554","2009-03-16",14.9
"555","2009-03-17",15.67
"556","2009-03-18",16.25
"557","2009-03-19",16.57
"558","2009-03-20",15.51
"559","2009-03-23",17.790001
"560","2009-03-24",17.02
"561","2009-03-25",16.450001
"562","2009-03-26",16.690001
"563","2009-03-27",16.190001
"564","2009-03-30",15.34
"565","2009-03-31",15.28
"566","2009-04-01",16.27
"567","2009-04-02",17.879999
"568","2009-04-03",17.379999
"569","2009-04-06",17.49
"570","2009-04-07",16.700001
"571","2009-04-08",17.370001
"572","2009-04-09",18.93
"573","2009-04-13",18.73
"574","2009-04-14",17.879999
"575","2009-04-15",17.889999
"576","2009-04-16",18.09
"577","2009-04-17",17.93
"578","2009-04-20",16.58
"579","2009-04-21",17
"580","2009-04-22",17.549999
"581","2009-04-23",16.940001
"582","2009-04-24",17.459999
"583","2009-04-27",17.25
"584","2009-04-28",16.58
"585","2009-04-29",17.790001
"586","2009-04-30",18.5
"587","2009-05-01",18.549999
"588","2009-05-04",19.58
"589","2009-05-05",19.4
"590","2009-05-06",19.540001
"591","2009-05-07",19.18
"592","2009-05-08",20.52
"593","2009-05-11",19.59
"594","2009-05-12",19.360001
"595","2009-05-13",18.780001
"596","2009-05-14",18.790001
"597","2009-05-15",17.9
"598","2009-05-18",18.57
"599","2009-05-19",18.67
"600","2009-05-20",18.629999
"601","2009-05-21",17.48
"602","2009-05-22",17.190001
"603","2009-05-26",17.950001
"604","2009-05-27",19.030001
"605","2009-05-28",18.92
"606","2009-05-29",18.450001
"607","2009-06-01",20.110001
"608","2009-06-02",20.41
"609","2009-06-03",20.66
"610","2009-06-04",21.18
"611","2009-06-05",21.559999
"612","2009-06-08",20.450001
"613","2009-06-09",20.27
"614","2009-06-10",20.41
"615","2009-06-11",20.92
"616","2009-06-12",20.530001
"617","2009-06-15",20.09
"618","2009-06-16",20.299999
"619","2009-06-17",20.51
"620","2009-06-18",20.59
"621","2009-06-19",20.73
"622","2009-06-22",20
"623","2009-06-23",19.299999
"624","2009-06-24",19.24
"625","2009-06-25",19.76
"626","2009-06-26",20.049999
"627","2009-06-29",20.030001
"628","2009-06-30",20.450001
"629","2009-07-01",21.02
"630","2009-07-02",20.17
"631","2009-07-06",20.25
"632","2009-07-07",19.49
"633","2009-07-08",20.48
"634","2009-07-09",20.5
"635","2009-07-10",20.530001
"636","2009-07-13",21.209999
"637","2009-07-14",21.66
"638","2009-07-15",22.610001
"639","2009-07-16",23.76
"640","2009-07-17",23.52
"641","2009-07-20",23.76
"642","2009-07-21",22.85
"643","2009-07-22",22.719999
"644","2009-07-23",24.040001
"645","2009-07-24",24.18
"646","2009-07-27",24.389999
"647","2009-07-28",23.25
"648","2009-07-29",23.139999
"649","2009-07-30",23.860001
"650","2009-07-31",23.700001
"651","2009-08-03",23.9
"652","2009-08-04",24.15
"653","2009-08-05",22.59
"654","2009-08-06",22.6
"655","2009-08-07",22.77
"656","2009-08-10",22.17
"657","2009-08-11",21.65
"658","2009-08-12",22.01
"659","2009-08-13",22.09
"660","2009-08-14",22.09
"661","2009-08-17",21.059999
"662","2009-08-18",21.1
"663","2009-08-19",21.280001
"664","2009-08-20",21.16
"665","2009-08-21",21.690001
"666","2009-08-24",21.83
"667","2009-08-25",22.25
"668","2009-08-26",22.57
"669","2009-08-27",22.629999
"670","2009-08-28",22.41
"671","2009-08-31",21.99
"672","2009-09-01",21.65
"673","2009-09-02",21.42
"674","2009-09-03",21.93
"675","2009-09-04",22.01
"676","2009-09-08",22.35
"677","2009-09-09",22.969999
"678","2009-09-10",23.290001
"679","2009-09-11",23.059999
"680","2009-09-14",23.200001
"681","2009-09-15",22.799999
"682","2009-09-16",22.67
"683","2009-09-17",23.030001
"684","2009-09-18",23.85
"685","2009-09-21",23.309999
"686","2009-09-22",23.92
"687","2009-09-23",23.82
"688","2009-09-24",23.58
"689","2009-09-25",23.549999
"690","2009-09-28",23.459999
"691","2009-09-29",23.639999
"692","2009-09-30",23.33
"693","2009-10-01",22.889999
"694","2009-10-02",22.82
"695","2009-10-05",22.809999
"696","2009-10-06",23.24
"697","2009-10-07",23.469999
"698","2009-10-08",24.09
"699","2009-10-09",25.16
"700","2009-10-12",25.299999
"701","2009-10-13",25.26
"702","2009-10-14",25.700001
"703","2009-10-15",25.49
"704","2009-10-16",25.59
"705","2009-10-19",26.049999
"706","2009-10-20",25.48
"707","2009-10-21",25.309999
"708","2009-10-22",25.35
"709","2009-10-23",24.879999
"710","2009-10-26",24.65
"711","2009-10-27",23.99
"712","2009-10-28",23
"713","2009-10-29",23.049999
"714","2009-10-30",21.51
"715","2009-11-02",20.58
"716","2009-11-03",20.629999
"717","2009-11-04",20.309999
"718","2009-11-05",21.26
"719","2009-11-06",20.950001
"720","2009-11-09",21.059999
"721","2009-11-10",21.09
"722","2009-11-11",21.139999
"723","2009-11-12",21
"724","2009-11-13",21.190001
"725","2009-11-16",22.73
"726","2009-11-17",22.99
"727","2009-11-18",22.700001
"728","2009-11-19",22.450001
"729","2009-11-20",22.700001
"730","2009-11-23",23.49
"731","2009-11-24",23.34
"732","2009-11-25",23.18
"733","2009-11-27",22.74
"734","2009-11-30",23.16
"735","2009-12-01",23.24
"736","2009-12-02",23.200001
"737","2009-12-03",22.780001
"738","2009-12-04",23.200001
"739","2009-12-07",23.129999
"740","2009-12-08",23.629999
"741","2009-12-09",23.719999
"742","2009-12-10",23.620001
"743","2009-12-11",24.110001
"744","2009-12-14",24.889999
"745","2009-12-15",25.1
"746","2009-12-16",24.549999
"747","2009-12-17",23.51
"748","2009-12-18",23.530001
"749","2009-12-21",23.870001
"750","2009-12-22",24.610001
"751","2009-12-23",24.9
"752","2009-12-24",24.84
"753","2009-12-28",24.889999
"754","2009-12-29",24.77
"755","2009-12-30",24.719999
"756","2009-12-31",24.33
"757","2010-01-04",24.950001
"758","2010-01-05",24.879999
"759","2010-01-06",25.549999
"760","2010-01-07",25.360001
"761","2010-01-08",25.530001
"762","2010-01-11",25.469999
"763","2010-01-12",25.43
"764","2010-01-13",25.91
"765","2010-01-14",25.549999
"766","2010-01-15",25.219999
"767","2010-01-19",25.76
"768","2010-01-20",25.139999
"769","2010-01-21",24.280001
"770","2010-01-22",23.82
"771","2010-01-25",23.290001
"772","2010-01-26",22.690001
"773","2010-01-27",22.799999
"774","2010-01-28",22.48
"775","2010-01-29",23.24
"776","2010-02-01",24.209999
"777","2010-02-02",24.719999
"778","2010-02-03",24.809999
"779","2010-02-04",24.25
"780","2010-02-05",24.4
"781","2010-02-08",24
"782","2010-02-09",24.67
"783","2010-02-10",24.540001
"784","2010-02-11",24.690001
"785","2010-02-12",24.92
"786","2010-02-16",25.57
"787","2010-02-17",25.719999
"788","2010-02-18",26.110001
"789","2010-02-19",26.190001
"790","2010-02-22",26.139999
"791","2010-02-23",25.870001
"792","2010-02-24",25.84
"793","2010-02-25",25.809999
"794","2010-02-26",25.33
"795","2010-03-01",26.280001
"796","2010-03-02",26.42
"797","2010-03-03",26.709999
"798","2010-03-04",26.24
"799","2010-03-05",27.27
"800","2010-03-08",27.51
"801","2010-03-09",28
"802","2010-03-10",28
"803","2010-03-11",27.459999
"804","2010-03-12",27.440001
"805","2010-03-15",27.82
"806","2010-03-16",27.809999
"807","2010-03-17",27.809999
"808","2010-03-18",27.790001
"809","2010-03-19",27.57
"810","2010-03-22",27.799999
"811","2010-03-23",28.309999
"812","2010-03-24",29.059999
"813","2010-03-25",30.200001
"814","2010-03-26",30.57
"815","2010-03-29",31.049999
"816","2010-03-30",31.74
"817","2010-03-31",31.870001
"818","2010-04-01",31.73
"819","2010-04-05",32.130001
"820","2010-04-06",32.310001
"821","2010-04-07",32.419998
"822","2010-04-08",32.09
"823","2010-04-09",32.310001
"824","2010-04-12",32.59
"825","2010-04-13",32.689999
"826","2010-04-14",33.470001
"827","2010-04-15",33.73
"828","2010-04-16",33.360001
"829","2010-04-19",33.119999
"830","2010-04-20",33.5
"831","2010-04-21",33.290001
"832","2010-04-22",33.040001
"833","2010-04-23",32.91
"834","2010-04-26",32.439999
"835","2010-04-27",31.66
"836","2010-04-28",31.780001
"837","2010-04-29",32.389999
"838","2010-04-30",31.559999
"839","2010-05-03",32.23
"840","2010-05-04",31.110001
"841","2010-05-05",30.07
"842","2010-05-06",29
"843","2010-05-07",28.540001
"844","2010-05-10",29.969999
"845","2010-05-11",31.120001
"846","2010-05-12",33.25
"847","2010-05-13",33.029999
"848","2010-05-14",31.780001
"849","2010-05-17",31.379999
"850","2010-05-18",30.66
"851","2010-05-19",29.51
"852","2010-05-20",27.23
"853","2010-05-21",27.67
"854","2010-05-24",26.870001
"855","2010-05-25",26.639999
"856","2010-05-26",26.959999
"857","2010-05-27",28.4
"858","2010-05-28",28
"859","2010-06-01",27.639999
"860","2010-06-02",29.379999
"861","2010-06-03",29.559999
"862","2010-06-04",27.889999
"863","2010-06-07",27.780001
"864","2010-06-08",27.530001
"865","2010-06-09",27.76
"866","2010-06-10",29.280001
"867","2010-06-11",29.209999
"868","2010-06-14",29.85
"869","2010-06-15",30.5
"870","2010-06-16",30.83
"871","2010-06-17",31.209999
"872","2010-06-18",30.969999
"873","2010-06-21",30.32
"874","2010-06-22",29.379999
"875","2010-06-23",29.85
"876","2010-06-24",29.620001
"877","2010-06-25",30.23
"878","2010-06-28",30.67
"879","2010-06-29",29.190001
"880","2010-06-30",28.99
"881","2010-07-01",28.610001
"882","2010-07-02",27.68
"883","2010-07-06",27.780001
"884","2010-07-07",28.790001
"885","2010-07-08",29.51
"886","2010-07-09",29.450001
"887","2010-07-12",28.6
"888","2010-07-13",29.700001
"889","2010-07-14",29.469999
"890","2010-07-15",28.940001
"891","2010-07-16",27.299999
"892","2010-07-19",27.290001
"893","2010-07-20",28.030001
"894","2010-07-21",27.700001
"895","2010-07-22",29.4
"896","2010-07-23",30.219999
"897","2010-07-26",31.51
"898","2010-07-27",31.389999
"899","2010-07-28",30.68
"900","2010-07-29",30.83
"901","2010-07-30",30.67
"902","2010-08-02",31.51
"903","2010-08-03",31.700001
"904","2010-08-04",32.299999
"905","2010-08-05",34.119999
"906","2010-08-06",32.990002
"907","2010-08-09",34.130001
"908","2010-08-10",32.439999
"909","2010-08-11",31.209999
"910","2010-08-12",30.98
"911","2010-08-13",30.459999
"912","2010-08-16",31.030001
"913","2010-08-17",33.169998
"914","2010-08-18",33.419998
"915","2010-08-19",31
"916","2010-08-20",30.85
"917","2010-08-23",29.6
"918","2010-08-24",29.09
"919","2010-08-25",29.889999
"920","2010-08-26",28.4
"921","2010-08-27",29.959999
"922","2010-08-30",29.34
"923","2010-08-31",29.290001
"924","2010-09-01",30.93
"925","2010-09-02",31.16
"926","2010-09-03",31.83
"927","2010-09-07",31.4
"928","2010-09-08",31.57
"929","2010-09-09",31.59
"930","2010-09-10",31.92
"931","2010-09-13",32.889999
"932","2010-09-14",32.650002
"933","2010-09-15",32.759998
"934","2010-09-16",32.23
"935","2010-09-17",32.240002
"936","2010-09-20",33.509998
"937","2010-09-21",33.84
"938","2010-09-22",33.779999
"939","2010-09-23",33.380001
"940","2010-09-24",34.099998
"941","2010-09-27",33.619999
"942","2010-09-28",34
"943","2010-09-29",34
"944","2010-09-30",33.98
"945","2010-10-01",34.029999
"946","2010-10-04",32.740002
"947","2010-10-05",34.310001
"948","2010-10-06",34.450001
"949","2010-10-07",34.169998
"950","2010-10-08",34.900002
"951","2010-10-11",34.889999
"952","2010-10-12",34.669998
"953","2010-10-13",35.169998
"954","2010-10-14",35.330002
"955","2010-10-15",34.740002
"956","2010-10-18",35
"957","2010-10-19",34.110001
"958","2010-10-20",34.490002
"959","2010-10-21",34.029999
"960","2010-10-22",34.07
"961","2010-10-25",34.41
"962","2010-10-26",34
"963","2010-10-27",33.5
"964","2010-10-28",33.57
"965","2010-10-29",33.32
"966","2010-11-01",32.66
"967","2010-11-02",33.790001
"968","2010-11-03",33.849998
"969","2010-11-04",35.84
"970","2010-11-05",35.470001
"971","2010-11-08",36.080002
"972","2010-11-09",35.310001
"973","2010-11-10",35.779999
"974","2010-11-11",35.040001
"975","2010-11-12",34.84
"976","2010-11-15",34.810001
"977","2010-11-16",34.939999
"978","2010-11-17",34.939999
"979","2010-11-18",35.849998
"980","2010-11-19",36.18
"981","2010-11-22",36.34
"982","2010-11-23",36.040001
"983","2010-11-24",37.419998
"984","2010-11-26",36.950001
"985","2010-11-29",36.849998
"986","2010-11-30",36.889999
"987","2010-12-01",37.18
"988","2010-12-02",37.439999
"989","2010-12-03",37.380001
"990","2010-12-06",37.439999
"991","2010-12-07",38.200001
"992","2010-12-08",37.470001
"993","2010-12-09",37.040001
"994","2010-12-10",37.290001
"995","2010-12-13",36.93
"996","2010-12-14",37.060001
"997","2010-12-15",36.959999
"998","2010-12-16",37.580002
"999","2010-12-17",37.630001
"1000","2010-12-20",37.5
"1001","2010-12-21",38.310001
"1002","2010-12-22",38.349998
"1003","2010-12-23",38.669998
"1004","2010-12-27",39.189999
"1005","2010-12-28",38.689999
"1006","2010-12-29",38.880001
"1007","2010-12-30",38.310001
"1008","2010-12-31",39.080002
"1009","2011-01-03",39.200001
"1010","2011-01-04",38.240002
"1011","2011-01-05",38.709999
"1012","2011-01-06",38
"1013","2011-01-07",37.939999
"1014","2011-01-10",37.970001
"1015","2011-01-11",37.880001
"1016","2011-01-12",38.389999
"1017","2011-01-13",37.959999
"1018","2011-01-14",38.439999
"1019","2011-01-18",38.5
"1020","2011-01-19",37.52
"1021","2011-01-20",36.75
"1022","2011-01-21",35.889999
"1023","2011-01-24",35.880001
"1024","2011-01-25",36.27
"1025","2011-01-26",37
"1026","2011-01-27",36.799999
"1027","2011-01-28",34.689999
"1028","2011-01-31",34.77
"1029","2011-02-01",36.860001
"1030","2011-02-02",38.009998
"1031","2011-02-03",38.380001
"1032","2011-02-04",37.450001
"1033","2011-02-07",37.529999
"1034","2011-02-08",38.139999
"1035","2011-02-09",38.580002
"1036","2011-02-10",36.59
"1037","2011-02-11",37.060001
"1038","2011-02-14",37.259998
"1039","2011-02-15",37.099998
"1040","2011-02-16",37.200001
"1041","2011-02-17",37.279999
"1042","2011-02-18",37.720001
"1043","2011-02-22",37
"1044","2011-02-23",35.580002
"1045","2011-02-24",36.27
"1046","2011-02-25",36.439999
"1047","2011-02-28",36.189999
"1048","2011-03-01",36.25
"1049","2011-03-02",36.490002
"1050","2011-03-03",37.48
"1051","2011-03-04",37.029999
"1052","2011-03-07",36.259998
"1053","2011-03-08",37.07
"1054","2011-03-09",36.459999
"1055","2011-03-10",34.669998
"1056","2011-03-11",35.619999
"1057","2011-03-14",35.25
"1058","2011-03-15",34.52
"1059","2011-03-16",33.23
"1060","2011-03-17",33.48
"1061","2011-03-18",34.009998
"1062","2011-03-21",34.810001
"1063","2011-03-22",35.200001
"1064","2011-03-23",35.380001
"1065","2011-03-24",36.630001
"1066","2011-03-25",37.02
"1067","2011-03-28",36.669998
"1068","2011-03-29",37.290001
"1069","2011-03-30",37.799999
"1070","2011-03-31",38.23
"1071","2011-04-01",38.860001
"1072","2011-04-04",39.360001
"1073","2011-04-05",39.66
"1074","2011-04-06",39.830002
"1075","2011-04-07",38.919998
"1076","2011-04-08",37.549999
"1077","2011-04-11",37.169998
"1078","2011-04-12",36.82
"1079","2011-04-13",36.07
"1080","2011-04-14",35.02
"1081","2011-04-15",35.240002
"1082","2011-04-18",34.34
"1083","2011-04-19",33.919998
"1084","2011-04-20",35.009998
"1085","2011-04-21",35.09
"1086","2011-04-25",35.209999
"1087","2011-04-26",36.5
"1088","2011-04-27",37.529999
"1089","2011-04-28",38.25
"1090","2011-04-29",39.259998
"1091","2011-05-02",39.209999
"1092","2011-05-03",39.09
"1093","2011-05-04",37.330002
"1094","2011-05-05",37.389999
"1095","2011-05-06",37.779999
"1096","2011-05-09",37.93
"1097","2011-05-10",38.48
"1098","2011-05-11",37.41
"1099","2011-05-12",38.240002
"1100","2011-05-13",37.509998
"1101","2011-05-16",37.450001
"1102","2011-05-17",37.34
"1103","2011-05-18",37.490002
"1104","2011-05-19",37.75
"1105","2011-05-20",37.450001
"1106","2011-05-23",36.549999
"1107","2011-05-24",36.82
"1108","2011-05-25",37.599998
"1109","2011-05-26",39.98
"1110","2011-05-27",40.099998
"1111","2011-05-31",40
"1112","2011-06-01",38.700001
"1113","2011-06-02",39.16
"1114","2011-06-03",38.970001
"1115","2011-06-06",38.619999
"1116","2011-06-07",38.66
"1117","2011-06-08",38.59
"1118","2011-06-09",38.689999
"1119","2011-06-10",38.060001
"1120","2011-06-13",37.849998
"1121","2011-06-14",38.029999
"1122","2011-06-15",37.529999
"1123","2011-06-16",37.790001
"1124","2011-06-17",37.84
"1125","2011-06-20",38.02
"1126","2011-06-21",38.57
"1127","2011-06-22",38.209999
"1128","2011-06-23",37.93
"1129","2011-06-24",37.209999
"1130","2011-06-27",37.560001
"1131","2011-06-28",37.919998
"1132","2011-06-29",37.880001
"1133","2011-06-30",37.759998
"1134","2011-07-01",38.389999
"1135","2011-07-05",38.700001
"1136","2011-07-06",38.599998
"1137","2011-07-07",39.16
"1138","2011-07-08",39.040001
"1139","2011-07-11",38.299999
"1140","2011-07-12",38.84
"1141","2011-07-13",39.529999
"1142","2011-07-14",38.650002
"1143","2011-07-15",39.209999
"1144","2011-07-18",38.75
"1145","2011-07-19",39.25
"1146","2011-07-20",38.950001
"1147","2011-07-21",40.040001
"1148","2011-07-22",40.09
"1149","2011-07-25",40.16
"1150","2011-07-26",40.169998
"1151","2011-07-27",38.119999
"1152","2011-07-28",37.950001
"1153","2011-07-29",37.970001
"1154","2011-08-01",38.130001
"1155","2011-08-02",36.02
"1156","2011-08-03",36.16
"1157","2011-08-04",34.650002
"1158","2011-08-05",32.529999
"1159","2011-08-08",29.389999
"1160","2011-08-09",34.82
"1161","2011-08-10",32.200001
"1162","2011-08-11",33.77
"1163","2011-08-12",34.110001
"1164","2011-08-15",35.110001
"1165","2011-08-16",34.5
"1166","2011-08-17",34.150002
"1167","2011-08-18",31.98
"1168","2011-08-19",30.889999
"1169","2011-08-22",31.09
"1170","2011-08-23",34.150002
"1171","2011-08-24",34.580002
"1172","2011-08-25",33
"1173","2011-08-26",34.049999
"1174","2011-08-29",35.049999
"1175","2011-08-30",35.75
"1176","2011-08-31",34.950001
"1177","2011-09-01",33.98
"1178","2011-09-02",32.279999
"1179","2011-09-06",31.6
"1180","2011-09-07",32.650002
"1181","2011-09-08",31.84
"1182","2011-09-09",31.27
"1183","2011-09-12",31.709999
"1184","2011-09-13",32.369999
"1185","2011-09-14",33.970001
"1186","2011-09-15",34.669998
"1187","2011-09-16",34.779999
"1188","2011-09-19",34.48
"1189","2011-09-20",35.130001
"1190","2011-09-21",33.439999
"1191","2011-09-22",32.5
"1192","2011-09-23",33.080002
"1193","2011-09-26",33.939999
"1194","2011-09-27",35.759998
"1195","2011-09-28",33.34
"1196","2011-09-29",34.279999
"1197","2011-09-30",33.990002
"1198","2011-10-03",32.330002
"1199","2011-10-04",35.98
"1200","2011-10-05",37.290001
"1201","2011-10-06",37.66
"1202","2011-10-07",36.32
"1203","2011-10-10",38.220001
"1204","2011-10-11",38.240002
"1205","2011-10-12",39.279999
"1206","2011-10-13",39.18
"1207","2011-10-14",39.400002
"1208","2011-10-17",36.889999
"1209","2011-10-18",38.639999
"1210","2011-10-19",38.099998
"1211","2011-10-20",38.080002
"1212","2011-10-21",39.34
"1213","2011-10-24",40.310001
"1214","2011-10-25",39.369999
"1215","2011-10-26",40.360001
"1216","2011-10-27",41.720001
"1217","2011-10-28",41.560001
"1218","2011-10-31",40.5
"1219","2011-11-01",38.59
"1220","2011-11-02",40
"1221","2011-11-03",41.830002
"1222","2011-11-04",41.57
"1223","2011-11-07",40.849998
"1224","2011-11-08",41.93
"1225","2011-11-09",39.169998
"1226","2011-11-10",39.18
"1227","2011-11-11",40.220001
"1228","2011-11-14",40.150002
"1229","2011-11-15",41.330002
"1230","2011-11-16",40.43
"1231","2011-11-17",39.68
"1232","2011-11-18",39.73
"1233","2011-11-21",38.900002
"1234","2011-11-22",38.25
"1235","2011-11-23",37.209999
"1236","2011-11-25",37
"1237","2011-11-28",39.68
"1238","2011-11-29",38.919998
"1239","2011-11-30",42.25
"1240","2011-12-01",41.040001
"1241","2011-12-02",42.23
"1242","2011-12-05",42.27
"1243","2011-12-06",42.98
"1244","2011-12-07",42.5
"1245","2011-12-08",41.830002
"1246","2011-12-09",43.09
"1247","2011-12-12",41.869999
"1248","2011-12-13",40.860001
"1249","2011-12-14",39.669998
"1250","2011-12-15",40.400002
"1251","2011-12-16",40.720001
"1252","2011-12-19",39.91
"1253","2011-12-20",41.610001
"1254","2011-12-21",41.900002
"1255","2011-12-22",42.779999
"1256","2011-12-23",43.450001
"1257","2011-12-27",42.77
"1258","2011-12-28",41.189999
"1259","2011-12-29",42.349998
"1260","2011-12-30",41.700001
"1261","2012-01-03",42.59
"1262","2012-01-04",41.939999
"1263","2012-01-05",42.639999
"1264","2012-01-06",42.360001
"1265","2012-01-09",42.189999
"1266","2012-01-10",44.009998
"1267","2012-01-11",43.830002
"1268","2012-01-12",44.220001
"1269","2012-01-13",43.84
"1270","2012-01-17",43.709999
"1271","2012-01-18",43.93
"1272","2012-01-19",44.450001
"1273","2012-01-20",44.459999
"1274","2012-01-23",44.119999
"1275","2012-01-24",44.23
"1276","2012-01-25",44.619999
"1277","2012-01-26",44.91
"1278","2012-01-27",45.48
"1279","2012-01-30",45.439999
"1280","2012-01-31",45.279999
"1281","2012-02-01",45.889999
"1282","2012-02-02",45.68
"1283","2012-02-03",47.330002
"1284","2012-02-06",46.990002
"1285","2012-02-07",46.889999
"1286","2012-02-08",46.299999
"1287","2012-02-09",46.639999
"1288","2012-02-10",45.880001
"1289","2012-02-13",46.290001
"1290","2012-02-14",46.16
"1291","2012-02-15",45.759998
"1292","2012-02-16",47.720001
"1293","2012-02-17",47.330002
"1294","2012-02-21",47.509998
"1295","2012-02-22",47.029999
"1296","2012-02-23",47.259998
"1297","2012-02-24",46.970001
"1298","2012-02-27",47.009998
"1299","2012-02-28",46.639999
"1300","2012-02-29",45.509998
"1301","2012-03-01",46
"1302","2012-03-02",44.630001
"1303","2012-03-05",45.150002
"1304","2012-03-06",44.41
"1305","2012-03-07",44.5
"1306","2012-03-08",44.939999
"1307","2012-03-09",46.41
"1308","2012-03-12",45.5
"1309","2012-03-13",46.720001
"1310","2012-03-14",46.290001
"1311","2012-03-15",47.240002
"1312","2012-03-16",46.959999
"1313","2012-03-19",46.990002
"1314","2012-03-20",45.599998
"1315","2012-03-21",45.43
"1316","2012-03-22",45.130001
"1317","2012-03-23",45.52
"1318","2012-03-26",46.5
"1319","2012-03-27",46.82
"1320","2012-03-28",46.689999
"1321","2012-03-29",46.450001
"1322","2012-03-30",46.130001
"1323","2012-04-02",47.459999
"1324","2012-04-03",47.209999
"1325","2012-04-04",45.639999
"1326","2012-04-05",45.470001
"1327","2012-04-09",44.509998
"1328","2012-04-10",43.34
"1329","2012-04-11",44.32
"1330","2012-04-12",44.990002
"1331","2012-04-13",44.59
"1332","2012-04-16",44.68
"1333","2012-04-17",45.18
"1334","2012-04-18",44.790001
"1335","2012-04-19",43.810001
"1336","2012-04-20",44.48
"1337","2012-04-23",44.040001
"1338","2012-04-24",44.990002
"1339","2012-04-25",46.419998
"1340","2012-04-26",47.240002
"1341","2012-04-27",47.98
"1342","2012-04-30",46.880001
"1343","2012-05-01",46.98
"1344","2012-05-02",47.029999
"1345","2012-05-03",46.610001
"1346","2012-05-04",45.02
"1347","2012-05-07",45.18
"1348","2012-05-08",45.57
"1349","2012-05-09",44.68
"1350","2012-05-10",45.490002
"1351","2012-05-11",45.27
"1352","2012-05-14",45.07
"1353","2012-05-15",45.189999
"1354","2012-05-16",45.349998
"1355","2012-05-17",44.119999
"1356","2012-05-18",44
"1357","2012-05-21",44.799999
"1358","2012-05-22",44.889999
"1359","2012-05-23",45.41
"1360","2012-05-24",45.52
"1361","2012-05-25",44.93
"1362","2012-05-29",45.98
"1363","2012-05-30",46.5
"1364","2012-05-31",46.400002
"1365","2012-06-01",44.75
"1366","2012-06-04",44.599998
"1367","2012-06-05",44.41
"1368","2012-06-06",45.34
"1369","2012-06-07",45.43
"1370","2012-06-08",46.110001
"1371","2012-06-11",45.759998
"1372","2012-06-12",47.490002
"1373","2012-06-13",46.049999
"1374","2012-06-14",46.450001
"1375","2012-06-15",46.66
"1376","2012-06-18",46.720001
"1377","2012-06-19",47.09
"1378","2012-06-20",46.060001
"1379","2012-06-21",45.669998
"1380","2012-06-22",45.349998
"1381","2012-06-25",44.130001
"1382","2012-06-26",45.34
"1383","2012-06-27",45.830002
"1384","2012-06-28",45.849998
"1385","2012-06-29",47.299999
"1386","2012-07-02",47.68
"1387","2012-07-03",48.470001
"1388","2012-07-05",48.450001
"1389","2012-07-06",47.490002
"1390","2012-07-09",47.330002
"1391","2012-07-10",46.490002
"1392","2012-07-11",46.779999
"1393","2012-07-12",47.099998
"1394","2012-07-13",48.389999
"1395","2012-07-16",47.689999
"1396","2012-07-17",48
"1397","2012-07-18",48.970001
"1398","2012-07-19",49.240002
"1399","2012-07-20",49.07
"1400","2012-07-23",48.220001
"1401","2012-07-24",46.939999
"1402","2012-07-25",46.630001
"1403","2012-07-26",46.099998
"1404","2012-07-27",47
"1405","2012-07-30",46.869999
"1406","2012-07-31",46.84
"1407","2012-08-01",45.82
"1408","2012-08-02",45.799999
"1409","2012-08-03",46.220001
"1410","2012-08-06",45.5
"1411","2012-08-07",45.900002
"1412","2012-08-08",45.889999
"1413","2012-08-09",46.150002
"1414","2012-08-10",45.799999
"1415","2012-08-13",45.709999
"1416","2012-08-14",45.650002
"1417","2012-08-15",45.619999
"1418","2012-08-16",46.349998
"1419","2012-08-17",46.84
"1420","2012-08-20",46.43
"1421","2012-08-21",46.369999
"1422","2012-08-22",46.259998
"1423","2012-08-23",45.91
"1424","2012-08-24",46.16
"1425","2012-08-27",45.98
"1426","2012-08-28",45.959999
"1427","2012-08-29",46.419998
"1428","2012-08-30",45.639999
"1429","2012-08-31",45.990002
"1430","2012-09-04",46.299999
"1431","2012-09-05",45.880001
"1432","2012-09-06",46.959999
"1433","2012-09-07",46.98
"1434","2012-09-10",47.09
"1435","2012-09-11",47.450001
"1436","2012-09-12",47.540001
"1437","2012-09-13",48.330002
"1438","2012-09-14",49.169998
"1439","2012-09-17",48.939999
"1440","2012-09-18",50.040001
"1441","2012-09-19",49.779999
"1442","2012-09-20",49.189999
"1443","2012-09-21",49.619999
"1444","2012-09-24",49.57
"1445","2012-09-25",49.27
"1446","2012-09-26",48.900002
"1447","2012-09-27",48.849998
"1448","2012-09-28",48.099998
"1449","2012-10-01",47.959999
"1450","2012-10-02",47.669998
"1451","2012-10-03",47.560001
"1452","2012-10-04",47.759998
"1453","2012-10-05",47.869999
"1454","2012-10-08",47.810001
"1455","2012-10-09",47.049999
"1456","2012-10-10",47.32
"1457","2012-10-11",47.540001
"1458","2012-10-12",47.259998
"1459","2012-10-15",47.720001
"1460","2012-10-16",48.529999
"1461","2012-10-17",48.869999
"1462","2012-10-18",48.610001
"1463","2012-10-19",48
"1464","2012-10-22",48.099998
"1465","2012-10-23",47.669998
"1466","2012-10-24",47.790001
"1467","2012-10-25",48.07
"1468","2012-10-26",48.470001
"1469","2012-10-31",49.66
"1470","2012-11-01",49.580002
"1471","2012-11-02",47.91
"1472","2012-11-05",48.130001
"1473","2012-11-06",48.07
"1474","2012-11-07",46.5
"1475","2012-11-08",45.66
"1476","2012-11-09",46.07
"1477","2012-11-12",46.18
"1478","2012-11-13",45.5
"1479","2012-11-14",44.299999
"1480","2012-11-15",43.830002
"1481","2012-11-16",43.610001
"1482","2012-11-19",44.810001
"1483","2012-11-20",44.889999
"1484","2012-11-21",45.060001
"1485","2012-11-23",45.490002
"1486","2012-11-26",45.07
"1487","2012-11-27",45.549999
"1488","2012-11-28",46.049999
"1489","2012-11-29",46.810001
"1490","2012-11-30",46.59
"1491","2012-12-03",46.689999
"1492","2012-12-04",46.73
"1493","2012-12-05",47.240002
"1494","2012-12-06",47.369999
"1495","2012-12-07",47.66
"1496","2012-12-10",48.209999
"1497","2012-12-11",48.450001
"1498","2012-12-12",48.130001
"1499","2012-12-13",47.91
"1500","2012-12-14",47.810001
"1501","2012-12-17",49.130001
"1502","2012-12-18",49.619999
"1503","2012-12-19",49.32
"1504","2012-12-20",49.639999
"1505","2012-12-21",49.91
"1506","2012-12-24",49.639999
"1507","2012-12-26",49.360001
"1508","2012-12-27",50.119999
"1509","2012-12-28",49.459999
"1510","2012-12-31",50.07
"1511","2013-01-02",51.220001
"1512","2013-01-03",51.790001
"1513","2013-01-04",51.869999
"1514","2013-01-07",52
"1515","2013-01-08",51.919998
"1516","2013-01-09",51.990002
"1517","2013-01-10",52
"1518","2013-01-11",51.849998
"1519","2013-01-14",51.810001
"1520","2013-01-15",52.759998
"1521","2013-01-16",52.93
"1522","2013-01-17",51.580002
"1523","2013-01-18",52.080002
"1524","2013-01-22",52.16
"1525","2013-01-23",52.540001
"1526","2013-01-24",53.189999
"1527","2013-01-25",53.93
"1528","2013-01-28",52.790001
"1529","2013-01-29",53.009998
"1530","2013-01-30",51.970001
"1531","2013-01-31",52.73
"1532","2013-02-01",53.490002
"1533","2013-02-04",52.290001
"1534","2013-02-05",53.709999
"1535","2013-02-06",53.709999
"1536","2013-02-07",49.959999
"1537","2013-02-08",49.939999
"1538","2013-02-11",49.82
"1539","2013-02-12",49.549999
"1540","2013-02-13",49.84
"1541","2013-02-14",49.669998
"1542","2013-02-15",49.43
"1543","2013-02-19",49.68
"1544","2013-02-20",49.889999
"1545","2013-02-21",49.490002
"1546","2013-02-22",50.66
"1547","2013-02-25",49.939999
"1548","2013-02-26",49.470001
"1549","2013-02-27",49.689999
"1550","2013-02-28",49.84
"1551","2013-03-01",49.790001
"1552","2013-03-04",49.209999
"1553","2013-03-05",49.630001
"1554","2013-03-06",50.18
"1555","2013-03-07",49.970001
"1556","2013-03-08",50.709999
"1557","2013-03-11",50.790001
"1558","2013-03-12",49.990002
"1559","2013-03-13",50.32
"1560","2013-03-14",51.119999
"1561","2013-03-15",50.709999
"1562","2013-03-18",50.73
"1563","2013-03-19",51.27
"1564","2013-03-20",51.290001
"1565","2013-03-21",50.52
"1566","2013-03-22",50.790001
"1567","2013-03-25",51.200001
"1568","2013-03-26",50.759998
"1569","2013-03-27",50.630001
"1570","2013-03-28",50.560001
"1571","2013-04-01",50.470001
"1572","2013-04-02",48.880001
"1573","2013-04-03",49.18
"1574","2013-04-04",49.650002
"1575","2013-04-05",49.259998
"1576","2013-04-08",49.57
"1577","2013-04-09",49.459999
"1578","2013-04-10",50.490002
"1579","2013-04-11",49.869999
"1580","2013-04-12",49.84
"1581","2013-04-15",48.93
"1582","2013-04-16",49.049999
"1583","2013-04-17",48.34
"1584","2013-04-18",48.400002
"1585","2013-04-19",48.419998
"1586","2013-04-22",48.650002
"1587","2013-04-23",47.98
"1588","2013-04-24",48.84
"1589","2013-04-25",49.060001
"1590","2013-04-26",48.389999
"1591","2013-04-29",48.490002
"1592","2013-04-30",48.099998
"1593","2013-05-01",46.09
"1594","2013-05-02",46.459999
"1595","2013-05-03",46.959999
"1596","2013-05-06",47.009998
"1597","2013-05-07",46.75
"1598","2013-05-08",47.130001
"1599","2013-05-09",47.48
"1600","2013-05-10",48.34
"1601","2013-05-13",48.220001
"1602","2013-05-14",48.669998
"1603","2013-05-15",48.799999
"1604","2013-05-16",48.509998
"1605","2013-05-17",48.779999
"1606","2013-05-20",47.34
"1607","2013-05-21",47.540001
"1608","2013-05-22",47.060001
"1609","2013-05-23",46.970001
"1610","2013-05-24",47.150002
"1611","2013-05-28",47.52
"1612","2013-05-29",47.740002
"1613","2013-05-30",48.060001
"1614","2013-05-31",48.959999
"1615","2013-06-03",49.84
"1616","2013-06-04",49.849998
"1617","2013-06-05",49.330002
"1618","2013-06-06",49.490002
"1619","2013-06-07",49.630001
"1620","2013-06-10",50.119999
"1621","2013-06-11",50.810001
"1622","2013-06-12",50.41
"1623","2013-06-13",51.900002
"1624","2013-06-14",51.080002
"1625","2013-06-17",51.790001
"1626","2013-06-18",52.759998
"1627","2013-06-19",52.98
"1628","2013-06-20",53.099998
"1629","2013-06-21",52.810001
"1630","2013-06-24",52.02
"1631","2013-06-25",51.790001
"1632","2013-06-26",51.209999
"1633","2013-06-27",51.84
"1634","2013-06-28",51.950001
"1635","2013-07-01",53.48
"1636","2013-07-02",53.900002
"1637","2013-07-03",54.07
"1638","2013-07-05",54.970001
"1639","2013-07-08",54.630001
"1640","2013-07-09",55.419998
"1641","2013-07-10",55.349998
"1642","2013-07-11",55.919998
"1643","2013-07-12",55.119999
"1644","2013-07-15",55.119999
"1645","2013-07-16",55.509998
"1646","2013-07-17",55.23
"1647","2013-07-18",55.91
"1648","2013-07-19",56
"1649","2013-07-22",55.98
"1650","2013-07-23",55.099998
"1651","2013-07-24",54.709999
"1652","2013-07-25",55.560001
"1653","2013-07-26",54.880001
"1654","2013-07-29",54.360001
"1655","2013-07-30",54.73
"1656","2013-07-31",54.860001
"1657","2013-08-01",55.779999
"1658","2013-08-02",56.029999
"1659","2013-08-05",55.799999
"1660","2013-08-06",56.759998
"1661","2013-08-07",58.950001
"1662","2013-08-08",58.200001
"1663","2013-08-09",57.299999
"1664","2013-08-12",58.200001
"1665","2013-08-13",58.259998
"1666","2013-08-14",58.049999
"1667","2013-08-15",57.450001
"1668","2013-08-16",57.549999
"1669","2013-08-19",57.799999
"1670","2013-08-20",58.290001
"1671","2013-08-21",58.32
"1672","2013-08-22",59.360001
"1673","2013-08-23",60.02
"1674","2013-08-26",61.720001
"1675","2013-08-27",60.540001
"1676","2013-08-28",60.419998
"1677","2013-08-29",60.93
"1678","2013-08-30",59.73
"1679","2013-09-03",60.41
"1680","2013-09-04",60.84
"1681","2013-09-05",60.52
"1682","2013-09-06",60.099998
"1683","2013-09-09",60.200001
"1684","2013-09-10",61.310001
"1685","2013-09-11",61.43
"1686","2013-09-12",61.09
"1687","2013-09-13",61.400002
"1688","2013-09-16",62.080002
"1689","2013-09-17",63.470001
"1690","2013-09-18",64.309998
"1691","2013-09-19",64.129997
"1692","2013-09-20",65.120003
"1693","2013-09-23",65.529999
"1694","2013-09-24",65.970001
"1695","2013-09-25",65.57
"1696","2013-09-26",65.870003
"1697","2013-09-27",65.18
"1698","2013-09-30",65.889999
"1699","2013-10-01",65.68
"1700","2013-10-02",64.529999
"1701","2013-10-03",63.880001
"1702","2013-10-04",64.940002
"1703","2013-10-07",63.209999
"1704","2013-10-08",62.490002
"1705","2013-10-09",63.34
"1706","2013-10-10",64.870003
"1707","2013-10-11",65.709999
"1708","2013-10-14",65.769997
"1709","2013-10-15",65.199997
"1710","2013-10-16",64.900002
"1711","2013-10-17",65.790001
"1712","2013-10-18",67.519997
"1713","2013-10-21",67.919998
"1714","2013-10-22",68.029999
"1715","2013-10-23",68.550003
"1716","2013-10-24",69.400002
"1717","2013-10-25",68.959999
"1718","2013-10-28",69.230003
"1719","2013-10-29",69.739998
"1720","2013-10-30",69.010002
"1721","2013-10-31",68.790001
"1722","2013-11-01",66.879997
"1723","2013-11-04",67.980003
"1724","2013-11-05",67.779999
"1725","2013-11-06",67.860001
"1726","2013-11-07",67.019997
"1727","2013-11-08",67.370003
"1728","2013-11-11",67.260002
"1729","2013-11-12",66.769997
"1730","2013-11-13",67.059998
"1731","2013-11-14",66.510002
"1732","2013-11-15",66.580002
"1733","2013-11-18",67.860001
"1734","2013-11-19",66.559998
"1735","2013-11-20",66.080002
"1736","2013-11-21",67.650002
"1737","2013-11-22",67.830002
"1738","2013-11-25",67.599998
"1739","2013-11-26",68.860001
"1740","2013-11-27",69.099998
"1741","2013-11-29",68.389999
"1742","2013-12-02",66.800003
"1743","2013-12-03",66.760002
"1744","2013-12-04",66.459999
"1745","2013-12-05",67.139999
"1746","2013-12-06",68.230003
"1747","2013-12-09",68.589996
"1748","2013-12-10",66.910004
"1749","2013-12-11",65.669998
"1750","2013-12-12",66.269997
"1751","2013-12-13",66.5
"1752","2013-12-16",66.709999
"1753","2013-12-17",66.559998
"1754","2013-12-18",67.410004
"1755","2013-12-19",66.779999
"1756","2013-12-20",68.540001
"1757","2013-12-23",68.43
"1758","2013-12-24",69.519997
"1759","2013-12-26",70.239998
"1760","2013-12-27",70.589996
"1761","2013-12-30",70.75
"1762","2013-12-31",70.75
"1763","2014-01-02",69.629997
"1764","2014-01-03",69.360001
"1765","2014-01-06",68.349998
"1766","2014-01-07",69.459999
"1767","2014-01-08",69.459999
"1768","2014-01-09",69.68
"1769","2014-01-10",68.82
"1770","2014-01-13",67.419998
"1771","2014-01-14",68.360001
"1772","2014-01-15",69.550003
"1773","2014-01-16",69.349998
"1774","2014-01-17",68.919998
"1775","2014-01-21",69.589996
"1776","2014-01-22",69.360001
"1777","2014-01-23",68.110001
"1778","2014-01-24",66.870003
"1779","2014-01-27",66.32
"1780","2014-01-28",66.43
"1781","2014-01-29",64.959999
"1782","2014-01-30",65.940002
"1783","2014-01-31",64.839996
"1784","2014-02-03",62.380001
"1785","2014-02-04",63.259998
"1786","2014-02-05",62.439999
"1787","2014-02-06",61.110001
"1788","2014-02-07",61.310001
"1789","2014-02-10",61.099998
"1790","2014-02-11",61.630001
"1791","2014-02-12",62.869999
"1792","2014-02-13",63.790001
"1793","2014-02-14",62.98
"1794","2014-02-18",63.650002
"1795","2014-02-19",62.380001
"1796","2014-02-20",62.66
"1797","2014-02-21",63.060001
"1798","2014-02-24",64.300003
"1799","2014-02-25",64.510002
"1800","2014-02-26",64.82
"1801","2014-02-27",64.839996
"1802","2014-02-28",64.25
"1803","2014-03-03",63.48
"1804","2014-03-04",64.599998
"1805","2014-03-05",65.68
"1806","2014-03-06",66.709999
"1807","2014-03-07",67.129997
"1808","2014-03-10",66.639999
"1809","2014-03-11",65.110001
"1810","2014-03-12",65.220001
"1811","2014-03-13",64.860001
"1812","2014-03-14",64.5
"1813","2014-03-17",65.830002
"1814","2014-03-18",66.099998
"1815","2014-03-19",65.389999
"1816","2014-03-20",65.540001
"1817","2014-03-21",65.980003
"1818","2014-03-24",65.190002
"1819","2014-03-25",64.540001
"1820","2014-03-26",63.32
"1821","2014-03-27",63.529999
"1822","2014-03-28",62.970001
"1823","2014-03-31",63.700001
"1824","2014-04-01",63.560001
"1825","2014-04-02",65.089996
"1826","2014-04-03",65.019997
"1827","2014-04-04",63.950001
"1828","2014-04-07",62.720001
"1829","2014-04-08",62.25
"1830","2014-04-09",62.950001
"1831","2014-04-10",61.77
"1832","2014-04-11",61.380001
"1833","2014-04-14",61.68
"1834","2014-04-15",62.099998
"1835","2014-04-16",61.830002
"1836","2014-04-17",62.48
"1837","2014-04-21",62.5
"1838","2014-04-22",62.830002
"1839","2014-04-23",62.049999
"1840","2014-04-24",62.990002
"1841","2014-04-25",61.959999
"1842","2014-04-28",62.43
"1843","2014-04-29",61.830002
"1844","2014-04-30",62.259998
"1845","2014-05-01",61.599998
"1846","2014-05-02",62.23
"1847","2014-05-05",61.970001
"1848","2014-05-06",61.049999
"1849","2014-05-07",61.349998
"1850","2014-05-08",60.18
"1851","2014-05-09",60.77
"1852","2014-05-12",61.950001
"1853","2014-05-13",60.5
"1854","2014-05-14",58.580002
"1855","2014-05-15",58.299999
"1856","2014-05-16",59.07
"1857","2014-05-19",60.130001
"1858","2014-05-20",59.650002
"1859","2014-05-21",60.779999
"1860","2014-05-22",60.459999
"1861","2014-05-23",60.93
"1862","2014-05-27",62.5
"1863","2014-05-28",59.470001
"1864","2014-05-29",59.459999
"1865","2014-05-30",59.970001
"1866","2014-06-02",60.169998
"1867","2014-06-03",59.669998
"1868","2014-06-04",61.099998
"1869","2014-06-05",62.34
"1870","2014-06-06",63.5
"1871","2014-06-09",64.150002
"1872","2014-06-10",63.939999
"1873","2014-06-11",63.360001
"1874","2014-06-12",62.130001
"1875","2014-06-13",62.23
"1876","2014-06-16",62.470001
"1877","2014-06-17",62.509998
"1878","2014-06-18",62.59
"1879","2014-06-19",62.950001
"1880","2014-06-20",63.25
"1881","2014-06-23",64.080002
"1882","2014-06-24",63.529999
"1883","2014-06-25",64.010002
"1884","2014-06-26",63.380001
"1885","2014-06-27",64.25
"1886","2014-06-30",64.050003
"1887","2014-07-01",64.150002
"1888","2014-07-02",64.07
"1889","2014-07-03",65.25
"1890","2014-07-07",63.900002
"1891","2014-07-08",63.880001
"1892","2014-07-09",63.77
"1893","2014-07-10",62.400002
"1894","2014-07-11",62.349998
"1895","2014-07-14",62.380001
"1896","2014-07-15",61.400002
"1897","2014-07-16",61.549999
"1898","2014-07-17",60.32
"1899","2014-07-18",60.939999
"1900","2014-07-21",60.82
"1901","2014-07-22",61.139999
"1902","2014-07-23",61.41
"1903","2014-07-24",60.389999
"1904","2014-07-25",59.66
"1905","2014-07-28",59.470001
"1906","2014-07-29",56.73
"1907","2014-07-30",56.98
"1908","2014-07-31",55.48
"1909","2014-08-01",55.75
"1910","2014-08-04",56.330002
"1911","2014-08-05",56.360001
"1912","2014-08-06",56.09
"1913","2014-08-07",56.110001
"1914","2014-08-08",57.849998
"1915","2014-08-11",58.299999
"1916","2014-08-12",58.310001
"1917","2014-08-13",58.439999
"1918","2014-08-14",58.400002
"1919","2014-08-15",59.279999
"1920","2014-08-18",60.580002
"1921","2014-08-19",61.139999
"1922","2014-08-20",60.689999
"1923","2014-08-21",60.599998
"1924","2014-08-22",60.709999
"1925","2014-08-25",61.189999
"1926","2014-08-26",61.369999
"1927","2014-08-27",61.720001
"1928","2014-08-28",61.32
"1929","2014-08-29",61.82
"1930","2014-09-02",62.23
"1931","2014-09-03",62.16
"1932","2014-09-04",62.299999
"1933","2014-09-05",62.240002
"1934","2014-09-08",62.18
"1935","2014-09-09",61.639999
"1936","2014-09-10",61.549999
"1937","2014-09-11",61.790001
"1938","2014-09-12",61.189999
"1939","2014-09-15",60.52
"1940","2014-09-16",60.18
"1941","2014-09-17",60.009998
"1942","2014-09-18",60.48
"1943","2014-09-19",59.779999
"1944","2014-09-22",59.689999
"1945","2014-09-23",60.060001
"1946","2014-09-24",60.189999
"1947","2014-09-25",58.509998
"1948","2014-09-26",58
"1949","2014-09-29",57.849998
"1950","2014-09-30",56.700001
"1951","2014-10-01",55.139999
"1952","2014-10-02",55.540001
"1953","2014-10-03",55.259998
"1954","2014-10-06",55.150002
"1955","2014-10-07",54.27
"1956","2014-10-08",55.540001
"1957","2014-10-09",53.990002
"1958","2014-10-10",53.790001
"1959","2014-10-13",53.939999
"1960","2014-10-14",53.639999
"1961","2014-10-15",53.689999
"1962","2014-10-16",53.970001
"1963","2014-10-17",53.900002
"1964","2014-10-20",53.900002
"1965","2014-10-21",55.41
"1966","2014-10-22",54.919998
"1967","2014-10-23",55.939999
"1968","2014-10-24",56.119999
"1969","2014-10-27",55.970001
"1970","2014-10-28",58.330002
"1971","2014-10-29",58.189999
"1972","2014-10-30",60.889999
"1973","2014-10-31",60.75
"1974","2014-11-03",59.32
"1975","2014-11-04",59.450001
"1976","2014-11-05",61.259998
"1977","2014-11-06",61.57
"1978","2014-11-07",62
"1979","2014-11-10",63.009998
"1980","2014-11-11",62.599998
"1981","2014-11-12",63.25
"1982","2014-11-13",62.240002
"1983","2014-11-14",62.509998
"1984","2014-11-17",62.98
"1985","2014-11-18",62.630001
"1986","2014-11-19",62.59
"1987","2014-11-20",62.82
"1988","2014-11-21",63.580002
"1989","2014-11-24",64.360001
"1990","2014-11-25",64.739998
"1991","2014-11-26",64.629997
"1992","2014-11-28",63.580002
"1993","2014-12-01",63.330002
"1994","2014-12-02",64.510002
"1995","2014-12-03",65.239998
"1996","2014-12-04",65.669998
"1997","2014-12-05",65.330002
"1998","2014-12-08",64.849998
"1999","2014-12-09",66.519997
"2000","2014-12-10",64.93
"2001","2014-12-11",65.389999
"2002","2014-12-12",64.57
"2003","2014-12-15",63.720001
"2004","2014-12-16",61.470001
"2005","2014-12-17",62.799999
"2006","2014-12-18",63.360001
"2007","2014-12-19",63.41
"2008","2014-12-22",63.5
"2009","2014-12-23",64.199997
"2010","2014-12-24",64.220001
"2011","2014-12-26",65.129997
"2012","2014-12-29",65.120003
"2013","2014-12-30",64.93
"2014","2014-12-31",64.529999
"2015","2015-01-02",64.129997
"2016","2015-01-05",63.099998
"2017","2015-01-06",62.290001
"2018","2015-01-07",62.73
"2019","2015-01-08",63.130001
"2020","2015-01-09",62.98
"2021","2015-01-12",62.700001
"2022","2015-01-13",62.950001
"2023","2015-01-14",62.889999
"2024","2015-01-15",62.119999
"2025","2015-01-16",62.099998
"2026","2015-01-20",61.279999
"2027","2015-01-21",61.84
"2028","2015-01-22",63.380001
"2029","2015-01-23",62.150002
"2030","2015-01-26",62.110001
"2031","2015-01-27",61.110001
"2032","2015-01-28",59.880001
"2033","2015-01-29",59.580002
"2034","2015-01-30",58.040001
"2035","2015-02-02",61.259998
"2036","2015-02-03",61.27
"2037","2015-02-04",59.27
"2038","2015-02-05",60.810001
"2039","2015-02-06",60.799999
"2040","2015-02-09",60.860001
"2041","2015-02-10",61.490002
"2042","2015-02-11",61.330002
"2043","2015-02-12",62.169998
"2044","2015-02-13",61.779999
"2045","2015-02-17",61.459999
"2046","2015-02-18",61.150002
"2047","2015-02-19",61.259998
"2048","2015-02-20",60.830002
"2049","2015-02-23",60.830002
"2050","2015-02-24",61.09
"2051","2015-02-25",61.25
"2052","2015-02-26",61.799999
"2053","2015-02-27",62.049999
"2054","2015-03-02",63.07
"2055","2015-03-03",62.810001
"2056","2015-03-04",62.099998
"2057","2015-03-05",62.580002
"2058","2015-03-06",62.09
"2059","2015-03-09",63.259998
"2060","2015-03-10",61.630001
"2061","2015-03-11",61.560001
"2062","2015-03-12",63.18
"2063","2015-03-13",62.919998
"2064","2015-03-16",63.34
"2065","2015-03-17",63.259998
"2066","2015-03-18",64.07
"2067","2015-03-19",63.639999
"2068","2015-03-20",64.449997
"2069","2015-03-23",63.91
"2070","2015-03-24",64.07
"2071","2015-03-25",62.75
"2072","2015-03-26",62.380001
"2073","2015-03-27",75.580002
"2074","2015-03-30",75.529999
"2075","2015-03-31",76.540001
"2076","2015-04-01",76.849998
"2077","2015-04-02",76.410004
"2078","2015-04-06",77.290001
"2079","2015-04-07",76.160004
"2080","2015-04-08",76.230003
"2081","2015-04-09",75.919998
"2082","2015-04-10",76.489998
"2083","2015-04-13",76.959999
"2084","2015-04-14",76.889999
"2085","2015-04-15",77.239998
"2086","2015-04-16",76.589996
"2087","2015-04-17",75.43
"2088","2015-04-20",76.050003
"2089","2015-04-21",75.220001
"2090","2015-04-22",75.540001
"2091","2015-04-23",75.93
"2092","2015-04-24",75.349998
"2093","2015-04-27",75.150002
"2094","2015-04-28",76.010002
"2095","2015-04-29",75.32
"2096","2015-04-30",72.989998
"2097","2015-05-01",72.589996
"2098","2015-05-04",72.360001
"2099","2015-05-05",71.589996
"2100","2015-05-06",72.519997
"2101","2015-05-07",72.330002
"2102","2015-05-08",72.080002
"2103","2015-05-11",72.269997
"2104","2015-05-12",72.480003
"2105","2015-05-13",72.489998
"2106","2015-05-14",73.440002
"2107","2015-05-15",72.760002
"2108","2015-05-18",73.940002
"2109","2015-05-19",73.269997
"2110","2015-05-20",73.150002
"2111","2015-05-21",72.660004
"2112","2015-05-22",72.349998
"2113","2015-05-26",71.199997
"2114","2015-05-27",71
"2115","2015-05-28",71.07
"2116","2015-05-29",70.080002
"2117","2015-06-01",70.720001
"2118","2015-06-02",70.57
"2119","2015-06-03",71.129997
"2120","2015-06-04",70.169998
"2121","2015-06-05",71.620003
"2122","2015-06-08",71.760002
"2123","2015-06-09",71.57
"2124","2015-06-10",72.610001
"2125","2015-06-11",72.57
"2126","2015-06-12",72.400002
"2127","2015-06-15",71.82
"2128","2015-06-16",72.360001
"2129","2015-06-17",72.760002
"2130","2015-06-18",73.699997
"2131","2015-06-19",73.220001
"2132","2015-06-22",73.330002
"2133","2015-06-23",73.199997
"2134","2015-06-24",72.629997
"2135","2015-06-25",71.889999
"2136","2015-06-26",72.489998
"2137","2015-06-29",71.379997
"2138","2015-06-30",71.760002
"2139","2015-07-01",72.830002
"2140","2015-07-02",72.440002
"2141","2015-07-06",72.400002
"2142","2015-07-07",72.209999
"2143","2015-07-08",71.459999
"2144","2015-07-09",71.540001
"2145","2015-07-10",72.459999
"2146","2015-07-13",73.209999
"2147","2015-07-14",72.120003
"2148","2015-07-15",71.629997
"2149","2015-07-16",71.82
"2150","2015-07-17",71.559998
"2151","2015-07-20",70.589996
"2152","2015-07-21",68.879997
"2153","2015-07-22",67.889999
"2154","2015-07-23",67.489998
"2155","2015-07-24",66.059998
"2156","2015-07-27",66.129997
"2157","2015-07-28",65.400002
"2158","2015-07-29",66.720001
"2159","2015-07-30",66.690002
"2160","2015-07-31",67.75
"2161","2015-08-03",67.360001
"2162","2015-08-04",65.529999
"2163","2015-08-05",65.129997
"2164","2015-08-06",68.879997
"2165","2015-08-07",69.300003
"2166","2015-08-10",70.18
"2167","2015-08-11",67.660004
"2168","2015-08-12",66.940002
"2169","2015-08-13",67.25
"2170","2015-08-14",67.470001
"2171","2015-08-17",67.160004
"2172","2015-08-18",66.559998
"2173","2015-08-19",65.919998
"2174","2015-08-20",64.589996
"2175","2015-08-21",64.160004
"2176","2015-08-24",62.380001
"2177","2015-08-25",60.389999
"2178","2015-08-26",61.57
"2179","2015-08-27",61.720001
"2180","2015-08-28",62.049999
"2181","2015-08-31",61.860001
"2182","2015-09-01",60.060001
"2183","2015-09-02",60.09
"2184","2015-09-03",59.23
"2185","2015-09-04",58.459999
"2186","2015-09-08",59.599998
"2187","2015-09-09",60.27
"2188","2015-09-10",60.169998
"2189","2015-09-11",60.41
"2190","2015-09-14",58.32
"2191","2015-09-15",59.279999
"2192","2015-09-16",60.040001
"2193","2015-09-17",59.77
"2194","2015-09-18",57.830002
"2195","2015-09-21",59.279999
"2196","2015-09-22",58.59
"2197","2015-09-23",58.009998
"2198","2015-09-24",58.380001
"2199","2015-09-25",58.5
"2200","2015-09-28",58.93
"2201","2015-09-29",59.139999
"2202","2015-09-30",59.73
"2203","2015-10-01",58.759998
"2204","2015-10-02",59.459999
"2205","2015-10-05",61.189999
"2206","2015-10-06",61.52
"2207","2015-10-07",62.889999
"2208","2015-10-08",65.610001
"2209","2015-10-09",65.370003
"2210","2015-10-12",65.07
"2211","2015-10-13",63.75
"2212","2015-10-14",62.41
"2213","2015-10-15",64.019997
"2214","2015-10-16",63.25
"2215","2015-10-19",63.02
"2216","2015-10-20",63.099998
"2217","2015-10-21",63.150002
"2218","2015-10-22",65.709999
"2219","2015-10-23",66.830002
"2220","2015-10-26",66.379997
"2221","2015-10-27",65.589996
"2222","2015-10-28",68.389999
"2223","2015-10-29",68.800003
"2224","2015-10-30",68.389999
"2225","2015-11-02",69.800003
"2226","2015-11-03",69.480003
"2227","2015-11-04",69.199997
"2228","2015-11-05",70.25
"2229","2015-11-06",71.779999
"2230","2015-11-09",70.589996
"2231","2015-11-10",70.540001
"2232","2015-11-11",70.150002
"2233","2015-11-12",68.709999
"2234","2015-11-13",67.57
"2235","2015-11-16",68.269997
"2236","2015-11-17",67.589996
"2237","2015-11-18",68.650002
"2238","2015-11-19",68.110001
"2239","2015-11-20",68.82
"2240","2015-11-23",68.779999
"2241","2015-11-24",69.540001
"2242","2015-11-25",69.839996
"2243","2015-11-27",69.879997
"2244","2015-11-30",70.620003
"2245","2015-12-01",70.300003
"2246","2015-12-02",69.540001
"2247","2015-12-03",69.669998
"2248","2015-12-04",70.449997
"2249","2015-12-07",70.480003
"2250","2015-12-08",69.519997
"2251","2015-12-09",67.339996
"2252","2015-12-10",66.830002
"2253","2015-12-11",65.540001
"2254","2015-12-14",66.089996
"2255","2015-12-15",65.199997
"2256","2015-12-16",66.110001
"2257","2015-12-17",65.129997
"2258","2015-12-18",63.970001
"2259","2015-12-21",64.099998
"2260","2015-12-22",64.32
"2261","2015-12-23",65.970001
"2262","2015-12-24",66.489998
"2263","2015-12-28",67.019997
"2264","2015-12-29",67.040001
"2265","2015-12-30",66.050003
"2266","2015-12-31",64.589996
"2267","2016-01-04",62.130001
"2268","2016-01-05",62.369999
"2269","2016-01-06",61.779999
"2270","2016-01-07",60.66
"2271","2016-01-08",59.639999
"2272","2016-01-11",60.560001
"2273","2016-01-12",61.459999
"2274","2016-01-13",59.779999
"2275","2016-01-14",59.450001
"2276","2016-01-15",58.119999
"2277","2016-01-19",56.82
"2278","2016-01-20",57.09
"2279","2016-01-21",56.299999
"2280","2016-01-22",57.099998
"2281","2016-01-25",55.279999
"2282","2016-01-26",57.009998
"2283","2016-01-27",56.279999
"2284","2016-01-28",56.07
"2285","2016-01-29",59.330002
"2286","2016-02-01",57.25
"2287","2016-02-02",55.639999
"2288","2016-02-03",58.25
"2289","2016-02-04",59.970001
"2290","2016-02-05",59.040001
"2291","2016-02-08",59.93
"2292","2016-02-09",59.169998
"2293","2016-02-10",58.790001
"2294","2016-02-11",59.59
"2295","2016-02-12",60.150002
"2296","2016-02-16",61.25
"2297","2016-02-17",62.040001
"2298","2016-02-18",61.799999
"2299","2016-02-19",61.98
"2300","2016-02-22",62.139999
"2301","2016-02-23",61.610001
"2302","2016-02-24",62.459999
"2303","2016-02-25",63.240002
"2304","2016-02-26",64.330002
"2305","2016-02-29",63.700001
"2306","2016-03-01",64.620003
"2307","2016-03-02",64.720001
"2308","2016-03-03",65.709999
"2309","2016-03-04",66.730003
"2310","2016-03-07",67.900002
"2311","2016-03-08",67.489998
"2312","2016-03-09",67.379997
"2313","2016-03-10",67.339996
"2314","2016-03-11",68.870003
"2315","2016-03-14",69
"2316","2016-03-15",68.860001
"2317","2016-03-16",70.019997
"2318","2016-03-17",72.089996
"2319","2016-03-18",72.330002
"2320","2016-03-21",73.010002
"2321","2016-03-22",73.080002
"2322","2016-03-23",71.849998
"2323","2016-03-24",72.190002
"2324","2016-03-28",72.290001
"2325","2016-03-29",74.410004
"2326","2016-03-30",73.629997
"2327","2016-03-31",73.260002
"2328","2016-04-01",73.650002
"2329","2016-04-04",72.379997
"2330","2016-04-05",72.209999
"2331","2016-04-06",72
"2332","2016-04-07",70.870003
"2333","2016-04-08",72.32
"2334","2016-04-11",72.580002
"2335","2016-04-12",72.389999
"2336","2016-04-13",74.510002
"2337","2016-04-14",74.379997
"2338","2016-04-15",74.550003
"2339","2016-04-18",74.720001
"2340","2016-04-19",74.519997
"2341","2016-04-20",75.080002
"2342","2016-04-21",74.870003
"2343","2016-04-22",76.110001
"2344","2016-04-25",74.690002
"2345","2016-04-26",75.169998
"2346","2016-04-27",75.18
"2347","2016-04-28",73.93
"2348","2016-04-29",73.300003
"2349","2016-05-02",73.580002
"2350","2016-05-03",72.459999
"2351","2016-05-04",71.980003
"2352","2016-05-05",71.510002
"2353","2016-05-06",72.589996
"2354","2016-05-09",71.760002
"2355","2016-05-10",73.32
"2356","2016-05-11",72.400002
"2357","2016-05-12",72.620003
"2358","2016-05-13",71.93
"2359","2016-05-16",73.220001
"2360","2016-05-17",71.760002
"2361","2016-05-18",72.470001
"2362","2016-05-19",71.739998
"2363","2016-05-20",72.260002
"2364","2016-05-23",72.269997
"2365","2016-05-24",74.019997
"2366","2016-05-25",74.199997
"2367","2016-05-26",74.980003
"2368","2016-05-27",74.919998
"2369","2016-05-31",74.900002
"2370","2016-06-01",75.669998
"2371","2016-06-02",75.989998
"2372","2016-06-03",75.309998
"2373","2016-06-06",75.400002
"2374","2016-06-07",75.470001
"2375","2016-06-08",75.870003
"2376","2016-06-09",75.5
"2377","2016-06-10",74.029999
"2378","2016-06-13",72.980003
"2379","2016-06-14",73.339996
"2380","2016-06-15",72.879997
"2381","2016-06-16",73.169998
"2382","2016-06-17",72.519997
"2383","2016-06-20",73.739998
"2384","2016-06-21",72.43
"2385","2016-06-22",71.93
"2386","2016-06-23",73.959999
"2387","2016-06-24",71.519997
"2388","2016-06-27",69.290001
"2389","2016-06-28",69.389999
"2390","2016-06-29",70.580002
"2391","2016-06-30",72.5
"2392","2016-07-01",72.800003
"2393","2016-07-05",71.559998
"2394","2016-07-06",71.440002
"2395","2016-07-07",71.190002
"2396","2016-07-08",72.940002
"2397","2016-07-11",74.75
"2398","2016-07-12",76.120003
"2399","2016-07-13",76.25
"2400","2016-07-14",76.010002
"2401","2016-07-15",77
"2402","2016-07-18",76.449997
"2403","2016-07-19",76.199997
"2404","2016-07-20",76.690002
"2405","2016-07-21",75.290001
"2406","2016-07-22",75.019997
"2407","2016-07-25",74.419998
"2408","2016-07-26",77.169998
"2409","2016-07-27",77.169998
"2410","2016-07-28",76.870003
"2411","2016-07-29",76.029999
"2412","2016-08-01",75.910004
"2413","2016-08-02",75.629997
"2414","2016-08-03",75.269997
"2415","2016-08-04",78.279999
"2416","2016-08-05",78.029999
"2417","2016-08-08",77.629997
"2418","2016-08-09",77.160004
"2419","2016-08-10",77.18
"2420","2016-08-11",77.57
"2421","2016-08-12",77.010002
"2422","2016-08-15",78.150002
"2423","2016-08-16",77.480003
"2424","2016-08-17",77.370003
"2425","2016-08-18",77.5
"2426","2016-08-19",77.290001
"2427","2016-08-22",77.290001
"2428","2016-08-23",78.980003
"2429","2016-08-24",78.75
"2430","2016-08-25",79.040001
"2431","2016-08-26",78.379997
"2432","2016-08-29",78.629997
"2433","2016-08-30",79.419998
"2434","2016-08-31",79.089996
"2435","2016-09-01",78.989998
"2436","2016-09-02",79.75
"2437","2016-09-06",78.5
"2438","2016-09-07",79.349998
"2439","2016-09-08",78.620003
"2440","2016-09-09",75.779999
"2441","2016-09-12",76.470001
"2442","2016-09-13",74.300003
"2443","2016-09-14",73.870003
"2444","2016-09-15",74.629997
"2445","2016-09-16",74.330002
"2446","2016-09-19",74.779999
"2447","2016-09-20",74.510002
"2448","2016-09-21",75.660004
"2449","2016-09-22",77.050003
"2450","2016-09-23",76.160004
"2451","2016-09-26",75.57
"2452","2016-09-27",75.790001
"2453","2016-09-28",76.68
"2454","2016-09-29",75.889999
"2455","2016-09-30",76.480003
"2456","2016-10-03",75.980003
"2457","2016-10-04",76.650002
"2458","2016-10-05",77.510002
"2459","2016-10-06",77.860001
"2460","2016-10-07",76.260002
"2461","2016-10-10",75.769997
"2462","2016-10-11",74.080002
"2463","2016-10-12",74.510002
"2464","2016-10-13",73.32
"2465","2016-10-14",71.290001
"2466","2016-10-17",70.480003
"2467","2016-10-18",71.389999
"2468","2016-10-19",71.779999
"2469","2016-10-20",71.050003
"2470","2016-10-21",71.099998
"2471","2016-10-24",71.589996
"2472","2016-10-25",70.650002
"2473","2016-10-26",70.339996
"2474","2016-10-27",69.440002
"2475","2016-10-28",70.110001
"2476","2016-10-31",71.349998
"2477","2016-11-01",69.589996
"2478","2016-11-02",68.239998
"2479","2016-11-03",70.150002
"2480","2016-11-04",70.32
"2481","2016-11-07",71.029999
"2482","2016-11-08",71.129997
"2483","2016-11-09",73.769997
"2484","2016-11-10",78.480003
"2485","2016-11-11",82.379997
"2486","2016-11-14",81.989998
"2487","2016-11-15",82.209999
"2488","2016-11-16",81.169998
"2489","2016-11-17",80.559998
"2490","2016-11-18",80.120003
"2491","2016-11-21",82
"2492","2016-11-22",83.550003
"2493","2016-11-23",85.830002
"2494","2016-11-25",85.580002
"2495","2016-11-28",83.75
"2496","2016-11-29",83.360001
"2497","2016-11-30",84.760002
"2498","2016-12-01",84.300003
"2499","2016-12-02",83.349998
"2500","2016-12-05",84.559998
"2501","2016-12-06",84.349998
"2502","2016-12-07",85.279999
"2503","2016-12-08",89.639999
"2504","2016-12-09",90.669998
"2505","2016-12-12",91.480003
"2506","2016-12-13",91.510002
"2507","2016-12-14",89.919998
"2508","2016-12-15",92.480003
"2509","2016-12-16",92.769997
"2510","2016-12-19",92.099998
"2511","2016-12-20",93.309998
"2512","2016-12-21",94.120003
"2513","2016-12-22",93.059998
"2514","2016-12-23",93.25
"2515","2016-12-27",93.419998
"2516","2016-12-28",92.459999
"2517","2016-12-29",92.93
"2518","2016-12-30",92.809998
"2519","2017-01-03",93.529999
"2520","2017-01-04",93.529999
"2521","2017-01-05",92.589996
"2522","2017-01-06",91.760002
"2523","2017-01-09",89.949997
"2524","2017-01-10",91.589996
"2525","2017-01-11",92.410004
"2526","2017-01-12",90.230003
"2527","2017-01-13",91.43
"2528","2017-01-17",89.709999
"2529","2017-01-18",91.980003
"2530","2017-01-19",93.260002
"2531","2017-01-20",90.739998
"2532","2017-01-23",88.940002
"2533","2017-01-24",91.650002
"2534","2017-01-25",94.559998
"2535","2017-01-26",93.209999
"2536","2017-01-27",93.82
"2537","2017-01-30",92.830002
"2538","2017-01-31",92.629997
"2539","2017-02-01",93.190002
"2540","2017-02-02",91.900002
"2541","2017-02-03",94
"2542","2017-02-06",93.290001
"2543","2017-02-07",92.040001
"2544","2017-02-08",92.330002
"2545","2017-02-09",95.169998
"2546","2017-02-10",96.410004
"2547","2017-02-13",96.370003
"2548","2017-02-14",95.25
"2549","2017-02-15",95.230003
"2550","2017-02-16",94.389999
"2551","2017-02-17",94
"2552","2017-02-21",94.309998
"2553","2017-02-22",93.809998
"2554","2017-02-23",93.160004
"2555","2017-02-24",94.349998
"2556","2017-02-27",95.120003
"2557","2017-02-28",93.300003
"2558","2017-03-01",95.120003
"2559","2017-03-02",92.940002
"2560","2017-03-03",92.970001
"2561","2017-03-06",92.559998
"2562","2017-03-07",91.919998
"2563","2017-03-08",90.639999
"2564","2017-03-09",89.510002
"2565","2017-03-10",91.010002
"2566","2017-03-13",90.839996
"2567","2017-03-14",89.470001
"2568","2017-03-15",91.25
"2569","2017-03-16",91.139999
"2570","2017-03-17",92.550003
"2571","2017-03-20",92.75
"2572","2017-03-21",90.970001
"2573","2017-03-22",91.160004
"2574","2017-03-23",92.459999
"2575","2017-03-24",92.150002
"2576","2017-03-27",91.93
"2577","2017-03-28",93.220001
"2578","2017-03-29",94.43
"2579","2017-03-30",96.010002
"2580","2017-03-31",97.089996
"2581","2017-04-03",96.290001
"2582","2017-04-04",96.019997
"2583","2017-04-05",92.970001
"2584","2017-04-06",94.279999
"2585","2017-04-07",94.470001
"2586","2017-04-10",95.059998
"2587","2017-04-11",96.089996
"2588","2017-04-12",93.410004
"2589","2017-04-13",91.68
"2590","2017-04-17",92.480003
"2591","2017-04-18",92.25
"2592","2017-04-19",92.089996
"2593","2017-04-20",94.360001
"2594","2017-04-21",95
"2595","2017-04-24",97.150002
"2596","2017-04-25",99.169998
"2597","2017-04-26",100.919998
"2598","2017-04-27",101.470001
"2599","2017-04-28",100.300003
"2600","2017-05-01",100.5
"2601","2017-05-02",100.580002
"2602","2017-05-03",99.730003
"2603","2017-05-04",100.970001
"2604","2017-05-05",102.199997
"2605","2017-05-08",101.75
"2606","2017-05-09",102.470001
"2607","2017-05-10",101.480003
"2608","2017-05-11",100.889999
"2609","2017-05-12",99.059998
"2610","2017-05-15",100.459999
"2611","2017-05-16",100.510002
"2612","2017-05-17",98.370003
"2613","2017-05-18",98.639999
"2614","2017-05-19",99.540001
"2615","2017-05-22",100.529999
"2616","2017-05-23",101.019997
"2617","2017-05-24",100.68
"2618","2017-05-25",99.669998
"2619","2017-05-26",99.599998
"2620","2017-05-30",99.449997
"2621","2017-05-31",101.32
"2622","2017-06-01",105.459999
"2623","2017-06-02",106.25
"2624","2017-06-05",104.489998
"2625","2017-06-06",105.099998
"2626","2017-06-07",104.459999
"2627","2017-06-08",105.199997
"2628","2017-06-09",106.650002
"2629","2017-06-12",105.510002
"2630","2017-06-13",104.25
"2631","2017-06-14",101.849998
"2632","2017-06-15",103.690002
"2633","2017-06-16",104.82
"2634","2017-06-19",105.43
"2635","2017-06-20",104.510002
"2636","2017-06-21",100.690002
"2637","2017-06-22",100.470001
"2638","2017-06-23",101.540001
"2639","2017-06-26",101.959999
"2640","2017-06-27",99.639999
"2641","2017-06-28",101.769997
"2642","2017-06-29",99.989998
"2643","2017-06-30",101.760002
"2644","2017-07-03",102.900002
"2645","2017-07-05",102.599998
"2646","2017-07-06",101.540001
"2647","2017-07-07",102.279999
"2648","2017-07-10",101.610001
"2649","2017-07-11",102.459999
"2650","2017-07-12",102.669998
"2651","2017-07-13",103.720001
"2652","2017-07-14",104.400002
"2653","2017-07-17",105.029999
"2654","2017-07-18",104.860001
"2655","2017-07-19",106.010002
"2656","2017-07-20",105.440002
"2657","2017-07-21",103.860001
"2658","2017-07-24",103.419998
"2659","2017-07-25",105.120003
"2660","2017-07-26",102.269997
"2661","2017-07-27",102.360001
"2662","2017-07-28",102.639999
"2663","2017-07-31",103.339996
"2664","2017-08-01",103.849998
"2665","2017-08-02",102.970001
"2666","2017-08-03",102.800003
"2667","2017-08-04",103.650002
"2668","2017-08-07",103.029999
"2669","2017-08-08",106.589996
"2670","2017-08-09",107.550003
"2671","2017-08-10",105.300003
"2672","2017-08-11",104.480003
"2673","2017-08-14",107.629997
"2674","2017-08-15",105.349998
"2675","2017-08-16",106.410004
"2676","2017-08-17",105.470001
"2677","2017-08-18",106
"2678","2017-08-21",106.580002
"2679","2017-08-22",108.370003
"2680","2017-08-23",107.82
"2681","2017-08-24",106.980003
"2682","2017-08-25",107.68
"2683","2017-08-28",107.660004
"2684","2017-08-29",108.599998
"2685","2017-08-30",109.330002
"2686","2017-08-31",110.269997
"2687","2017-09-01",111.169998
"2688","2017-09-05",109.68
"2689","2017-09-06",109.57
"2690","2017-09-07",108
"2691","2017-09-08",109.230003
"2692","2017-09-11",110.349998
"2693","2017-09-12",112.910004
"2694","2017-09-13",114.580002
"2695","2017-09-14",115.110001
"2696","2017-09-15",116.730003
"2697","2017-09-18",117.349998
"2698","2017-09-19",119.68
"2699","2017-09-20",119.160004
"2700","2017-09-21",120.199997
"2701","2017-09-22",120.230003
"2702","2017-09-25",121.269997
"2703","2017-09-26",121.400002
"2704","2017-09-27",124.739998
"2705","2017-09-28",124.489998
"2706","2017-09-29",125.150002
"2707","2017-10-02",125.120003
"2708","2017-10-03",125.82
"2709","2017-10-04",125.690002
"2710","2017-10-05",125.620003
"2711","2017-10-06",125.580002
"2712","2017-10-09",126.099998
"2713","2017-10-10",126.589996
"2714","2017-10-11",126.019997
"2715","2017-10-12",125.730003
"2716","2017-10-13",126.5
"2717","2017-10-16",127.739998
"2718","2017-10-17",125.989998
"2719","2017-10-18",126.720001
"2720","2017-10-19",126.639999
"2721","2017-10-20",126.730003
"2722","2017-10-23",126.449997
"2723","2017-10-24",126.699997
"2724","2017-10-25",127.239998
"2725","2017-10-26",128.889999
"2726","2017-10-27",127.709999
"2727","2017-10-30",122.910004
"2728","2017-10-31",123.82
"2729","2017-11-01",123.949997
"2730","2017-11-02",127.279999
"2731","2017-11-03",123.330002
"2732","2017-11-06",121.730003
"2733","2017-11-07",120.040001
"2734","2017-11-08",122.599998
"2735","2017-11-09",121.949997
"2736","2017-11-10",122.669998
"2737","2017-11-13",123.110001
"2738","2017-11-14",122.550003
"2739","2017-11-15",120.790001
"2740","2017-11-16",124.18
"2741","2017-11-17",124.970001
"2742","2017-11-20",127.489998
"2743","2017-11-21",131.050003
"2744","2017-11-22",127.089996
"2745","2017-11-24",126.25
"2746","2017-11-27",125.160004
"2747","2017-11-28",126.860001
"2748","2017-11-29",133.270004
"2749","2017-11-30",133.449997
"2750","2017-12-01",131.710007
"2751","2017-12-04",131.119995
"2752","2017-12-05",127.529999
"2753","2017-12-06",127.599998
"2754","2017-12-07",126.089996
"2755","2017-12-08",123.839996
"2756","2017-12-11",120.849998
"2757","2017-12-12",119.940002
"2758","2017-12-13",121.300003
"2759","2017-12-14",118.57
"2760","2017-12-15",121.440002
"2761","2017-12-18",122.5
"2762","2017-12-19",120.949997
"2763","2017-12-20",123.870003
"2764","2017-12-21",125.989998
"2765","2017-12-22",126.269997
"2766","2017-12-26",125.75
"2767","2017-12-27",126.589996
"2768","2017-12-28",127.739998
"2769","2017-12-29",126.400002
"2770","2018-01-02",126.510002
"2771","2018-01-03",124.510002
"2772","2018-01-04",126.25
"2773","2018-01-05",125.620003
"2774","2018-01-08",125.059998
"2775","2018-01-09",123.199997
"2776","2018-01-10",126.110001
"2777","2018-01-11",129.740005
"2778","2018-01-12",130.699997
"2779","2018-01-16",128.649994
"2780","2018-01-17",128.279999
"2781","2018-01-18",126.269997
"2782","2018-01-19",129.639999
"2783","2018-01-22",128.380005
"2784","2018-01-23",127.139999
"2785","2018-01-24",126.68
"2786","2018-01-25",131.509995
"2787","2018-01-26",130
"2788","2018-01-29",127.849998
"2789","2018-01-30",127.809998
"2790","2018-01-31",126
"2791","2018-02-01",126.559998
"2792","2018-02-02",122.620003
"2793","2018-02-05",114.690002
"2794","2018-02-06",120.519997
"2795","2018-02-07",120.080002
"2796","2018-02-08",116.25
"2797","2018-02-09",118.389999
"2798","2018-02-12",119.839996
"2799","2018-02-13",118.449997
"2800","2018-02-14",118.82
"2801","2018-02-15",122.449997
"2802","2018-02-16",123.25
"2803","2018-02-20",121.919998
"2804","2018-02-21",123.639999
"2805","2018-02-22",124.360001
"2806","2018-02-23",124.349998
"2807","2018-02-26",125.919998
"2808","2018-02-27",121.910004
"2809","2018-02-28",120.5
"2810","2018-03-01",118.25
"2811","2018-03-02",118.830002
"2812","2018-03-05",119.629997
"2813","2018-03-06",120.760002
"2814","2018-03-07",123.540001
"2815","2018-03-08",124.470001
"2816","2018-03-09",128
"2817","2018-03-12",126.309998
"2818","2018-03-13",126.75
"2819","2018-03-14",125.830002
"2820","2018-03-15",125.269997
"2821","2018-03-16",125.019997
"2822","2018-03-19",125.839996
"2823","2018-03-20",127.5
"2824","2018-03-21",127.309998
"2825","2018-03-22",124.129997
"2826","2018-03-23",118.419998
"2827","2018-03-26",122.510002
"2828","2018-03-27",120.790001
"2829","2018-03-28",121.589996
"2830","2018-03-29",124.199997
"2831","2018-04-02",118.5
"2832","2018-04-03",121.160004
"2833","2018-04-04",122.07
"2834","2018-04-05",123.559998
"2835","2018-04-06",120.93
"2836","2018-04-09",120.059998
"2837","2018-04-10",122.089996
"2838","2018-04-11",122.440002
"2839","2018-04-12",123.050003
"2840","2018-04-13",123.57
"2841","2018-04-16",125.989998
"2842","2018-04-17",127.300003
"2843","2018-04-18",126.360001
"2844","2018-04-19",126
"2845","2018-04-20",125.220001
"2846","2018-04-23",123.919998
"2847","2018-04-24",121.139999
"2848","2018-04-25",119.970001
"2849","2018-04-26",119.279999
"2850","2018-04-27",118.379997
"2851","2018-04-30",116.379997
"2852","2018-05-01",115.230003
"2853","2018-05-02",115.260002
"2854","2018-05-03",113.150002
"2855","2018-05-04",114.980003
"2856","2018-05-07",117.800003
"2857","2018-05-08",120.43
"2858","2018-05-09",120
"2859","2018-05-10",120.669998
"2860","2018-05-11",121.93
"2861","2018-05-14",120.68
"2862","2018-05-15",120.089996
"2863","2018-05-16",119.5
"2864","2018-05-17",120.93
"2865","2018-05-18",123.260002
"2866","2018-05-21",123.949997
"2867","2018-05-22",122.379997
"2868","2018-05-23",123.830002
"2869","2018-05-24",124.470001
"2870","2018-05-25",122.860001
"2871","2018-05-29",122.330002
"2872","2018-05-30",124.860001
"2873","2018-05-31",125.709999
"2874","2018-06-01",128.039993
"2875","2018-06-04",127.870003
"2876","2018-06-05",128.509995
"2877","2018-06-06",130.229996
"2878","2018-06-07",132.119995
"2879","2018-06-08",130.919998
"2880","2018-06-11",130.919998
"2881","2018-06-12",129.289993
"2882","2018-06-13",130.380005
"2883","2018-06-14",129.830002
"2884","2018-06-15",129.720001
"2885","2018-06-18",130.100006
"2886","2018-06-19",127.940002
"2887","2018-06-20",131.110001
"2888","2018-06-21",128.350006
"2889","2018-06-22",129.210007
"2890","2018-06-25",127.349998
"2891","2018-06-26",128.5
"2892","2018-06-27",130.910004
"2893","2018-06-28",131.910004
"2894","2018-06-29",128.809998
"2895","2018-07-02",128.5
"2896","2018-07-03",128.240005
"2897","2018-07-05",131.059998
"2898","2018-07-06",133.089996
"2899","2018-07-09",134.990005
"2900","2018-07-10",133.649994
"2901","2018-07-11",132.029999
"2902","2018-07-12",132.990005
"2903","2018-07-13",135.380005
"2904","2018-07-16",133.960007
"2905","2018-07-17",134.929993
"2906","2018-07-18",137.330002
"2907","2018-07-19",138.279999
"2908","2018-07-20",139.619995
"2909","2018-07-23",139.070007
"2910","2018-07-24",138.089996
"2911","2018-07-25",141.610001
"2912","2018-07-26",144.529999
"2913","2018-07-27",141.089996
"2914","2018-07-30",141.880005
"2915","2018-07-31",145.380005
"2916","2018-08-01",143.789993
"2917","2018-08-02",142.970001
"2918","2018-08-03",139.899994
"2919","2018-08-06",142.149994
"2920","2018-08-07",139.509995
"2921","2018-08-08",139.779999
"2922","2018-08-09",140
"2923","2018-08-10",139.869995
"2924","2018-08-13",140.240005
"2925","2018-08-14",144.600006
"2926","2018-08-15",143.130005
"2927","2018-08-16",142.809998
"2928","2018-08-17",144.949997
"2929","2018-08-20",145.240005
"2930","2018-08-21",148.410004
"2931","2018-08-22",147.570007
"2932","2018-08-23",147.039993
"2933","2018-08-24",149.179993
"2934","2018-08-27",150.690002
"2935","2018-08-28",148.600006
"2936","2018-08-29",149.589996
"2937","2018-08-30",149.479996
"2938","2018-08-31",149.809998
"2939","2018-09-04",149.630005
"2940","2018-09-05",152.850006
"2941","2018-09-06",154.679993
"2942","2018-09-07",153.75
"2943","2018-09-10",153.520004
"2944","2018-09-11",151.869995
"2945","2018-09-12",150.800003
"2946","2018-09-13",149.210007
"2947","2018-09-14",150.639999
"2948","2018-09-17",151.330002
"2949","2018-09-18",152.220001
"2950","2018-09-19",150.690002
"2951","2018-09-20",152.270004
"2952","2018-09-21",152.850006
"2953","2018-09-24",151.199997
"2954","2018-09-25",150.830002
"2955","2018-09-26",147.789993
"2956","2018-09-27",147.380005
"2957","2018-09-28",150.360001
"2958","2018-10-01",150.279999
"2959","2018-10-02",151.449997
"2960","2018-10-03",154.300003
"2961","2018-10-04",155.660004
"2962","2018-10-05",154.800003
"2963","2018-10-08",154.429993
"2964","2018-10-09",153.179993
"2965","2018-10-10",147.210007
"2966","2018-10-11",141.360001
"2967","2018-10-12",137.960007
"2968","2018-10-15",138.850006
"2969","2018-10-16",144.929993
"2970","2018-10-17",145.100006
"2971","2018-10-18",143.770004
"2972","2018-10-19",142.720001
"2973","2018-10-22",146.649994
"2974","2018-10-23",145.610001
"2975","2018-10-24",139.820007
"2976","2018-10-25",142.399994
"2977","2018-10-26",143.820007
"2978","2018-10-29",141.869995
"2979","2018-10-30",146.570007
"2980","2018-10-31",147.679993
"2981","2018-11-01",150.639999
"2982","2018-11-02",168.339996
"2983","2018-11-05",162.330002
"2984","2018-11-06",157.919998
"2985","2018-11-07",160.919998
"2986","2018-11-08",163.130005
"2987","2018-11-09",160.100006
"2988","2018-11-12",157.199997
"2989","2018-11-13",154.460007
"2990","2018-11-14",151.229996
"2991","2018-11-15",153.169998
"2992","2018-11-16",155.100006
"2993","2018-11-19",151.100006
"2994","2018-11-20",145.949997
"2995","2018-11-21",146.199997
"2996","2018-11-23",146.550003
"2997","2018-11-26",149.309998
"2998","2018-11-27",145.399994
"2999","2018-11-28",152.759995
"3000","2018-11-29",151.570007
"3001","2018-11-30",153.020004
"3002","2018-12-03",157.149994
"3003","2018-12-04",144.529999
"3004","2018-12-06",141.929993
"3005","2018-12-07",137.020004
"3006","2018-12-10",135.529999
"3007","2018-12-11",134.190002
"3008","2018-12-12",135.740005
"3009","2018-12-13",135.210007
"3010","2018-12-14",135.529999
"3011","2018-12-17",133.919998
"3012","2018-12-18",134.229996
"3013","2018-12-19",131.699997
"3014","2018-12-20",128.440002
"3015","2018-12-21",127.010002
"3016","2018-12-24",125.32
"3017","2018-12-26",133.350006
"3018","2018-12-27",130.300003
"3019","2018-12-28",130.839996
"3020","2018-12-31",131.100006
"3021","2019-01-02",128.779999
"3022","2019-01-03",123.690002
"3023","2019-01-04",128.410004
"3024","2019-01-07",129.259995
"3025","2019-01-08",128.779999
"3026","2019-01-09",129.960007
"3027","2019-01-10",132.270004
"3028","2019-01-11",131.800003
"3029","2019-01-14",129.509995
"3030","2019-01-15",132.639999
"3031","2019-01-16",133.320007
"3032","2019-01-17",134.710007
"3033","2019-01-18",137.679993
"3034","2019-01-22",134.240005
"3035","2019-01-23",132.729996
"3036","2019-01-24",133.660004
"3037","2019-01-25",135.050003
"3038","2019-01-28",133.919998
"3039","2019-01-29",135.699997
"3040","2019-01-30",138.690002
"3041","2019-01-31",139.419998
"3042","2019-02-01",139.199997
"3043","2019-02-04",140.800003
"3044","2019-02-05",131.470001
"3045","2019-02-06",133.320007
"3046","2019-02-07",130.070007
"3047","2019-02-08",129.759995
"3048","2019-02-11",130.690002
"3049","2019-02-12",132.649994
"3050","2019-02-13",132.880005
"3051","2019-02-14",134.869995
"3052","2019-02-15",142.899994
"3053","2019-02-19",141.929993
"3054","2019-02-20",144.5
"3055","2019-02-21",142.610001
"3056","2019-02-22",142.070007
"3057","2019-02-25",144.449997
"3058","2019-02-26",142.660004
"3059","2019-02-27",141.949997
"3060","2019-02-28",140.149994
"3061","2019-03-01",142.160004
"3062","2019-03-04",140.259995
"3063","2019-03-05",139.570007
"3064","2019-03-06",137.039993
"3065","2019-03-07",134.699997
"3066","2019-03-08",135.550003
"3067","2019-03-11",134.350006
"3068","2019-03-12",131.960007
"3069","2019-03-13",133.990005
"3070","2019-03-14",133.460007
"3071","2019-03-15",131.490005
"3072","2019-03-18",134.710007
"3073","2019-03-19",132.75
"3074","2019-03-20",132.149994
"3075","2019-03-21",132.970001
"3076","2019-03-22",126.169998
"3077","2019-03-25",126.639999
"3078","2019-03-26",128.270004
"3079","2019-03-27",126.5
"3080","2019-03-28",126.910004
"3081","2019-03-29",127.169998
"3082","2019-04-01",128.559998
"3083","2019-04-02",129.559998
"3084","2019-04-03",132.660004
"3085","2019-04-04",131.949997
"3086","2019-04-05",133.059998
"3087","2019-04-08",130.009995
"3088","2019-04-09",125.480003
"3089","2019-04-10",128.059998
"3090","2019-04-11",129.149994
"3091","2019-04-12",129.529999
"3092","2019-04-15",130.210007
"3093","2019-04-16",130.460007
"3094","2019-04-17",129.399994
"3095","2019-04-18",130.919998
"3096","2019-04-22",130.220001
"3097","2019-04-23",132.119995
"3098","2019-04-24",133.5
"3099","2019-04-25",133.190002
"3100","2019-04-26",134.919998
"3101","2019-04-29",137.729996
"3102","2019-04-30",137.550003
"3103","2019-05-01",138.300003
"3104","2019-05-02",138.580002
"3105","2019-05-03",142.110001
"3106","2019-05-06",141.100006
"3107","2019-05-07",137.279999
"3108","2019-05-08",137.130005
"3109","2019-05-09",137.550003
"3110","2019-05-10",137.419998
"3111","2019-05-13",134.080002
"3112","2019-05-14",135.199997
"3113","2019-05-15",136.800003
"3114","2019-05-16",138.380005
"3115","2019-05-17",135.889999
"3116","2019-05-20",135.910004
"3117","2019-05-21",138.580002
"3118","2019-05-22",138.940002
"3119","2019-05-23",140.380005
"3120","2019-05-24",147.25
"3121","2019-05-28",146.490005
"3122","2019-05-29",143.309998
"3123","2019-05-30",142.869995
"3124","2019-05-31",142.300003
"3125","2019-06-03",143.919998
"3126","2019-06-04",148.75
"3127","2019-06-05",149.300003
"3128","2019-06-06",150.380005
"3129","2019-06-07",149.229996
"3130","2019-06-10",148.990005
"3131","2019-06-11",149.259995
"3132","2019-06-12",152.669998
"3133","2019-06-13",153.929993
"3134","2019-06-14",150.580002
"3135","2019-06-17",149.850006
"3136","2019-06-18",152.330002
"3137","2019-06-19",154.380005
"3138","2019-06-20",160.570007
"3139","2019-06-21",161.850006
"3140","2019-06-24",161.839996
"3141","2019-06-25",163.559998
"3142","2019-06-26",160.789993
"3143","2019-06-27",163.440002
"3144","2019-06-28",166.809998
"3145","2019-07-01",169.050003
"3146","2019-07-02",168.070007
"3147","2019-07-03",167.529999
"3148","2019-07-05",166.009995
"3149","2019-07-08",162.949997
"3150","2019-07-09",162.809998
"3151","2019-07-10",162.679993
"3152","2019-07-11",162.580002
"3153","2019-07-12",164.160004
"3154","2019-07-15",162.960007
"3155","2019-07-16",164.339996
"3156","2019-07-17",160.520004
"3157","2019-07-18",161.830002
"3158","2019-07-19",161.630005
"3159","2019-07-22",161.160004
"3160","2019-07-23",164.520004
"3161","2019-07-24",164.169998
"3162","2019-07-25",161.910004
"3163","2019-07-26",164.419998
"3164","2019-07-29",162.080002
"3165","2019-07-30",164.789993
"3166","2019-07-31",162.690002
"3167","2019-08-01",160.479996
"3168","2019-08-02",161.940002
"3169","2019-08-05",156.869995
"3170","2019-08-06",157.479996
"3171","2019-08-07",159.139999
"3172","2019-08-08",162.800003
"3173","2019-08-09",160.509995
"3174","2019-08-12",158.539993
"3175","2019-08-13",161.919998
"3176","2019-08-14",156.149994
"3177","2019-08-15",157.089996
"3178","2019-08-16",159.960007
"3179","2019-08-19",158.479996
"3180","2019-08-20",157.759995
"3181","2019-08-21",157.759995
"3182","2019-08-22",158.850006
"3183","2019-08-23",151.050003
"3184","2019-08-26",150.789993
"3185","2019-08-27",153.669998
"3186","2019-08-28",156
"3187","2019-08-29",159.740005
"3188","2019-08-30",159.529999
"3189","2019-09-03",156.369995
"3190","2019-09-04",156.660004
"3191","2019-09-05",160.639999
"3192","2019-09-06",159.520004
"3193","2019-09-09",159.429993
"3194","2019-09-10",159
"3195","2019-09-11",159
"3196","2019-09-12",162.119995
"3197","2019-09-13",167.449997
"3198","2019-09-16",166.919998
"3199","2019-09-17",164.389999
"3200","2019-09-18",165.210007
"3201","2019-09-19",162.690002
"3202","2019-09-20",166.820007
"3203","2019-09-23",168
"3204","2019-09-24",165.100006
"3205","2019-09-25",169.850006
"3206","2019-09-26",164.110001
"3207","2019-09-27",164.869995
"3208","2019-09-30",165.910004
"3209","2019-10-01",158.429993
"3210","2019-10-02",157.660004
"3211","2019-10-03",155.910004
"3212","2019-10-04",157.320007
"3213","2019-10-07",157.619995
"3214","2019-10-08",153.020004
"3215","2019-10-09",155.699997
"3216","2019-10-10",156.220001
"3217","2019-10-11",159.789993
"3218","2019-10-14",159.5
"3219","2019-10-15",161.710007
"3220","2019-10-16",160.869995
"3221","2019-10-17",164.330002
"3222","2019-10-18",162.869995
"3223","2019-10-21",163.470001
"3224","2019-10-22",160.800003
"3225","2019-10-23",158.169998
"3226","2019-10-24",159.270004
"3227","2019-10-25",160.050003
"3228","2019-10-28",162.360001
"3229","2019-10-29",163.399994
"3230","2019-10-30",162.490005
"3231","2019-10-31",160.440002
"3232","2019-11-01",162.929993
"3233","2019-11-04",163.910004
"3234","2019-11-05",163.270004
"3235","2019-11-06",165.660004
"3236","2019-11-07",167.440002
"3237","2019-11-08",167.309998
"3238","2019-11-11",166.369995
"3239","2019-11-12",166.229996
"3240","2019-11-13",165.259995
"3241","2019-11-14",160.690002
"3242","2019-11-15",162.830002
"3243","2019-11-18",160.240005
"3244","2019-11-19",161.110001
"3245","2019-11-20",155.449997
"3246","2019-11-21",157.949997
"3247","2019-11-22",161.889999
"3248","2019-11-25",165.809998
"3249","2019-11-26",166.229996
"3250","2019-11-27",166.649994
"3251","2019-11-29",165.880005
"3252","2019-12-02",162.559998
"3253","2019-12-03",162.009995
"3254","2019-12-04",161.839996
"3255","2019-12-05",163.960007
"3256","2019-12-06",165.25
"3257","2019-12-09",164.690002
"3258","2019-12-10",162.860001
"3259","2019-12-11",169.289993
"3260","2019-12-12",174.169998
"3261","2019-12-13",170.279999
"3262","2019-12-16",163.600006
"3263","2019-12-17",156.25
"3264","2019-12-18",159.479996
"3265","2019-12-19",157.800003
"3266","2019-12-20",157.350006
"3267","2019-12-23",158.850006
"3268","2019-12-24",158.880005
"3269","2019-12-26",159.119995
"3270","2019-12-27",158.990005
"3271","2019-12-30",157.660004
"3272","2019-12-31",158.339996
"3273","2020-01-02",160.570007
"3274","2020-01-03",162.289993
"3275","2020-01-06",163.190002
"3276","2020-01-07",165.529999
"3277","2020-01-08",167.139999
"3278","2020-01-09",166.130005
"3279","2020-01-10",164.610001
"3280","2020-01-13",168.630005
"3281","2020-01-14",170.559998
"3282","2020-01-15",170.990005
"3283","2020-01-16",175.139999
"3284","2020-01-17",174.350006
"3285","2020-01-21",172.580002
"3286","2020-01-22",170.889999
"3287","2020-01-23",166.520004
"3288","2020-01-24",162.580002
"3289","2020-01-27",161.529999
"3290","2020-01-28",164.039993
"3291","2020-01-29",162.970001
"3292","2020-01-30",162.979996
"3293","2020-01-31",155.509995
"3294","2020-02-03",153.589996
"3295","2020-02-04",173.580002
"3296","2020-02-05",178.860001
"3297","2020-02-06",181.389999
"3298","2020-02-07",179.970001
"3299","2020-02-10",179.300003
"3300","2020-02-11",181.119995
"3301","2020-02-12",181.970001
"3302","2020-02-13",180.429993
"3303","2020-02-14",178.800003
"3304","2020-02-18",177.720001
"3305","2020-02-19",175.690002
"3306","2020-02-20",181.369995
"3307","2020-02-21",179.110001
"3308","2020-02-24",177
"3309","2020-02-25",177
"3310","2020-02-26",177
"3311","2020-02-27",177
"3312","2020-02-28",171.190002
"3313","2020-03-02",170.729996
"3314","2020-03-03",167.759995
"3315","2020-03-04",173.009995
"3316","2020-03-05",162.979996
"3317","2020-03-06",157.470001
"3318","2020-03-09",145.710007
"3319","2020-03-10",148.979996
"3320","2020-03-11",140.410004
"3321","2020-03-12",111.449997
"3322","2020-03-13",125.860001
"3323","2020-03-16",97.610001
"3324","2020-03-17",118.43
"3325","2020-03-18",85.68
"3326","2020-03-19",96.709999
"3327","2020-03-20",84.900002
"3328","2020-03-23",81.769997
"3329","2020-03-24",99.910004
"3330","2020-03-25",125.080002
"3331","2020-03-26",120.730003
"3332","2020-03-27",110
"3333","2020-03-30",111.93
"3334","2020-03-31",112.790001
"3335","2020-04-01",111.050003
"3336","2020-04-02",113.900002
"3337","2020-04-03",112.400002
"3338","2020-04-06",117.629997
"3339","2020-04-07",117.849998
"3340","2020-04-08",120
"3341","2020-04-09",121.730003
"3342","2020-04-13",121.199997
"3343","2020-04-14",130.789993
"3344","2020-04-15",120.519997
"3345","2020-04-16",119.82
"3346","2020-04-17",124.870003
"3347","2020-04-20",121.169998
"3348","2020-04-21",120.230003
"3349","2020-04-22",121.150002
"3350","2020-04-23",118.449997
"3351","2020-04-24",123.57
"3352","2020-04-27",131.509995
"3353","2020-04-28",127.440002
"3354","2020-04-29",132.809998
"3355","2020-04-30",126.68
"3356","2020-05-01",120.550003
"3357","2020-05-04",115.910004
"3358","2020-05-05",120.769997
"3359","2020-05-06",118.220001
"3360","2020-05-07",118.57
"3361","2020-05-08",122.419998
"3362","2020-05-11",121.230003
"3363","2020-05-12",114.309998
"3364","2020-05-13",111.269997
"3365","2020-05-14",111.650002
"3366","2020-05-15",110.199997
"3367","2020-05-18",118.879997
"3368","2020-05-19",114.870003
"3369","2020-05-20",119.980003
"3370","2020-05-21",122.580002
"3371","2020-05-22",128.070007
"3372","2020-05-26",131.220001
"3373","2020-05-27",143.720001
"3374","2020-05-28",138.229996
"3375","2020-05-29",140.649994
"3376","2020-06-01",135.949997
"3377","2020-06-02",137.440002
"3378","2020-06-03",140.029999
"3379","2020-06-04",142.130005
"3380","2020-06-05",154.759995
"3381","2020-06-08",150.220001
"3382","2020-06-09",148.550003
"3383","2020-06-10",144.229996
"3384","2020-06-11",129.729996
"3385","2020-06-12",134.520004
"3386","2020-06-15",136.460007
"3387","2020-06-16",139.860001
"3388","2020-06-17",138.300003
"3389","2020-06-18",137.169998
"3390","2020-06-19",133.809998
"3391","2020-06-22",138.110001
"3392","2020-06-23",137.25
"3393","2020-06-24",131.589996
"3394","2020-06-25",133.440002
"3395","2020-06-26",127.370003
"3396","2020-06-29",131.399994
"3397","2020-06-30",134.039993
"3398","2020-07-01",128.850006
"3399","2020-07-02",131.369995
"3400","2020-07-06",133.190002
"3401","2020-07-07",127.510002
"3402","2020-07-08",127.349998
"3403","2020-07-09",124.400002
"3404","2020-07-10",127.07
"3405","2020-07-13",126.910004
"3406","2020-07-14",133.300003
"3407","2020-07-15",133.429993
"3408","2020-07-16",130.550003
"3409","2020-07-17",130.330002
"3410","2020-07-20",127.190002
"3411","2020-07-21",129.690002
"3412","2020-07-22",126.980003
"3413","2020-07-23",128.660004
"3414","2020-07-24",127.419998
"3415","2020-07-27",128.330002
"3416","2020-07-28",122.239998
"3417","2020-07-29",124.059998
"3418","2020-07-30",124.790001
"3419","2020-07-31",122.419998
"3420","2020-08-03",124.379997
"3421","2020-08-04",123.449997
"3422","2020-08-05",127.849998
"3423","2020-08-06",127.050003
"3424","2020-08-07",131.850006
"3425","2020-08-10",135.089996
"3426","2020-08-11",143.589996
"3427","2020-08-12",139.389999
"3428","2020-08-13",136.110001
"3429","2020-08-14",135.289993
"3430","2020-08-17",132.460007
"3431","2020-08-18",130.580002
"3432","2020-08-19",129.990005
"3433","2020-08-20",129.149994
"3434","2020-08-21",127.809998
"3435","2020-08-24",131.660004
"3436","2020-08-25",132.690002
"3437","2020-08-26",132.199997
"3438","2020-08-27",133.110001
"3439","2020-08-28",133.839996
"3440","2020-08-31",132.039993
"3441","2020-09-01",133.410004
"3442","2020-09-02",134.619995
"3443","2020-09-03",130.399994
"3444","2020-09-04",130.960007
"3445","2020-09-08",127.790001
"3446","2020-09-09",127.330002
"3447","2020-09-10",124.620003
"3448","2020-09-11",124.830002
"3449","2020-09-14",126.139999
"3450","2020-09-15",124.940002
"3451","2020-09-16",127.029999
"3452","2020-09-17",129.080002
"3453","2020-09-18",124.5
"3454","2020-09-21",115.830002
"3455","2020-09-22",117.519997
"3456","2020-09-23",113.400002
"3457","2020-09-24",119
"3458","2020-09-25",119.309998
"3459","2020-09-28",122.75
"3460","2020-09-29",121.889999
"3461","2020-09-30",121.209999
"3462","2020-10-01",122.25
"3463","2020-10-02",121.75
"3464","2020-10-05",121.940002
"3465","2020-10-06",120.860001
"3466","2020-10-07",122.599998
"3467","2020-10-08",122.970001
"3468","2020-10-09",125.870003
"3469","2020-10-12",127.769997
"3470","2020-10-13",124.550003
"3471","2020-10-14",124.029999
"3472","2020-10-15",125.309998
"3473","2020-10-16",125.779999
"3474","2020-10-19",124.269997
"3475","2020-10-20",125.639999
"3476","2020-10-21",125.769997
"3477","2020-10-22",126.400002
"3478","2020-10-23",127.629997
"3479","2020-10-26",125.019997
"3480","2020-10-27",122.580002
"3481","2020-10-28",115.669998
"3482","2020-10-29",118.709999
"3483","2020-10-30",119.050003
"3484","2020-11-02",127.949997
"3485","2020-11-03",130.759995
"3486","2020-11-04",126.739998
"3487","2020-11-05",127.510002
"3488","2020-11-06",127.550003
"3489","2020-11-09",145.770004
"3490","2020-11-10",154.839996
"3491","2020-11-11",156.970001
"3492","2020-11-12",157.240005
"3493","2020-11-13",161.360001
"3494","2020-11-16",172.350006
"3495","2020-11-17",172.449997
"3496","2020-11-18",174.850006
"3497","2020-11-19",171.050003
"3498","2020-11-20",168.5
"3499","2020-11-23",171.619995
"3500","2020-11-24",178.309998
"3501","2020-11-25",178.100006
"3502","2020-11-27",174.630005
